Grid_ID,X1_Entropy,X2_Contrast,X3_Homogeneity,X4_Energy,X5_Correlation,X6_Indeks_ExG,X7_Indeks_ExR,X8_Indeks_ExGR,kepadatan,Y_Target
site3_26.png_X0_Y0,8.293796029267718,93.31973779616116,0.4504482680974921,0.3336774134449907,0.9858777419428044,29.150574,0.037333425,0.060133584,0.0,0
site3_26.png_X256_Y0,6.882102033643144,96.5820344338747,0.5780528147582245,0.4709527685531215,0.9890381366704866,17.965103,0.045084883,0.010130331,0.0,0
site3_26.png_X0_Y256,12.031336329388656,168.45844241098524,0.1501396564841847,0.0201898393462449,0.9069330689116673,28.492996,0.09209545,0.0005235188,0.0,0
site3_26.png_X256_Y256,11.24746654290904,90.3474217848958,0.2051191324045914,0.0272774408529016,0.9496188698696276,51.595642,0.017313516,0.16598344,0.0187530517578125,0
site3_56.png_X0_Y0,12.306058145257165,228.08270900916023,0.1243625514661222,0.0176817878903739,0.8281309103958324,61.0383,0.04393562,0.16162468,0.0,0
site3_56.png_X256_Y0,11.84970206077692,105.51977474109248,0.1893156036063478,0.0216019422920739,0.9503540509332736,47.95262,-0.021426074,0.26220053,0.0,0
site3_56.png_X0_Y256,11.940818093613728,179.3363992064441,0.1158607384749865,0.0202361600264062,0.8182893460565501,57.556534,0.041869357,0.15962847,0.0,0
site3_56.png_X256_Y256,12.844509776359583,213.4452171190223,0.1238219693389895,0.0145458152781131,0.9345353849033652,39.291702,0.049550448,0.12856469,0.0,0
site3_81.png_X0_Y0,14.27678397979797,995.2164236712468,0.0556535924879766,0.0082495561839002,0.8512471456202968,60.28981,0.009554608,0.24080414,0.0,0
site3_81.png_X256_Y0,14.36490891132748,1159.051792039208,0.0537962106629398,0.0080818078975508,0.8415502002739264,69.77144,-0.0056762146,0.28205362,0.0,0
site3_81.png_X0_Y256,14.18770516410016,1001.3517711036478,0.0516680138237668,0.0082923576404456,0.7972748411786276,60.537445,0.07338183,0.09668504,0.0,0
site3_81.png_X256_Y256,14.47498456244102,1307.5101026047312,0.0450374913613017,0.0072835381787019,0.7832198047746101,67.69153,0.04113099,0.15825841,0.02691650390625,0
site3_82.png_X0_Y0,14.07031442241676,717.7604072201807,0.0552875095509676,0.0084659186828057,0.8525231364580823,59.179306,0.03683342,0.13560335,0.0,0
site3_82.png_X256_Y0,13.890970466565804,710.2840491487877,0.0572830981367007,0.0091655520083232,0.815255158667346,55.402527,0.00092873874,0.20203136,0.0,0
site3_82.png_X0_Y256,14.101320218363952,735.7752151966477,0.0629575003331033,0.0085817007990536,0.8803554306400829,59.573853,0.0660693,0.0908611,0.0632476806640625,1
site3_82.png_X256_Y256,13.703282537264126,536.8028480632598,0.0651906123281117,0.0097260308684886,0.8542749662314139,60.698166,0.033809613,0.15540011,0.014434814453125,0
site3_112.png_X0_Y0,12.94381752325816,400.267199484574,0.0708926302273823,0.0133497312162593,0.7580765105420267,49.93167,0.14405853,-0.03942748,0.0465240478515625,0
site3_112.png_X256_Y0,13.244378691326473,435.0844014020933,0.0978781082921575,0.0146515166277756,0.8927756912053435,34.909683,0.14116177,-0.066830136,0.2047271728515625,1
site3_112.png_X0_Y256,13.28416171213006,435.8993422601809,0.0852454753929762,0.0123826856136079,0.8608368532155531,41.153122,0.14426383,-0.05486256,0.0635833740234375,1
site3_112.png_X256_Y256,12.977047515025172,367.9598102442542,0.0846989267701512,0.0136759252454631,0.827141159029681,41.1653,0.14850125,-0.06350537,0.05535888671875,1
site3_113.png_X0_Y0,12.266733881711652,238.92712404784265,0.1427969471387006,0.0305913575700382,0.8786629461794947,24.746124,0.15002215,-0.10525428,0.4920806884765625,2
site3_113.png_X256_Y0,12.331975251732596,164.4646302053331,0.1111275710970967,0.0164280809246157,0.8899830387509804,20.499344,0.16077487,-0.1168624,0.0538177490234375,1
site3_113.png_X0_Y256,12.42028136765876,185.12631418805483,0.1164739651588367,0.0162651410907656,0.89354900016258,22.12616,0.1663366,-0.12479257,0.058197021484375,1
site3_113.png_X256_Y256,12.89272193403932,205.41971615484687,0.0948255757801024,0.0132020864261234,0.9199754254940916,36.22502,0.13740468,-0.034886494,0.00286865234375,0
site3_117.png_X0_Y0,13.184316368091595,453.6308983774278,0.0684224930916606,0.0118322949786189,0.7720720885168315,75.93002,-0.019766878,0.3339273,0.0,0
site3_117.png_X256_Y0,13.1186283350942,357.7071259701858,0.0747389223090664,0.0125570020219723,0.8430853366521739,44.209976,0.073436126,0.07270816,0.0809783935546875,1
site3_117.png_X0_Y256,13.173904148383023,367.5782630929293,0.0803739251771184,0.0122740200173422,0.856855984639241,41.458862,0.092322685,0.05563039,0.0,0
site3_117.png_X256_Y256,12.3662579366954,193.0248764898163,0.0999417616936229,0.0162411285372434,0.8558298494883498,19.343857,0.14542636,-0.093423896,0.0,0
site3_143.png_X0_Y0,12.828707025429113,338.64022710616047,0.08765881356811,0.0139433825242408,0.8146248047433403,38.026672,0.15283668,-0.07813948,0.004302978515625,0
site3_143.png_X256_Y0,11.698037770034006,221.1251281508319,0.1782823804676872,0.047769079123202,0.8549913193152017,17.317719,0.15559022,-0.12622201,0.462310791015625,2
site3_143.png_X0_Y256,13.089976665397884,342.3710711625321,0.0858221028671661,0.0126787656014314,0.865463045670364,38.6942,0.15096784,-0.065937564,0.0,0
site3_143.png_X256_Y256,12.435413966026838,262.6759871653943,0.1004883477767844,0.0160306250202439,0.7991075774254235,24.508224,0.15723443,-0.11305998,0.0,0
site3_144.png_X0_Y0,12.914375003934069,181.33585764790757,0.1321242163824557,0.0147509115352182,0.974324850353144,24.406937,0.104829445,-0.014388859,0.0,0
site3_144.png_X256_Y0,12.9461735766302,335.87000785458406,0.1385311122310102,0.015317994092653,0.932503512933115,29.190674,0.027377686,0.11902815,0.108551025390625,1
site3_144.png_X0_Y256,13.366380831301472,300.2279450812282,0.1090184285578793,0.0118665092693556,0.9542432582121616,19.376495,0.10580535,-0.033809975,0.0,0
site3_144.png_X256_Y256,13.812978875987692,567.6297733443994,0.0641677776838178,0.0095141541592014,0.8763543939371892,48.191193,0.035432648,0.12258245,0.0,0
site3_206.png_X0_Y0,12.883756896066648,220.74673600598612,0.0978972051198329,0.0138948104747713,0.925172706798178,24.29837,0.16064042,-0.10389906,0.0,0
site3_206.png_X256_Y0,13.09594586773564,312.81018579092495,0.0803388346187628,0.0120684489310199,0.8698853104281696,56.177094,0.04656165,0.171235,0.0,0
site3_206.png_X0_Y256,12.466579581368778,185.75414003929063,0.1037472750403362,0.0154819664663293,0.8836304520606387,21.985153,0.16643152,-0.12347008,0.132598876953125,1
site3_206.png_X256_Y256,13.297069465971822,267.3331417904275,0.1061894965918968,0.0123924385386846,0.9590921172987378,36.929718,0.07081681,0.082885176,0.3791961669921875,1
site3_236.png_X0_Y0,13.472151277204455,454.6928870656636,0.0692204885357508,0.0110607013953245,0.8640801871459166,55.524673,0.14144894,-0.00708088,0.0091094970703125,0
site3_236.png_X256_Y0,12.829889289131325,302.78339038771327,0.0842739607357821,0.0140974191057204,0.8379213708965351,32.93228,0.16206446,-0.093023784,0.0001068115234375,0
site3_236.png_X0_Y256,13.746739596453509,648.5809492142407,0.0789371224995008,0.0163322669208207,0.8618444975225095,72.69949,0.10353571,0.10038828,0.1185760498046875,1
site3_236.png_X256_Y256,13.55357843740835,396.8328701401009,0.0738013513518106,0.010276314455924,0.8984245338950498,40.20076,0.1185033,0.0039069876,0.0042724609375,0
site3_237.png_X0_Y0,12.286329714320656,171.75879039912692,0.1102250780075854,0.0169823498112557,0.8819543241034914,19.733368,0.16344249,-0.12774742,0.021881103515625,0
site3_237.png_X256_Y0,13.285084549555078,248.7581767078796,0.1294144953489897,0.0179529737030986,0.9645145497146796,20.990631,0.10096019,-0.02841566,0.3951416015625,1
site3_237.png_X0_Y256,12.318910000150565,188.9251766748386,0.1067769734806092,0.016817589595437,0.8647986225666809,21.849945,0.16309205,-0.12347132,0.0,0
site3_237.png_X256_Y256,13.550004045520298,308.6006258860785,0.1008433854361779,0.011215706043511,0.9504184637268488,48.55841,0.0646798,0.10440242,0.197235107421875,1
site3_266.png_X0_Y0,13.91225786489143,684.2624611177428,0.0587034817273222,0.0091364688520876,0.8452695200804261,63.375885,-0.006541876,0.26690176,0.0,0
site3_266.png_X256_Y0,14.192049045015429,934.5736455329828,0.0494316264519073,0.0081149289886067,0.8068989751751043,76.55838,-0.00028953538,0.27937394,0.0,0
site3_266.png_X0_Y256,13.897717645447155,735.1441635428973,0.0557406272696891,0.0091392654427486,0.8027273499102339,82.996185,0.000509226,0.30658525,0.0,0
site3_266.png_X256_Y256,13.997901518636098,928.1388207059904,0.0464671448628599,0.008680396930024,0.7299849370567615,91.181595,0.0027522813,0.31427515,0.0,0
site3_267.png_X0_Y0,13.84239738811822,779.3736140997437,0.0517491604979667,0.0092680701558476,0.7562549366994339,56.06024,0.13059819,0.019311247,0.0781402587890625,1
site3_267.png_X256_Y0,12.669571292108603,300.3706819792891,0.0851918515276139,0.0148958103583951,0.7931164493616407,27.981415,0.1595369,-0.104955524,0.0,0
site3_267.png_X0_Y256,13.492811193347851,586.6378628111745,0.0650149608351244,0.0110169799376958,0.7848680902580963,35.491898,0.13957489,-0.058357306,0.287353515625,1
site3_267.png_X256_Y256,12.595770935044886,297.890859149731,0.0817603148636341,0.0151362911356574,0.7676538382942419,29.786453,0.1588152,-0.09896006,0.0051116943359375,0
site3_268.png_X0_Y0,12.373459895540826,233.60826184640868,0.0934844799065794,0.0166980830234636,0.7996381675293045,23.928574,0.1661587,-0.118734285,0.003692626953125,0
site3_268.png_X256_Y0,12.147361557579927,250.9230290032609,0.2372917653472966,0.087038298751469,0.9700857137959458,17.399017,0.12667158,-0.081986636,0.0,0
site3_268.png_X0_Y256,12.681346582341693,247.55847600682483,0.091657538823511,0.0148177684111473,0.8537793363175552,23.964264,0.16613925,-0.11795667,0.0,0
site3_268.png_X256_Y256,12.738130772542233,259.6879058985762,0.1557980010449415,0.0569858560584735,0.9535702597012274,31.712769,0.12846455,-0.030898113,0.0,0
site3_292.png_X0_Y0,14.02154205773389,919.4030108011405,0.0521182107265426,0.0085883765674111,0.7757099984978935,80.37581,-0.03169938,0.3785404,0.0,0
site3_292.png_X256_Y0,13.450055113709112,474.2593808571351,0.0771618291611225,0.0108004983756645,0.8509294122683981,68.55559,-0.036080264,0.3381896,0.0,0
site3_292.png_X0_Y256,13.962747146275715,701.9805655727466,0.0650985457760232,0.0089446275544674,0.8620149747307564,71.12509,-0.0018504299,0.2966667,0.0,0
site3_292.png_X256_Y256,13.079400837551855,344.00135051723674,0.0823865120160977,0.0124254000163034,0.8561089896516347,85.72772,-0.05879517,0.37612534,0.0,0
site3_294.png_X0_Y0,14.325092392544423,1200.1467621828278,0.0437719202398351,0.0077131155273103,0.7465790916858643,85.35353,0.012284006,0.27226925,0.0,0
site3_294.png_X256_Y0,14.15605822074599,975.1594967380802,0.0500364652374451,0.0083106517677667,0.7775820620071502,83.3293,0.010605981,0.29140753,0.0,0
site3_294.png_X0_Y256,13.374855112170495,482.7950623708564,0.0896631498871464,0.0126526332757938,0.8854569466479979,74.127625,-0.05572474,0.4576671,0.0,0
site3_294.png_X256_Y256,13.709249792616273,430.2189367971507,0.0750759471092333,0.009697389432686,0.9062133303996928,79.316605,0.03520903,0.24543533,0.045928955078125,0
site3_298.png_X0_Y0,13.762984234276074,560.7075896440198,0.063711506938666,0.0096625146978535,0.858300446164744,53.920395,0.09369899,0.06639514,0.1989288330078125,1
site3_298.png_X256_Y0,13.007985021176207,340.89846809220137,0.0942034471544797,0.0149630910580645,0.8653488438877334,25.88028,0.14867958,-0.089538984,0.0901031494140625,1
site3_298.png_X0_Y256,13.161246431370945,434.77761006883816,0.0941100336832845,0.0150533522520882,0.8658998816681215,30.208878,0.14019027,-0.07329106,0.4032135009765625,2
site3_298.png_X256_Y256,12.958509502590289,364.2064502384924,0.080503197082663,0.0134569180524537,0.8073779889193737,26.353928,0.15466824,-0.100209035,0.09356689453125,1
site3_299.png_X0_Y0,12.432208495636909,235.98686248978905,0.1176251855053497,0.0169600803319633,0.8611009789445809,20.503998,0.15724453,-0.12049319,0.0652313232421875,1
site3_299.png_X256_Y0,13.000484100018484,285.779839064308,0.0898595905968125,0.0132580542671853,0.8869457333920717,36.31549,0.12966233,-0.027261563,0.0,0
site3_299.png_X0_Y256,12.008999820477992,163.82291740256332,0.1220115866546178,0.0191597168292233,0.854513495854404,21.348297,0.15282106,-0.11616324,0.0,0
site3_299.png_X256_Y256,13.303239054464486,264.9073060391514,0.0922310057536776,0.0115257348779159,0.9404324527697506,37.534653,0.10026513,0.034946673,0.111419677734375,1
site3_320.png_X0_Y0,13.578980123865382,550.5771370686913,0.0660033563276014,0.0102951025109902,0.8246543681526468,59.415558,0.03363829,0.2373397,0.0,0
site3_320.png_X256_Y0,13.607018911226763,539.4384059466582,0.0638320121023509,0.0105778459424561,0.8412399376692941,57.67923,0.066044174,0.16165546,0.12841796875,1
site3_320.png_X0_Y256,13.635646428460769,667.3079922085459,0.0550518130311642,0.0100512260705296,0.7475960383553366,41.757233,0.12180501,0.02794673,0.0,0
site3_320.png_X256_Y256,13.530131234121049,509.5077990286297,0.0661175266802561,0.0106661227266587,0.8288154542944439,25.181747,0.16494545,-0.088182084,0.053436279296875,1
site3_321.png_X0_Y0,13.459992347600156,327.7962932526002,0.0852790564085482,0.0109075275784916,0.9205956514677944,40.89183,0.11680409,0.020769171,0.0,0
site3_321.png_X256_Y0,12.661091863034038,234.6499010146373,0.1146370817955439,0.0154779744460816,0.8936917028645598,29.561752,0.15552226,-0.095831156,0.154205322265625,1
site3_321.png_X0_Y256,13.619756317251117,553.942261119529,0.0602788683781832,0.010248849894621,0.8128410050884153,64.827805,0.10775778,0.08890619,0.0296783447265625,0
site3_321.png_X256_Y256,13.010146675056086,312.8456552167476,0.0800589468530395,0.012853960097397,0.8524080132399889,52.530365,0.14344564,-0.015297723,0.00128173828125,0
site3_322.png_X0_Y0,13.118891881011583,404.0069903552673,0.0906482278311362,0.0133014312100052,0.8467812231834057,36.040573,0.1432028,-0.07253561,0.25445556640625,1
site3_322.png_X256_Y0,13.56018140584644,534.7681132857462,0.0662506290547,0.0103660953212283,0.8261475886060495,52.27858,0.12377612,-0.007318479,0.0097808837890625,0
site3_322.png_X0_Y256,12.364204116395053,200.873345392999,0.1195049810394724,0.0168047333869928,0.8869962894351444,27.368607,0.15032059,-0.098876715,0.29852294921875,1
site3_322.png_X256_Y256,12.264327106474155,189.35240604575364,0.1069486783788494,0.0170382914063531,0.8498182770421339,28.559097,0.15569827,-0.10337023,0.052093505859375,1
site3_323.png_X0_Y0,13.093877816534196,548.932095423027,0.1202709199021974,0.0251450604945711,0.8464904466079017,25.250687,0.14458984,-0.093653455,0.717437744140625,2
site3_323.png_X256_Y0,12.783629630709866,345.4835418018277,0.1321054189302242,0.0232231446123198,0.8899378160606128,24.069199,0.14520693,-0.09838617,0.4584503173828125,2
site3_323.png_X0_Y256,13.018797722598492,335.6116158298496,0.0923810612634634,0.0129639914882117,0.8631924255700012,25.20369,0.16192862,-0.110908344,0.18243408203125,1
site3_323.png_X256_Y256,12.667289513487336,224.22481553068667,0.114181517984949,0.0150942533581956,0.9007480979310568,26.37642,0.15142569,-0.09914173,0.1520538330078125,1
site3_324.png_X0_Y0,13.983056334364631,691.9663869966065,0.0647826656616763,0.0090314112387569,0.8714977581765306,62.41893,0.026856828,0.2256965,0.01776123046875,0
site3_324.png_X256_Y0,13.82268051820639,528.1686577428206,0.0697272011017584,0.0093522548797365,0.8872472851823788,53.817413,0.07245584,0.1275976,0.0,0
site3_324.png_X0_Y256,13.133387038956734,420.45081200739577,0.1041401887426161,0.0159269282515538,0.8947552089413009,24.844131,0.14535736,-0.08934389,0.3903045654296875,1
site3_324.png_X256_Y256,13.28497035530198,397.10634227219975,0.1052283963807002,0.0227358046093628,0.9093527808617966,51.56038,0.101732835,0.036914896,0.13311767578125,1
site3_325.png_X0_Y0,13.783636694470124,689.8487097510744,0.0592856022440743,0.009426008671693,0.7952471092827205,78.86839,0.013762571,0.2814772,0.0,0
site3_325.png_X256_Y0,13.467157238012897,459.26072948205126,0.0708389084079311,0.0109446169242229,0.8533185086041897,46.129242,0.12717287,-0.0064129233,0.072357177734375,1
site3_325.png_X0_Y256,13.067391792709929,307.48621430158835,0.0935753484310701,0.0128475136087492,0.8886690478536391,31.31755,0.15869024,-0.09190085,0.0,0
site3_325.png_X256_Y256,12.521604393547344,234.35309775687492,0.1007191233318757,0.0163202955033027,0.8669515879667683,24.666641,0.17444465,-0.12528259,0.0,0
site3_326.png_X0_Y0,13.076115914741514,239.94091315539816,0.0935086601215517,0.0126047559346161,0.921835649459825,69.37744,0.084589005,0.10502317,0.0,0
site3_326.png_X256_Y0,12.861622024337697,280.7597209907246,0.0944588599909728,0.013984810771644,0.8817080862608668,35.39514,0.15562561,-0.08036117,0.0,0
site3_326.png_X0_Y256,12.251791478302016,146.92411519908427,0.1247590807548906,0.0171176358321768,0.9075233649849764,29.249527,0.16375598,-0.10757138,0.0,0
site3_326.png_X256_Y256,12.560011349894822,279.6278912858055,0.115015364101808,0.0168413369477456,0.8520236260004157,26.240051,0.15241227,-0.10576178,0.0866546630859375,1
site3_328.png_X0_Y0,12.815799254427445,225.13847271782663,0.100687532957377,0.0138533952268061,0.9028330328092036,28.791107,0.16155478,-0.10232734,0.0,0
site3_328.png_X256_Y0,12.146354210987155,191.1026234200798,0.111956261950376,0.0174881165682559,0.8355825405591113,25.192444,0.14953718,-0.10656574,0.0,0
site3_328.png_X0_Y256,12.874546629619884,203.85577869689823,0.1039045241482993,0.0131246648175862,0.9270807016722092,29.985306,0.15656021,-0.08815262,0.0009613037109375,0
site3_328.png_X256_Y256,13.178812969361982,332.4938637333192,0.117572359977669,0.0136157733604661,0.9351813440633784,42.384308,0.033501487,0.16157076,0.0655364990234375,1
site3_330.png_X0_Y0,12.28448032180215,200.21962350718653,0.1185452035853159,0.0175798001739002,0.8808760294635001,19.965576,0.15119451,-0.116019994,0.0110015869140625,0
site3_330.png_X256_Y0,13.134351187983654,321.02799099206214,0.0858018875643817,0.0123957225232635,0.8916447894484663,34.67636,0.14012244,-0.040606655,0.1432647705078125,1
site3_330.png_X0_Y256,11.992315928986148,168.48808093642066,0.1147784761821797,0.0197351214893744,0.8514966001532197,25.137054,0.15554245,-0.11028753,0.0,0
site3_330.png_X256_Y256,12.931593472511825,221.65530212238411,0.1082219587534564,0.0153648608123874,0.9305932085063467,38.081024,0.13349247,-0.03665343,0.0,0
site3_351.png_X0_Y0,13.484955693299096,614.0444475982864,0.0579425366084405,0.0106453829933708,0.7315808115530649,46.35016,0.1441895,-0.009999828,0.0,0
site3_351.png_X256_Y0,13.436646417463924,521.9775517979916,0.0624625349284854,0.0109452848153753,0.7862888133047987,40.11255,0.1612493,-0.05095197,0.0,0
site3_351.png_X0_Y256,13.87788784219834,615.9253279538,0.0600545717634055,0.0090604828088503,0.8528529361809238,55.050873,0.06931271,0.14982507,0.0099029541015625,0
site3_351.png_X256_Y256,13.8077483736435,616.0224257647402,0.0607213063928076,0.0096159631229011,0.8316884027065925,41.436462,0.13654575,-0.004356988,0.1360931396484375,1
site3_352.png_X0_Y0,13.30364894118852,400.0310641490171,0.0815055002936039,0.0119218888829901,0.8661403332859997,31.001678,0.1645779,-0.08149808,0.17108154296875,1
site3_352.png_X256_Y0,13.027954197963982,265.83372011366095,0.0907200225048017,0.0129005214018923,0.8997570246974083,33.960876,0.15629314,-0.0706352,0.1766815185546875,1
site3_352.png_X0_Y256,13.593237483293692,372.3024455738292,0.0873871847060977,0.0103008486447253,0.9254870052110744,21.561737,0.14105296,-0.06587569,0.3717041015625,1
site3_352.png_X256_Y256,13.15603142998835,303.2200337910846,0.108067297162919,0.0133978574565643,0.9379080192125776,13.45726,0.15061557,-0.117112845,0.5432586669921875,2
site3_353.png_X0_Y0,13.039740722624,283.7959106623667,0.0846820717132224,0.0126723985802534,0.8856390079788213,37.282776,0.16240683,-0.06727877,0.0806884765625,1
site3_353.png_X256_Y0,12.640651900990942,231.62152705690244,0.1013775244976471,0.0149980421932224,0.8757468943310882,21.256271,0.17304331,-0.12971467,0.1289215087890625,1
site3_353.png_X0_Y256,12.986322076794751,311.0037550911933,0.094772370866997,0.0135251124754376,0.8796785449695455,24.722122,0.1692303,-0.11453909,0.2119903564453125,1
site3_353.png_X256_Y256,12.377767080027182,233.5092966947836,0.1024866586534488,0.016867337369873,0.8202308757688469,17.060715,0.18099344,-0.14902964,0.078857421875,1
site3_354.png_X0_Y0,12.560605511989325,188.60497304222156,0.1000544795047542,0.0151338751396061,0.8919758781343711,15.189682,0.18332285,-0.15256268,0.0,0
site3_354.png_X256_Y0,12.913764172497148,141.18288616457787,0.1174024023070451,0.0129160249195614,0.9697121302415002,22.696579,0.1388586,-0.05275206,0.0562591552734375,1
site3_354.png_X0_Y256,13.365533447332536,402.4684580750245,0.0685851669989787,0.0110912666874701,0.8543302253090315,55.465576,0.12079696,0.056355484,0.0,0
site3_354.png_X256_Y256,12.900218065387012,447.447991592801,0.0898895009351314,0.0144203399783906,0.7774190476659387,56.763046,-0.0010217624,0.31071466,0.0,0
site3_358.png_X0_Y0,13.791904004957305,592.5862389015094,0.0645438157142032,0.0094602274670479,0.8470202631358582,73.02605,0.038722884,0.24488531,0.0,0
site3_358.png_X256_Y0,14.1693342544861,856.1693234573372,0.0588176875661787,0.0083999262997866,0.8536991205643218,62.312424,0.017496318,0.23536563,0.0,0
site3_358.png_X0_Y256,12.541271248101404,355.2852637056984,0.1148208428242208,0.0196426336711444,0.8883115475066321,61.38826,-0.05152776,0.4846182,0.0,0
site3_358.png_X256_Y256,11.717674669796974,367.6576073055442,0.1781607823495899,0.0319683970477299,0.873490245536824,34.80397,-0.03928369,0.34439722,0.0,0
site3_359.png_X0_Y0,13.617306964473832,474.6673438701646,0.073619348316806,0.0104508146852147,0.8867531357607683,91.14044,0.02089975,0.3044612,0.077972412109375,1
site3_359.png_X256_Y0,13.777404465354858,618.5865580996651,0.0602776310607289,0.0094394546020443,0.8353878221139823,76.2672,0.02755257,0.24366854,0.0,0
site3_359.png_X0_Y256,13.891807494845452,725.5431383212282,0.0588947072985769,0.0092579456626613,0.82443131710603,69.5641,0.016603412,0.26241577,0.0,0
site3_359.png_X256_Y256,13.611032854381758,495.71790830150144,0.0765527435448348,0.0102342651089183,0.8866358263977245,79.28853,-0.008345326,0.3568,0.0,0
site3_360.png_X0_Y0,14.114863678519471,783.609754901964,0.0511138022297583,0.0083657211268871,0.8302232686161666,94.09683,0.013455792,0.31418878,0.0,0
site3_360.png_X256_Y0,13.476263992033042,522.1748828124995,0.0703354081285451,0.0111476633851091,0.8270628529855706,59.551422,0.12562492,0.020585073,0.0,0
site3_360.png_X0_Y256,14.206703945108826,1072.217633211967,0.045475028390882,0.0079457907534372,0.7632284267185342,79.046936,0.0069444706,0.30266574,0.0,0
site3_360.png_X256_Y256,13.866820421120998,608.6832840884449,0.0650084154851679,0.0092529840076855,0.8712120667487481,56.95038,0.09697826,0.07525834,0.0,0
site3_361.png_X0_Y0,13.148952750877374,363.1580891964608,0.0841749631373736,0.0129383236101629,0.8679992023740719,30.338715,0.14609897,-0.07985301,0.0991058349609375,1
site3_361.png_X256_Y0,13.349727432888091,335.787973615928,0.1100868256595237,0.0128695794865899,0.9526406169049924,38.719376,0.08029822,0.065349214,0.230438232421875,1
site3_361.png_X0_Y256,13.077172889862094,355.0845381734215,0.0772363297518363,0.012578493591905,0.8340277622397525,34.56958,0.15331438,-0.071758024,0.1027069091796875,1
site3_361.png_X256_Y256,13.325112441480591,565.9746161332105,0.1295795125907279,0.0426886784894564,0.9064975840450158,30.803696,0.116174564,-0.034276783,0.5399627685546875,2
site3_383.png_X0_Y0,12.589703226097718,309.59950303071093,0.1109937618259319,0.0170988892194663,0.8683422643129675,49.881744,-0.045297876,0.35666156,0.0,0
site3_383.png_X256_Y0,13.86303819425426,765.6936870134323,0.0532093144999731,0.0092534041974861,0.7850139871952686,53.895065,0.03700842,0.13688332,0.0,0
site3_383.png_X0_Y256,13.330779234301575,550.0123541126023,0.0573565046481744,0.011237282766748,0.726124476764044,105.86688,0.059056304,0.2599024,0.0,0
site3_383.png_X256_Y256,13.16322040484963,419.824719053372,0.1226453126275792,0.0274416849288064,0.9243194931821496,48.93036,0.102839164,0.03345338,0.289703369140625,1
site3_384.png_X0_Y0,12.61210282626045,280.7629887543299,0.0907873286446016,0.0153069090826616,0.8120975753965616,32.89624,0.15681167,-0.08903353,0.058746337890625,1
site3_384.png_X256_Y0,12.719697532702918,237.5463911566476,0.0952980768647561,0.0140860042814346,0.8754463998527018,21.595581,0.18103904,-0.13606824,0.0,0
site3_384.png_X0_Y256,12.691648567499934,292.1921192720381,0.0903220395412574,0.0148910018150767,0.8282679015200717,37.442825,0.15056075,-0.073072866,0.0744476318359375,1
site3_384.png_X256_Y256,12.283115483189984,210.58041229635467,0.0943947406174477,0.0166115784194079,0.8124282263723211,21.61296,0.18338227,-0.13835375,0.0,0
site3_385.png_X0_Y0,13.12635240441673,371.044378574354,0.0708165361212109,0.0122080204292265,0.8246798940653468,54.69893,0.1223935,0.03200795,0.0,0
site3_385.png_X256_Y0,13.155838532528264,497.1050529694153,0.0632851494911783,0.0121658843213058,0.7114830259526973,102.75662,0.020194933,0.32226667,0.0,0
site3_385.png_X0_Y256,12.649950731297132,278.2245670535415,0.0819176050216347,0.0146559640132062,0.8067077851256392,32.747726,0.15580504,-0.079938844,0.00042724609375,0
site3_385.png_X256_Y256,13.017258471059936,212.73563369557917,0.0997735958437612,0.0125849402528257,0.9356566885650844,92.529205,-0.022342134,0.41726455,0.0099639892578125,0
site3_390.png_X0_Y0,13.821563306678208,663.8549819330433,0.0622198998679966,0.0094259610614869,0.8400316898414748,77.40286,-0.0023732544,0.2833303,0.0,0
site3_390.png_X256_Y0,13.422725944038683,559.5348428639267,0.0584101581384612,0.0109535677990468,0.7568477367420092,115.97508,0.015612737,0.3292945,0.0,0
site3_390.png_X0_Y256,13.710271139196747,615.6671802912367,0.0609905298601305,0.0096047337124473,0.8245602126516434,109.26413,-0.020423599,0.40273717,0.0,0
site3_390.png_X256_Y256,13.50813362715841,471.17112961361767,0.0674436187231042,0.0104257837237232,0.848696161462168,113.21062,-0.0179319,0.4215476,0.00982666015625,0
site3_391.png_X0_Y0,13.863657839391784,744.8792663879271,0.0519811623749068,0.009120672299295,0.7775633215516533,94.37358,0.0022666873,0.33128554,0.0,0
site3_391.png_X256_Y0,13.426250466064555,503.3391684838749,0.0684561239748972,0.0112238647546804,0.8210013624393397,53.5186,0.12995327,0.0064236606,0.0,0
site3_391.png_X0_Y256,13.699847721467908,641.8851208970253,0.0567337892086316,0.0099639435595949,0.7896632623620516,89.30188,0.060501117,0.2019549,0.089996337890625,1
site3_391.png_X256_Y256,13.332813128810264,504.27019526744,0.0694492329634539,0.0116554639154969,0.7930265231968164,49.563873,0.13544056,-0.025567463,0.0874481201171875,1
site3_392.png_X0_Y0,12.422486253627785,179.4890310517602,0.1169519421387773,0.0158389630021878,0.8970780349252502,29.426361,0.16509174,-0.10795201,0.0,0
site3_392.png_X256_Y0,12.615207584701755,236.53740576040667,0.103495839443305,0.015518093513664,0.8740113410139855,32.47737,0.14803568,-0.08098686,0.2078857421875,1
site3_392.png_X0_Y256,12.572462762104028,232.12928008458357,0.1039816766051854,0.0153428874701359,0.867985187450825,38.359146,0.14966844,-0.07466595,0.0,0
site3_392.png_X256_Y256,12.43201247316184,202.83295807201964,0.1089680962583639,0.016850603364373,0.8753998286030097,32.191147,0.15081522,-0.085584715,0.035980224609375,0
site3_393.png_X0_Y0,13.607789366392703,535.5193834702784,0.0884706802632393,0.0129682354972139,0.8860780177490749,58.97638,0.08783518,0.058697164,0.2079010009765625,1
site3_393.png_X256_Y0,14.10302379854095,923.4657923634948,0.0478659723863183,0.0083623832669351,0.779511124006713,83.15378,0.02354807,0.22861025,0.012969970703125,0
site3_393.png_X0_Y256,12.648738086388024,270.27253269475875,0.1191634532566224,0.0189952456345613,0.8768238881760901,35.797546,0.13606396,-0.067087606,0.287078857421875,1
site3_393.png_X256_Y256,14.102622487120312,754.0109630610866,0.0623606480795937,0.0085063530023848,0.8733140131130634,60.264862,0.035418447,0.18839648,0.081787109375,1
site3_415.png_X0_Y0,12.331112997163263,228.302195414626,0.1015910708557546,0.0171919300227496,0.8308596254685385,33.037506,0.14974444,-0.08719321,0.0,0
site3_415.png_X256_Y0,12.104252124674913,179.0631659698219,0.1021836486169291,0.0179803267785394,0.8218049477805386,25.40863,0.1722321,-0.123208016,0.0,0
site3_415.png_X0_Y256,12.426216215842048,217.65708722306505,0.1008288991151687,0.0162776244739785,0.8587730063866966,31.582336,0.1500723,-0.09054427,0.0,0
site3_415.png_X256_Y256,12.006059088746266,168.85369042255596,0.1079616606050446,0.0185155988534049,0.8208207919911676,27.033539,0.16729802,-0.11636999,0.0,0
site3_416.png_X0_Y0,12.454053229812224,335.1859802870274,0.1763304470955506,0.0524225044249744,0.9084660719288428,25.688126,0.13943763,-0.086545244,0.4728240966796875,2
site3_416.png_X256_Y0,12.684292066474478,216.4227696379,0.1263667142047491,0.0162309679024531,0.9490940171101632,36.55768,-0.007863215,0.24542744,0.18621826171875,1
site3_416.png_X0_Y256,12.658755145628888,253.4737736687828,0.1011926904424675,0.0150201330349861,0.8645169521740904,22.539764,0.1669696,-0.12384053,0.1446533203125,1
site3_416.png_X256_Y256,13.857916855210478,534.6784982789235,0.079149447228709,0.0097059099568753,0.922879673918829,30.356857,0.07601079,0.06766027,0.318634033203125,1
site3_421.png_X0_Y0,13.438532292199708,553.8425855290006,0.0582394443852528,0.0108373343280793,0.7641290574448353,126.67677,-0.006163389,0.41180634,0.0,0
site3_421.png_X256_Y0,13.588043935223812,345.06246020160603,0.0757173668229358,0.0101233531428323,0.9238403531447766,77.369156,0.047849096,0.22553611,0.0470428466796875,0
site3_421.png_X0_Y256,13.4876392003641,563.1362917357495,0.0580767020446568,0.0106318192823761,0.7760793947632579,119.153595,-0.0027438765,0.39902785,0.0,0
site3_421.png_X256_Y256,13.235432557776946,371.21565990244295,0.0706815937616172,0.0113586573890356,0.8556406728471375,99.96628,-0.0022156728,0.3645745,0.0,0
site3_422.png_X0_Y0,13.330033135338384,437.073472807938,0.0651822269021049,0.0113492634367246,0.8209983287152294,72.14612,0.10595138,0.08717574,0.0,0
site3_422.png_X256_Y0,12.996279424599043,376.79596756655536,0.1261772389209125,0.037362663337332,0.9024502681635468,31.229218,0.13970286,-0.07202716,0.1150360107421875,1
site3_422.png_X0_Y256,13.250469192505877,483.1740176254344,0.0596514827647566,0.0116580224488296,0.7590391706798254,75.8647,0.10083836,0.10599293,0.0,0
site3_422.png_X256_Y256,13.2774070967906,369.07046304305527,0.0848764460879854,0.0119290884220202,0.88462597328231,30.5009,0.14047235,-0.07235629,0.0,0
site3_423.png_X0_Y0,12.29205594824172,216.10714929354108,0.1448889993601367,0.0372262607606359,0.9019152877042054,34.41086,0.142107,-0.07443503,0.0,0
site3_423.png_X256_Y0,12.393710763287968,200.072603686086,0.1035128819715123,0.0167976564237015,0.8683856845062117,33.352814,0.1547058,-0.08606301,0.0,0
site3_423.png_X0_Y256,11.981305740647914,146.99241860101978,0.1368777597501437,0.0205227514232278,0.905466949069345,36.79254,0.14173743,-0.06968391,0.0,0
site3_423.png_X256_Y256,12.43438087944979,160.66592054438453,0.1189983944159912,0.0161527499574305,0.9158071901791164,29.436676,0.15054794,-0.090130076,0.095184326171875,1
site3_424.png_X0_Y0,13.15576250761005,355.8468417045183,0.0809007365632155,0.0123107991706059,0.8604388267185832,36.82245,0.13677888,-0.04242748,0.118377685546875,1
site3_424.png_X256_Y0,13.84767754247374,726.7181699196228,0.055795145006043,0.0091728542600989,0.7912419164697798,67.192154,0.023791457,0.23778827,0.0,0
site3_424.png_X0_Y256,13.00733082083477,326.6502626093393,0.0816717992858567,0.0128487650284164,0.8404945548583271,47.80789,0.11068815,0.0330834,0.0,0
site3_424.png_X256_Y256,13.468913211187928,508.2646000636897,0.0616068698051599,0.0109137990228283,0.8173121986548626,69.432175,0.038463935,0.22836931,0.0,0
site3_445.png_X0_Y0,13.504698351064112,575.2535951617253,0.0605252386028604,0.0104844525345573,0.7712636154988709,65.02083,0.02531605,0.22931074,0.0,0
site3_445.png_X256_Y0,13.185939864071178,390.1051350892746,0.0704534399414668,0.0118920537400041,0.8245866620212725,89.29823,0.019990342,0.25538442,0.0,0
site3_445.png_X0_Y256,13.660381773007096,615.2068642769823,0.0623711898259231,0.0100378926289115,0.8089109840365081,68.8508,-0.027797017,0.3319469,0.0,0
site3_445.png_X256_Y256,13.34561011142086,495.945592290224,0.0617823112109151,0.0112076147806617,0.7816320059002985,110.84387,-0.005006961,0.339781,0.0,0
site3_446.png_X0_Y0,11.946930813708803,239.82262914203804,0.1803236714757065,0.0654554607251059,0.8990354255144497,24.596512,0.14431214,-0.09896152,0.3424835205078125,1
site3_446.png_X256_Y0,12.01336837226712,160.83141647743872,0.1097114236247197,0.0185279521515204,0.8352691367508869,26.16188,0.16431862,-0.11439848,0.0,0
site3_446.png_X0_Y256,12.903810191175008,342.5630882202711,0.1172738603796296,0.0218304769038173,0.8914567847191504,26.941788,0.13562977,-0.07870188,0.5439300537109375,2
site3_446.png_X256_Y256,12.225005271573854,252.91933924152363,0.0887680042258271,0.0174706972627732,0.7228609531459476,24.035248,0.16366608,-0.11546832,0.0087890625,0
site3_447.png_X0_Y0,13.001862269282595,274.5313619160921,0.090587269273661,0.0129292711574864,0.8941362645879215,15.709579,0.18177229,-0.14574921,0.22076416015625,1
site3_447.png_X256_Y0,13.2075542890866,291.7360974144717,0.1067937661066107,0.0131874822865726,0.9477160820233078,48.025177,-0.01865099,0.26659977,0.1833648681640625,1
site3_447.png_X0_Y256,12.98373834272898,332.5670650110561,0.0955776315566293,0.0145406064867996,0.8776078667815332,22.097763,0.16146763,-0.11435738,0.054534912109375,1
site3_447.png_X256_Y256,13.534464770623853,390.7804024894545,0.0901760952518349,0.0112397306825067,0.9368436716482686,25.07637,0.042352192,0.11146622,0.385284423828125,1
site3_453.png_X0_Y0,13.373723942883554,455.5457538867322,0.0635543667862791,0.0110873346742558,0.8316508556316587,86.36064,-0.0013161525,0.36341262,0.0,0
site3_453.png_X256_Y0,13.728912918927543,572.9939902020885,0.0628265240359187,0.0099211388871597,0.846826903725004,64.173584,0.082324736,0.102025196,0.007293701171875,0
site3_453.png_X0_Y256,13.5083709000606,647.4462952049714,0.0521171467593662,0.0104703524961134,0.7104572836554759,97.92166,0.057947353,0.23727587,0.0,0
site3_453.png_X256_Y256,13.55602717677236,472.4709168198435,0.074088867227509,0.0105448074408043,0.8714117483552357,67.69827,0.09971137,0.081688434,0.0,0
site3_454.png_X0_Y0,12.386830298202923,198.80424675906096,0.1235907033109746,0.0173817469306676,0.8828720869110853,33.263,0.144147,-0.081366286,0.0482635498046875,0
site3_454.png_X256_Y0,12.48329945362952,203.6760393238195,0.1047143275298025,0.0157884947336149,0.8751655726084764,32.34761,0.15350552,-0.08647552,0.0,0
site3_454.png_X0_Y256,13.081799355967776,324.7023663825236,0.0811992011532134,0.0126892624849678,0.8649889826399634,28.663773,0.15722577,-0.09423331,0.0,0
site3_454.png_X256_Y256,13.193728234576668,290.8462148873032,0.0872003177540351,0.011728116726574,0.9064149264527184,23.766647,0.15503888,-0.10142875,0.1165313720703125,1
site3_478.png_X0_Y0,12.236027485891118,223.97121329537248,0.0888960497866524,0.0166606823032701,0.7680417098408409,18.385971,0.17001724,-0.12844384,0.07391357421875,1
site3_478.png_X256_Y0,12.899871194466003,268.51760053226405,0.1110678867271102,0.0141040396417075,0.9148685618874998,26.224106,0.045842823,0.118904665,0.26763916015625,1
site3_478.png_X0_Y256,12.129113843876038,208.03368575187704,0.0897731426909361,0.0173649879886328,0.760169399097127,20.093002,0.16759706,-0.11475846,0.0,0
site3_478.png_X256_Y256,13.380080951150047,333.8064634545738,0.086915221530273,0.0111743354204835,0.9128894523293218,21.757095,0.11025834,-0.0054479945,0.491241455078125,2
site3_484.png_X0_Y0,13.659654695748571,612.6606494647561,0.057203245366424,0.0100020350496946,0.7912982663311514,79.825516,0.08846302,0.14155087,0.0,0
site3_484.png_X256_Y0,13.545711643543475,524.8582917327333,0.0739398120934323,0.0106284874236979,0.8513333935270205,47.73198,0.13243,-0.021944325,0.0,0
site3_484.png_X0_Y256,13.690562913977352,613.4408964400761,0.0561784039580829,0.0098510632229365,0.7976512082530935,64.47575,0.111827485,0.08166482,0.0,0
site3_484.png_X256_Y256,13.254191688238947,416.7141301873052,0.083245644209512,0.0122387918573525,0.8660373675188956,29.313644,0.15842098,-0.099061474,0.0,0
site3_486.png_X0_Y0,13.307533743648335,490.3993085141621,0.0623897012309784,0.011524213028655,0.7732192024556913,46.68776,0.13124062,0.02234621,0.0,0
site3_486.png_X256_Y0,13.609389813518932,702.713943885771,0.0509573373936757,0.0100513824549436,0.7075098481338091,67.88872,0.091903776,0.14893049,0.0,0
site3_486.png_X0_Y256,13.22097634017079,487.87530496083394,0.0634075091254627,0.011706938409249,0.7449777795420358,58.757828,0.13388944,0.029171677,0.0,0
site3_486.png_X256_Y256,13.600306506306932,541.2006132256921,0.0658290835551191,0.0101258706721225,0.8427528020014465,67.61948,0.03778623,0.2663572,0.0,0
site3_508.png_X0_Y0,13.413261224796836,463.16087092404985,0.0691415583640306,0.0111574886143295,0.8270377885143572,64.01558,0.06552222,0.1264831,0.0,0
site3_508.png_X256_Y0,12.733781215770026,361.0745833934205,0.075671257801493,0.0144215764776415,0.7300283961555804,22.43666,0.14692174,-0.086442925,0.0380859375,0
site3_508.png_X0_Y256,13.495753350936768,537.1584590962851,0.077049802573922,0.0119889825735508,0.8567933262999682,78.807846,0.037447732,0.21569887,0.1878814697265625,1
site3_508.png_X256_Y256,13.12812455110029,456.4229363706541,0.0800886743445327,0.0129426763487021,0.8028524154855772,17.295029,0.14374721,-0.10146955,0.253753662109375,1
site3_509.png_X0_Y0,12.953327656857086,246.24209971826517,0.0885000003397582,0.0131715122079352,0.904607539971818,25.45166,0.14078608,-0.072916865,0.084320068359375,1
site3_509.png_X256_Y0,13.222091333044078,260.5477622188735,0.1028061687128615,0.0122278886456933,0.9486607094561952,29.244263,0.086240664,0.03443943,0.2389984130859375,1
site3_509.png_X0_Y256,12.908899947341968,283.6688606395462,0.0837279532535707,0.0133059809918163,0.8620332640897174,19.49968,0.1390729,-0.080536656,0.0452423095703125,0
site3_509.png_X256_Y256,13.245015275431744,362.1835367857676,0.0970166340611282,0.0122449907099823,0.9227877779665272,31.292313,0.05486486,0.08866508,0.1307830810546875,1
site3_515.png_X0_Y0,13.836529171121557,710.2748923791409,0.0528822900851602,0.0093147632524312,0.7889030067494227,62.223602,0.10037898,0.10772678,0.0,0
site3_515.png_X256_Y0,13.653711371128168,516.2178195135245,0.0653983061837665,0.0100366045637186,0.852356508238428,34.827652,0.16048953,-0.06901188,0.0,0
site3_515.png_X0_Y256,13.56321766989602,597.6743611982167,0.057550631527009,0.010273243877162,0.7699006760124272,47.821747,0.14715749,-0.013041142,0.0,0
site3_515.png_X256_Y256,13.820957488090151,544.5411218641817,0.0637758169375701,0.0093841537549096,0.8711293046353115,48.00615,0.12247324,0.02295025,0.0,0
site3_516.png_X0_Y0,13.410027202746765,421.87162852028735,0.0699750665592562,0.0111357071454252,0.8536242230040171,40.56923,0.15183169,-0.042400025,0.0,0
site3_516.png_X256_Y0,13.333226164165062,254.08199655781092,0.1047015771484991,0.0113420599045689,0.9559809324423088,22.938248,0.14987582,-0.0730746,0.0,0
site3_516.png_X0_Y256,13.85611650465218,583.1577101055034,0.0680029440639939,0.0094499762830476,0.8763518049154123,42.40445,0.12919085,0.012045987,0.1079559326171875,1
site3_516.png_X256_Y256,13.432003502942234,278.0225419459983,0.0977726968783062,0.0111896040928365,0.956312363248952,24.479523,0.14809611,-0.06685851,0.0,0
site3_517.png_X0_Y0,11.821184949493375,327.8249520466858,0.2406930399181628,0.1611517030166522,0.9402645909624066,31.079681,0.13859105,-0.05904808,0.0045623779296875,0
site3_517.png_X256_Y0,12.201051099536215,498.11558680857,0.2316938180156179,0.1438127771312679,0.9535806957297674,29.49376,0.10434534,-0.00010193512,0.08917236328125,1
site3_517.png_X0_Y256,12.188903556000716,347.57145282163265,0.2138810125492605,0.1339794575238286,0.9417424973932528,29.49916,0.13726419,-0.056741074,0.0287628173828125,0
site3_517.png_X256_Y256,10.640366145942812,359.6426919333612,0.3448939481606388,0.2142633907451205,0.960149184203276,7.594986,0.14402808,-0.12385307,0.092041015625,1
site3_519.png_X0_Y0,13.345142321364124,310.64808463091856,0.0813825839167495,0.0112530782015948,0.9098689150470834,62.47876,0.076816395,0.14329343,0.0149993896484375,0
site3_519.png_X256_Y0,13.100236252295485,368.12423665177545,0.078288727082486,0.0125953919901475,0.8318139592641078,40.377884,0.15458088,-0.056104526,0.034210205078125,0
site3_519.png_X0_Y256,12.468902644166349,177.97961203323152,0.1437272108591465,0.0196100318162598,0.9516086703220152,19.947098,0.15266655,-0.10897726,0.02239990234375,0
site3_519.png_X256_Y256,11.89675073229699,168.8094428675265,0.171750348365158,0.0270250960919567,0.937817226431308,17.458252,0.14485887,-0.10976845,0.05401611328125,1
site3_539.png_X0_Y0,13.457746236991568,578.4578202344092,0.0601373428512085,0.0108454501093786,0.7485031503187876,85.25778,0.029776955,0.2646523,0.0,0
site3_539.png_X256_Y0,12.89590118586912,335.7520777315268,0.0942900576607055,0.0140531546895797,0.858458239331477,18.139832,0.13268185,-0.09190996,0.1922760009765625,1
site3_539.png_X0_Y256,13.263650780717008,508.8643948992044,0.0644402103292146,0.0116355730274197,0.7414881248330952,55.349396,0.05797981,0.16506164,0.0,0
site3_539.png_X256_Y256,13.41317612313296,408.4754177479929,0.0788164946359181,0.0113062576309176,0.8783671522971644,12.904465,0.1429406,-0.10839908,0.4186553955078125,2
site3_540.png_X0_Y0,12.73664937551,193.39494450752736,0.1112737645451046,0.0139797617253283,0.9223546689514014,12.700806,0.15166506,-0.12303096,0.0927581787109375,1
site3_540.png_X256_Y0,12.796891894963284,217.1995535671454,0.1055928286615175,0.0144019731296663,0.917666499899192,25.769012,0.12310493,-0.050151907,0.103363037109375,1
site3_540.png_X0_Y256,12.85011561369634,241.89847573650184,0.0986656712884934,0.0137707837351335,0.9001463910286878,11.222626,0.15764266,-0.13025764,0.09246826171875,1
site3_540.png_X256_Y256,12.687838289317522,194.41721920355388,0.0994741204792816,0.0140903691301498,0.9071106467182654,23.318207,0.13114248,-0.07678963,0.0,0
site3_544.png_X0_Y0,13.477258370825936,515.7403224571058,0.063968396319491,0.010471184414152,0.8108071375768556,97.06755,-0.0005296506,0.42920017,0.0,0
site3_544.png_X256_Y0,13.451271720713942,580.2240748149732,0.0575249533214767,0.0105963763741271,0.7500414182514774,101.78487,0.026383253,0.40127254,0.0,0
site3_544.png_X0_Y256,13.867523860569772,541.551906403201,0.0648936170498615,0.0094133200407938,0.8918448339627656,50.063675,0.08549281,0.14024796,0.0,0
site3_544.png_X256_Y256,13.43046707100917,536.49975644885,0.0624947851980508,0.0107760266587368,0.7777577353175046,66.77464,0.046210535,0.2678573,0.0,0
site3_545.png_X0_Y0,13.379853365437947,464.78678416955137,0.0720255767117939,0.0109349511403567,0.8393858307573496,74.858215,0.024243163,0.3425566,0.0,0
site3_545.png_X256_Y0,13.055957153565352,343.36065727425284,0.0794691847256439,0.0123079559022937,0.8484724001486526,68.00656,0.013457518,0.3214461,0.0,0
site3_545.png_X0_Y256,13.223560326478395,501.32764181745176,0.0612628403597629,0.0116140925981828,0.7312303407949132,83.62996,0.022973113,0.35220268,0.0,0
site3_545.png_X256_Y256,13.036915103557726,390.3244161650615,0.0685564441951308,0.0124969276669351,0.7797919037537895,72.66971,0.06100828,0.23842232,0.0,0
site3_546.png_X0_Y0,13.75341883790614,683.5851709228625,0.0574720825046214,0.0095321988953439,0.7885168984755754,66.94382,0.03806275,0.26460513,0.0506439208984375,1
site3_546.png_X256_Y0,13.683565734592332,722.8029686448912,0.0511704692829044,0.0098278524956792,0.723783273644916,71.59502,0.10311919,0.14635351,0.0,0
site3_546.png_X0_Y256,13.601013094087609,590.4935782812029,0.0590788765498363,0.0103417924710286,0.7878920057958381,51.012207,0.10600025,0.08331331,0.3162384033203125,1
site3_546.png_X256_Y256,13.53149482187954,550.9660585772341,0.059868232238441,0.0105503926249658,0.7905603095096658,41.964203,0.15585247,-0.004913468,0.0,0
site3_549.png_X0_Y0,11.144432732158489,142.9956078791843,0.1490502554615298,0.0318573139257558,0.8650217754631199,3.278244,0.15814242,-0.14938745,0.0,0
site3_549.png_X256_Y0,11.284926308478102,145.63951707276362,0.1423522428439737,0.0276216631943816,0.8014914540871351,2.5040894,0.16022769,-0.15575516,0.0,0
site3_549.png_X0_Y256,13.581768822926602,443.0876940509705,0.1127908979695453,0.0114692494226145,0.92558576841963,13.474091,0.17600879,-0.13657537,0.0,0
site3_549.png_X256_Y256,13.358299582367628,368.63216438689807,0.1214237874984271,0.015798379192686,0.9544819505339428,9.798401,0.16648048,-0.12211893,0.108062744140625,1
site3_550.png_X0_Y0,11.8667727971859,193.89320594843625,0.1475883488463873,0.0240880139771304,0.8917467574554492,10.605392,0.15149072,-0.13060555,0.008697509765625,0
site3_550.png_X256_Y0,11.836599581079218,226.9414550893909,0.151616715986267,0.0263816662472775,0.8882980803504962,16.545105,0.14733952,-0.11506743,0.007965087890625,0
site3_550.png_X0_Y256,13.283702312839775,282.67419706363376,0.1161951880467105,0.0125186688494054,0.9575125501163668,12.301224,0.16720751,-0.12105923,0.0485382080078125,0
site3_550.png_X256_Y256,13.176637953980237,315.989889525681,0.1214714523053814,0.0135193018181722,0.953550529301506,16.668015,0.1415787,-0.07211344,0.01068115234375,0
site3_551.png_X0_Y0,13.04617821063567,398.6864136840318,0.1207284864061008,0.0166208595131992,0.9107197770684894,8.135727,0.1659436,-0.15125051,0.0,0
site3_551.png_X256_Y0,13.169968607773733,395.22136104502846,0.0950507412598457,0.0129243187872048,0.8722845270276386,25.979645,0.15471008,-0.09558491,0.033203125,0
site3_551.png_X0_Y256,13.469919992776706,403.8738164708266,0.118190872063349,0.0121539106184847,0.9482486243021956,3.4254913,0.181317,-0.169442,0.0,0
site3_551.png_X256_Y256,13.59358608039426,527.9698701671309,0.0885282510175636,0.0108388443823067,0.8739963433370034,10.625931,0.18097788,-0.15099007,0.0110931396484375,0
site3_569.png_X0_Y0,13.563021733359768,663.3861484615343,0.0532645506567658,0.0102916190473654,0.7219497087184888,91.24364,0.05092273,0.271964,0.0,0
site3_569.png_X256_Y0,13.064745678981424,410.1729557592072,0.0704910503997252,0.0124877244021906,0.769683345443554,70.65361,0.060233332,0.20633183,0.0,0
site3_569.png_X0_Y256,13.384613687956556,585.1657253970835,0.0574177732555451,0.0109340677392082,0.7144768594836447,68.96483,0.105607875,0.13302395,0.0,0
site3_569.png_X256_Y256,12.804793128406253,332.9340124741735,0.0794920159263882,0.0137321931654345,0.7816338451989628,49.783615,0.09527342,0.1039567,0.0,0
site3_570.png_X0_Y0,13.086366937683035,353.4229159157596,0.0842742317515721,0.0126407179714639,0.8371883330106539,42.510513,0.07083045,0.12450321,0.0,0
site3_570.png_X256_Y0,12.802370400376878,326.712690356477,0.0786270974434953,0.0137832633305368,0.7870145920614332,23.332855,0.15187931,-0.08301425,0.0,0
site3_570.png_X0_Y256,13.022703585474872,429.397892442215,0.0703354033519015,0.0128784836018945,0.7403688074973608,60.929947,0.024565319,0.23422486,0.010162353515625,0
site3_570.png_X256_Y256,13.07105227524108,325.73540170849105,0.0825806564190137,0.0128136060111526,0.8602006467831811,21.490463,0.14275137,-0.07790138,0.0023193359375,0
site3_571.png_X0_Y0,13.1550257827312,302.1175690539734,0.0858603411280665,0.0120151915470633,0.8933545990152605,8.1577,0.16078085,-0.14142463,0.0365753173828125,0
site3_571.png_X256_Y0,13.07133302855081,243.56706290850056,0.0920084422665802,0.0122850040061295,0.9179367475667132,14.083313,0.15055121,-0.111423284,0.0,0
site3_571.png_X0_Y256,13.387690326979117,377.2369025735413,0.0859874606863917,0.011264941701335,0.8935565385016473,16.240494,0.13904451,-0.09549515,0.1956787109375,1
site3_571.png_X256_Y256,13.009972082769742,223.8473028552754,0.0960724578907836,0.0124802548683261,0.9317048525377436,11.43959,0.15266281,-0.119804546,0.0,0
site3_572.png_X0_Y0,13.16069095393391,319.45013032848567,0.0823763063120258,0.0123449316514679,0.8805672471608362,33.817123,0.13835528,-0.023794876,0.0,0
site3_572.png_X256_Y0,13.595885461317316,628.0170660623411,0.056110356440272,0.0100765451926342,0.7603957573833374,80.32796,0.028770715,0.3168013,0.0,0
site3_572.png_X0_Y256,13.117374903552886,275.53437920511726,0.090899436910541,0.0126527866713666,0.907859188877738,24.680466,0.15815815,-0.0780276,0.0055389404296875,0
site3_572.png_X256_Y256,13.183733774354526,443.893621113279,0.0871007934756277,0.0123926282364394,0.8382790063984509,67.95825,0.017374268,0.3315792,0.0654449462890625,1
site3_574.png_X0_Y0,13.040398102459712,335.9606310824,0.0771420040107318,0.0124218621372698,0.8406557229342362,76.76457,0.06143975,0.2584506,0.0,0
site3_574.png_X256_Y0,13.400346824056868,580.4147370001965,0.056904134922689,0.0109254254735625,0.7239634922093575,69.20033,0.12413886,0.116803564,0.0,0
site3_574.png_X0_Y256,13.23404239465042,339.77691727642144,0.0795789962851272,0.011737973929433,0.879828746896419,56.42131,0.07570677,0.18534175,0.0,0
site3_574.png_X256_Y256,13.321655162377343,433.9419308979768,0.0672486705975477,0.0112717671046499,0.821787143282883,57.0907,0.12061114,0.09366747,0.0,0
site3_575.png_X0_Y0,13.85736193182041,524.1644382569202,0.0660661681463551,0.0092300056012342,0.8887960976189889,22.011505,0.17966026,-0.10655838,0.0894317626953125,1
site3_575.png_X256_Y0,13.757850441232693,441.8046244833758,0.0687981427741676,0.0096459135447806,0.9056478753950457,46.014603,0.13042447,0.04958993,0.0,0
site3_575.png_X0_Y256,13.46841680954459,425.0149655781439,0.0718102380854479,0.0110395807253974,0.8681742211603428,14.650299,0.20742391,-0.15716267,0.1314239501953125,1
site3_575.png_X256_Y256,13.650677191717778,417.0093173448954,0.0746017902968416,0.0099563445924471,0.9053265138093124,22.208023,0.19136135,-0.106076136,0.147247314453125,1
site3_576.png_X0_Y0,13.296079328725323,482.939019172312,0.0642102957680247,0.0113760951711464,0.7769818834443246,67.78543,0.076695256,0.22424926,0.0,0
site3_576.png_X256_Y0,12.920900453080105,337.9198798689352,0.0960065005800263,0.0136958348687527,0.9079699067199496,57.98018,0.082011,0.18520832,0.051605224609375,1
site3_576.png_X0_Y256,13.344838531035103,322.7879178080642,0.1138227625746273,0.0130266573050145,0.9500409360599512,59.895264,0.020234967,0.30182597,0.0,0
site3_576.png_X256_Y256,13.415931271463489,308.76759892529844,0.0981201536554474,0.011111350511999,0.9393341332861578,33.973373,0.14692858,-0.033279616,0.0,0
site3_577.png_X0_Y0,13.367069382460548,510.99086760501496,0.0637053534331874,0.0111192490896591,0.7794274447567886,64.682816,0.08080289,0.2013898,0.0,0
site3_577.png_X256_Y0,13.43603265474525,515.1017933006633,0.0673957137673202,0.010761125092475,0.8122284671632016,45.601776,0.07289779,0.17737131,0.0,0
site3_577.png_X0_Y256,13.52757018906722,392.3210538915347,0.0950658450055776,0.0123396280739133,0.9440054163402348,38.949326,0.07806235,0.117255576,0.00323486328125,0
site3_577.png_X256_Y256,12.818644492788744,269.5715354070516,0.1162916886296886,0.0168867972586727,0.9266775954665768,8.468338,0.17420097,-0.14626744,0.0748748779296875,1
site3_578.png_X0_Y0,13.653729105539467,366.7168221206986,0.0829310968840223,0.009936924767127,0.9334370297728356,30.920395,0.15123704,-0.051457185,0.0,0
site3_578.png_X256_Y0,10.64279888014742,129.30655909085905,0.1921031029346654,0.0360639300743351,0.7961693297940772,1.4715271,0.16070227,-0.15761527,0.0622100830078125,1
site3_578.png_X0_Y256,11.94995849947744,211.0156655493108,0.1573411722322547,0.0235827743449003,0.8910439174394769,-5.886856,0.19467905,-0.20832357,0.094940185546875,1
site3_578.png_X256_Y256,11.061337117375562,136.4225819096033,0.1924223090559938,0.0349071701896634,0.9128491585365824,2.2417755,0.17077093,-0.16327146,0.10040283203125,1
site3_579.png_X0_Y0,12.33613113737684,232.65786306649156,0.1848789643354592,0.022429615479122,0.9087695817102656,2.2636108,0.19223389,-0.17986631,0.16253662109375,1
site3_579.png_X256_Y0,12.347296343677485,280.7968360726539,0.212714400209333,0.0285102587837083,0.9528472557749188,9.564896,0.15193617,-0.12226928,0.0,0
site3_579.png_X0_Y256,11.499432567449157,184.7856309772693,0.2951828406889611,0.0524331734781311,0.9643696798650554,-4.2896423,0.17850092,-0.18142949,0.0661163330078125,1
site3_579.png_X256_Y256,13.074172371670109,302.00402873895166,0.1352543671927184,0.0142911803438296,0.9315420949720248,-8.650085,0.18945435,-0.21217848,0.23260498046875,1
site3_582.png_X0_Y0,13.55352723645404,627.9397779549838,0.1061986940029253,0.0122960059008331,0.9004549776698548,-14.592865,0.22081679,-0.2682515,0.0,0
site3_582.png_X256_Y0,13.681197511491025,627.4709536596604,0.0917047768404435,0.010812540201883,0.8712219792948327,-5.663086,0.21240604,-0.23401543,0.0,0
site3_582.png_X0_Y256,13.5610330979304,651.2405834895349,0.0766763931902679,0.0118001242667154,0.8045189762567811,-19.14795,0.23466468,-0.2886566,0.0,0
site3_582.png_X256_Y256,13.698915111082684,712.7337965716406,0.073369613924723,0.0107606571828088,0.8078377576039559,-17.126373,0.22875711,-0.2768681,0.0,0
site3_583.png_X0_Y0,11.93054634521791,298.67661671590423,0.2012447531202438,0.0389643075003102,0.9650989454383004,22.179886,0.14279649,-0.066411935,0.0,0
site3_583.png_X256_Y0,12.424218476181224,286.8009009605738,0.0840412457567152,0.0162499171128375,0.723130669134405,50.012177,0.10926022,0.07014203,0.0,0
site3_583.png_X0_Y256,10.476419470988596,183.993162710848,0.2508719358294931,0.0515658977592096,0.969461036958126,9.552658,0.15205684,-0.11939319,0.0350494384765625,0
site3_583.png_X256_Y256,12.544321197788197,330.9095367016438,0.0833177656163508,0.0158448176749443,0.7265896078594951,54.91765,0.085948825,0.14209692,0.0,0
site3_600.png_X0_Y0,13.1604511407747,503.0289725706492,0.0611160017113831,0.011971010471816,0.7064646034899957,69.79941,0.075019024,0.19183308,0.0,0
site3_600.png_X256_Y0,12.60974985385582,302.1953340812492,0.0816571267690503,0.0148326079365998,0.7647694092239212,60.1837,0.057368558,0.20444399,0.0,0
site3_600.png_X0_Y256,12.948737016795842,331.7450687085596,0.1405590661840363,0.019588867334665,0.9520167321581184,44.936813,0.10124266,0.06936638,0.0,0
site3_600.png_X256_Y256,12.858588258015171,188.19153482134257,0.1345668784695526,0.0145974363375939,0.9657498331828444,20.269623,0.120224945,-0.043218028,0.0509796142578125,1
site3_601.png_X0_Y0,13.406455177576303,450.48773062046416,0.0753224312118606,0.0118771364737029,0.8752157726317246,23.658585,0.109988704,-0.016215507,0.37823486328125,1
site3_601.png_X256_Y0,13.62947143198892,457.57094382269736,0.0788216693354247,0.0102348027146506,0.9014830937812524,6.260208,0.15511996,-0.12201023,0.2696075439453125,1
site3_601.png_X0_Y256,12.525491066331815,203.8759714863268,0.1241532174522163,0.0180855302057676,0.9330336831464728,9.557114,0.124204814,-0.09631746,0.0682830810546875,1
site3_601.png_X256_Y256,11.560798807980856,154.42674925209485,0.1708603716509474,0.0243396166463063,0.9031050364013904,-0.55052185,0.12783504,-0.12779126,0.0473480224609375,0
site3_602.png_X0_Y0,13.34013750033561,294.2777279171532,0.112793573490508,0.0120373201776318,0.9424748219815524,15.402069,0.13613705,-0.071346544,0.0908966064453125,1
site3_602.png_X256_Y0,12.994187094933173,234.68759006452183,0.1286322820934832,0.0142067562500624,0.945760348101734,-11.878891,0.19496706,-0.20968583,0.265380859375,1
site3_602.png_X0_Y256,10.87514975766026,119.20119800678016,0.1757978999201573,0.0306647755433105,0.8227944103943257,-0.01638794,0.12358315,-0.123683065,0.0,0
site3_602.png_X256_Y256,10.354921089111798,60.33214372176603,0.1784571514290374,0.0349254974957318,0.8020573069390942,-0.3610077,0.12611353,-0.12678966,0.0,0
site3_603.png_X0_Y0,13.03446574185367,238.4891504169032,0.1238107536020746,0.0149054138716709,0.9561585620923008,2.991394,0.1891329,-0.17463641,0.162017822265625,1
site3_603.png_X256_Y0,13.32343642322122,313.40367744677087,0.0961683804361426,0.0119690490999591,0.932811714789712,30.391373,0.14115694,-0.04890527,0.0,0
site3_603.png_X0_Y256,9.6595371264423,48.35279805243212,0.2032294972155235,0.0454494900148752,0.834517438172253,5.0173645,0.1379701,-0.12902257,0.0,0
site3_603.png_X256_Y256,9.386986853020016,39.99313196847397,0.2004399544466021,0.0470960911097336,0.6289472277368892,4.8357086,0.14513576,-0.13716753,0.0,0
site3_604.png_X0_Y0,12.850488323854997,300.68314877390554,0.11232988216764,0.017177720136433,0.9228297305958604,11.657837,0.17317078,-0.14428136,0.0,0
site3_604.png_X256_Y0,12.468314491554583,266.3006235432249,0.1196501466610503,0.0223032024516618,0.9182951657793246,13.555267,0.17287606,-0.13556118,0.0633087158203125,1
site3_604.png_X0_Y256,9.460165217158298,39.21841393634684,0.2029896180548584,0.0457733835214217,0.6641695244629799,3.535675,0.14827085,-0.14242002,0.0,0
site3_604.png_X256_Y256,9.307630620770468,37.2744858197572,0.2091931898652435,0.049202133731621,0.6420515993099699,3.050583,0.14909285,-0.14399686,0.0,0
site3_608.png_X0_Y0,9.511729489919288,42.75815614787615,0.1990696438331848,0.0458230433406921,0.6457929544925894,0.9644928,0.15304694,-0.15141863,0.0,0
site3_608.png_X256_Y0,9.54782265287306,45.17877737829229,0.193102911520642,0.045389197901205,0.6213438478630136,-0.017593384,0.15400861,-0.15404716,0.0,0
site3_608.png_X0_Y256,12.059121901677871,249.3298144343505,0.1596443836356136,0.0259784175822363,0.9279866406450336,1.521164,0.16933894,-0.1657038,0.0330657958984375,0
site3_608.png_X256_Y256,13.432391387367442,473.14251447758807,0.1031216655029693,0.0140025956239886,0.9199248274731976,10.792633,0.16466185,-0.12995818,0.068878173828125,1
site3_609.png_X0_Y0,10.520128640744517,89.15746943783716,0.1859187205216244,0.0400530914748166,0.9098752274374686,2.3971863,0.15560517,-0.14874493,0.0,0
site3_609.png_X256_Y0,10.201077273935924,58.09124208537664,0.211612831709232,0.0390864439518232,0.8407311950525027,-2.3058014,0.15842645,-0.16193701,0.0,0
site3_609.png_X0_Y256,13.774615725646044,476.274228241541,0.0906025505500244,0.0100682484992084,0.9340676567525068,24.483429,0.10927268,0.008318469,0.0842132568359375,1
site3_609.png_X256_Y256,12.021406030891391,178.3158823379263,0.1743486408632317,0.0224278341204493,0.9295348865640252,-0.583313,0.16479318,-0.16313604,0.00579833984375,0
site3_610.png_X0_Y0,12.003892825617251,208.6231442834442,0.2647761180805076,0.0471765975398565,0.9723008266155424,-1.4155579,0.1636349,-0.16817003,0.0,0
site3_610.png_X256_Y0,13.111317067517628,351.1662792856133,0.1375122744170656,0.0153099500541844,0.916534783598445,6.5468903,0.17370835,-0.15010563,0.0748291015625,1
site3_610.png_X0_Y256,11.675285976216776,183.59769209859388,0.1928816102276038,0.0335990051232101,0.9351964727481528,-0.30297852,0.17449476,-0.1722947,0.0,0
site3_610.png_X256_Y256,12.882746779171448,369.4132429684464,0.1659148726572556,0.0229914449414057,0.9251949442784626,4.588806,0.19098306,-0.16797097,0.06793212890625,1
site3_611.png_X0_Y0,13.428935469188382,579.9470529664092,0.1086050459338673,0.0120783270716107,0.8453844982864409,-14.353729,0.20441753,-0.23848642,0.0,0
site3_611.png_X256_Y0,13.485466882996132,753.7054139633594,0.0774620445259508,0.0121388712956004,0.7722140437893509,-19.781677,0.2392277,-0.28637883,0.0,0
site3_611.png_X0_Y256,13.566158175434076,602.9309270172773,0.0653234307261427,0.0107009752354213,0.790947494650709,13.50238,0.20621195,-0.15874848,0.0847320556640625,1
site3_611.png_X256_Y256,13.321786445851211,539.1536409974713,0.0649916300804838,0.0116713303158087,0.7509709979751875,18.1492,0.21830304,-0.16360421,0.0,0
site3_632.png_X0_Y0,10.224023652486828,61.76037685325398,0.1735561900050923,0.0357934688567922,0.7421968747698414,-0.72636414,0.11796169,-0.11945903,0.0,0
site3_632.png_X256_Y0,10.580122137477591,76.90900323793787,0.1683384081337568,0.0326389026349751,0.7822354102377579,-0.52371216,0.11732148,-0.11842417,0.0,0
site3_632.png_X0_Y256,12.828611471675766,203.6589731863973,0.1151753434522149,0.0143202080323028,0.9506601106523944,19.719116,0.06302388,0.046711117,0.0,0
site3_632.png_X256_Y256,12.814644326587722,161.01207717585035,0.1339505009799002,0.0135335420085373,0.957595917058929,25.981934,0.03687188,0.10888216,0.0,0
site3_635.png_X0_Y0,12.714993055224042,321.377308922637,0.1280837017820969,0.0197454885916121,0.932738950081575,21.505478,0.13519949,-0.07230286,0.0,0
site3_635.png_X256_Y0,12.959123705457731,319.305105683501,0.1279287581671551,0.016896793575236,0.9347273139287702,25.486725,0.12914768,-0.051157083,0.0034942626953125,0
site3_635.png_X0_Y256,13.329022645651465,450.4661562259962,0.0653821988283386,0.0116209625678905,0.8261931797307265,56.464813,0.09311995,0.14699715,0.0,0
site3_635.png_X256_Y256,13.126933031222826,390.40124974469904,0.0709706546738998,0.0122869038650691,0.8101924676894843,58.747833,0.104046345,0.12935267,0.0734405517578125,1
site3_638.png_X0_Y0,13.343282681203268,479.1390584601109,0.0720706192567746,0.0114644072707213,0.8166189517174806,52.846725,0.07689806,0.17632431,0.0,0
site3_638.png_X256_Y0,12.919502167982229,300.6026947718512,0.0893624629875479,0.0131489751938449,0.8606268424859547,59.323807,0.028996311,0.27452558,0.0,0
site3_638.png_X0_Y256,12.96246104437768,469.3558607717001,0.0622330365379636,0.012906720167719,0.6627605750754764,115.01753,-0.017942734,0.5336364,0.0,0
site3_638.png_X256_Y256,12.978202683965923,399.5706450193692,0.0721311422207682,0.0134676536453889,0.7828424698982832,94.38249,0.009481892,0.41640085,0.0,0
site3_639.png_X0_Y0,13.78349187084951,581.1017434700781,0.0670209132528146,0.0095264663306674,0.8598626646271975,37.46031,0.08153873,0.059763525,0.0,0
site3_639.png_X256_Y0,13.722772724957636,621.2966078852102,0.0691996071202928,0.0099951091336262,0.8432627517897429,42.599945,0.07477582,0.15929353,0.0,0
site3_639.png_X0_Y256,13.163692464706868,431.0771903234598,0.0734714246704194,0.0127793901198291,0.8086227982839478,85.79433,0.004830388,0.39859042,0.107666015625,1
site3_639.png_X256_Y256,13.389270456700345,473.8414113412243,0.0716333126642417,0.0116412818735636,0.8615766673320717,59.00609,0.067759775,0.21450758,0.0007781982421875,0
site3_640.png_X0_Y0,13.3869617237271,506.8017846802022,0.0698720830843103,0.0113478141279807,0.816423418329481,54.41977,0.032688625,0.2940073,0.05426025390625,1
site3_640.png_X256_Y0,12.55016817724588,274.5955864481167,0.1246476451335241,0.0199271343895746,0.9209278911210628,10.099426,0.15410656,-0.120463766,0.0429534912109375,0
site3_640.png_X0_Y256,13.243353111923508,432.7874792297561,0.1025079933633618,0.0139394418541377,0.8854048905186691,50.7442,-0.0038098097,0.32797986,0.0,0
site3_640.png_X256_Y256,13.082916296335911,254.27827246430783,0.1260874912447947,0.0146732518818077,0.9689308867428336,13.642639,0.1334225,-0.04995427,0.0,0
site3_641.png_X0_Y0,11.310981764800315,152.38334201389122,0.159909721737619,0.0317459771366491,0.9038492833182014,-1.1739197,0.17023638,-0.16376574,0.0,0
site3_641.png_X256_Y0,12.386550812985677,388.9278127552935,0.2103814831479184,0.0331980468238122,0.917612826463258,-5.035507,0.20511217,-0.20405185,0.0,0
site3_641.png_X0_Y256,11.171000671212234,118.46094214064333,0.1593852712949574,0.0305920047206205,0.9085486958849412,-1.737503,0.16760671,-0.16077594,0.0,0
site3_641.png_X256_Y256,12.394691200605518,325.9590083291248,0.1900540977730287,0.0280917081565709,0.9100463962348254,-3.764206,0.19898413,-0.19388363,0.0,0
site3_642.png_X0_Y0,12.825012546613353,384.21971067322806,0.1509107388336845,0.0222759127830442,0.9441391513589156,16.723862,0.11930368,0.010452352,0.0779876708984375,1
site3_642.png_X256_Y0,12.289339682014234,421.34598142845897,0.1874082033140621,0.0308813314227949,0.9253312952820836,1.6178741,0.113401264,0.0064377636,0.0,0
site3_642.png_X0_Y256,13.082037455258378,398.0282243758765,0.1364316248829212,0.0170276875121782,0.9413893037068516,-4.657654,0.16665086,-0.19273251,0.0,0
site3_642.png_X256_Y256,13.8967230340959,868.6751872777504,0.061815957222781,0.0097715547590898,0.7848956958292552,-22.626724,0.26265907,-0.33522516,0.0,0
site3_643.png_X0_Y0,13.592901478598872,564.0160079957355,0.0848785919364473,0.0109072963719193,0.8669813460752678,9.693939,0.18753201,-0.12706135,0.0,0
site3_643.png_X256_Y0,13.51553578154973,377.8524002637389,0.0870926946473259,0.0108605267196815,0.9211563047821492,39.393356,0.12684385,0.022552954,0.132720947265625,1
site3_643.png_X0_Y256,13.7249507959438,769.6945189199996,0.0730802609187454,0.010621005029359,0.803334049661408,-8.956253,0.21578266,-0.22816026,0.0,0
site3_643.png_X256_Y256,13.664101760372391,483.8993583748048,0.0799686687423578,0.010319652530855,0.8912148860699696,41.946045,0.099801734,0.07638179,0.14788818359375,1
site3_644.png_X0_Y0,13.431744324229824,586.5116097024202,0.1251186520734778,0.0151562941960506,0.9006554369307518,-8.172272,0.15921953,-0.1453763,0.1158447265625,1
site3_644.png_X256_Y0,13.695695124081569,712.4496173497125,0.0712910955501603,0.0111385669420652,0.8033669882991793,-20.121628,0.24873783,-0.31233764,0.0,0
site3_644.png_X0_Y256,13.42884751147562,503.67846277574927,0.1256674397785564,0.0139879951725517,0.9167160051438652,-10.790344,0.179763,-0.21983346,0.2332000732421875,1
site3_644.png_X256_Y256,13.81983970106942,765.9470727604703,0.0681396854194739,0.0101110682128602,0.826689530945011,-20.243027,0.24191353,-0.30692762,0.0,0
site3_663.png_X0_Y0,12.780810129052876,318.3637759065261,0.082887958081975,0.014274291166212,0.8323054278669717,26.297394,0.13188116,-0.011342337,0.0273895263671875,0
site3_663.png_X256_Y0,13.49003269636111,341.0816745212352,0.0914789220408378,0.0111972910048234,0.9401467839073742,14.534119,0.14414935,-0.07970846,0.0206298828125,0
site3_663.png_X0_Y256,13.23362203905983,431.2019459613125,0.070441160248392,0.0120860126686577,0.8185282683588017,35.267944,0.10781201,0.059516992,0.0,0
site3_663.png_X256_Y256,13.706676311262903,438.1704045319301,0.0778416655027262,0.009989027015996,0.9154729010502582,21.672272,0.13053411,-0.03140206,0.0,0
site3_665.png_X0_Y0,13.189178925692271,414.8574257497128,0.0705232691572787,0.0117638898450344,0.8051177756529639,59.14514,0.028008783,0.22116038,0.0104827880859375,0
site3_665.png_X256_Y0,13.24722340889186,373.49322924178,0.0777012161105359,0.0118114674173311,0.8578966628010238,28.130905,0.15399759,-0.0471825,0.0695648193359375,1
site3_665.png_X0_Y256,13.10359526835175,282.8730838349571,0.0891556980424449,0.012538616658271,0.9010325771646324,13.563446,0.16039395,-0.11339146,0.0,0
site3_665.png_X256_Y256,13.16688983281134,316.3008112865305,0.121740829186361,0.0184282567182929,0.9409274942902284,16.025528,0.16771144,-0.122881785,0.1758575439453125,1
site3_666.png_X0_Y0,13.593361316655432,447.7228158040281,0.0731777444728878,0.0103995982557332,0.8876418431368792,56.05533,0.069117725,0.16771527,0.0,0
site3_666.png_X256_Y0,13.39196317824486,490.41658429153335,0.0643301510828642,0.0115892909622567,0.8532816760988445,65.147995,0.08657949,0.1859692,0.098785400390625,1
site3_666.png_X0_Y256,13.189955634775098,511.7837469662993,0.1467878300945556,0.0562590324594576,0.9428741988063244,35.685257,0.098725244,0.03305754,0.394439697265625,1
site3_666.png_X256_Y256,13.111624748118135,451.27777762761,0.0633406448258017,0.0124178875710804,0.7504975421571456,86.91681,0.04242614,0.33395326,0.0015716552734375,0
site3_667.png_X0_Y0,13.124348771935942,471.9741288807476,0.0622435530028821,0.0123178251290197,0.7966457584908463,75.936295,0.06718988,0.2820999,0.0,0
site3_667.png_X256_Y0,13.19083532252105,420.17057568003713,0.0680854729523469,0.0119823954111259,0.7969014820256586,50.20775,0.122590944,0.08931154,0.04205322265625,0
site3_667.png_X0_Y256,13.079579406108166,475.002130100215,0.0626151833108627,0.0124571891902968,0.7615503887762922,71.5686,0.081346855,0.24591756,0.0,0
site3_667.png_X256_Y256,12.992638055433437,449.1433313509244,0.0631180906404205,0.0127360313964733,0.6981250579726734,67.510605,0.08047597,0.23307514,0.0,0
site3_668.png_X0_Y0,13.478079762349708,499.2695404411944,0.064006695119816,0.0109121495048034,0.8267475065638697,70.11948,0.056007825,0.26178646,0.0,0
site3_668.png_X256_Y0,13.312363925451391,529.7326748576629,0.0598431440800925,0.0116572751185775,0.8112067351495089,103.23418,0.008738978,0.44716302,0.0781707763671875,1
site3_668.png_X0_Y256,13.140915233397038,468.252887936744,0.0645990490388739,0.0120339734400649,0.7464607172331941,66.393524,0.0718949,0.25366172,0.0,0
site3_668.png_X256_Y256,13.242136669885385,427.9369946505077,0.071774866180152,0.0118539892891534,0.8312793671813965,86.473724,0.016158992,0.39475456,0.0,0
site3_669.png_X0_Y0,12.946943922305913,483.727206693342,0.0620176468738771,0.0130508573675925,0.6392719293608129,92.98154,0.030004589,0.40504736,0.0,0
site3_669.png_X256_Y0,12.739758198906795,331.8599580089536,0.0818092318403363,0.014308966805322,0.7957937344735294,86.59369,0.008540178,0.43466866,0.0113983154296875,0
site3_669.png_X0_Y256,13.249715590770112,461.1002303651465,0.0795043925631167,0.0118892724642548,0.8246089385843505,70.57201,-0.031712633,0.4699082,0.0,0
site3_669.png_X256_Y256,13.339806264575206,448.66277489428296,0.0757429074070219,0.0113212923230915,0.8402823238168005,66.36008,-0.010595972,0.3908655,0.0,0
site3_670.png_X0_Y0,12.905844642794674,325.16969467874907,0.0938792991153816,0.0134077118024296,0.8608692487564169,73.19713,-0.0030740444,0.410639,0.030914306640625,0
site3_670.png_X256_Y0,13.275141551808348,442.4767415026872,0.0741882021505722,0.0115538156861845,0.8264916683133419,54.68953,0.07156968,0.2266571,0.0691680908203125,1
site3_670.png_X0_Y256,12.977766689701872,287.5332049121872,0.123433852205054,0.014900532641711,0.9212027415502072,55.52513,0.01620372,0.2765228,0.0,0
site3_670.png_X256_Y256,13.332394722882675,386.5570217884994,0.0964835928664912,0.011655588257215,0.9042181438254258,53.871414,0.032693498,0.23879805,0.0124053955078125,0
site3_671.png_X0_Y0,13.628803459481087,555.5262801266493,0.065212167613028,0.0102030291095167,0.8337564237729471,53.248642,0.064771116,0.20666616,0.0,0
site3_671.png_X256_Y0,13.506632423895416,322.5916599384886,0.097570715845979,0.0110165747185047,0.9584295886186336,26.590302,0.11560573,0.027613848,0.0,0
site3_671.png_X0_Y256,13.204609102495516,366.9837906093917,0.0967123745241538,0.0140267606832441,0.9305425432849068,20.321915,0.14226836,-0.032488935,0.019683837890625,0
site3_671.png_X256_Y256,12.673259909577425,278.38364213883324,0.1404029939934194,0.0190969410458455,0.947901559110204,4.036743,0.17016174,-0.15117049,0.1152496337890625,1
site3_674.png_X0_Y0,13.489772454885266,683.5610627973588,0.0769514122362664,0.011772659914806,0.7835318466299487,-18.061188,0.22395633,-0.2673639,0.0,0
site3_674.png_X256_Y0,13.429698051490536,467.9200561382948,0.0775286576635455,0.0114715808299871,0.8569645670987999,43.14502,0.10735288,0.07874993,0.0,0
site3_674.png_X0_Y256,13.660515435976269,622.3445933655407,0.1292712049209792,0.0124986244442881,0.897206535145378,6.8167877,0.15550476,-0.10850041,0.0,0
site3_674.png_X256_Y256,13.44885530221034,495.5382292267727,0.0778545836455313,0.0115012855335869,0.845842977883568,29.84253,0.14903498,-0.03670706,0.0288238525390625,0
site3_696.png_X0_Y0,12.925847362491403,281.26868602221714,0.0839485483444953,0.0135544376892319,0.8802483785442825,36.844757,0.106916144,0.05173245,0.010589599609375,0
site3_696.png_X256_Y0,13.781234071147615,426.0884786951014,0.0855982768905959,0.0097370097932278,0.9416697444134424,43.355072,0.08369294,0.0982295,0.2195281982421875,1
site3_696.png_X0_Y256,11.509907320289978,310.4607270490778,0.3135932564549671,0.0433258645390371,0.9549961640069472,14.330429,0.111698754,-0.05930583,0.0,0
site3_696.png_X256_Y256,10.487455758814129,116.58171511557684,0.3808567268280957,0.0512527896559638,0.9748009601675524,10.488235,0.12375721,-0.10066427,0.0,0
site3_697.png_X0_Y0,13.654740748995785,499.03408696475617,0.1186087508104083,0.0133462893979827,0.9390156959278132,39.640793,0.07337041,0.09422356,0.069061279296875,1
site3_697.png_X256_Y0,12.608551085138728,314.6686974361039,0.1867747538750313,0.0280257557991765,0.9689130507887628,38.838196,0.08046247,0.09525154,0.053466796875,1
site3_697.png_X0_Y256,10.10489553750168,57.227663984402895,0.3878248319526948,0.049166571792893,0.9906280344253536,5.7064514,0.121842355,-0.11087713,0.0,0
site3_697.png_X256_Y256,10.58403321312568,125.24347681780348,0.3501505272779101,0.0498526738483582,0.9857310089048084,4.4797974,0.114667505,-0.101351775,0.0,0
site3_699.png_X0_Y0,11.934713567819172,202.6072916216135,0.1401124889868493,0.0265462268969637,0.9529040773687264,17.669022,0.113757476,-0.042343203,0.0,0
site3_699.png_X256_Y0,10.83682901622818,148.99202788591504,0.1714069955824211,0.0370226458458141,0.9062436806497228,11.659378,0.13549432,-0.10567,0.0,0
site3_699.png_X0_Y256,13.10989874985869,340.1669541312338,0.1041620889899054,0.0144354415830491,0.9102460399394572,7.792923,0.15615268,-0.12606686,0.0,0
site3_699.png_X256_Y256,13.8108491479858,666.3791706615127,0.1091910826216322,0.0170944819574643,0.9116919594173498,6.3090057,0.16642661,-0.15370196,0.377166748046875,1
site3_700.png_X0_Y0,12.42107145125971,304.1000839220524,0.1474932241405923,0.0198168589656329,0.9003664769689728,3.7767487,0.137703,-0.12059608,0.0,0
site3_700.png_X256_Y0,11.465125145962798,129.19992568964062,0.175312809516011,0.0268906639934284,0.9212946152858924,3.5203705,0.14721373,-0.13655911,0.0,0
site3_700.png_X0_Y256,13.473435339378558,476.7918769523818,0.0774436958272869,0.0114557693491159,0.8648386096060853,15.217987,0.16209362,-0.10774447,0.0765533447265625,1
site3_700.png_X256_Y256,13.33583652570744,411.9472566140623,0.0845890752460937,0.0118095432761805,0.8769102082775223,21.787872,0.16719575,-0.105918944,0.0,0
site3_731.png_X0_Y0,13.279936901695706,416.0092589388722,0.0879747002168648,0.0120454473619951,0.8790194204345568,21.028473,0.16568719,-0.11699401,0.06884765625,1
site3_731.png_X256_Y0,13.036933097295185,354.19986471549754,0.1034541273554122,0.0135564208805511,0.8945968446262452,16.467102,0.16634718,-0.1326046,0.0749359130859375,1
site3_731.png_X0_Y256,13.687733259898875,575.7323153654872,0.0906666021435491,0.0102789020270585,0.8838834925185277,10.5950165,0.16690266,-0.12670493,0.0525970458984375,1
site3_731.png_X256_Y256,13.058443610703025,372.7646557213619,0.0952990305929165,0.0133503872974122,0.8712361669108073,15.066055,0.16967925,-0.13812827,0.095123291015625,1
site3_766.png_X0_Y0,11.326307062915998,155.1596951893486,0.2730977322529189,0.0444118655268829,0.9496337638393424,-9.292084,0.18523625,-0.19897541,0.0,0
site3_766.png_X256_Y0,12.802907851239407,258.9949711799636,0.1465325302086503,0.01722330733818,0.9456510261385894,-4.1666565,0.1361579,-0.15338874,0.01873779296875,0
site3_766.png_X0_Y256,11.40129966616576,165.90722477532705,0.2767854115036783,0.03770203680453,0.944702934583828,-7.0981445,0.17996322,-0.18975326,0.0,0
site3_766.png_X256_Y256,13.228171766109284,312.0230015799252,0.1480545968750087,0.0132100372592103,0.9536540119338462,2.4287262,0.15563707,-0.1547186,0.0442047119140625,0
site4_59.png_X0_Y0,13.375469494845747,846.765689803819,0.0454382017368368,0.0111497142265105,0.468444377843508,71.423706,0.049987245,0.2251317,0.0,0
site4_59.png_X256_Y0,13.419303894859985,1000.594237252528,0.0418408761211415,0.0109217481270727,0.3634010723748797,69.64279,0.084502146,0.14647393,0.0,0
site4_59.png_X0_Y256,13.369528222479508,847.1700590968906,0.0469050612592182,0.0111944084327154,0.4697894635238704,81.59027,0.019934557,0.30983257,0.0,0
site4_59.png_X256_Y256,13.352734276629985,869.0825903198368,0.0461392417173206,0.0111405665445099,0.4342297609288105,78.14015,0.066787094,0.19297636,0.0,0
site4_60.png_X0_Y0,13.247431702315938,887.3583944877093,0.0441846440606856,0.0116509734084262,0.3512170378647919,72.65488,0.07592443,0.16204652,0.0,0
site4_60.png_X256_Y0,13.490470499109607,997.7800717873172,0.0421258519100289,0.0106542464236276,0.411797483085104,65.08389,0.07564574,0.17098407,0.0,0
site4_60.png_X0_Y256,13.066732571951658,766.4505045385317,0.0478318259889991,0.012463568203976,0.3603094317513782,66.76163,0.09073484,0.11234133,0.0,0
site4_60.png_X256_Y256,13.240404583015096,876.8302203179255,0.0456167151213108,0.0118768636071549,0.3689173833044061,66.85834,0.07366556,0.15485203,0.0,0
site4_76.png_X0_Y0,13.051656773778229,636.7148666828992,0.054679935453396,0.0125701229365233,0.5092023032231785,30.611526,0.1668258,-0.06783427,0.0,0
site4_76.png_X256_Y0,13.26770676509765,703.6042952831162,0.059695731464794,0.0121466429393204,0.6181562263943867,69.44153,0.0068369415,0.2975087,0.0589752197265625,1
site4_76.png_X0_Y256,13.399744367155987,826.2773097787331,0.0521133979327895,0.0114825398052779,0.5398943091760375,54.37285,0.10021945,0.1258408,0.0,0
site4_76.png_X256_Y256,13.629200116562108,1037.133086523361,0.0545738405640485,0.0111190002989483,0.6754638157728949,95.238144,-0.06124165,0.46183988,0.15899658203125,1
site4_77.png_X0_Y0,14.468879246812133,1687.5537626305277,0.0553977390838157,0.0078728193174338,0.711467178408473,17.093185,0.106166795,-0.03821449,0.667510986328125,2
site4_77.png_X256_Y0,14.712110672197682,2037.5392011788344,0.041536015423419,0.0070672242372776,0.6855442378118577,28.19638,0.082449876,0.02924711,0.9239959716796876,2
site4_77.png_X0_Y256,14.61888468658444,1965.4764749738376,0.0471349204852271,0.008035860516707,0.7308643047159398,38.14177,0.06233927,0.09786546,1.0,2
site4_77.png_X256_Y256,14.886474258053408,2536.6926844095506,0.0424024502760188,0.00692454645914,0.7029356269305569,11.692932,0.1065523,-0.05012674,1.0,2
site4_78.png_X0_Y0,14.524198945506472,1852.7152821935117,0.0458649012425492,0.0078569198257181,0.7283023949551486,22.881516,0.08360026,0.035242632,0.83648681640625,2
site4_78.png_X256_Y0,14.434829426129424,1617.6921413641276,0.047042541541654,0.0080615934254758,0.7596044674673548,26.42572,0.09977117,0.0015088618,0.579071044921875,2
site4_78.png_X0_Y256,14.8904956333275,2472.532752532197,0.0432455834018554,0.0070864340508002,0.6967497239914284,1.1430664,0.12317837,-0.120523274,1.0,2
site4_78.png_X256_Y256,14.625862511762438,1738.8471284634356,0.0498862240626712,0.007270983292905,0.7946752230915688,13.894852,0.0955693,-0.009114236,0.7615966796875,2
site4_79.png_X0_Y0,13.902936611952018,1152.7357296023488,0.046274212441158,0.0094725829999399,0.6522835938360598,50.411438,0.071335234,0.14299175,0.1912384033203125,1
site4_79.png_X256_Y0,13.286317975797363,835.5068488081793,0.0467321763360839,0.0114328406537411,0.4429849670301627,58.75641,0.07146138,0.18765265,0.007293701171875,0
site4_79.png_X0_Y256,14.671007373988084,1899.8809372748744,0.059377051225218,0.0072691504055349,0.7813477323401985,1.3397217,0.13001089,-0.122058146,0.7118988037109375,2
site4_79.png_X256_Y256,14.753143591150792,2280.4048150202043,0.0556957397825331,0.0092570896655968,0.7378015763853144,-0.53697205,0.14423113,-0.14407429,0.8782958984375,2
site4_80.png_X0_Y0,13.08216033886296,736.6424003238106,0.0487175829970571,0.0122605391310649,0.4162940990436771,61.058594,0.08445199,0.15451503,0.0,0
site4_80.png_X256_Y0,13.075076218274797,729.0989786079983,0.0482432412647716,0.0123113918504794,0.4099959515309585,66.65085,0.067200676,0.18860435,0.0,0
site4_80.png_X0_Y256,14.471195065136596,1841.5566803783329,0.0693533488534756,0.0118575374118307,0.7726581955406674,8.398239,0.12719563,-0.09820135,0.8654937744140625,2
site4_80.png_X256_Y256,13.96784114531061,1314.5084630462743,0.0535558488412849,0.0098338738705588,0.7268053244715915,47.191406,0.0634752,0.11831292,0.3744049072265625,1
site4_81.png_X0_Y0,12.918377492364815,681.7517909578128,0.0506466138309334,0.0129576048421001,0.3675910631239362,75.11998,0.031893473,0.26696754,0.0,0
site4_81.png_X256_Y0,13.064041412590438,754.4350145377103,0.0489313933841972,0.01249729339548,0.4035969730299662,72.65727,0.043144066,0.2399589,0.0,0
site4_81.png_X0_Y256,13.189307566327006,893.419200277562,0.0449071471771796,0.0118485436081865,0.3267737634489983,77.66893,0.011309695,0.33679765,0.0,0
site4_81.png_X256_Y256,13.147020986711562,849.2261186953666,0.045785468060511,0.0120692430334865,0.3515062448763597,76.65242,0.009057414,0.34319377,0.0,0
site4_94.png_X0_Y0,13.9033198266198,939.0705161927116,0.0586389557717424,0.0095956923034916,0.7372709142589782,142.21185,-0.005392862,0.4295355,0.0,0
site4_94.png_X256_Y0,14.073940284986922,1128.765954575924,0.0553253441778779,0.0090370716000132,0.7401415457079732,59.776,0.021622892,0.23118648,0.2290496826171875,1
site4_94.png_X0_Y256,13.490677074688945,745.0166767439576,0.0537935248065185,0.0107641473624241,0.6508550411376068,60.193726,0.07152734,0.17785676,0.0,0
site4_94.png_X256_Y256,13.860589868318977,972.5679644849606,0.0602200058916427,0.0099237264639713,0.7805800073724918,50.324814,0.020149205,0.20953658,0.2777099609375,1
site4_95.png_X0_Y0,14.4573530365947,1832.8316129165792,0.0416004972094956,0.0079173067228075,0.6465144198953056,35.192673,0.06595126,0.07737074,1.0,2
site4_95.png_X256_Y0,14.689498251760432,1874.547971318364,0.0426712303368686,0.0071648862077399,0.7375359757702022,17.9272,0.107976,-0.037588257,1.0,2
site4_95.png_X0_Y256,14.736798664278812,1998.256269253644,0.0426602265430468,0.0068419116328155,0.7080973398739515,21.528793,0.08213559,0.011628628,1.0,2
site4_95.png_X256_Y256,14.715794000607568,2203.8398487664485,0.047817777192039,0.0076406028379843,0.7195642167906512,20.91072,0.091967195,0.000880003,1.0,2
site4_96.png_X0_Y0,14.393233219473576,1779.991471820074,0.0503107747553304,0.0084004435495685,0.7020145966226625,32.440674,0.06619866,0.08613636,1.0,2
site4_96.png_X256_Y0,14.658676612378612,2080.995018863312,0.0451450473791202,0.0074556307796786,0.7122237091704311,16.524323,0.10310882,-0.020561086,0.9743499755859376,2
site4_96.png_X0_Y256,14.67482722579389,2132.643438611733,0.0468376823876932,0.0073993385140891,0.701506750252461,19.942917,0.08325773,0.015108064,1.0,2
site4_96.png_X256_Y256,14.563749118968062,1722.6792254334014,0.0493092983716946,0.0074983060999471,0.7476437418297077,6.960846,0.13106987,-0.099844806,1.0,2
site4_97.png_X0_Y0,11.643512725082031,455.556782322308,0.1862694294958873,0.0321229953242489,0.8458560335113476,0.6190338,0.15626702,-0.15437654,0.088348388671875,1
site4_97.png_X256_Y0,12.476578334450556,1004.095196063418,0.1749902422755487,0.0293721276702638,0.8243096130583548,-0.7108002,0.15782742,-0.15813945,0.3313751220703125,1
site4_97.png_X0_Y256,13.596249640066258,762.4655776474751,0.1210175137588108,0.0128775537381729,0.8833375138546976,-2.8750153,0.17101303,-0.16624653,0.1833953857421875,1
site4_97.png_X256_Y256,13.22427173846825,649.7366286554441,0.15270191257677,0.0173178014516525,0.9138873659050016,-3.2624512,0.16364054,-0.17570801,0.3423309326171875,1
site4_98.png_X0_Y0,13.821703930607269,1473.7458245327043,0.1099299397444007,0.0145573435822023,0.7802067079420025,-4.9136505,0.15850803,-0.1720435,0.604278564453125,2
site4_98.png_X256_Y0,13.579352020724098,950.9612664901924,0.0983144245285588,0.0131290770289409,0.8545347791786124,16.593475,0.115017,-0.01664849,0.3577423095703125,1
site4_98.png_X0_Y256,12.737025706928328,296.17072742456486,0.1690468212237076,0.0155304814459936,0.9419651042159992,-2.3548126,0.1835796,-0.1958349,0.087921142578125,1
site4_98.png_X256_Y256,12.120073013608332,342.21315392517283,0.1655323087479587,0.0243518999121405,0.9092947450668992,-0.5528259,0.1599873,-0.16361661,0.0,0
site4_99.png_X0_Y0,13.487088229698545,950.987067999812,0.0535230970662405,0.0113485748479441,0.6794387203947628,52.243256,0.04172422,0.23739082,0.0290985107421875,0
site4_99.png_X256_Y0,12.945432355475656,798.892526807653,0.0545014513849596,0.0132519457022479,0.3973824802048605,60.64473,0.03881033,0.28894493,0.0,0
site4_99.png_X0_Y256,11.872464626497283,190.220210000363,0.113144102032219,0.0200122088090081,0.7861415074706972,0.6747894,0.15055782,-0.14942068,0.0030975341796875,0
site4_99.png_X256_Y256,12.034562575213185,341.4843412840077,0.1098371687755684,0.0218632191366539,0.8188787718935318,6.070053,0.1420565,-0.11753416,0.0,0
site4_112.png_X0_Y0,13.376639115528745,874.4056132557726,0.0586001526066536,0.0115816481989074,0.5219951004397638,48.55812,0.10710287,0.09226976,0.0,0
site4_112.png_X256_Y0,14.294860844420244,1352.43223425203,0.0486295444597642,0.0084280359189761,0.7420332714646987,38.721497,0.060541097,0.102072194,0.4293060302734375,2
site4_112.png_X0_Y256,13.219134249183703,840.2541309532978,0.0603306079655503,0.0125304925597164,0.4991622627146228,45.247574,0.09979965,0.10812325,0.0,0
site4_112.png_X256_Y256,14.141535729789467,1285.045828617791,0.0540063887430481,0.0091081866355519,0.726176189382949,36.076202,0.057831533,0.097687975,0.4598846435546875,2
site4_113.png_X0_Y0,14.795920226415872,2129.189722357481,0.0467686664277407,0.0091855374495016,0.7283526101956999,12.777206,0.10793635,-0.06855631,1.0,2
site4_113.png_X256_Y0,14.82807793379109,2396.840199322585,0.0473070213258752,0.008470162392367,0.7135452635895669,5.273407,0.11859378,-0.10560649,1.0,2
site4_113.png_X0_Y256,14.601598727095748,1828.052306595104,0.0453117615288769,0.0074879088716888,0.7389443262269901,22.04042,0.06814723,0.026762232,1.0,2
site4_113.png_X256_Y256,14.82220366003711,2354.323711433372,0.0412482934254915,0.0067250509934814,0.6743403525746625,11.274704,0.10504282,-0.06642613,1.0,2
site4_114.png_X0_Y0,14.887515353676186,2235.836676308561,0.0448307599977418,0.0064963598961231,0.7425387930599914,3.0997772,0.118689835,-0.101963855,1.0,2
site4_114.png_X256_Y0,14.322881290537902,1824.1091197349604,0.0531136434753697,0.0086604535293703,0.6773678461394697,10.554413,0.10431893,-0.036984958,0.9891204833984376,2
site4_114.png_X0_Y256,14.642507740177974,2147.75870839982,0.0437439123215468,0.0073151632344574,0.6768524865853877,12.218201,0.103078276,-0.040760063,0.9889373779296876,2
site4_114.png_X256_Y256,13.72534474205324,1139.8947582062187,0.0753158186797471,0.0115504203813737,0.7977740367668695,25.222458,0.026757032,0.19035593,0.4930572509765625,2
site4_115.png_X0_Y0,12.891717766191563,497.0853175011033,0.1597723042456214,0.0183701159670269,0.9316481998723036,-2.044693,0.1368646,-0.14016499,0.134613037109375,1
site4_115.png_X256_Y0,13.450018185023534,803.3695283815157,0.1413811562877783,0.0142342252158388,0.8946786656286577,-4.0045624,0.14253101,-0.15124041,0.3688812255859375,1
site4_115.png_X0_Y256,12.07104573535678,328.0383696624996,0.1492838073626829,0.0258486902305027,0.9148341016929372,-0.95336914,0.13825417,-0.13892648,0.0,0
site4_115.png_X256_Y256,12.673473160300222,363.1026930747799,0.1406678769170389,0.0169523481166764,0.9111148104908876,-2.4672394,0.14760752,-0.15249018,0.0,0
site4_116.png_X0_Y0,13.732096153786266,995.0234374099535,0.1394453504401007,0.013285545881618,0.8866199278863318,-2.6367493,0.1445764,-0.14730394,0.54046630859375,2
site4_116.png_X256_Y0,14.101914198338424,1214.4658663735709,0.1063616561091378,0.0102801828081654,0.8511941108945736,-3.364853,0.1450915,-0.15169826,0.636077880859375,2
site4_116.png_X0_Y256,12.142473119972257,257.33159735738667,0.1531224305403842,0.0205897371066615,0.9202103150386596,-4.1603394,0.14743087,-0.15697092,0.0,0
site4_116.png_X256_Y256,11.911420710971758,255.99006665104665,0.1660469745926667,0.0235369822252012,0.9305022258633352,-3.639923,0.14323857,-0.15134066,0.0,0
site4_117.png_X0_Y0,14.375910421361716,1370.5754473940376,0.0738574969797431,0.0082663011525924,0.8412269052237942,-2.5698242,0.12734437,-0.1342685,0.9925994873046876,2
site4_117.png_X256_Y0,14.072497653999209,978.00907646706,0.0845461283647245,0.0092689807237254,0.8505760655433847,-1.7361908,0.16534477,-0.1713861,0.285675048828125,1
site4_117.png_X0_Y256,12.694135247045242,448.611952389118,0.1510732606164443,0.0182015590192552,0.8955281201993441,-2.5426636,0.14160037,-0.14728256,0.067047119140625,1
site4_117.png_X256_Y256,12.657446419243565,448.7462348916455,0.1797546867078952,0.0185855784275856,0.9310523478865456,-1.4326324,0.1473623,-0.14031895,0.0093994140625,0
site4_118.png_X0_Y0,13.372075291527448,676.2872675924169,0.1285602281330641,0.0129204532748634,0.8575696967171783,-0.8874359,0.18239729,-0.18528512,0.175628662109375,1
site4_118.png_X256_Y0,12.746651320944874,428.0319310481634,0.1728957467677503,0.0164143299045865,0.9232666803511386,-0.9091339,0.18464838,-0.18307987,0.233245849609375,1
site4_118.png_X0_Y256,13.346035459997337,779.6650892986506,0.1530269030128007,0.0149069395914843,0.8914201097979,-1.4309235,0.15307942,-0.15384772,0.3524017333984375,1
site4_118.png_X256_Y256,13.286913332859166,697.0367001574425,0.1640827373120161,0.0150258779814451,0.9004816842761537,-0.46821594,0.14774069,-0.14470953,0.4397430419921875,2
site4_119.png_X0_Y0,12.646371889208528,315.3659285791543,0.1250257029680492,0.0175571744522682,0.9128052126351558,-0.9039154,0.15683752,-0.16012031,0.115447998046875,1
site4_119.png_X256_Y0,12.142813903169497,198.44707118355976,0.1223596376908205,0.0190867808219523,0.9044055438025498,0.018218994,0.15579852,-0.15649295,0.0,0
site4_119.png_X0_Y256,13.810061672348372,854.361185376431,0.1220013064863665,0.0119863777069651,0.9009915110274912,-2.2037964,0.14120705,-0.14825423,0.8951263427734375,2
site4_119.png_X256_Y256,14.12154723264048,978.0964284470748,0.0851694922908838,0.009031933590713,0.8796021585273086,-2.4750977,0.15917844,-0.16857976,0.5764617919921875,2
site4_120.png_X0_Y0,11.387897436069036,131.66805953539563,0.1339116122678562,0.024443322185259,0.8499183338839905,2.050232,0.14633082,-0.14051369,0.0,0
site4_120.png_X256_Y0,11.99375594491035,258.4674949688705,0.1449251745235754,0.024696648269457,0.9410596842389736,13.234192,0.11855336,-0.052356508,0.0,0
site4_120.png_X0_Y256,13.80124018590766,793.4575791463067,0.0858452770729889,0.0106781218920582,0.8632674039072745,-1.2806702,0.14227301,-0.14834745,0.2288970947265625,1
site4_120.png_X256_Y256,13.450295008535424,607.7340556216711,0.0877379770562786,0.0117075110541909,0.8693263831000204,-0.21081543,0.15492548,-0.15712714,0.0850067138671875,1
site4_130.png_X0_Y0,13.583450560995116,932.4615977629314,0.0572832043550909,0.0106160958066738,0.5779195800033413,48.257904,0.08937213,0.107517704,0.0,0
site4_130.png_X256_Y0,13.279742712881298,649.9803195435917,0.0888856950313425,0.0117752218711611,0.7123277106779458,50.761627,0.02855321,0.22158942,0.0850677490234375,1
site4_130.png_X0_Y256,13.972104848924277,1492.925003033828,0.0401793326719731,0.0091239121216247,0.4396840804747508,42.86934,0.09040619,0.09607412,0.0,0
site4_130.png_X256_Y256,12.803000843689444,647.4407914473888,0.1211249036676921,0.020460603686253,0.8500968208781847,25.070282,0.061284315,0.11578314,0.0,0
site4_131.png_X0_Y0,13.641417777951132,1111.6623765350046,0.055111391353953,0.0104879429707086,0.5877116524557588,49.18492,-0.002431497,0.28609234,0.451812744140625,2
site4_131.png_X256_Y0,13.735943221992812,1088.1192544335445,0.0559928290480474,0.0103849156478167,0.6704732816945795,32.12979,0.032221142,0.16025624,0.6739654541015625,2
site4_131.png_X0_Y256,13.333653403447917,673.6153472072706,0.0752398666713519,0.0121311196747657,0.7976786620807963,30.883636,0.072005786,0.072834305,0.0001068115234375,0
site4_131.png_X256_Y256,13.726509328818285,845.6923803946669,0.1092192111878248,0.0119231285116674,0.906136878152554,17.95427,0.08198869,0.004028477,0.220855712890625,1
site4_132.png_X0_Y0,14.017926864300373,1489.4401304039131,0.058147422622725,0.0097764813297827,0.7068950684662101,25.4021,0.05835667,0.11628466,0.6035614013671875,2
site4_132.png_X256_Y0,13.198614572781157,732.6304742016953,0.1301173781900851,0.0158796751613422,0.8647488483078359,6.2279205,0.10893455,-0.033186123,0.4329071044921875,2
site4_132.png_X0_Y256,12.587367818573531,634.7414297536671,0.1059498041669101,0.0175357432017023,0.6907537953272159,17.605743,0.08385952,0.04600636,0.1568603515625,1
site4_132.png_X256_Y256,12.605639051629062,392.635767943869,0.1885525654166478,0.0195207664883855,0.9387239413925904,6.1828003,0.09877656,-0.027826142,0.1406707763671875,1
site4_137.png_X0_Y0,11.962485790023129,276.6451958231183,0.1528563600886352,0.0226658340049995,0.9217352478739068,-3.2231598,0.14112243,-0.1480376,0.0,0
site4_137.png_X256_Y0,12.32571493452794,344.7533586090731,0.1502425056654704,0.020560771182629,0.9095013134776126,-4.018753,0.14401701,-0.15338905,0.0,0
site4_137.png_X0_Y256,12.171705236976656,276.1877399617933,0.1524410837722741,0.0201058824711798,0.9150085499942298,-0.38955688,0.14078583,-0.14119959,0.0,0
site4_137.png_X256_Y256,12.027623928048673,259.3794355536323,0.1615635038174885,0.0214571822991464,0.921656898774109,-1.7458496,0.13856483,-0.1419595,0.0,0
site4_138.png_X0_Y0,12.953546372732482,612.2479350640594,0.1437585917027863,0.0171969644128152,0.8809305339174907,-3.0981445,0.14320058,-0.14960441,0.1436767578125,1
site4_138.png_X256_Y0,12.615869739810469,517.765379631663,0.1834258258467705,0.0524466278607084,0.91867701406148,-1.152359,0.13509956,-0.13428995,0.1054229736328125,1
site4_138.png_X0_Y256,11.992604374261337,261.63048549535984,0.1511532875975767,0.0218356786141529,0.9136062929653948,-2.4325104,0.14050776,-0.14553344,0.0,0
site4_138.png_X256_Y256,11.510009258291948,209.04488734802916,0.1630793933863016,0.0281107589013,0.9277434511852168,-1.2229614,0.13468802,-0.13793418,0.0,0
site4_140.png_X0_Y0,12.800133653333848,673.0508579032468,0.1726329029303412,0.0642267545902515,0.8953315855155021,1.3125,0.14505056,-0.14323026,0.0,0
site4_140.png_X256_Y0,13.513887955474727,828.8733422392119,0.0988113060336264,0.0123059365369211,0.8088423284728536,34.688065,0.07295458,0.082497746,0.0,0
site4_140.png_X0_Y256,12.626910904126422,395.0538029394153,0.1079828119335732,0.016646902901873,0.7858295688423469,1.6144867,0.15595609,-0.15268812,0.0,0
site4_140.png_X256_Y256,13.156790693067157,584.5205411380573,0.0674871146595232,0.0124018309906003,0.6578813810030131,45.552795,0.048972614,0.17749214,0.0588836669921875,1
site4_141.png_X0_Y0,13.852232431795455,1096.1541155896552,0.0507255473838609,0.0097673005818987,0.6783886901942743,16.214859,0.1752757,-0.11659868,0.0735931396484375,1
site4_141.png_X256_Y0,13.14868552239716,1037.7068332043011,0.0581801599288798,0.0137596105351733,0.406614818750649,10.237793,0.20073175,-0.1675123,0.0,0
site4_141.png_X0_Y256,14.056558267476667,1531.5938222830407,0.0551616058136172,0.0094657370932658,0.5151057932712635,-0.112091064,0.16937828,-0.1705429,0.105133056640625,1
site4_141.png_X256_Y256,14.150577700958966,1872.6859614993505,0.0377341494048815,0.0086800127272267,0.375535833844333,5.9657593,0.167991,-0.15053144,0.0,0
site4_148.png_X0_Y0,14.093656054313849,1583.0292930904811,0.0365826956623398,0.0085643369767219,0.4304616403314356,63.09369,0.026554253,0.24100904,0.0,0
site4_148.png_X256_Y0,12.017529257907064,1010.681892256073,0.1849312304445722,0.0349808781158426,0.6634461245762008,-13.321487,0.22108445,-0.22787127,0.0,0
site4_148.png_X0_Y256,14.043171520502597,1258.5187252650455,0.0481347255009947,0.0089367349422651,0.6384134403514595,60.06476,0.046173237,0.17950697,0.034576416015625,0
site4_148.png_X256_Y256,13.657112971758371,903.4111452776996,0.111490555685985,0.0134684685399878,0.8371471794563119,9.83873,0.14356023,-0.115636885,0.21173095703125,1
site4_149.png_X0_Y0,13.248242673505873,613.2992149053564,0.0730159536954681,0.0129076601623829,0.733614689191711,7.3495026,0.12870422,-0.10072188,0.0,0
site4_149.png_X256_Y0,13.725769366395571,684.5881032085471,0.0749998799393311,0.0102365385682968,0.8310096406005096,-0.6600952,0.1388546,-0.1436483,0.1506805419921875,1
site4_149.png_X0_Y256,13.325904916267056,617.0684566032335,0.0571591393917907,0.0111435792522511,0.6769495135271539,1.4751129,0.11908626,-0.11566163,0.0,0
site4_149.png_X256_Y256,12.69429129729728,457.2396612781241,0.0703365061325117,0.0151258093696796,0.5924147018923186,-1.5065918,0.12522143,-0.12952031,0.0,0
site4_158.png_X0_Y0,12.625172579285154,361.84702136801377,0.1131043706887521,0.0160718867253578,0.7938340185908503,9.619751,0.1444671,-0.10305974,0.0,0
site4_158.png_X256_Y0,13.42634152821595,749.1742410071081,0.0771340029837759,0.011557649151424,0.7166199211848829,33.7986,0.08466298,0.095084324,0.055908203125,1
site4_158.png_X0_Y256,13.004647668948014,488.9975689038351,0.0906051082557064,0.0134784415365111,0.7833185814342659,19.215805,0.11787672,-0.02129063,0.0,0
site4_158.png_X256_Y256,13.937451075037696,1245.2882412866138,0.0609760529877737,0.0093797378303976,0.7577711018166595,24.365173,0.107444145,0.011149423,0.24713134765625,1
site4_159.png_X0_Y0,14.476438056005485,1761.653516120762,0.0477965045575268,0.0076139655194527,0.6274784155997197,4.1815643,0.17593472,-0.16432036,0.157745361328125,1
site4_159.png_X256_Y0,13.806621505761182,1345.4805365274938,0.0426003575826479,0.0098971349437563,0.4382884644196988,0.8910675,0.15441597,-0.15142563,0.0,0
site4_159.png_X0_Y256,13.997553264520027,1568.5231622003234,0.0655227489934076,0.0102017790707784,0.5870059745104871,0.4662323,0.14502604,-0.14503706,0.3437652587890625,1
site4_159.png_X256_Y256,13.55056123880485,1351.7818477719693,0.0436901724599243,0.0110664941033786,0.3164660826510865,0.6665497,0.14627737,-0.14488006,0.0,0
site4_166.png_X0_Y0,13.315418995089022,497.532096819771,0.0795133231908429,0.0123182842763506,0.8581709801482217,27.379242,0.09301707,0.008481532,0.1015777587890625,1
site4_166.png_X256_Y0,12.46521979119077,328.01105312560526,0.0814754403275624,0.0159405388189929,0.6722588124685047,1.8391876,0.11756847,-0.11334138,0.0,0
site4_166.png_X0_Y256,12.30617450377184,237.20189215086108,0.1026700023549258,0.0169255662915662,0.7930695627202123,18.537231,0.1156032,-0.050418727,0.0,0
site4_166.png_X256_Y256,12.157151372966077,218.43171732326851,0.1004479548394636,0.0173942401922143,0.7823662064035767,0.18670654,0.12601344,-0.12572311,0.0,0
site4_174.png_X0_Y0,11.586763451470272,1377.0778665509752,0.2482844940514698,0.0403008761132019,0.786108343809206,-5.308838,0.07548139,-0.123173654,0.0,0
site4_174.png_X256_Y0,12.438446940571064,957.5044615204042,0.1684503866865337,0.0242969604270091,0.814779053242247,11.141357,0.0425106,0.10401403,0.0161895751953125,0
site4_174.png_X0_Y256,12.087234608028382,256.7585740760742,0.1882522523090312,0.0201654500440482,0.9325625905977782,-3.7369995,0.12651587,-0.13294518,0.0,0
site4_174.png_X256_Y256,13.135753861426934,948.3960101735244,0.1518675764305742,0.0181667180445154,0.8854171941395881,2.6676178,0.13946187,-0.109882236,0.1562042236328125,1
site4_175.png_X0_Y0,13.82108420950168,1235.6694062081224,0.0613702518879254,0.0102204535539999,0.65122901430852,11.056885,0.12588453,-0.037082125,0.0661773681640625,1
site4_175.png_X256_Y0,13.00101110138431,800.5287876208625,0.0934837039126387,0.015867678535085,0.6927061510865291,5.2895813,0.16531575,-0.13976252,0.0518341064453125,1
site4_175.png_X0_Y256,13.52093597336619,1002.0789267049834,0.1179058947085873,0.0185193529809942,0.8526828982910846,2.7522125,0.12920274,-0.11517052,0.0283966064453125,0
site4_175.png_X256_Y256,11.509650142562856,560.9190756561064,0.1510145950779444,0.031645891307477,0.7424524608916596,-0.21711731,0.14922369,-0.15362751,0.0882568359375,1
site4_176.png_X0_Y0,13.197739521349114,615.740663987434,0.0774759015586945,0.0127434102044022,0.697273056935241,32.580276,0.08798276,0.07557413,0.0,0
site4_176.png_X256_Y0,13.73640964448568,1060.4334695341186,0.0864281733054878,0.0128530280474491,0.8369978306586612,15.654907,0.12968975,-0.047412045,0.2204742431640625,1
site4_176.png_X0_Y256,13.291821107058254,780.8088225682734,0.0718222719187838,0.0130810219252168,0.6434599900917418,45.448486,0.053350728,0.17041123,0.0,0
site4_176.png_X256_Y256,14.372567721399772,1652.5366144633292,0.0632975368965776,0.0087724185591739,0.6632760018574231,2.7382965,0.17221121,-0.16442204,0.23394775390625,1
site4_177.png_X0_Y0,13.73025175543064,1079.9095782422387,0.1275630006439878,0.0150047064335588,0.835311773660858,-4.222931,0.17596537,-0.19148503,0.0669403076171875,1
site4_177.png_X256_Y0,13.48531186877585,1259.6886758999535,0.0415848695426168,0.0110928133158036,0.2999822600611238,1.2789307,0.145708,-0.14307007,0.0,0
site4_177.png_X0_Y256,14.073796840529091,1688.1900757822166,0.0603796568491534,0.0105548417827328,0.5795543017166505,1.4242249,0.15579912,-0.15645447,0.0,0
site4_177.png_X256_Y256,13.672294004667828,1378.001885377676,0.0383006383673296,0.0102632525296883,0.31049648021254,3.5600128,0.14206001,-0.13473757,0.0,0
site4_184.png_X0_Y0,12.06032419276448,151.6610042862135,0.1370514265794728,0.0190652784134481,0.9095431106540728,9.332245,0.12080268,-0.083698794,0.0,0
site4_184.png_X256_Y0,11.337656777774315,120.89415465205812,0.1339409990995358,0.0247847932331536,0.8036987326946119,-2.261963,0.13142602,-0.13729562,0.0,0
site4_184.png_X0_Y256,12.571323930857004,219.29482210869492,0.1414099099940454,0.0158476150029671,0.9280793285225856,4.3286133,0.13259487,-0.11810294,0.1562652587890625,1
site4_184.png_X256_Y256,11.289077959669555,93.5835834324548,0.1498931749351242,0.0249355437461003,0.8729368754003412,-3.055359,0.13306656,-0.1412957,0.009307861328125,0
site4_193.png_X0_Y0,13.672526108479987,1006.3451091528398,0.093032763945564,0.0163118289654914,0.8128625476055773,-0.7578125,0.13245931,-0.13808456,0.26751708984375,1
site4_193.png_X256_Y0,11.287940034743515,549.8923198560963,0.1729452124287954,0.0404562749983073,0.8716970879033477,-0.250412,0.14164759,-0.14924213,0.0796966552734375,1
site4_193.png_X0_Y256,13.581080869506447,762.2808779676457,0.0923222998779707,0.0123718675336848,0.8207367494839507,-0.65364075,0.13853887,-0.14450243,0.3958892822265625,1
site4_193.png_X256_Y256,9.964440647224713,144.20799590303437,0.2137883873699257,0.0512451577056049,0.8889905959139762,-0.06742859,0.1461133,-0.15040301,0.0092620849609375,0
site4_194.png_X0_Y0,13.205119329429174,689.5226794232201,0.0664462836045179,0.0121803467898036,0.6131961063189564,50.9908,0.017714713,0.2513752,0.012939453125,0
site4_194.png_X256_Y0,14.219070444617966,1712.143074163372,0.0370788655867008,0.0085238902337614,0.5188167497026617,20.819733,0.13885829,-0.07317242,0.0706634521484375,1
site4_194.png_X0_Y256,13.181007203683311,648.1767413525571,0.0748373212126005,0.0130495454277273,0.6979536015395761,47.841507,0.042473577,0.17117739,0.0785980224609375,1
site4_194.png_X256_Y256,13.408615452697486,972.5862624201789,0.0494292805771872,0.0116774209318991,0.4694487701950859,26.114746,0.13094203,-0.054535016,0.0001068115234375,0
site4_211.png_X0_Y0,13.01913922775227,407.1451315600174,0.1367386524404438,0.0145933569145397,0.8943061329951513,3.7392426,0.14185944,-0.120175414,0.1996612548828125,1
site4_211.png_X256_Y0,9.410112530380111,53.41289871984454,0.3126095971946135,0.0621656640860013,0.7973917579123602,6.843338,0.10474198,-0.045030616,0.0,0
site4_211.png_X0_Y256,11.174616932086,124.2820698769782,0.2457844621149405,0.0392833195806384,0.9477080145513244,0.5432434,0.13944848,-0.13589202,0.0,0
site4_211.png_X256_Y256,9.929995512875594,76.36881606533682,0.2968903936408015,0.0566583185967948,0.7738149902978639,16.131989,0.079841085,0.05989135,0.0,0
site5_27.png_X0_Y0,10.88703529190782,808.2938704163871,0.3927611964771299,0.1004433012882036,0.938988427770644,26.142761,0.08267641,-0.032597058,0.0,0
site5_27.png_X256_Y0,9.51749391897452,309.7876091677448,0.4655490382798566,0.0743022817160175,0.9670939721250258,32.5997,0.09607586,-0.0324737,0.0,0
site5_27.png_X0_Y256,11.764790588181068,425.79034930982425,0.2663213591978107,0.0374401409853668,0.9265055416810318,17.25711,0.07565615,0.0021592965,0.1315765380859375,1
site5_27.png_X256_Y256,7.897774754464162,5.268913834222431,0.4515447061953375,0.0771522290037923,0.9459954569532858,9.482559,0.084551334,-0.047677588,0.0,0
site5_28.png_X0_Y0,9.966158525062044,207.56594730694644,0.4621780340330544,0.065018572859221,0.974973793515007,20.572952,0.09595837,-0.048376128,0.0,0
site5_28.png_X256_Y0,10.080590753292988,256.6479333670097,0.3481375599114109,0.0515092077284367,0.8853161301607884,11.323685,0.0857588,-0.05001373,0.06182861328125,1
site5_28.png_X0_Y256,9.012291285810385,67.6863716479279,0.4557912458838552,0.0748622581988815,0.9900388532224348,11.668045,0.09321838,-0.060299356,0.0,0
site5_28.png_X256_Y256,10.046789122128498,131.23431453648405,0.335781746964913,0.0416282392716782,0.9264582780786308,12.995956,0.092941,-0.056379665,0.0,0
site5_29.png_X0_Y0,9.218051917373042,13.759810965133624,0.3188473840511524,0.0506957781193855,0.9409762588567776,11.288116,0.094834685,-0.0644481,0.0,0
site5_29.png_X256_Y0,12.28525792475156,282.7676330317787,0.1318260160226895,0.0180841449433961,0.8326799199343711,16.147858,0.10839413,-0.06127976,0.0463409423828125,0
site5_29.png_X0_Y256,8.868356068427573,24.927377871492,0.3113102287722615,0.0583895325050303,0.8668731469530353,12.125488,0.09802754,-0.06743395,0.0,0
site5_29.png_X256_Y256,11.766998110098736,246.67040044695165,0.1786233838718759,0.0258649107490056,0.7478388214071132,14.808441,0.11075237,-0.065946504,0.0,0
site5_31.png_X0_Y0,12.411721741743849,389.95026660420143,0.077859698305625,0.016407969202631,0.5545477424614039,13.817734,0.13466722,-0.088051155,0.0,0
site5_31.png_X256_Y0,12.304427680948534,303.5469335261755,0.0928543054387952,0.0171164851453882,0.6862662103368247,17.047012,0.13908932,-0.0744458,0.0,0
site5_31.png_X0_Y256,11.14743522191995,223.69277481918976,0.1898463696348639,0.0307937435381207,0.6419916641957739,16.72203,0.11432329,-0.057181872,0.0,0
site5_31.png_X256_Y256,10.21435970609228,95.38827548298946,0.2284826710966915,0.0411534779778781,0.7286056072548908,11.64592,0.107240394,-0.06976369,0.0,0
site5_32.png_X0_Y0,11.66972164538002,234.88769152790476,0.1279414317471683,0.0230243052487047,0.6311005116063901,17.412903,0.13526724,-0.06756245,0.0,0
site5_32.png_X256_Y0,11.091561520817091,128.22116546220562,0.1852664962745349,0.0271082003251268,0.7973780667556714,18.253143,0.11760816,-0.043500654,0.0,0
site5_32.png_X0_Y256,9.868474613553833,58.8738123858623,0.2677777767389964,0.0459635850713321,0.894728772073054,9.495728,0.10391766,-0.07415032,0.0,0
site5_32.png_X256_Y256,10.98392629590419,133.44766429979146,0.2437332100388988,0.0374314772277732,0.8886676459805737,10.893784,0.107330754,-0.07216727,0.0,0
site5_45.png_X0_Y0,12.69069377689594,451.4702239223461,0.1359640459612324,0.0173520000782564,0.8501576947478956,38.124207,0.035232455,0.17956208,0.1324005126953125,1
site5_45.png_X256_Y0,9.221496729593166,25.657857329512943,0.2972529495198573,0.053171575102317,0.8507665141322699,14.085739,0.087632895,-0.035858903,0.000518798828125,0
site5_45.png_X0_Y256,12.517014745702854,361.0268175251412,0.10304940860387,0.0162114114629569,0.7609596842173737,43.49907,0.0048464085,0.26325825,0.02099609375,0
site5_45.png_X256_Y256,11.357313715416412,227.8383740628862,0.1999269697541802,0.0279013596164528,0.8144318879082048,20.219727,0.07922709,0.017070336,0.02850341796875,0
site5_46.png_X0_Y0,9.185077395046877,30.9757455966459,0.2860921973831598,0.0517095247103324,0.8012506926199214,12.348053,0.10012392,-0.065255396,0.0,0
site5_46.png_X256_Y0,9.35812529611536,54.06214355656535,0.2663931109897949,0.048295866006694,0.7573660646301137,14.300858,0.09875468,-0.063827425,0.0,0
site5_46.png_X0_Y256,10.124761866533673,78.80690865592862,0.2366972946555848,0.0385649208140711,0.8032605133240368,12.235001,0.104966104,-0.06948648,0.026153564453125,0
site5_46.png_X256_Y256,12.106512280678691,394.6002900327125,0.1877365289707259,0.0226790538142719,0.8726393108520403,12.772812,0.10351422,-0.06520122,0.1107177734375,1
site5_47.png_X0_Y0,9.5327780114476,24.80038643490513,0.2516475889812008,0.0466498904238691,0.8752207029201462,14.103638,0.10209736,-0.06909437,0.0,0
site5_47.png_X256_Y0,9.40435632019483,21.367110891844565,0.2659930490449823,0.0510924587455205,0.9304940052779668,12.546143,0.10201335,-0.06894228,0.0,0
site5_47.png_X0_Y256,13.312177922296948,855.5979778361183,0.1274577107670569,0.0146418280154628,0.758464544265148,12.805038,0.09803953,-0.06117376,0.2657318115234375,1
site5_47.png_X256_Y256,12.66726754922602,423.1972215314004,0.1177294008427551,0.0164119770582479,0.8231881255833615,14.109879,0.0918811,-0.055078186,0.255889892578125,1
site5_48.png_X0_Y0,10.565338152661797,96.93902932466204,0.2439014964649518,0.0380873208564215,0.9078657038595392,10.457169,0.10999368,-0.07724191,0.0394744873046875,0
site5_48.png_X256_Y0,11.21878603594118,235.06099577085752,0.2380136435553647,0.0328653099773756,0.875421158509553,10.171356,0.1225736,-0.08293983,0.0977935791015625,1
site5_48.png_X0_Y256,13.028704263272072,557.2149813923838,0.0877826091579963,0.0137627821049416,0.6707455489052665,14.355835,0.089029536,-0.055962443,0.74432373046875,2
site5_48.png_X256_Y256,9.012266895672084,62.98128780096616,0.2325369057752281,0.0626853502584201,0.5322399523297857,14.785858,0.14358327,-0.10412258,0.0,0
site5_49.png_X0_Y0,13.432979207615004,836.5190496594549,0.136388541464867,0.0144058659169954,0.8048007415644196,9.894623,0.13080385,-0.09831487,0.082244873046875,1
site5_49.png_X256_Y0,13.918935882197957,986.1211800149376,0.0887750119235916,0.0099810851106363,0.7742671995762556,11.613678,0.1487265,-0.118037045,0.14093017578125,1
site5_49.png_X0_Y256,12.700961449741373,728.6570582378532,0.1027888871394615,0.0216103296883832,0.5150490484651465,13.462967,0.1301575,-0.09388598,0.0,0
site5_49.png_X256_Y256,12.867838914952667,730.8204661368394,0.0694149644949461,0.0141116757908895,0.3159207996021497,13.875656,0.11567813,-0.08599416,0.0,0
site5_61.png_X0_Y0,13.167821764061811,678.0176648104408,0.0670064362837978,0.012527140710904,0.5787103589480371,52.197754,0.02244579,0.21528205,0.0,0
site5_61.png_X256_Y0,13.532862983238008,842.6699820682243,0.060513397982697,0.010662060073381,0.6129486490401732,52.533005,-0.00081003224,0.2736144,0.0,0
site5_61.png_X0_Y256,13.676997698636336,1036.3639701227148,0.0562051393188094,0.0101804341011181,0.5538880991964177,53.74382,0.010202277,0.2726795,0.0,0
site5_61.png_X256_Y256,13.396522834222935,804.1248868824855,0.0642208107492447,0.0112935501742198,0.5872491552832511,48.844055,0.01533015,0.25321203,0.0,0
site5_62.png_X0_Y0,13.364328230856856,839.5581106425902,0.069405974557665,0.0117280830514112,0.599405649670617,43.29161,0.002671169,0.27243608,0.0,0
site5_62.png_X256_Y0,12.813545231081257,578.507569144114,0.0824582101995496,0.0143399021884339,0.5781531258949861,38.605606,0.006968106,0.27412438,0.0,0
site5_62.png_X0_Y256,14.157566255843054,1399.9253847080722,0.064983189892343,0.0091735997277014,0.7747548492520979,30.077652,0.05993027,0.09329378,0.4459228515625,2
site5_62.png_X256_Y256,14.305994685937572,1455.8211371228672,0.0869103670126073,0.0104912249102184,0.8475797521214002,21.581894,0.07701978,0.016578525,0.6809234619140625,2
site5_63.png_X0_Y0,13.247910436164563,793.768833967149,0.0703340423494126,0.0121715427277866,0.5825883614859642,41.42801,0.023780838,0.23343363,0.0,0
site5_63.png_X256_Y0,13.444669679567031,924.4079109598732,0.0709450845795319,0.0119979407584683,0.6968209163101193,35.14261,0.026001532,0.18808967,0.173095703125,1
site5_63.png_X0_Y256,14.392392848113204,1302.4839430898733,0.0625333977782218,0.0081421633454282,0.8107115411019996,28.86522,0.06257328,0.045512177,0.700836181640625,2
site5_63.png_X256_Y256,14.569428205851311,1696.673172472815,0.0575837549445487,0.007724681397708,0.7581259134098886,16.769821,0.08496529,-0.032173485,0.9328155517578124,2
site5_64.png_X0_Y0,14.735762759937677,2167.850924629368,0.0555988852121102,0.0072434377701709,0.7058413015214605,13.510788,0.10126399,-0.07009718,0.93316650390625,2
site5_64.png_X256_Y0,14.584841737712916,2030.218118557188,0.0647518752588119,0.0088523109831654,0.7214087974729145,13.05304,0.09158686,-0.06043927,1.0,2
site5_64.png_X0_Y256,14.544335833767088,1825.6321160430628,0.0621391358009561,0.0090022076310269,0.7338135367160754,10.910034,0.09824346,-0.075606056,1.0,2
site5_64.png_X256_Y256,13.78347982557138,1031.2676787474427,0.1004554546965578,0.0124794605806887,0.8203846981112365,10.195206,0.099366374,-0.07327528,0.60272216796875,2
site5_65.png_X0_Y0,14.035923337357456,1041.5198092681708,0.088837365754425,0.0097409776924898,0.814053655618287,12.685623,0.09993855,-0.066067874,0.437103271484375,2
site5_65.png_X256_Y0,13.03972912031913,543.5764745681286,0.123819034976494,0.0143590148793069,0.8244138654844047,8.9535675,0.113792524,-0.082785815,0.0098724365234375,0
site5_65.png_X0_Y256,10.975240264576058,168.60836099698608,0.2041813953967909,0.0331053938436267,0.8399193343989146,11.068832,0.079436325,-0.037214465,0.0,0
site5_65.png_X256_Y256,12.241027457480296,299.16524503799,0.1551549165131186,0.0214879994945828,0.8370057289632123,12.781113,0.08725173,-0.04520388,0.0,0
site5_66.png_X0_Y0,14.609256796493286,1800.3305239872338,0.0662768088386513,0.0083536030107162,0.7556530131638421,7.99559,0.09389385,-0.078893796,0.90960693359375,2
site5_66.png_X256_Y0,10.00213140117532,217.0267885699156,0.2404259263152663,0.0568542914400795,0.8346447839560904,12.249268,0.14331236,-0.11282294,0.1236572265625,1
site5_66.png_X0_Y256,13.848663351818136,1038.0044977292823,0.1091440525971297,0.0133446495169149,0.8343900226544566,12.965225,0.110768706,-0.079065144,0.57305908203125,2
site5_66.png_X256_Y256,12.040171742535309,560.3525552372078,0.1725466960345723,0.0331279917106169,0.8147531400618022,13.602142,0.12694308,-0.089508824,0.2811126708984375,1
site5_67.png_X0_Y0,11.031290977922104,330.1914577326165,0.1793987442570714,0.0436991283357906,0.638001012171474,14.62558,0.13610691,-0.09408288,0.0,0
site5_67.png_X256_Y0,12.425397291584888,351.712963193247,0.0957777404666034,0.016726781655637,0.6947746015699979,15.200027,0.114361,-0.082456306,0.0,0
site5_67.png_X0_Y256,11.246392674166716,334.91101199058653,0.1851262645015001,0.0409286755041174,0.8237956041946894,15.30191,0.13381171,-0.0761219,0.0,0
site5_67.png_X256_Y256,13.1703587631553,732.7059422758173,0.0577819853966604,0.0129833540436156,0.5728504528155822,14.447922,0.1134463,-0.080821596,0.0,0
site5_76.png_X0_Y0,13.339704841299133,832.4736530871949,0.0742872614937829,0.0120525992565758,0.6010198164606342,49.691406,0.006945379,0.27034125,0.0,0
site5_76.png_X256_Y0,13.549362326180695,989.4637583802648,0.0662075727806111,0.010991189981751,0.5786012023381644,50.674423,-0.004205152,0.29827952,0.0,0
site5_76.png_X0_Y256,13.367294976818416,751.3226549885273,0.092754361479159,0.0130310389443874,0.7421245984946119,32.708557,0.061968632,0.12995797,0.0207061767578125,0
site5_76.png_X256_Y256,13.291888874045426,748.6158868885395,0.1116802342370019,0.0171155211166435,0.8307076267912499,40.72615,0.064661995,0.111021996,0.1056671142578125,1
site5_77.png_X0_Y0,13.71907765995351,1035.754511320823,0.0590021567160213,0.0100784226703259,0.5880334548865243,50.806824,0.00893374,0.2577808,0.0,0
site5_77.png_X256_Y0,13.542031364370224,858.9292788381028,0.0600697410295105,0.0107896367089877,0.5952417453722956,54.953323,0.024023388,0.23487517,0.0,0
site5_77.png_X0_Y256,12.843994303912012,360.008116409584,0.1406090048617384,0.0154159403619541,0.9073854039047582,34.077026,0.060600497,0.06921978,0.0,0
site5_77.png_X256_Y256,12.756432501227245,299.62009447990243,0.1229472881461121,0.0159787672629956,0.8824839640310038,23.400116,0.11737296,-0.059648655,0.0,0
site5_78.png_X0_Y0,13.318651685662331,603.8808395659371,0.0773133108359267,0.0117359603798839,0.7143478876300998,47.6239,0.046243563,0.17394276,0.00445556640625,0
site5_78.png_X256_Y0,13.49829543786504,674.3834338956763,0.0799638920961013,0.0112473224144533,0.7777529149603818,22.77797,0.13067316,-0.03613074,0.4077301025390625,2
site5_78.png_X0_Y256,12.906721886048924,376.0064464539111,0.1445027052581323,0.0157236683676317,0.9108301918464392,22.127777,0.10580174,-0.050831385,0.0814666748046875,1
site5_78.png_X256_Y256,13.8769120528018,1064.226721153051,0.108113377212109,0.0192565869543554,0.8820377523419218,7.821472,0.14452809,-0.12888359,0.948577880859375,2
site5_79.png_X0_Y0,14.38763385267852,1382.2606287845963,0.0697948976737194,0.0084491249106612,0.8001274300384399,21.984146,0.08747018,-0.025602244,0.6925201416015625,2
site5_79.png_X256_Y0,14.17113358803439,1538.6222275987184,0.0834656279791972,0.0120073655047661,0.744898571479945,18.259491,0.09009143,-0.05150438,0.989532470703125,2
site5_79.png_X0_Y256,13.907598660235344,1172.6353971729802,0.1031795264248075,0.0133462761725024,0.8020677163963332,14.543869,0.10309814,-0.07034531,0.8095855712890625,2
site5_79.png_X256_Y256,14.55572836389286,1809.774558703384,0.0618936858722157,0.0077325938834006,0.733180450887358,11.630585,0.104263484,-0.07695612,1.0,2
site5_80.png_X0_Y0,14.250409385407991,1493.3321515462596,0.0934100745903687,0.0121197469360523,0.8063681745184526,9.908371,0.106474645,-0.086289465,1.0,2
site5_80.png_X256_Y0,14.640276662411754,2027.95441834274,0.0612897476429008,0.0073461426792626,0.7012931427394362,7.895935,0.10866767,-0.0935101,0.999755859375,2
site5_80.png_X0_Y256,14.332652064765744,1762.6851211675191,0.0868774007043451,0.0101386904687474,0.7888742284584405,9.732376,0.10554902,-0.078776315,0.8801422119140625,2
site5_80.png_X256_Y256,13.258711214844505,1135.5530323826156,0.1231092057801517,0.0148604942013237,0.7927064140297935,8.352097,0.11562018,-0.086638406,0.3372802734375,1
site5_81.png_X0_Y0,14.741166986086403,2161.582002805419,0.0587397297663926,0.0072467520184717,0.7349738502331029,7.5048065,0.099834695,-0.08429532,0.9387969970703124,2
site5_81.png_X256_Y0,13.498117853036836,1025.6260297873205,0.0994419175914581,0.01295145161524,0.7450582519639333,10.36496,0.10905354,-0.08204603,0.3900604248046875,1
site5_81.png_X0_Y256,11.769247834002854,227.55736689315984,0.1514994585932456,0.0247972866921811,0.8497589422780207,6.592682,0.120677255,-0.08981089,0.0050201416015625,0
site5_81.png_X256_Y256,10.972674975634638,189.57875193736967,0.1815237279296133,0.0301805642333428,0.7116606832092783,2.9736176,0.14652014,-0.12961519,0.0,0
site5_82.png_X0_Y0,12.54692261923644,474.6746981480187,0.130442624390817,0.0175985028742687,0.8473696944489253,9.853317,0.10466732,-0.06845459,0.1377410888671875,1
site5_82.png_X256_Y0,10.889593689073145,158.79644124256166,0.187319937593393,0.0312129885929667,0.7751839875538142,8.063583,0.09828888,-0.058358155,0.0,0
site5_82.png_X0_Y256,10.908854935248945,400.30722208710654,0.2256911230819706,0.0386209563877324,0.7284424077913091,-4.427185,0.21284924,-0.22782499,0.0,0
site5_82.png_X256_Y256,11.118960076976396,304.43037916610047,0.2410289642414079,0.0361652043398716,0.8025948705935514,-7.532898,0.24576434,-0.27476645,0.0,0
site5_83.png_X0_Y0,10.353554302317304,143.77930813870438,0.2349951954454308,0.0396996285787494,0.6857845971870847,6.875595,0.09833108,-0.05974538,0.0,0
site5_83.png_X256_Y0,11.901535107642154,234.76902780783465,0.1896627340740761,0.0310847377638154,0.8932850128095967,1.3458557,0.16568711,-0.15826154,0.0871124267578125,1
site5_83.png_X0_Y256,10.343240061572724,200.36602086639124,0.2741083380835315,0.0462689247074299,0.8361874211468018,-11.573044,0.2630483,-0.30960906,0.0,0
site5_83.png_X256_Y256,9.081705474378325,75.10723635440878,0.2998485015234759,0.0641212852636361,0.5686268175359729,-15.376923,0.28962317,-0.34415913,0.0,0
site5_84.png_X0_Y0,13.409968230533114,553.6960701713649,0.1093436240093292,0.0122461712814263,0.8608107299905248,16.323334,0.12160266,-0.06758879,0.2604217529296875,1
site5_84.png_X256_Y0,13.60445622999569,686.4574281977976,0.0999398295752779,0.0118825046632844,0.9094083562401608,24.434296,0.06966971,0.09423452,0.32171630859375,1
site5_84.png_X0_Y256,12.61894882636761,473.1960788969844,0.1244657625294559,0.0200723760897297,0.7460616170162744,17.114975,0.15231591,-0.069608435,0.112823486328125,1
site5_84.png_X256_Y256,12.411120358463462,422.1803421160376,0.0883778160761324,0.017648105085595,0.5878652816539515,32.51216,0.07834561,0.13567461,0.0,0
site5_85.png_X0_Y0,13.859209190618778,1178.2815396122369,0.0944520784542205,0.0165692085044127,0.765594616333054,14.789902,0.11766036,-0.07622026,0.1759490966796875,1
site5_85.png_X256_Y0,13.114988307026808,832.9623066398906,0.0506499414266359,0.0126795971603241,0.3398075245907146,15.407562,0.11250116,-0.079113215,0.0,0
site5_85.png_X0_Y256,14.20307164028485,1523.1015558169036,0.0366800393260139,0.0080751694419561,0.5200473491276916,17.588394,0.11179942,-0.06080586,0.0,0
site5_85.png_X256_Y256,13.648000194127984,1206.9975711866011,0.0387486680256066,0.0101316886526694,0.3445683234070637,15.547501,0.112305805,-0.077822775,0.0,0
site5_91.png_X0_Y0,2.988626895764521,101.14363162606598,0.8472740215609483,0.7977824387842761,0.9753959510771608,3.0967102,0.009890091,0.00089714443,0.0,0
site5_91.png_X256_Y0,11.571373234026368,195.55290337551676,0.2591512428109699,0.0295111350306962,0.9634242022549796,18.406769,0.088830434,-0.04073862,0.0,0
site5_91.png_X0_Y256,6.097798177873523,147.46551424033123,0.6528650678190171,0.5688787964605652,0.9375329083973458,4.169754,0.020696506,0.008847102,0.0,0
site5_91.png_X256_Y256,12.049780667022116,227.30220905121865,0.1921773250136911,0.0201443328859535,0.8994767878281643,11.80249,0.067095116,-0.012946354,0.0,0
site5_92.png_X0_Y0,11.89657353432343,304.68821620593667,0.1963533576947106,0.0233153251459743,0.915949380615464,17.298248,0.08761778,-0.03664495,0.0,0
site5_92.png_X256_Y0,11.3922271771189,146.18515869798358,0.1938021334595589,0.026474328988668,0.8958024059362437,17.782913,0.098997355,-0.049958635,0.0,0
site5_92.png_X0_Y256,12.1827976893636,313.36042946223915,0.1508289994494427,0.0195365393347235,0.7878967423854,12.889313,0.096148916,-0.051704995,0.0,0
site5_92.png_X256_Y256,12.384223706879084,420.32431593320746,0.130064962927669,0.0183389549833348,0.8371119980101033,11.322693,0.109589905,-0.07321891,0.0,0
site5_93.png_X0_Y0,12.572437992887654,414.0363156598783,0.1545697288664286,0.0174396181525284,0.8181598852857139,13.371857,0.13419461,-0.09175922,0.12664794921875,1
site5_93.png_X256_Y0,10.45912683044648,75.46986690816176,0.2243668124154559,0.0337850159064044,0.808812994210711,15.69957,0.11048953,-0.07110408,0.0,0
site5_93.png_X0_Y256,12.12570553543663,346.014573796749,0.1057942378711581,0.0201328448941533,0.6184720448348309,11.937607,0.12887141,-0.09077375,0.0,0
site5_93.png_X256_Y256,9.725536037996015,54.7349557862372,0.2777656466605648,0.0511650194306383,0.8386744093475454,13.927307,0.1123645,-0.06977191,0.0,0
site5_94.png_X0_Y0,10.278187859696692,276.69907936553784,0.2999320094210681,0.0540507046475088,0.8973752897324974,19.016052,0.0952543,-0.050793596,0.0356597900390625,0
site5_94.png_X256_Y0,10.979247003068975,269.9637192276018,0.2909584548653759,0.0650582522735858,0.9398518000442742,17.150879,0.09342428,-0.04924787,0.277069091796875,1
site5_94.png_X0_Y256,10.978702574207016,123.50246481221912,0.2579988001604711,0.0314417437420442,0.903738871856054,18.389679,0.10392831,-0.057001665,0.0190887451171875,0
site5_94.png_X256_Y256,12.4124883421088,512.45479277806,0.2121665296484369,0.0232384118188529,0.9191303896191976,11.532486,0.11657177,-0.08136917,0.3378448486328125,1
site5_95.png_X0_Y0,11.805458167808622,652.3432768196628,0.2650366674989126,0.049672522283119,0.906834535925157,14.687897,0.07443579,-0.031975977,0.5207366943359375,2
site5_95.png_X256_Y0,11.893728099712945,449.00060215725387,0.2204216989747635,0.0376051471564038,0.8951839035782987,14.558487,0.10226968,-0.059340395,0.2532806396484375,1
site5_95.png_X0_Y256,12.24068218390424,430.6893926014188,0.1536173074361094,0.0210255875294824,0.8050922026398541,5.0938416,0.14328149,-0.12671673,0.2168426513671875,1
site5_95.png_X256_Y256,13.054939381870676,823.4827543794265,0.1463620020532539,0.0180490824921855,0.7400625584323308,2.12146,0.21646446,-0.21696556,0.310760498046875,1
site5_96.png_X0_Y0,11.52658700136532,190.20038304078733,0.1973948662575929,0.0282008313535556,0.8441097520042401,10.833618,0.109484956,-0.0713731,0.0,0
site5_96.png_X256_Y0,10.460784184880747,222.3610472234408,0.2192046339089355,0.0428569609553046,0.7504582574815233,13.253403,0.116544716,-0.07610124,0.0,0
site5_96.png_X0_Y256,13.052088748861912,629.9028163147191,0.1502343556386124,0.0153877349547216,0.8433229258732974,-6.585434,0.21080914,-0.2378885,0.033355712890625,0
site5_96.png_X256_Y256,10.704795342928367,83.8810599889493,0.2036726357120752,0.0346599504961504,0.8952248964912739,15.244278,0.11250612,-0.06552142,0.0,0
site5_99.png_X0_Y0,9.318153642179851,140.8492862570982,0.2964347486659761,0.0590420680496602,0.6544398558704426,-15.269165,0.3044339,-0.37242436,0.0,0
site5_99.png_X256_Y0,12.917918580903269,648.8755401768894,0.1604464190285213,0.0218782801252443,0.8520064456410031,1.930603,0.16681042,-0.17220357,0.0682830810546875,1
site5_99.png_X0_Y256,11.249749746900193,377.9863061232393,0.1924337141930118,0.0369641420541946,0.8826801065402403,9.705704,0.13192046,-0.11845931,0.0,0
site5_99.png_X256_Y256,10.387068382646053,274.23570793084366,0.2028440207215979,0.0512668731376199,0.801125888613546,11.303116,0.11904986,-0.09969315,0.0,0
site5_102.png_X0_Y0,11.35470246571349,293.6574098904324,0.1822877541947848,0.0405666303014144,0.8194070715973316,5.6527863,0.19366284,-0.124595195,0.01617431640625,0
site5_102.png_X256_Y0,12.506713403466067,468.5207809045918,0.0812928990961788,0.0159770369007308,0.5419519221815736,38.62384,0.07761147,0.15062328,0.005157470703125,0
site5_102.png_X0_Y256,10.513314866491122,137.80397470324198,0.2470890899741049,0.0453736837224826,0.8663610192475648,-3.7333221,0.23557891,-0.22672385,0.0112152099609375,0
site5_102.png_X256_Y256,11.695974096118189,256.8651905517206,0.0972821486298075,0.0216689827901417,0.5839832684242705,51.97847,0.020099716,0.29340804,0.0033721923828125,0
site5_103.png_X0_Y0,13.967667867805329,941.7231680724605,0.0880476175668144,0.0124066548657812,0.8348652887128207,23.374619,0.06296934,0.06850236,0.0224151611328125,0
site5_103.png_X256_Y0,13.550756916278887,951.3043379950348,0.0764385344445543,0.0137445637071587,0.5832287700077479,14.793823,0.10116084,-0.067252204,0.00213623046875,0
site5_103.png_X0_Y256,13.592100868781031,743.3368908143468,0.1127330128109658,0.0116039137311548,0.8987781750330492,30.632675,0.051143993,0.14766094,0.1873016357421875,1
site5_103.png_X256_Y256,13.85813376077277,1028.9185059232666,0.1264388099859087,0.013938823398243,0.8496038530767777,12.13649,0.113181934,-0.08576862,0.2981414794921875,1
site5_104.png_X0_Y0,12.524868220211369,567.7572010765207,0.0723807115295706,0.0167491708406031,0.3383253311036035,16.052826,0.12033545,-0.0860541,0.0,0
site5_104.png_X256_Y0,12.8418073899621,457.9229107194488,0.0877282989909579,0.014782550279057,0.763462590166366,18.665085,0.13972135,-0.08876849,0.0,0
site5_104.png_X0_Y256,12.790831212227824,707.9178315131383,0.1132884766464602,0.0218341707112885,0.7486012383273914,15.602539,0.11267276,-0.08099441,0.0,0
site5_104.png_X256_Y256,12.883126921057402,540.0962637567528,0.077684565389194,0.0141692288517416,0.5850725136142602,12.680328,0.13650183,-0.10235856,0.0,0
site5_105.png_X0_Y0,13.337211072317263,567.6680262699863,0.098257895505024,0.0137428872840479,0.8932103540363086,13.351929,0.15809584,-0.107049815,0.0,0
site5_105.png_X256_Y0,11.959339072542193,297.2463370308434,0.1958431735758458,0.032377990875888,0.9284114940056176,15.100204,0.0020944625,0.059131768,0.0,0
site5_105.png_X0_Y256,12.80104548551041,534.0412059214237,0.0794205903831183,0.0144385809736882,0.553942896907162,13.752548,0.13607422,-0.090940855,0.0,0
site5_105.png_X256_Y256,12.660758817311658,359.1675343918407,0.1251981788048576,0.0152947417111629,0.8038444086419694,14.142685,0.12661326,-0.07965636,0.0,0
site5_109.png_X0_Y0,10.287146043029631,424.64564124977727,0.3468852500991684,0.2832546847580203,0.9533792057773434,8.28566,0.07088558,-0.047005825,0.491455078125,2
site5_109.png_X256_Y0,13.375343206527663,629.9417401660393,0.0730135834049032,0.0113244804014263,0.7659803320422238,10.451721,0.10681554,-0.07869376,0.862518310546875,2
site5_109.png_X0_Y256,12.428696617585656,671.3792335429904,0.1426918168446764,0.0896355596906487,0.8715546177944768,10.614014,0.09546673,-0.071308695,0.9065093994140624,2
site5_109.png_X256_Y256,13.28994818663952,724.163549821584,0.0572301646051944,0.0115438214720911,0.6107513841639785,10.617615,0.10805606,-0.08213447,1.0,2
site5_110.png_X0_Y0,10.366786676740082,299.21662255802744,0.2694739415481693,0.0710139916825019,0.880819852815782,11.863052,0.113017865,-0.09352487,0.056304931640625,1
site5_110.png_X256_Y0,9.755170202616537,230.3004195651881,0.2780788105314213,0.0794843595397344,0.7854416114909641,12.160385,0.11424868,-0.094510406,0.0,0
site5_110.png_X0_Y256,12.230360847349834,488.4623099138452,0.210749383844085,0.0400506522757707,0.8944710487838348,12.383438,0.10801798,-0.08306458,0.2960968017578125,1
site5_110.png_X256_Y256,9.1008185173279,201.6098384185163,0.3180964449298359,0.0997099005996667,0.6691225724248369,11.985596,0.11443879,-0.09543787,0.0,0
site5_113.png_X0_Y0,12.05654526892227,233.52238880479052,0.1190121455493972,0.0187657321542272,0.7630466803134532,-4.6918488,0.20159425,-0.21397707,0.0,0
site5_113.png_X256_Y0,12.240534389789964,446.3348728103816,0.2149082512439566,0.0570979057787289,0.9191876473513412,9.023285,0.16216806,-0.13532498,0.1053924560546875,1
site5_113.png_X0_Y256,11.79864056711164,221.1322597378482,0.1839869402199419,0.0237948963797813,0.8181450519761794,12.08551,0.15379006,-0.11909026,0.0,0
site5_113.png_X256_Y256,10.606846343820203,114.2116507473144,0.2417530735901091,0.0399859884151642,0.8606868910116544,16.288803,0.105320595,-0.06015172,0.0,0
site5_118.png_X0_Y0,10.231043874128565,408.7919088211279,0.2242510176304504,0.0579180911536516,0.8163786885244415,11.627716,0.12655301,-0.10762122,0.0,0
site5_118.png_X256_Y0,10.46334774205841,463.3292081771461,0.2167049737882405,0.0536088360862622,0.726821646010972,13.008545,0.12142259,-0.09971915,0.0,0
site5_118.png_X0_Y256,10.697496279563865,251.77713223279184,0.2279470279580446,0.0427632974698584,0.9674558585579836,2.9862213,0.19735572,-0.2073924,0.0,0
site5_118.png_X256_Y256,11.279621507709953,533.0071366631755,0.1713519826889674,0.0406501905367653,0.8786321913050401,12.662994,0.12532443,-0.10413751,0.035491943359375,0
site5_119.png_X0_Y0,11.16037384224518,539.7011504739746,0.2222856530385466,0.0410646562140639,0.7758694368942659,14.993835,0.12255153,-0.0980817,0.0,0
site5_119.png_X256_Y0,9.705737799515672,121.7502637056715,0.2529305702878819,0.049267221887955,0.7903266590842227,-12.170471,0.27227244,-0.31468785,0.0,0
site5_119.png_X0_Y256,12.295465499018878,562.4112748251525,0.1839517659573235,0.0305370517018222,0.9463624152556736,10.542297,0.14819565,-0.13240775,0.2951507568359375,1
site5_119.png_X256_Y256,11.520970072352023,226.74369667017368,0.2166969505657763,0.0271451216878538,0.9271682177195888,1.5732117,0.16323024,-0.15575492,0.0,0
site5_120.png_X0_Y0,9.003476134104856,92.43092814362478,0.2592383128455167,0.0667173224484278,0.4617318508442012,-12.002518,0.27170905,-0.30853453,0.0,0
site5_120.png_X256_Y0,11.607179840486946,270.6981717668841,0.1138091021610773,0.0226962735820369,0.6639570158256677,48.52858,0.060070295,0.18303698,0.0,0
site5_120.png_X0_Y256,13.815581249278456,988.8693733480782,0.0781396378750433,0.0109871153241769,0.7231918182062468,7.1788177,0.13107648,-0.1045472,0.574066162109375,2
site5_120.png_X256_Y256,11.799185417649635,227.4264438557408,0.1048847279201989,0.0206826755074397,0.6880959374791109,48.740616,0.068507805,0.14395046,0.0,0
site5_121.png_X0_Y0,12.821553840834444,555.5219382269127,0.0813698541020535,0.0148148141615864,0.5829757757398469,43.468338,0.037029184,0.24628973,0.0,0
site5_121.png_X256_Y0,13.957187287022448,946.3324571079106,0.1114854790662236,0.0099832785328398,0.8611349672879894,16.702408,0.07609173,-0.017703878,0.35638427734375,1
site5_121.png_X0_Y256,12.154879308737708,327.3828963319498,0.0874819531715579,0.0185591829175222,0.5704761873090853,49.74713,0.051513627,0.19489023,0.0,0
site5_121.png_X256_Y256,11.284465362184177,256.61469126958593,0.1616792050940423,0.0338365776322843,0.7988353355775966,16.321396,0.08947376,-0.007673068,0.0001983642578125,0
site5_122.png_X0_Y0,12.347218425309718,261.9368561370637,0.1719351382628448,0.0192565894579645,0.9149650832324154,13.8953705,0.11348941,-0.07991442,0.0,0
site5_122.png_X256_Y0,13.303302622456254,626.1552351259515,0.0775128629486966,0.0133466605657673,0.7738062808298917,9.884308,0.10938564,-0.07867993,0.036590576171875,0
site5_122.png_X0_Y256,13.07691320254972,590.9404109897889,0.0773030452453129,0.0137488954563958,0.6893237231029681,11.064819,0.10888225,-0.078914456,0.0,0
site5_122.png_X256_Y256,12.737670432366569,596.5948994828005,0.0656505196543572,0.0160369936828166,0.6109771693594807,9.489624,0.11038222,-0.08345936,0.0,0
site5_127.png_X0_Y0,12.806613422263313,699.5200563785561,0.1123910212735904,0.0570719638452236,0.8280875045741948,11.154526,0.09667384,-0.07074915,0.938079833984375,2
site5_127.png_X256_Y0,13.522181669900707,820.1685960327984,0.057084959847059,0.0108589237067415,0.6443821242085024,10.675812,0.1020477,-0.073555104,1.0,2
site5_127.png_X0_Y256,9.13298966346028,404.8579065743991,0.4047100102715256,0.3645667330345772,0.9611516212128848,7.505417,0.06409475,-0.04622136,0.6301116943359375,2
site5_127.png_X256_Y256,13.365351881713089,708.3820502180754,0.0602783768842175,0.0113097744027059,0.6565512026453083,11.080734,0.100876495,-0.07104637,1.0,2
site5_128.png_X0_Y0,13.256834623733171,646.2634878562319,0.1272011368994445,0.018375923835955,0.8544786749194977,11.004532,0.10658708,-0.08060756,0.614288330078125,2
site5_128.png_X256_Y0,9.843507109158756,257.9314332828679,0.2890880936456972,0.0843446361906736,0.7957506570286892,13.440765,0.10977596,-0.08675298,0.0,0
site5_128.png_X0_Y256,13.523552600211254,752.717250741925,0.0718606244328409,0.0107591660001281,0.7247530193456734,11.009476,0.10342413,-0.07425173,0.8691864013671875,2
site5_128.png_X256_Y256,9.304729355062577,244.943240850875,0.3009443266126095,0.0934274618260638,0.53443679656811,11.696594,0.11358155,-0.09483483,0.0,0
site5_131.png_X0_Y0,8.762441129691267,23.821839752139027,0.3213020639105226,0.0659258946878546,0.8169215723351693,16.359924,0.102256924,-0.056243233,0.0,0
site5_131.png_X256_Y0,9.368825879247757,28.987202668445136,0.2787315091094738,0.050147593130314,0.8344445321856538,17.438354,0.09867891,-0.051467687,0.0,0
site5_131.png_X0_Y256,8.016977385913446,14.216902378292092,0.3549580147420599,0.0784715988613748,0.7453833712758522,15.89653,0.099237554,-0.053578526,0.0,0
site5_131.png_X256_Y256,8.87713368125109,24.38582966887763,0.3110482353529632,0.0632783271602784,0.8130556534433913,17.819016,0.10131338,-0.053263694,0.0,0
site5_132.png_X0_Y0,8.527344801383602,16.940746482723082,0.3394530565423088,0.065403839353095,0.8158470384220142,19.027283,0.09906185,-0.049719136,0.0,0
site5_132.png_X256_Y0,10.886500054418349,73.93918656586489,0.2166320624097554,0.0291279134371353,0.9081167406602352,18.627975,0.12946284,-0.0904538,0.0,0
site5_132.png_X0_Y256,9.363470267810618,74.97351660118754,0.3014919740624873,0.0619441641968629,0.9109407634753822,18.366272,0.1028215,-0.05566872,0.0399322509765625,0
site5_132.png_X256_Y256,10.08683257594576,74.80521953695983,0.2847493145457889,0.0500492388294647,0.8871508136790227,19.816833,0.10941523,-0.060770985,0.0,0
site5_134.png_X0_Y0,9.211850210653662,97.30486156166216,0.2820558362703765,0.0610124832941883,0.5073081940322084,-8.956528,0.25831515,-0.28658366,0.0,0
site5_134.png_X256_Y0,9.600434564919592,123.81252473508262,0.2766226007357366,0.0558431902584658,0.717032710889468,-9.451248,0.26434386,-0.29677492,0.010223388671875,0
site5_134.png_X0_Y256,12.591746821551,465.624242674125,0.1529277211641221,0.0215782151353418,0.8104513788715801,4.2801514,0.18509582,-0.17401591,0.315826416015625,1
site5_134.png_X256_Y256,13.242273233679672,895.6141041908743,0.1571112195940964,0.0175019877802568,0.8494513954274878,2.5095978,0.17758492,-0.17201047,0.400665283203125,2
site5_135.png_X0_Y0,10.943068388780524,245.05395444362316,0.2500661222210954,0.0414254418309611,0.8783948625779261,-7.535919,0.2533862,-0.28327417,0.2753143310546875,1
site5_135.png_X256_Y0,11.820471249278652,271.3321372639279,0.2236820692945051,0.0243243936615389,0.8354041885653575,-3.7604675,0.2401783,-0.25704947,0.5123748779296875,2
site5_135.png_X0_Y256,14.179869448514207,1230.1973395149978,0.0974758246066556,0.009260734807976,0.8246219070462377,4.9666595,0.13818876,-0.12757443,1.0,2
site5_135.png_X256_Y256,13.774106364088986,968.5645158714148,0.1107237751588806,0.0108830086129812,0.8103099450124767,6.8880463,0.1442751,-0.12740293,1.0,2
site5_136.png_X0_Y0,13.482810847069777,923.991848598026,0.1107785886129444,0.012784736421898,0.7909464731827642,1.366394,0.1869697,-0.18680643,0.8720245361328125,2
site5_136.png_X256_Y0,14.341023114191977,1660.9887231025623,0.0508675395648093,0.0082570406049658,0.6736207795694762,3.5152893,0.11497295,-0.10664499,1.0,2
site5_136.png_X0_Y256,13.735702391592802,1093.9635355394012,0.0995777856656546,0.0112721711934552,0.7978986534752825,1.9142303,0.16973022,-0.16969517,1.0,2
site5_136.png_X256_Y256,14.689046430778296,2025.7606561329965,0.0370383245243144,0.0068296897225539,0.6159916433849254,6.6004333,0.08831922,-0.072631404,1.0,2
site5_137.png_X0_Y0,12.703530871924896,486.06045377684745,0.1209183210564569,0.016293549839199,0.7593750076373655,5.8343353,0.13551793,-0.10987522,0.2212066650390625,1
site5_137.png_X256_Y0,11.47880785528926,303.95897066334857,0.1487027747031054,0.0273818367657812,0.6222518663700977,8.565887,0.105475366,-0.07087688,0.0279083251953125,0
site5_137.png_X0_Y256,12.084559766909033,515.3581925522029,0.1444353933958072,0.0226104377712375,0.6271525540315843,6.727768,0.126764,-0.10117105,0.1428680419921875,1
site5_137.png_X256_Y256,13.109681242837132,728.7414542634522,0.088904365505788,0.0143756711614542,0.6216233805702558,9.337357,0.11066284,-0.078301415,0.4276580810546875,2
site5_138.png_X0_Y0,13.869447568833635,1211.9465721118236,0.0473512314983296,0.0095925568368527,0.5806352595358879,11.051178,0.10210887,-0.061947647,0.891265869140625,2
site5_138.png_X256_Y0,12.564306204667604,357.14765267567515,0.0872174559763895,0.0159738795755978,0.7481688402271089,44.19037,0.0899748,0.062085703,0.011444091796875,0
site5_138.png_X0_Y256,13.621540708584156,1046.991612946417,0.0522318005774943,0.0105520211957391,0.5030291604623405,10.038803,0.106873155,-0.071955815,0.98577880859375,2
site5_138.png_X256_Y256,12.946508128336204,489.0192240665028,0.0807129229242178,0.0139513917291433,0.726563936125094,36.896576,0.08643235,0.05008693,0.1895904541015625,1
site5_139.png_X0_Y0,12.418424935566332,289.12824017506733,0.0946254121551985,0.0162781044781504,0.7747018855558349,46.65233,0.08510883,0.0928639,0.0,0
site5_139.png_X256_Y0,12.726977726876864,542.2061731816204,0.1272311994917236,0.0212658867238205,0.78956068068857,32.562958,0.05813346,0.1099004,0.0,0
site5_139.png_X0_Y256,11.750690983527218,225.3655701232757,0.1009756186865183,0.0208879293900108,0.6362780031578943,37.032974,0.1089807,0.017107187,0.0,0
site5_139.png_X256_Y256,12.83996321943926,499.8905737577252,0.1065399672293656,0.0158137880185603,0.7808476876580054,41.274292,0.060385592,0.13403964,0.0587005615234375,1
site5_140.png_X0_Y0,13.07734907387623,547.3323017589663,0.1241423122663666,0.0154416535827983,0.775577736662718,11.654007,0.11658727,-0.0830984,0.0190277099609375,0
site5_140.png_X256_Y0,12.965268122997292,696.1588746966646,0.0626290891786447,0.0145996983310782,0.5827864448832917,11.152756,0.106951706,-0.07635097,0.0,0
site5_140.png_X0_Y256,13.062280685070752,437.95068337601697,0.1312314902270894,0.0147291211121304,0.8533704407471358,14.500778,0.115970016,-0.0735935,0.1779022216796875,1
site5_140.png_X256_Y256,12.784511612533285,582.7090617941616,0.0641401942359539,0.0152594469071004,0.5644437410069416,9.503265,0.11131266,-0.08462898,0.0,0
site5_142.png_X0_Y0,12.820563784446543,560.0594255364697,0.0679292444175142,0.0149603384054289,0.6462564109727693,9.587036,0.1062036,-0.08035633,0.0,0
site5_142.png_X256_Y0,12.66671758331163,443.9702577434261,0.0827975558779759,0.0157182862082559,0.6836935368107766,10.56636,0.09959617,-0.071405165,0.0,0
site5_142.png_X0_Y256,10.736754514864426,266.3682173022263,0.3416059910733228,0.0542402134317811,0.9487018808425438,9.682724,0.11136993,-0.09180215,0.0,0
site5_142.png_X256_Y256,10.38696671862692,200.48685846488337,0.3822969662893919,0.0559034158295645,0.9649597910715928,10.762451,0.110573985,-0.085359484,0.0,0
site5_145.png_X0_Y0,9.93250770801736,289.8698639645769,0.4207595127243795,0.2195113800704153,0.9726414186452932,14.756577,0.08159861,-0.050466295,0.243896484375,1
site5_145.png_X256_Y0,13.23331549288324,628.2769930885968,0.0614455061503765,0.0116075882149507,0.6622098087249135,10.495209,0.1033972,-0.07715675,1.0,2
site5_145.png_X0_Y256,10.736020320569953,223.8871294994714,0.3309841711346183,0.0580258028592094,0.8937790823511985,19.654114,0.08184897,-0.03956918,0.0197296142578125,0
site5_145.png_X256_Y256,12.938671248685534,514.9985017030708,0.0714773767955533,0.0128251617434849,0.6643574064763548,10.231552,0.10436463,-0.0799306,0.9548797607421876,2
site5_146.png_X0_Y0,13.10742655662501,617.2054136479973,0.0596836966763316,0.0121146575671335,0.6357213657304437,8.554337,0.10655652,-0.08366104,1.0,2
site5_146.png_X256_Y0,11.745412945862448,358.39459704499126,0.2311314421040935,0.0467990684345967,0.9176925609833992,10.592209,0.110039525,-0.08887547,0.1958160400390625,1
site5_146.png_X0_Y256,13.216223715196918,711.7728054714541,0.0570259691496293,0.0116194414133198,0.5841608706130217,9.0993805,0.10730249,-0.08339186,1.0,2
site5_146.png_X256_Y256,12.890082800610434,551.4823477148265,0.1579109839744616,0.0251674654916556,0.896817111750985,9.196869,0.11276873,-0.090857044,0.422943115234375,2
site5_148.png_X0_Y0,10.736774366149064,211.1976017637641,0.251549534688082,0.0412174726216041,0.8362675164915312,2.138733,0.13266966,-0.120865725,0.066986083984375,1
site5_148.png_X256_Y0,9.462018188446084,51.77039257737538,0.3181585755267212,0.0531866895612414,0.8100539358159609,9.9422,0.10606334,-0.06648601,0.0695343017578125,1
site5_148.png_X0_Y256,11.570031740005517,248.91979249266797,0.209887119048595,0.026504582162956,0.9593249970344409,11.472488,0.10703876,-0.08498335,0.0,0
site5_148.png_X256_Y256,10.236696169798709,149.11035084163785,0.3366727154966891,0.0431700462356367,0.9817361428054636,8.898697,0.10620411,-0.07398932,0.0,0
site5_149.png_X0_Y0,12.243137090260962,782.7502265505904,0.2165278784649678,0.0221915393888509,0.9353773267074852,13.553482,0.09209791,-0.0518997,0.0642547607421875,1
site5_149.png_X256_Y0,13.07688261385615,816.5962354324292,0.196019497490666,0.0178879282751512,0.9074721658141114,11.810867,0.094469234,-0.05161781,0.3753204345703125,1
site5_149.png_X0_Y256,12.07365546630312,447.6463325855167,0.2432653630342276,0.023881996048234,0.9438568562321428,6.3659515,0.09500626,-0.06664506,0.1785736083984375,1
site5_149.png_X256_Y256,12.85099856155821,878.4777029569689,0.2277284993650503,0.0206207340851001,0.920862003609693,7.2087097,0.0836194,-0.055708267,0.71307373046875,2
site5_150.png_X0_Y0,11.193100717274636,269.11786494379726,0.2113824478406288,0.0322196713481343,0.7820319434332674,10.853241,0.09803326,-0.057339318,0.0,0
site5_150.png_X256_Y0,12.942226706799858,485.83875265828885,0.2108201882553175,0.0173138657862503,0.9254209557965324,2.737091,0.1303204,-0.11936472,0.4575347900390625,2
site5_150.png_X0_Y256,9.24109986008266,24.95320585832392,0.3093996880312399,0.0504980708605304,0.8607655088441497,9.843185,0.08820417,-0.04984673,0.0,0
site5_150.png_X256_Y256,12.322279413287337,433.2060584571367,0.2418549844654669,0.0241414304274747,0.9338483369814772,12.387054,0.083769396,-0.043687195,0.4321441650390625,2
site5_151.png_X0_Y0,11.387648397691969,247.5179101187195,0.2502455061485792,0.0323811162192279,0.9069152353542698,7.184601,0.1725016,-0.14729641,0.1730804443359375,1
site5_151.png_X256_Y0,9.175925960726282,42.7729961132747,0.2459343087719477,0.0549905164365363,0.6662403909654169,17.36412,0.12181064,-0.074532874,0.0,0
site5_151.png_X0_Y256,13.90432189913858,1148.3869949359494,0.0991543546571772,0.0115351659238501,0.7870223631311737,13.457748,0.100324005,-0.06041431,0.46087646484375,2
site5_151.png_X256_Y256,10.086459350913964,59.34460170066947,0.2232521082267352,0.0426355101260158,0.8058940546924042,17.966614,0.1238806,-0.07577929,0.0,0
site5_152.png_X0_Y0,9.702686567194416,79.58477158725418,0.2426331257420031,0.0468157387083242,0.7225634220951921,15.173599,0.12397237,-0.080736324,0.0,0
site5_152.png_X256_Y0,9.215461571936704,50.59235656057858,0.2423719295405758,0.0561194353042225,0.6067260295023442,12.302963,0.13217266,-0.092906244,0.0,0
site5_152.png_X0_Y256,10.59962777973751,110.33648341383612,0.1651858976470332,0.0326548970074004,0.6805119310800067,17.619171,0.13164201,-0.08529199,0.0,0
site5_152.png_X256_Y256,11.68064824867928,376.102479890598,0.1407348704112231,0.0257161854804809,0.7283063877261179,13.847977,0.13510704,-0.09755099,0.1163330078125,1
site5_153.png_X0_Y0,10.86059318678716,137.23681441633877,0.1820833619466086,0.0342755285635643,0.861682119909206,11.369446,0.13543248,-0.09974925,0.004302978515625,0
site5_153.png_X256_Y0,11.846221471891733,302.76927475313107,0.1436218653948925,0.0248947861728158,0.840218877461759,10.329758,0.13975506,-0.10827065,0.130401611328125,1
site5_153.png_X0_Y256,14.123779111243412,1414.0756459205113,0.0877987651526724,0.0111252728913011,0.7664019827495134,9.450119,0.121304795,-0.1009593,0.797576904296875,2
site5_153.png_X256_Y256,13.769175561690693,1084.6790997903936,0.110714056945805,0.0137553686317984,0.8302651690983163,10.651993,0.117156275,-0.09350431,0.6937408447265625,2
site5_154.png_X0_Y0,11.946390571974096,483.16874954952135,0.1297507461322597,0.0242173378750343,0.6562958872482533,8.049088,0.13473108,-0.108565725,0.1558837890625,1
site5_154.png_X256_Y0,11.84427708049048,573.3684794310685,0.1435379275247985,0.0278735571208991,0.6376671745446041,8.714066,0.120627016,-0.0905388,0.2459716796875,1
site5_154.png_X0_Y256,13.025510288743549,853.1989373379307,0.1219889824138808,0.0180167308251929,0.7818237343675882,10.57724,0.12734126,-0.09765348,0.4111785888671875,2
site5_154.png_X256_Y256,11.373631139183445,238.86939659627785,0.1400836951159516,0.0266000602619031,0.6505608766278002,11.414291,0.13068777,-0.094006404,0.0404052734375,0
site5_155.png_X0_Y0,11.840255188459352,417.8922452753269,0.1646827361798105,0.0264151186162757,0.8569023471888729,10.45871,0.119103655,-0.08527373,0.1682281494140625,1
site5_155.png_X256_Y0,14.377562391336305,1375.841263651712,0.0604821871710326,0.0080046834646025,0.7441573979537748,10.732956,0.1295892,-0.1016856,0.9656524658203124,2
site5_155.png_X0_Y256,13.085108042844292,708.821775789446,0.1019182857657629,0.0159589085497882,0.79531873207126,12.251953,0.119355604,-0.08433922,0.24835205078125,1
site5_155.png_X256_Y256,14.600299409567764,1705.5380974265363,0.0627579779412467,0.0074302423483341,0.7610248864293749,12.136612,0.12445775,-0.09580402,0.988616943359375,2
site5_156.png_X0_Y0,14.431365674987571,1464.712389886132,0.07657615927137,0.0082016956336319,0.7779979088935144,13.832687,0.10093343,-0.06868856,1.0,2
site5_156.png_X256_Y0,13.876538179157372,990.0688566898096,0.0903613161042033,0.0124580160667518,0.839273790161714,25.912445,0.09599879,-0.012744562,0.4993133544921875,2
site5_156.png_X0_Y256,13.901220482979014,1316.6751127871214,0.0936549312146109,0.0150466508250002,0.7306247938594862,15.410736,0.09325381,-0.06261779,1.0,2
site5_156.png_X256_Y256,14.277407172005368,1550.911298283751,0.0790956510518489,0.0134840193487629,0.7603972741099869,19.109116,0.09943426,-0.046104927,0.67547607421875,2
site5_157.png_X0_Y0,12.016081504520288,288.0897301819085,0.0849749898679536,0.018963726930755,0.5657308368749748,49.31346,0.089117646,0.07603592,0.0,0
site5_157.png_X256_Y0,12.162628874697411,301.22208761354943,0.0914170947196548,0.0186770075448787,0.6431161567173966,45.922546,0.07783225,0.11739758,0.0,0
site5_157.png_X0_Y256,11.887093196691907,251.84761112013155,0.0945827042082022,0.0199719882721339,0.6049437711205023,46.716827,0.089807525,0.079889074,0.0,0
site5_157.png_X256_Y256,11.641099244595711,204.21390435770425,0.103210752503267,0.0214359956296352,0.6232749286411674,41.206085,0.100125134,0.05087507,0.0,0
site5_158.png_X0_Y0,11.328457458663488,186.97282476992515,0.2374988564171015,0.0333627289418712,0.916100331769762,18.440796,0.123978175,-0.086837925,0.03753662109375,0
site5_158.png_X256_Y0,10.119374502974845,126.0930168084384,0.3153144242495928,0.0488915161362259,0.949821366137592,10.639542,0.11442504,-0.095891654,0.0,0
site5_158.png_X0_Y256,11.993370609817996,334.8002192065415,0.2073612857368825,0.029570731917617,0.9402053422314364,23.013779,0.12140636,-0.04704554,0.0699462890625,1
site5_158.png_X256_Y256,9.649971082499633,66.31493187716417,0.3137232362161131,0.0526974561615828,0.903417125233367,18.594635,0.12334392,-0.085980356,0.0115966796875,0
site5_159.png_X0_Y0,9.0750549154434,33.19147622008354,0.3811940336575904,0.0714376547503613,0.9542435162811076,8.553955,0.122706644,-0.108327776,0.0,0
site5_159.png_X256_Y0,9.51003281785922,26.31120680747789,0.3451984588071424,0.0524914167664192,0.9637658266416518,10.654388,0.12191341,-0.103615485,0.0,0
site5_159.png_X0_Y256,10.94265978786424,185.1171357921273,0.2634044925042895,0.0346488505488893,0.8405305120216231,16.465454,0.12864071,-0.090270735,0.16510009765625,1
site5_159.png_X256_Y256,10.202966149993165,153.30169802480026,0.2847953516712508,0.0447769546187098,0.8369175629182424,16.253403,0.12583354,-0.09254382,0.106109619140625,1
site5_160.png_X0_Y0,11.079570018503093,192.72336084679503,0.2028555344268258,0.0355620840356931,0.895692341001237,12.160309,0.12245801,-0.09794319,0.0,0
site5_160.png_X256_Y0,11.411617785938176,193.85944810890408,0.12639591609838,0.0265669682308049,0.7395881829527873,14.7043,0.12234779,-0.090327814,0.0154266357421875,0
site5_160.png_X0_Y256,11.280774331540506,241.2921470408047,0.090540233849325,0.0245933034390069,0.2493651797586635,14.514969,0.1127218,-0.08229014,0.0,0
site5_160.png_X256_Y256,11.050362436792264,190.2625751063315,0.1021190986676457,0.0266531089707343,0.3183976623523082,12.888351,0.10702331,-0.08075248,0.0,0
site5_161.png_X0_Y0,12.134135151147902,262.7376804594441,0.1165106454217078,0.0201043593567541,0.8162764307730465,12.511429,0.11246818,-0.084199816,0.1510162353515625,1
site5_161.png_X256_Y0,8.967899409182195,188.326435160156,0.3314008156920894,0.2470390774859705,0.9805453419696136,10.199524,0.07247229,-0.050980844,0.0,0
site5_161.png_X0_Y256,10.853025569158635,125.01910381524048,0.1272818200935896,0.0281462506098018,0.5476278942224755,12.134613,0.1055637,-0.08092141,0.0,0
site5_161.png_X256_Y256,10.713546776631684,222.52955606017105,0.1759904567980878,0.0771592197814271,0.9405780298710074,11.956421,0.09205683,-0.066392645,0.0,0
site5_163.png_X0_Y0,12.060518132686386,209.81395436851807,0.1888794135011006,0.0208994339468357,0.8849731517010104,12.198914,0.10230948,-0.06746137,0.0,0
site5_163.png_X256_Y0,12.198030043263884,287.5650832011828,0.1234686442196907,0.019674594266318,0.7328379666902303,11.113571,0.10151678,-0.07167671,0.1730194091796875,1
site5_163.png_X0_Y256,11.017356013898764,151.6329630130258,0.2069997530670909,0.0289003123828075,0.7981651199013857,13.877457,0.08654717,-0.05092296,0.0,0
site5_163.png_X256_Y256,11.459316951323736,184.4400351577541,0.1472524270181037,0.0230838925375206,0.6754700888184192,10.446335,0.103192925,-0.0743514,0.0,0
site5_164.png_X0_Y0,12.100055474320325,309.5290143514728,0.144480492258109,0.0203465368341039,0.8608877852692667,9.887222,0.10939577,-0.082027614,0.0,0
site5_164.png_X256_Y0,11.966995423972914,369.3210044964694,0.1271116544183821,0.0199927282032414,0.4954447963658945,8.93042,0.11804378,-0.09433112,0.0,0
site5_164.png_X0_Y256,11.617925033744656,180.14086252883828,0.1393176879820914,0.0226056269699145,0.7365963227239589,9.644531,0.10959845,-0.07721211,0.0,0
site5_164.png_X256_Y256,12.44473572421244,320.9404138882927,0.1086775665058069,0.016275354391323,0.7362675090220229,11.405151,0.11309708,-0.07344445,0.0,0
site5_165.png_X0_Y0,12.350506617570286,553.5841571901551,0.113402252585595,0.0177194880760824,0.5052572339144941,8.251434,0.12482655,-0.10274693,0.0,0
site5_165.png_X256_Y0,11.241646936149778,449.849785058669,0.3186846945620038,0.1003576715370549,0.9650641655323756,5.558655,0.12656179,-0.10474216,0.0,0
site5_165.png_X0_Y256,13.061989255064535,388.6162178008561,0.1230673139860396,0.0130696771808308,0.8688693483263346,14.938721,0.12351848,-0.06568055,0.105743408203125,1
site5_165.png_X256_Y256,12.052635314425167,346.5792130731158,0.1734568574255129,0.0327058945179887,0.8757211175035234,-8.544495,0.21366145,-0.21568702,0.0926513671875,1
site5_167.png_X0_Y0,12.18010407234396,887.2299000386571,0.2282834289623029,0.0394088010006252,0.8556037253437858,4.019516,0.08902882,-0.06917012,0.4518585205078125,2
site5_167.png_X256_Y0,12.775283384439144,864.701139931319,0.2302757539815446,0.0216047826310434,0.9096954252712736,6.170349,0.07291734,-0.048365932,0.6516265869140625,2
site5_167.png_X0_Y256,8.593673930946942,14.159638435337518,0.3792127220272197,0.0641731184891712,0.8915217956535597,5.685608,0.09966224,-0.064742684,0.0,0
site5_167.png_X256_Y256,11.926265423526033,352.1132506278068,0.2408084928946472,0.0246264841395535,0.8870261537655388,-3.9651794,0.14644508,-0.15782905,0.4637298583984375,2
site5_168.png_X0_Y0,9.221590550397485,66.30130323974278,0.3168121452896361,0.0613762037455918,0.7694997412922857,9.447098,0.08530435,-0.046063345,0.001556396484375,0
site5_168.png_X256_Y0,10.900676797464032,235.10943968368613,0.2776306493076266,0.0398695070038531,0.9326381003307924,12.655228,0.08576318,-0.043458596,0.2023468017578125,1
site5_168.png_X0_Y256,10.571498015261788,209.01740741243137,0.2992571790290301,0.0466123682514891,0.8630220646892635,4.5726166,0.106033474,-0.08472884,0.223876953125,1
site5_168.png_X256_Y256,8.876028384709045,77.3675832011771,0.3267998491251123,0.0797614158706111,0.822381456271499,11.957382,0.07970182,-0.036303442,0.0149688720703125,0
site5_169.png_X0_Y0,13.525895934313088,767.4137881164442,0.1425022616151505,0.0142977203908405,0.8929177337008428,13.506531,0.114992216,-0.06975464,0.71063232421875,2
site5_169.png_X256_Y0,11.849648872252612,210.1021546851086,0.1597948498346116,0.0226549479552535,0.8543454308502451,16.182892,0.119918376,-0.06900625,0.0945587158203125,1
site5_169.png_X0_Y256,13.061170770013671,987.0796975473248,0.2341744011535483,0.0483408061210938,0.9040751537189214,14.074936,0.082846366,-0.040897988,0.77032470703125,2
site5_169.png_X256_Y256,13.495588633992298,918.0571898880085,0.0940980963450435,0.0121006321213878,0.7231012993156792,12.846832,0.12496496,-0.08565136,0.28863525390625,1
site5_170.png_X0_Y0,12.388319105498857,486.8772209907812,0.1400973559222915,0.0191970452006842,0.7814597203389702,16.673782,0.11745497,-0.07154137,0.049407958984375,0
site5_170.png_X256_Y0,12.760848506489967,871.4954310542485,0.1186149697912793,0.0208980944211727,0.7161127502851009,14.699112,0.13397601,-0.09986411,0.3448028564453125,1
site5_170.png_X0_Y256,13.638717816079328,1276.7738786766686,0.0854103847915619,0.0133308238406651,0.6957051307010472,11.038559,0.13580716,-0.10391003,0.4741058349609375,2
site5_170.png_X256_Y256,13.468327520103418,860.079594461956,0.0892520524094415,0.0126621858711735,0.7468657436774787,10.513657,0.13566273,-0.1044436,0.242767333984375,1
site5_171.png_X0_Y0,14.61314254148081,1842.1432244359544,0.0633401272927937,0.0083969461714369,0.7925406231587252,9.939926,0.11148791,-0.08865051,1.0,2
site5_171.png_X256_Y0,14.22562696574012,1868.3984253802091,0.102689322514758,0.0216003883780767,0.7659861536272062,10.38327,0.100716785,-0.080475345,1.0,2
site5_171.png_X0_Y256,14.321403079743837,1405.2446078883804,0.0844617157333282,0.0087921487387556,0.8380307153085996,5.6620636,0.1385202,-0.12774742,1.0,2
site5_171.png_X256_Y256,14.072454089576013,1260.4618764870072,0.0753227880549313,0.009336866120851,0.7651203563780385,4.1805115,0.17012468,-0.16293846,1.0,2
site5_172.png_X0_Y0,14.539238621334055,2150.85013660622,0.0851342027170612,0.0147649222553225,0.7682894816731022,8.878204,0.11340433,-0.09527564,1.0,2
site5_172.png_X256_Y0,14.42549477944372,1864.8782520999148,0.0605418857941524,0.0083111358446891,0.7244385314969953,6.0889893,0.13017374,-0.11450997,0.9152069091796876,2
site5_172.png_X0_Y256,14.381126703870228,1729.3039129483518,0.086219183180352,0.0150527866033082,0.8107671331405555,6.3207245,0.14663523,-0.13424742,1.0,2
site5_172.png_X256_Y256,14.634509626787874,1990.975323298331,0.0645492548554649,0.0085089710467376,0.7656509363848675,8.25679,0.11830351,-0.10019503,1.0,2
site5_173.png_X0_Y0,13.405687611147869,1144.5238798179923,0.0521687755100116,0.0114283979292252,0.4855205606867817,1.9362183,0.10977481,-0.10842502,0.9258575439453124,2
site5_173.png_X256_Y0,13.641581637564787,669.0413820706598,0.0825112835463089,0.0108263295427277,0.9024028204941714,7.8383026,0.09604781,-0.07380977,0.9874725341796876,2
site5_173.png_X0_Y256,14.447066053893874,1626.5491749870362,0.0570402889821881,0.0078825537677364,0.7559237481217466,8.4223175,0.10348645,-0.07942763,0.9995880126953124,2
site5_173.png_X256_Y256,13.54213937067592,1124.6840009252485,0.0488331008602878,0.0109692649057719,0.4812203533620445,5.9466095,0.10717681,-0.08414362,0.9808349609375,2
site5_174.png_X0_Y0,14.12147982645702,930.1182674482787,0.0900585359642306,0.0088711494744927,0.8623033334992734,11.892441,0.11087914,-0.07948152,0.962921142578125,2
site5_174.png_X256_Y0,13.6037356474294,670.2378060722697,0.092728054611874,0.01126700109458,0.8928846244057885,14.899918,0.14063671,-0.07896538,0.726165771484375,2
site5_174.png_X0_Y256,13.568724491881918,1160.3501590885326,0.045584225296993,0.0107763940169067,0.4021350682834453,7.1591187,0.10077144,-0.07595623,0.962615966796875,2
site5_174.png_X256_Y256,13.551269735044707,1062.1293277976888,0.0478413961332738,0.0107307404394804,0.4725077345203246,8.800018,0.107272886,-0.07171003,0.8974456787109375,2
site5_176.png_X0_Y0,13.171052544843851,547.0584482230765,0.1012945972349485,0.0130109763524153,0.7842160042809727,31.22287,0.09354912,0.06256718,0.0814971923828125,1
site5_176.png_X256_Y0,13.178859732297733,587.4786515853418,0.0891228667450326,0.0137611313389956,0.7721049428196992,13.412827,0.12597796,-0.0895478,0.600738525390625,2
site5_176.png_X0_Y256,12.79421907134444,461.67567711338586,0.0911857312811104,0.0148740447991665,0.6738140743587002,43.06099,0.052997265,0.1670613,0.0,0
site5_176.png_X256_Y256,12.566439154838086,410.7212701545328,0.1040746594303448,0.0174190352623161,0.745117373286659,15.015106,0.124399275,-0.08327972,0.362548828125,1
site5_177.png_X0_Y0,12.84522437656604,689.666187899504,0.0784365084870158,0.0156383266575723,0.4219640071724382,8.861298,0.13004902,-0.10800372,1.0,2
site5_177.png_X256_Y0,12.297103978394802,485.1956946096614,0.1559913515716718,0.0216815280828798,0.5891998892739111,12.454971,0.12342494,-0.092890784,0.5615234375,2
site5_177.png_X0_Y256,12.823783527140325,615.3694169460146,0.0755115118821125,0.0145413487968125,0.4705028109976164,10.1931,0.13008761,-0.10596965,1.0,2
site5_177.png_X256_Y256,13.208754390794429,715.5430934766827,0.0749748277552508,0.0127607362980195,0.6120231767223037,10.406586,0.12764548,-0.10119445,0.8466949462890625,2
site5_178.png_X0_Y0,11.293543178638831,244.95961240869164,0.128422914233146,0.0261112938014794,0.4187075783730153,13.823929,0.112291895,-0.08282572,0.0,0
site5_178.png_X256_Y0,11.499831721196708,280.61359861591967,0.0826461645427661,0.0226599313277196,0.2510496072642325,12.605621,0.10653906,-0.0805293,0.0,0
site5_178.png_X0_Y256,11.57635418491881,275.3786434454347,0.1627064692253468,0.0267779871726573,0.6286134623752222,13.974304,0.12229186,-0.08981777,0.0,0
site5_178.png_X256_Y256,12.668128373500352,438.3278320387794,0.0746196191177964,0.015499059907082,0.674192527631701,10.236557,0.11635736,-0.09458584,0.0,0
site5_181.png_X0_Y0,12.230738905941816,150.8188130767038,0.2011290450710941,0.0204784714314932,0.958755157724483,18.383606,0.06445287,0.017032335,0.0,0
site5_181.png_X256_Y0,12.417624437538358,171.3293548154577,0.1349741003361647,0.0163455345976766,0.9360702231386404,20.638245,0.08772063,-0.008610898,0.07891845703125,1
site5_181.png_X0_Y256,10.530113658328222,122.89267778619296,0.3644710979330287,0.0995190579809564,0.9806943382924024,14.767242,0.019476995,0.08952291,0.0,0
site5_181.png_X256_Y256,10.678610061360477,80.4527704488662,0.2092107782982536,0.0321823154347703,0.9498533785155128,14.695801,0.09411822,-0.056243535,0.0,0
site5_182.png_X0_Y0,9.92748693884432,43.73646940179281,0.2008807864845402,0.0396026733340455,0.8057415897665413,13.748901,0.11228518,-0.082019836,0.0,0
site5_182.png_X256_Y0,10.5779151931403,44.38853106377371,0.2038643704794683,0.0319309261105731,0.9270358611270888,11.804413,0.1147546,-0.08859846,0.0,0
site5_182.png_X0_Y256,11.186916308116349,115.77342498979068,0.2219581405300732,0.0272492868446676,0.8949406617791724,13.28862,0.11980477,-0.08359131,0.094635009765625,1
site5_182.png_X256_Y256,12.549866481014329,385.15344367252015,0.1618148598564195,0.018232549340814,0.8070832397061722,12.7764435,0.09095173,-0.05273262,0.4972381591796875,2
site5_183.png_X0_Y0,11.348074984750571,121.83079671881146,0.2069139191683416,0.025233297149407,0.9223256653014588,11.294739,0.11749936,-0.08970098,0.0,0
site5_183.png_X256_Y0,11.610892876683138,159.09517057742644,0.1878051925395141,0.031491936556474,0.9455145654382195,-10.727615,0.20894033,-0.2554623,0.0,0
site5_183.png_X0_Y256,12.37538831667372,479.7075514225696,0.1974042691494117,0.0221434714985548,0.896819484754839,10.003677,0.104653165,-0.0704658,0.2393798828125,1
site5_183.png_X256_Y256,11.42280781509184,361.2255931763265,0.204403015079456,0.0371467321997123,0.926371844682928,10.287735,0.11694903,-0.08989232,0.0,0
site5_185.png_X0_Y0,8.541363128595576,44.6426997879442,0.4035000205384127,0.0659624426081148,0.9303086671121592,4.215866,0.09138316,-0.06316954,0.0,0
site5_185.png_X256_Y0,12.250406346390204,765.6333048438761,0.2219241995354354,0.0253173150032969,0.8967645963185832,11.831619,0.09957962,-0.051864542,0.28057861328125,1
site5_185.png_X0_Y256,9.702272148783068,138.6297580558108,0.349065231394471,0.0538823094646525,0.9837607391625562,5.6251984,0.09536551,-0.069997445,0.0,0
site5_185.png_X256_Y256,9.545211194064938,96.06588744413835,0.3159800282076159,0.0524431028975177,0.8481946882044139,6.389679,0.0950823,-0.059901267,0.0687408447265625,1
site5_186.png_X0_Y0,11.800088214934624,553.2785039258467,0.277244557745402,0.0611867997244557,0.9321389425791192,9.298828,0.08352505,-0.047391042,0.4691619873046875,2
site5_186.png_X256_Y0,8.714606642713226,19.63026068699556,0.3476010643419283,0.0618878742955878,0.8437941705079267,10.894455,0.07612994,-0.034417182,0.0,0
site5_186.png_X0_Y256,12.320067360037816,606.9915184364924,0.2757896853564175,0.0730931610435328,0.9534238366493568,7.505081,0.088756815,-0.06193328,0.5856781005859375,2
site5_186.png_X256_Y256,9.337200706928837,28.6391372609098,0.321037976689657,0.0531505719031464,0.8752402214290553,10.225906,0.08087598,-0.040394664,0.0,0
site5_187.png_X0_Y0,13.266233078601042,900.0015222661831,0.195737345373098,0.0307617140203977,0.8940985583523571,9.579102,0.10046178,-0.07319221,0.6340179443359375,2
site5_187.png_X256_Y0,14.082619675105589,1211.9323587533893,0.092844042954952,0.0101008800501406,0.8217697480721263,11.021698,0.12180211,-0.08907364,0.562652587890625,2
site5_187.png_X0_Y256,12.05448650295553,556.3914519806785,0.2729930029697888,0.0495945441437365,0.9290915926037608,12.093613,0.087339446,-0.053178053,0.457855224609375,2
site5_187.png_X256_Y256,13.835111000837896,1208.373677672235,0.1298684405168796,0.0242919896759119,0.8500511738538968,9.39061,0.11330495,-0.08126258,0.690765380859375,2
site5_188.png_X0_Y0,13.630610790325688,905.975121077324,0.0832657848665653,0.0116579237153666,0.7369339732110698,11.8285675,0.13442875,-0.10493531,0.3935546875,1
site5_188.png_X256_Y0,13.672124508788611,1141.3775547266964,0.0890157587929236,0.0130339544570323,0.7232755268248534,9.80426,0.1482628,-0.12248246,0.379852294921875,1
site5_188.png_X0_Y256,13.504598922339229,669.3458011192267,0.0978068897558239,0.011970217865486,0.8422549766832794,11.841843,0.13555245,-0.10313455,0.164794921875,1
site5_188.png_X256_Y256,13.68891021484912,1078.353257521302,0.0969278478117821,0.0124362346142904,0.7520676851236803,9.7331085,0.15005927,-0.12172538,0.2825164794921875,1
site5_189.png_X0_Y0,14.135130708004557,1385.3246712955363,0.0637818060683226,0.0090517690488041,0.7312245274055273,4.798172,0.13954979,-0.12502989,1.0,2
site5_189.png_X256_Y0,14.08974236517208,1355.1366333714273,0.0781441601251885,0.0098367704414068,0.779813392494923,3.9319458,0.14713416,-0.13928741,1.0,2
site5_189.png_X0_Y256,14.57400854034302,1962.36409038921,0.0487150057032642,0.0074304665219833,0.6707739071526535,6.56015,0.13229834,-0.11646621,1.0,2
site5_189.png_X256_Y256,14.58637745072227,1859.251004256445,0.0535953149757358,0.0074590229931443,0.7142101954180237,6.995926,0.14090803,-0.12510967,1.0,2
site5_190.png_X0_Y0,13.937625569126697,1241.351995686946,0.0811804252350608,0.0100262024332005,0.7460993453706679,3.7617645,0.1955643,-0.19091518,1.0,2
site5_190.png_X256_Y0,14.414537372192015,1605.380227361718,0.0673833020983988,0.0084455415816816,0.7800736620128238,6.582321,0.18902612,-0.17759098,1.0,2
site5_190.png_X0_Y256,13.540519701538326,667.9486625937656,0.1031167585500601,0.0111462021638358,0.8321480157635275,3.1698456,0.2191536,-0.21927465,1.0,2
site5_190.png_X256_Y256,13.497116846518043,786.135783773157,0.0988729533171709,0.0116203437082817,0.7686520730719034,8.174545,0.19428119,-0.17098229,1.0,2
site5_191.png_X0_Y0,14.658690988543745,2317.752148978287,0.0638044508283438,0.0091823162692594,0.6780687160397577,10.4925995,0.1423078,-0.121417224,1.0,2
site5_191.png_X256_Y0,14.580056703303876,1973.9786753445503,0.0513245399239355,0.0074743365399129,0.6902071127702678,7.2294464,0.19066125,-0.17816746,0.99365234375,2
site5_191.png_X0_Y256,14.574469443762824,1858.5420911128808,0.0583828820180072,0.0074809302731623,0.6962714975539157,9.820282,0.13985497,-0.12127949,1.0,2
site5_191.png_X256_Y256,14.39386592837979,1638.448719032583,0.0586555353971423,0.0082178967456401,0.7164526982824547,6.1437225,0.18220076,-0.17376772,1.0,2
site5_192.png_X0_Y0,13.221029421454396,872.2602206634286,0.0746245444896696,0.0131529629212614,0.6385583083844137,0.44099426,0.28765872,-0.30034927,0.9342803955078124,2
site5_192.png_X256_Y0,12.42616033452935,535.1214531220701,0.1022087375504401,0.0178231628702694,0.7184132872512451,-5.7362366,0.33380625,-0.38538563,0.99017333984375,2
site5_192.png_X0_Y256,13.681221411145495,1176.4817592244056,0.0692135695586338,0.0108484793823449,0.6630323877446097,-2.4153442,0.2713105,-0.30729273,0.9066925048828124,2
site5_192.png_X256_Y256,13.60416351033956,831.2783022756536,0.0724005058233326,0.0108544536003672,0.7622484188690057,3.681488,0.24893856,-0.25717127,0.5685577392578125,2
site5_194.png_X0_Y0,12.130824295934604,324.6828705606181,0.0973529285180868,0.0192393840425798,0.6070534159084675,50.81337,0.045179784,0.20660947,0.0,0
site5_194.png_X256_Y0,12.438902191207124,341.79949681313553,0.1415864456238747,0.0186031249872692,0.8882739785266924,22.901306,0.112331025,-0.01905892,0.0105438232421875,0
site5_194.png_X0_Y256,11.727567537409978,255.87926665826396,0.1014897927114999,0.0212493042750208,0.5440638940477122,31.082932,0.10747209,0.034821294,0.0,0
site5_194.png_X256_Y256,13.042232523496814,409.3687839562917,0.0962257946327513,0.0140163447949765,0.8719905405291406,29.958618,0.08594591,0.07056409,0.0,0
site5_195.png_X0_Y0,12.758782880780858,595.490503021684,0.0773391385439479,0.0148447661598354,0.4640841287172475,11.723328,0.12654617,-0.09997895,1.0,2
site5_195.png_X256_Y0,12.997855581994068,693.1365161987108,0.0719956217269051,0.0135511555978355,0.4712459061444415,10.986633,0.1263147,-0.10102093,1.0,2
site5_195.png_X0_Y256,12.992561343844343,601.9299009545704,0.1049527138082932,0.0148048220914185,0.7135047777643503,13.229523,0.12763548,-0.09744093,0.64752197265625,2
site5_195.png_X256_Y256,12.776947957030064,631.1709197183902,0.1460712612641599,0.0218334909628404,0.8167048199741133,14.599808,0.13523507,-0.10632948,0.4983062744140625,2
site5_196.png_X0_Y0,12.91125670415008,490.65414511545504,0.1470535769481404,0.0182518230893841,0.8783471107859724,12.21402,0.14686209,-0.1219832,0.2042388916015625,1
site5_196.png_X256_Y0,12.447580969837672,498.5848061142419,0.0651147804919227,0.0161598969661869,0.3665462981543996,15.754501,0.11258029,-0.07853738,0.0,0
site5_196.png_X0_Y256,10.046122945524589,74.00219349228838,0.2376876105328189,0.0422922021399394,0.88737377468934,20.493439,0.11754738,-0.07864639,0.0,0
site5_196.png_X256_Y256,13.149561443262368,551.7128240039967,0.0737641037707115,0.0124161428108589,0.6902598804384319,17.795471,0.14328216,-0.09360272,0.016632080078125,0
site5_197.png_X0_Y0,12.386495839919071,215.5142479004498,0.1011282889308648,0.0159743624751164,0.8539529787809386,20.73024,0.11491412,-0.05915162,0.0,0
site5_197.png_X256_Y0,12.286135181276894,257.21004352292886,0.1025978736885398,0.0181123131484584,0.7739839692776649,22.665878,0.11451467,-0.04897446,0.0,0
site5_197.png_X0_Y256,12.70990787926618,376.7276049626632,0.1115422128181679,0.0160878609164112,0.8160360471012398,22.878769,0.12707776,-0.062945694,0.077850341796875,1
site5_197.png_X256_Y256,11.947678336545122,148.74819406899354,0.1634509572138729,0.0204275724586198,0.8899907932992599,25.441177,0.10824612,-0.01418473,0.1158905029296875,1
site5_200.png_X0_Y0,12.846708361704074,492.5847068435273,0.077816868627723,0.0144665580871783,0.7008971305785945,9.815735,0.09567131,-0.06774516,0.900360107421875,2
site5_200.png_X256_Y0,13.470330934306014,870.2182605398291,0.050025197378894,0.010645901547229,0.5352046045578148,8.08667,0.10900973,-0.086878,1.0,2
site5_200.png_X0_Y256,12.378407586725544,371.99697356485456,0.172840900313007,0.0492944508679958,0.92820259869539,10.557251,0.059433766,-0.0028814627,0.669036865234375,2
site5_200.png_X256_Y256,13.43902183148004,661.3883044682419,0.0612481856772814,0.0108404825734591,0.7035650119535302,9.666,0.102966115,-0.07627482,1.0,2
site5_201.png_X0_Y0,13.373144143584144,771.6418383554721,0.0893213498359833,0.0129352931568903,0.6660628610610226,9.371277,0.11665718,-0.08652328,0.6718902587890625,2
site5_201.png_X256_Y0,10.932760784456406,237.20835435891723,0.2300758386523476,0.0341746093128158,0.8296392480640449,11.334946,0.13720676,-0.10669145,0.0,0
site5_201.png_X0_Y256,13.4756197954548,843.3893218653932,0.0626157161209059,0.0110928611535385,0.6188890472016294,7.9688416,0.11134975,-0.087797865,0.9189605712890624,2
site5_201.png_X256_Y256,9.929401989347053,61.46905706339051,0.2531547823709241,0.0418339102885268,0.8229143101575095,9.604645,0.14322375,-0.1136374,0.005584716796875,0
site5_202.png_X0_Y0,11.814008873228849,305.56059978434786,0.1684140531797418,0.0268950906166847,0.9361977917471026,11.117966,0.13236022,-0.10619831,0.0,0
site5_202.png_X256_Y0,11.289502109238292,295.9234083195006,0.2251418941727379,0.0458161687115605,0.9643181031909064,9.945862,0.12240712,-0.10137434,0.1959228515625,1
site5_202.png_X0_Y256,12.607865905643571,333.87712748703524,0.1425573134259557,0.017346886601567,0.890376374294691,15.227142,0.1373837,-0.075231954,0.143707275390625,1
site5_202.png_X256_Y256,12.754545957774582,441.9631809880893,0.1760556962627108,0.0208786786359788,0.949101815331344,10.8138275,0.1233094,-0.09137967,0.4730682373046875,2
site5_203.png_X0_Y0,11.022257269492966,325.38094382267343,0.2669839368468913,0.0431918532485528,0.9749292576004284,10.677475,0.0897279,-0.057613254,0.0,0
site5_203.png_X256_Y0,8.390912665668782,31.69615277177163,0.3502779796383214,0.079028361108947,0.7710171007102111,5.331909,0.08197989,-0.050406687,0.02734375,0
site5_203.png_X0_Y256,10.677161844128284,237.62047128807384,0.2475408385324331,0.0470435615056961,0.9708787867151152,16.739594,0.08903761,-0.05073165,0.0,0
site5_203.png_X256_Y256,8.422102741704233,26.87922456206852,0.3681466287415225,0.0702647886233715,0.8547580006681859,6.0003967,0.07328768,-0.039896272,0.0,0
site5_204.png_X0_Y0,13.275002591072326,972.4288579514508,0.1606531683781168,0.0194704079948624,0.8628307912986474,5.048706,0.115658306,-0.101495676,0.6587371826171875,2
site5_204.png_X256_Y0,11.01531869236149,286.9437449989549,0.2853614229516408,0.0362892967220753,0.9480397476851016,10.077606,0.069880426,-0.03210187,0.2433929443359375,1
site5_204.png_X0_Y256,13.201412742565706,748.5037080240761,0.1808532696850548,0.0190755219522403,0.9148026324467308,7.2418823,0.101022154,-0.07735536,0.538177490234375,2
site5_204.png_X256_Y256,11.496672670914364,329.46624972971495,0.2266114294556953,0.0327845791263658,0.8222693531447878,9.061096,0.091172054,-0.054219745,0.2057647705078125,1
site5_205.png_X0_Y0,11.356031939926162,340.1386127631698,0.2217270059329445,0.0312817025733614,0.8918233412974164,13.091766,0.08789644,-0.047008783,0.12786865234375,1
site5_205.png_X256_Y0,13.741616570112594,975.6271072875898,0.1235981188228182,0.0120964391031147,0.8496731672443026,10.986374,0.09701212,-0.06295648,0.5035858154296875,2
site5_205.png_X0_Y256,10.892432165388986,122.790293411795,0.2346334326428481,0.0341731624003465,0.8890206958205278,11.379959,0.07943325,-0.039005075,0.0,0
site5_205.png_X256_Y256,13.22291959513689,501.7128744804095,0.152443111717805,0.0134771626444181,0.898310261216187,12.678055,0.11838557,-0.07880128,0.3686676025390625,1
site5_206.png_X0_Y0,14.14050892585689,1373.7247681182475,0.0660400145320827,0.0094580700859914,0.7334256832931803,9.950195,0.083818026,-0.052107535,0.85906982421875,2
site5_206.png_X256_Y0,14.259970818327496,1403.1988411159125,0.0917934736224618,0.0113345727949585,0.8040206369813243,12.183456,0.1096016,-0.079440035,0.73516845703125,2
site5_206.png_X0_Y256,14.71010816984064,2143.1693416146263,0.0363839861675071,0.0068796909460402,0.6307861705764863,9.528442,0.07941875,-0.056406222,1.0,2
site5_206.png_X256_Y256,14.734876031599956,2118.701605422166,0.0528928515551202,0.0069159923201822,0.7170318650743823,9.547714,0.10387631,-0.08601467,1.0,2
site5_207.png_X0_Y0,14.54279492260376,1756.8753665358622,0.046870511337338,0.007469998842496,0.6873914164034284,8.523468,0.12310785,-0.10308878,1.0,2
site5_207.png_X256_Y0,14.58176875030534,1898.0130670597491,0.0459020470202797,0.0074989571038688,0.6815311220906661,6.29718,0.13995215,-0.12723659,1.0,2
site5_207.png_X0_Y256,14.766810469708698,2092.856501886424,0.0432724295228889,0.0067316207773316,0.6721739961364642,8.908066,0.11580448,-0.0961882,1.0,2
site5_207.png_X256_Y256,14.815597283200434,2245.633548560246,0.0421254591150342,0.0066211857503926,0.6656355676880055,7.288025,0.12776774,-0.113336,1.0,2
site5_208.png_X0_Y0,14.47074311194048,1461.683891802603,0.0589201751980355,0.0077137732021571,0.7756869437488555,4.003723,0.19635624,-0.19092083,1.0,2
site5_208.png_X256_Y0,13.975145099683076,1181.1415805220906,0.0892693321879645,0.0099348822820376,0.7667513447902061,3.113388,0.20199661,-0.20417583,1.0,2
site5_208.png_X0_Y256,14.216719365837136,1583.818089512164,0.0473494402266303,0.0085713135863491,0.6945411249460772,-3.2454987,0.2652587,-0.30459052,1.0,2
site5_208.png_X256_Y256,13.94711261251068,1047.733819609798,0.090259622132578,0.0098897766388438,0.8227458710461099,3.2970123,0.2564721,-0.26853395,1.0,2
site5_209.png_X0_Y0,14.629119619236905,1979.6556218163928,0.0640069192573041,0.0074693642207592,0.7391780010284129,5.2373505,0.16557482,-0.16129282,1.0,2
site5_209.png_X256_Y0,14.53242483570055,1975.2907422178669,0.0647697056576387,0.0079038158943997,0.7253571077335157,2.0278015,0.20462605,-0.21722491,1.0,2
site5_209.png_X0_Y256,13.60001788811282,902.4321167040368,0.1126359042966674,0.0121552239017186,0.8257131831468361,2.3406677,0.21458794,-0.22092047,0.9221954345703124,2
site5_209.png_X256_Y256,13.341539862888958,894.3094602738427,0.0881014716239516,0.0126154522095401,0.7346127651099073,5.4115906,0.20774634,-0.18917793,0.6402435302734375,2
site5_210.png_X0_Y0,13.813243037329238,962.6328772738398,0.0678104587207024,0.0098958510427174,0.7329657714531487,5.894348,0.22999325,-0.2312026,0.4915008544921875,2
site5_210.png_X256_Y0,12.350612379811231,455.9837144217644,0.0798638445302222,0.0178205719908642,0.4588510342339043,22.997742,0.15486509,-0.07514529,0.0,0
site5_210.png_X0_Y256,12.194053238835853,331.80163548877846,0.1007899335037956,0.0186651385972152,0.6556042458148272,19.106339,0.15331069,-0.05296381,0.0,0
site5_210.png_X256_Y256,12.670214790857928,379.7778247248792,0.0845824764000323,0.0148837614951816,0.7009568366166138,28.859604,0.08747814,0.10073612,0.0,0
site5_212.png_X0_Y0,11.95363421262148,313.30995390896044,0.0869295295649686,0.0199447821553613,0.4849868114687997,23.202194,0.13002667,-0.023020152,0.0,0
site5_212.png_X256_Y0,13.3327367350616,573.9165800413552,0.0758877938002393,0.0121966963524746,0.8198119548547577,38.6436,0.06863309,0.1543624,0.0,0
site5_212.png_X0_Y256,12.45160888526368,407.3782877378743,0.139816681739495,0.0221366713343,0.902577733656018,38.8667,0.08771732,0.106249556,0.0,0
site5_212.png_X256_Y256,12.782157859211663,439.4024007142791,0.0942586441709225,0.0151988376761976,0.7479212511279608,34.9955,0.13192122,-0.011927862,0.0,0
site5_213.png_X0_Y0,13.144281958889648,539.2382782914012,0.1290295404419977,0.0152540707235114,0.8793180476445289,20.334427,0.14540842,-0.09324996,0.1982879638671875,1
site5_213.png_X256_Y0,12.883117449324818,358.03349072472247,0.160346209917192,0.017112589577553,0.9220970450874484,20.346848,0.1305545,-0.07041365,0.2569427490234375,1
site5_213.png_X0_Y256,11.891235923859714,239.11094293661895,0.1388351179326243,0.0240989922524921,0.8393194816122038,47.018692,0.113679074,0.0344368,0.0,0
site5_213.png_X256_Y256,12.425329680977235,314.17405870039204,0.0943289187116889,0.0166932352145149,0.7630906605112999,52.269913,0.09361035,0.08037172,0.014923095703125,0
site5_214.png_X0_Y0,12.456973187118134,412.9996935824057,0.1217246424778434,0.0192366090588337,0.7458973700898268,25.294418,0.15749475,-0.08906532,0.0,0
site5_214.png_X256_Y0,10.104396625826828,101.57551445057356,0.1993125817620318,0.0465220728918534,0.7890846012419673,27.474564,0.15825088,-0.091896474,0.0,0
site5_214.png_X0_Y256,12.346982088863324,315.1021640865397,0.0932734566699082,0.0171236845320603,0.7429738294814782,57.68805,0.086695194,0.10151806,0.0088958740234375,0
site5_214.png_X256_Y256,12.01518740457512,293.7778538452894,0.0999149002258512,0.0196896320050985,0.6674882005450374,61.864243,0.06590875,0.14305325,0.0347747802734375,0
site5_218.png_X0_Y0,11.350894837617131,228.13544263325429,0.2806110764737135,0.0480675375173689,0.953345671888277,9.788254,0.032593198,0.04711647,0.4517974853515625,2
site5_218.png_X256_Y0,13.330708566035916,665.5321884912091,0.0621206342258683,0.0112939254470121,0.6872652364689725,10.130371,0.09775977,-0.0699843,1.0,2
site5_218.png_X0_Y256,6.618609977581038,171.2944900699436,0.6622798496025921,0.4481028661357962,0.9623952662477848,2.4608765,0.023725549,-0.0056979246,0.213043212890625,1
site5_218.png_X256_Y256,13.29440028120485,555.7471959102263,0.0685886190851412,0.0114855395524486,0.7441207415797675,13.82724,0.09262945,-0.05972334,0.999114990234375,2
site5_219.png_X0_Y0,13.473752875422736,804.8656467915092,0.0557031414617069,0.0108340291469883,0.6559013754267108,8.255539,0.103954196,-0.08101525,1.0,2
site5_219.png_X256_Y0,12.022802552771552,280.3030454933288,0.1761666316265648,0.0243677130554831,0.8295013691580676,12.214966,0.121953554,-0.077070504,0.2480316162109375,1
site5_219.png_X0_Y256,13.501820667930474,722.6422031940783,0.0594017143361235,0.0105531361869763,0.717247212753432,13.801468,0.095505446,-0.062960505,1.0,2
site5_219.png_X256_Y256,13.25962929771811,532.5172960970706,0.1008665595742793,0.0127956778024829,0.8032859079943007,15.670837,0.10782504,-0.055237874,0.506103515625,2
site5_220.png_X0_Y0,12.612646886569246,369.3664983870467,0.1866667028128574,0.01859894715583,0.9209271830993424,13.768188,0.12877059,-0.09432541,0.1563262939453125,1
site5_220.png_X256_Y0,13.455664963042343,535.5050735745135,0.1491424429278863,0.011876713039748,0.9371234680833304,11.012848,0.11969733,-0.078345105,0.35321044921875,1
site5_220.png_X0_Y256,11.37476625767814,117.07565257352998,0.1938497638628183,0.0302927804208227,0.946601369151908,17.952774,0.110688746,-0.061777607,0.1859130859375,1
site5_220.png_X256_Y256,13.016566764101723,574.9964181595417,0.1223262565797463,0.0151763273399631,0.8617521074404186,22.149918,0.07599551,0.01914386,0.7137603759765625,2
site5_221.png_X0_Y0,12.77932545460552,340.5067301188392,0.1794989476990221,0.0193145742059461,0.9597114606811252,9.551697,0.088185556,-0.06190923,0.111541748046875,1
site5_221.png_X256_Y0,11.0289943820705,113.15141068038704,0.2098135246467183,0.0289059710184716,0.9739023910845784,11.215164,0.08113934,-0.053186826,0.0,0
site5_221.png_X0_Y256,11.275348695766512,211.95667066152797,0.2409424096268139,0.0577474820106187,0.973822541327509,11.265121,0.09573072,-0.07022917,0.01080322265625,0
site5_221.png_X256_Y256,12.390084154888903,335.47023488563354,0.1496949016614062,0.0196988454032814,0.8886081347292538,12.109497,0.08525853,-0.057596464,0.245361328125,1
site5_223.png_X0_Y0,12.367303920724854,218.53431145773683,0.1244357615039022,0.0166213661324599,0.8754170233402053,15.978241,0.07860292,-0.045223452,0.0,0
site5_223.png_X256_Y0,13.96184099774608,1093.4009578198418,0.1100259128926735,0.0116713941874879,0.8774015644425361,9.064438,0.09227258,-0.06381732,0.282867431640625,1
site5_223.png_X0_Y256,12.730407457363036,569.0706560578589,0.1662084565343047,0.0189031994456504,0.8656231119190958,10.047348,0.08739087,-0.05109495,0.0,0
site5_223.png_X256_Y256,14.121483456515636,1301.9658248031983,0.08025631939156,0.0096756167723113,0.801185865621777,11.300232,0.06739093,-0.029423982,0.735595703125,2
site5_224.png_X0_Y0,13.94833115983033,1007.0906176411702,0.0973131513751067,0.010074605009516,0.8058746594243216,9.171722,0.1142921,-0.08580522,0.3306732177734375,1
site5_224.png_X256_Y0,13.606451170666867,1198.6924994144997,0.1000408082535939,0.0129452273037716,0.6564312873236633,8.4045105,0.10007027,-0.07318705,0.45745849609375,2
site5_224.png_X0_Y256,12.579429058938462,469.359581711431,0.1956951907847095,0.0201394733384706,0.8880080026158836,8.569611,0.12521529,-0.09338182,0.275604248046875,1
site5_224.png_X256_Y256,12.194524350666995,300.3650214761382,0.1921477568317665,0.0219582672547088,0.938658632331242,7.536331,0.13399923,-0.10950577,0.0,0
site5_225.png_X0_Y0,13.279687128824898,660.4038661212678,0.1083658032754619,0.0141380783626907,0.783548126079908,6.5105896,0.15697499,-0.13690352,0.5851593017578125,2
site5_225.png_X256_Y0,13.653252546235723,865.8409236682992,0.0744811341730253,0.0113852292616509,0.805323361077193,3.085846,0.19050385,-0.18603946,0.9855804443359376,2
site5_225.png_X0_Y256,12.671953344290127,348.49488704767623,0.1655761295493271,0.0174294277656642,0.9016581745985645,6.8524475,0.14036447,-0.116255395,0.2255096435546875,1
site5_225.png_X256_Y256,13.378144315961748,913.8895402761212,0.1479579596633351,0.0144511724588572,0.840383573336294,6.965683,0.15565318,-0.13374388,0.5935516357421875,2
site5_226.png_X0_Y0,12.748284374322717,393.22544484096215,0.1355651838976518,0.0158855599821149,0.8683883339880918,7.115677,0.20752025,-0.18028367,0.3301849365234375,1
site5_226.png_X256_Y0,12.5332165659871,435.067513411342,0.1194577975339317,0.0179490483376149,0.7442951919848962,25.094238,0.10800566,0.049743667,0.08404541015625,1
site5_226.png_X0_Y256,13.570990323865551,690.1798010230658,0.1384904145800535,0.0115247472748628,0.8889433765017575,13.85672,0.14140537,-0.07474819,0.0,0
site5_226.png_X256_Y256,12.35885017194405,531.6441864457294,0.146179712208967,0.0232828861459556,0.8848608677347214,7.4149475,0.1542009,-0.11986658,0.0,0
site5_227.png_X0_Y0,12.835044885966262,551.9964502385684,0.1056870217953167,0.0161182065319817,0.8093186825414287,29.240753,0.08180143,0.12580456,0.03594970703125,0
site5_227.png_X256_Y0,13.767492834502708,1085.0474001588127,0.0907999459703367,0.011403933686427,0.8455171471290297,19.714615,0.12085855,0.0019749291,0.307952880859375,1
site5_227.png_X0_Y256,13.0130397128544,505.2162598069488,0.1767527315899042,0.0153472844825633,0.907595791812706,26.34581,0.17990357,-0.11839147,0.1537322998046875,1
site5_227.png_X256_Y256,13.41007701376036,800.0126979857955,0.1449394844994908,0.013187685998008,0.8485227281403886,10.924286,0.1598254,-0.13479021,0.312835693359375,1
site5_228.png_X0_Y0,13.306751280472614,996.4900871211264,0.1555484533274863,0.019757278310079,0.8965967629652212,12.07843,0.17173246,-0.10275074,0.410064697265625,2
site5_228.png_X256_Y0,13.561844482609384,761.632897488364,0.1310453350137214,0.0127922282450615,0.8724969355794566,15.196533,0.13682671,-0.097001314,0.009765625,0
site5_228.png_X0_Y256,13.682426345881488,898.4026629332245,0.1199492659741116,0.0116131253996153,0.8429827464495734,3.115219,0.17633162,-0.16871332,0.37890625,1
site5_228.png_X256_Y256,12.503144988055723,427.2085086114792,0.1435567976129109,0.0200346263706198,0.8508132022620805,15.591644,0.15016223,-0.11967465,0.28350830078125,1
site5_229.png_X0_Y0,9.950984791962654,169.60097513576866,0.2916544557939426,0.0551034643325896,0.9387785809318712,19.309921,0.084994406,-0.04382033,0.0,0
site5_229.png_X256_Y0,11.729702708883517,192.2474206885642,0.2259205634078733,0.0251321912069584,0.9627212006586048,18.285614,0.13542762,-0.08727528,0.0,0
site5_229.png_X0_Y256,11.60312392402072,532.9870887398719,0.2268904929550946,0.0393296154037882,0.936146740060737,13.377014,0.11626794,-0.08246446,0.0242919921875,0
site5_229.png_X256_Y256,12.877108885337067,471.2846488580429,0.160746587147543,0.0207332902003677,0.9551461450954146,21.63057,0.106991336,-0.018655185,0.0,0
site5_236.png_X0_Y0,0.1052301778387872,1.0308792291426476,0.9950344547510888,0.9940102420681936,0.937091399435566,-0.09780884,6.3768355e-05,-0.0008416113,0.0,0
site5_236.png_X256_Y0,12.26467089657496,619.5126577067614,0.158814461918147,0.1010159399536581,0.8985751704875136,16.459915,0.07031995,-0.03484899,0.86456298828125,2
site5_236.png_X0_Y256,8.863557028712282,310.56291507475123,0.4761156576736325,0.3658065619694391,0.9634888680837208,12.266205,0.053453185,-0.018660203,0.0,0
site5_236.png_X256_Y256,13.179744813839172,685.5656220564156,0.1034774053014051,0.0335345942361533,0.8252497035832866,19.90036,0.078922085,-0.036256745,0.811248779296875,2
site5_237.png_X0_Y0,13.375862317066574,748.4830422643903,0.0577474203134751,0.0110850782313503,0.6449324449379871,16.458298,0.086116,-0.048486207,1.0,2
site5_237.png_X256_Y0,13.6874278930162,802.9558950433718,0.0656493489849267,0.0099249225250323,0.7392917760358634,17.958054,0.09274327,-0.03635665,0.82745361328125,2
site5_237.png_X0_Y256,13.45233708275584,715.3640308264955,0.0643980531925774,0.0114688808144357,0.6958260827368377,18.34468,0.08886039,-0.046161983,0.9367523193359376,2
site5_237.png_X256_Y256,13.260437960241852,614.9529787972356,0.0937537173461746,0.0124321834859431,0.7194220486633115,18.803848,0.09904903,-0.05181075,0.67108154296875,2
site5_238.png_X0_Y0,11.259609653061029,78.6755603613996,0.2250498778011614,0.0256907011167885,0.930334007475094,17.643677,0.120606706,-0.08359845,0.0,0
site5_238.png_X256_Y0,13.801008007502809,801.9055501339985,0.0941263922831961,0.0103282432910784,0.837419544107816,20.143158,0.11792198,-0.049938314,0.4044342041015625,2
site5_238.png_X0_Y256,12.03854645924272,174.4863204957234,0.1791733816705509,0.0225938567863345,0.9241449007547472,20.898438,0.11537374,-0.06927147,0.0,0
site5_238.png_X256_Y256,13.045824190297866,559.428120945103,0.0713262252014727,0.0134447534772125,0.6615929639409647,16.06186,0.12377101,-0.0687895,0.2316436767578125,1
site5_239.png_X0_Y0,11.603796576616617,489.5426343533437,0.2441067065774241,0.0527050607531333,0.956327381909547,12.167236,0.10836716,-0.07621254,0.110382080078125,1
site5_239.png_X256_Y0,11.57675986326937,149.94933538182715,0.1405399345483315,0.022617184329475,0.7988764498943418,13.31398,0.08010657,-0.050249178,0.0,0
site5_239.png_X0_Y256,13.155755051239629,1076.436995476437,0.1730788477305397,0.041364892163886,0.9047380052176764,14.61145,0.11013304,-0.074756704,0.4037933349609375,2
site5_239.png_X256_Y256,13.014614093692227,423.2847922523973,0.1443196776908488,0.0139442641984729,0.9155933371660628,11.601898,0.08056356,-0.041165628,0.03363037109375,0
site5_240.png_X0_Y0,10.702501820867935,108.5377061707099,0.2453811914886117,0.0368747109846091,0.9435186093146624,9.707367,0.0719942,-0.03548027,0.0,0
site5_240.png_X256_Y0,10.938612729249837,244.81574076079397,0.2238070197802097,0.037351133466544,0.852663515838467,8.375229,0.068739474,-0.031890206,0.02862548828125,0
site5_240.png_X0_Y256,12.74076385655512,669.4313563744488,0.1933234918985955,0.0175774716311073,0.9045622663669748,10.58313,0.105355844,-0.07259792,0.2021636962890625,1
site5_240.png_X256_Y256,12.73096739309769,470.7654931247149,0.1348656731459262,0.017859595286346,0.8860209654117092,10.522568,0.07651763,-0.023451176,0.1727294921875,1
site5_241.png_X0_Y0,11.695534109822884,329.65677723114925,0.1958996841029914,0.0266949550039441,0.8631359273007565,8.348694,0.08769141,-0.056845684,0.11279296875,1
site5_241.png_X256_Y0,13.129969899622877,670.6919424020192,0.135515927487382,0.0148088438846081,0.8301556042170872,7.8862915,0.063090384,-0.032464482,0.6335601806640625,2
site5_241.png_X0_Y256,12.861993192743752,655.3142143647566,0.1596341884183676,0.0436258270098828,0.9133235762037984,19.779922,0.08829461,-0.0057333447,0.35125732421875,1
site5_241.png_X256_Y256,12.742735718766207,482.55354890551575,0.1025678543313073,0.0161401217583437,0.8390552083958098,37.941727,0.080130376,0.06016191,0.0333251953125,0
site5_242.png_X0_Y0,13.59542163251342,704.332317528153,0.1224115970961968,0.0114265034081078,0.8866662070946798,14.019287,0.093500145,-0.052068785,0.34381103515625,1
site5_242.png_X256_Y0,13.118846349901595,489.27174187815376,0.1109070598013021,0.0140202552057975,0.8633754024800395,24.728668,0.10793078,-0.030643733,0.282806396484375,1
site5_242.png_X0_Y256,12.45633860198685,371.5882979052804,0.0951837617283885,0.0181668264057088,0.8125169533998986,51.3703,0.06242343,0.12359594,0.087371826171875,1
site5_242.png_X256_Y256,11.395755477335303,234.9640257503218,0.1069531624918795,0.0254409764647969,0.5124211448928049,45.99124,0.093118176,0.073922694,0.0,0
site5_243.png_X0_Y0,11.868899175598994,210.28831061071963,0.1386915600634135,0.0213181786056192,0.9218204277772496,37.39511,0.10453181,0.019030992,0.0,0
site5_243.png_X256_Y0,12.66734689923764,382.2095849853821,0.1391222228449651,0.0174780669994138,0.8899090145473101,28.738373,0.11222926,-0.01072013,0.1776885986328125,1
site5_243.png_X0_Y256,11.716390749802674,210.8210304930861,0.1161855583402879,0.0223241323536583,0.6897892280294473,37.62953,0.10064396,0.055737916,0.0,0
site5_243.png_X256_Y256,12.556108190107562,369.5170785725837,0.1470469518216605,0.0184171882157577,0.9419613625234278,30.806839,0.09822325,0.034132686,0.0067901611328125,0
site5_244.png_X0_Y0,12.319793504773155,404.5885788819623,0.1750569892253948,0.023303993124953,0.8250883850342601,7.080429,0.16965073,-0.14938039,0.1321563720703125,1
site5_244.png_X256_Y0,12.755010905654665,828.2094394133808,0.1768334381136577,0.0258620194102944,0.8092838982661426,3.4908142,0.18157074,-0.17150483,0.0,0
site5_244.png_X0_Y256,13.09386066658273,653.4387170650405,0.1219570200399171,0.0144263098796832,0.844629916664354,18.035675,0.12646654,-0.051349714,0.225555419921875,1
site5_244.png_X256_Y256,10.020542359311465,357.8149187812215,0.269027440530945,0.0587367155313888,0.955283412134069,14.24678,0.12654853,-0.10283215,0.0,0
site5_245.png_X0_Y0,11.998457905286209,164.9820530565206,0.1661304700992862,0.0197719408076737,0.914876391298262,14.496841,0.12503001,-0.09040551,0.0,0
site5_245.png_X256_Y0,11.143370454400875,222.21485692102476,0.2274434095236778,0.0399830046526227,0.8927379569524169,15.612076,0.13135293,-0.10083204,0.13671875,1
site5_245.png_X0_Y256,11.652153668537782,133.11367118416229,0.2123826102654926,0.0271898677288275,0.9582264731843216,13.567749,0.11908469,-0.093354434,0.0,0
site5_245.png_X256_Y256,10.79096964797962,61.62583599156585,0.2135693825782534,0.0316421340018796,0.926341995726867,12.060318,0.124458596,-0.10225612,0.0,0
site5_247.png_X0_Y0,13.083377767801192,386.0358776522264,0.1348947811593286,0.014201110992707,0.9245262666109648,11.93927,0.13974947,-0.11119604,0.11053466796875,1
site5_247.png_X256_Y0,13.348971190135074,586.9389109807479,0.1620101570655159,0.0149335219188075,0.9189173122957864,16.341782,0.11122852,-0.0734804,0.098236083984375,1
site5_247.png_X0_Y256,10.864541594346528,143.66680934015795,0.2280591225693104,0.0382494128859806,0.9388541408224232,16.719086,0.12017293,-0.090127364,0.0,0
site5_247.png_X256_Y256,10.611895650096429,104.48133557405946,0.2397767864553003,0.0366339674550271,0.8733685235062001,18.365692,0.12305538,-0.09178389,0.0173797607421875,0
site5_248.png_X0_Y0,11.94145147066588,179.04699568676352,0.1805791785972624,0.0210001406851199,0.9025853231637568,21.333817,0.13858248,-0.081508614,0.3288116455078125,1
site5_248.png_X256_Y0,10.456424867609256,87.5578818543353,0.2295311451807858,0.0410582102210693,0.8432796318021896,29.949005,0.1487193,-0.079101935,0.0,0
site5_248.png_X0_Y256,12.04557779096575,134.63815922662494,0.1620593035186516,0.0192875939811199,0.939612216293236,36.139236,0.088759325,0.058756344,0.0,0
site5_248.png_X256_Y256,12.308254563759832,179.1166170913859,0.1286822668353816,0.0167585872393664,0.901886964939036,27.53035,0.12336824,-0.029961351,0.0,0
site5_255.png_X0_Y0,12.06710485602325,186.66537348916205,0.1981260057139598,0.0226480107883844,0.9501212282860488,22.441757,0.08781798,-0.02931354,0.0082855224609375,0
site5_255.png_X256_Y0,12.794865280025626,323.3799686418872,0.1377785175706972,0.0153980754017758,0.914274267622834,26.062714,0.096853256,-0.013285794,0.071868896484375,1
site5_255.png_X0_Y256,11.278212652489431,164.31213754926458,0.1189695990526659,0.025522513522148,0.6271674924602592,55.504166,0.05024223,0.16059178,0.0,0
site5_255.png_X256_Y256,11.093834657656826,153.60029516892905,0.1195312775892297,0.0264569754109144,0.558079312904417,57.060516,0.059521545,0.15247053,0.0,0
site5_256.png_X0_Y0,12.763730513710591,474.01462748707286,0.0830539411476166,0.0155306426814537,0.8045423489304006,37.085205,0.083066754,0.06366095,0.06884765625,1
site5_256.png_X256_Y0,12.533637173776324,430.7226616866294,0.075243153230822,0.0160131778061059,0.5658317151718997,48.12961,0.06404325,0.13584322,0.0,0
site5_256.png_X0_Y256,11.200190958038732,196.4014173334812,0.1034436689973118,0.0254874816042719,0.4049428605689349,61.312363,0.04528477,0.18833041,0.0,0
site5_256.png_X256_Y256,11.628593713739283,264.2962530336935,0.0908078048343675,0.0217342867586118,0.4001938748006629,52.413025,0.07683791,0.11653207,0.0,0
site5_257.png_X0_Y0,13.131848757125052,663.2770474547289,0.0645672719001843,0.0125852794912689,0.557039777459781,43.921127,0.028327119,0.2365032,0.0,0
site5_257.png_X256_Y0,13.077319561342494,818.9594484093489,0.0952212927417664,0.0143117765233518,0.6585247498709542,36.78177,0.00029517245,0.26074576,0.115081787109375,1
site5_257.png_X0_Y256,12.370056047509228,436.6667251778268,0.075739021401899,0.017172345244455,0.4641474886201008,52.2267,0.041382514,0.21334416,0.0,0
site5_257.png_X256_Y256,13.046632259761274,583.0090563125095,0.0882232752893589,0.0220325615713511,0.7096517664687523,54.584732,-0.02813555,0.3514256,0.0,0
site5_258.png_X0_Y0,12.4027724330485,406.1597316987697,0.0917962249869328,0.0166677976495292,0.5810706916290636,37.03,0.011172675,0.2669752,0.0,0
site5_258.png_X256_Y0,12.679860230491286,459.5620336379151,0.0759117769769097,0.0147441845599007,0.5839546439379315,51.917862,-0.01600194,0.34976315,0.0,0
site5_258.png_X0_Y256,12.639173594127053,537.7641192841025,0.1537293417850063,0.0279091725799548,0.8186110793930056,38.481033,0.015534641,0.19400802,0.0,0
site5_258.png_X256_Y256,12.220106567243032,375.38705403273406,0.1644885140826598,0.0376766469803807,0.810713213668019,41.42018,0.04606887,0.14375015,0.0,0
site5_259.png_X0_Y0,13.29646471401488,827.1740740340417,0.0540434588072033,0.0117838975952991,0.4621310810987821,30.937119,0.04864364,0.10718598,0.0,0
site5_259.png_X256_Y0,13.232178250776482,774.602241776028,0.059529376739193,0.0128519364205187,0.5072303143194042,31.522614,0.06285428,0.08213107,0.0,0
site5_259.png_X0_Y256,12.473237813865,463.3206403787404,0.1098358384553761,0.0211601585703383,0.7528523960029746,40.51631,0.075810924,0.07171879,0.0,0
site5_259.png_X256_Y256,12.825698744116494,329.06834665455,0.1002543353554236,0.0168504036765627,0.922415064640634,35.193207,0.07607098,0.048973825,0.363372802734375,1
site5_260.png_X0_Y0,12.261505940463984,456.11405380446246,0.148169179376202,0.0464114341734737,0.8090226295636154,36.854797,0.072042,0.108643085,0.0,0
site5_260.png_X256_Y0,12.06954661240158,436.5225858744709,0.1642833654075167,0.0454078621330421,0.9009503688623062,33.924088,0.06855589,0.10914377,0.1160125732421875,1
site5_260.png_X0_Y256,12.82801742806388,380.3249915897732,0.0915405189515501,0.0147049388687997,0.8890976788669631,21.639618,0.08507734,-0.015840601,0.853118896484375,2
site5_260.png_X256_Y256,12.241193459053454,387.34864981317423,0.0855831120248051,0.0184910986034462,0.5905201848545899,17.746017,0.09534772,-0.059374243,0.99957275390625,2
site5_261.png_X0_Y0,12.342170970435289,461.4803173659441,0.1431865993426676,0.0420762949741113,0.8892112629509009,24.384354,0.07843818,0.04728853,0.4580841064453125,2
site5_261.png_X256_Y0,13.11537189337592,484.9486093239551,0.1387823912798649,0.0148382925394844,0.9296950304338985,19.00032,0.10071945,-0.030546475,0.5231475830078125,2
site5_261.png_X0_Y256,12.68276176100047,643.1081380659078,0.0660804212294758,0.015934290904112,0.4543157376543185,13.433746,0.09937556,-0.06798071,1.0,2
site5_261.png_X256_Y256,13.252480301855584,553.7220810956263,0.0917738524835791,0.0127549588291124,0.840499382120234,15.7621,0.096174285,-0.04442011,0.85540771484375,2
site5_262.png_X0_Y0,12.72481008810494,464.1984589311064,0.1662737177115155,0.0189534299115168,0.9359648528284878,25.174362,0.100321725,-0.018396799,0.26513671875,1
site5_262.png_X256_Y0,10.48224797559087,135.73694205653572,0.2328817965879776,0.0490528776470797,0.9818023439826352,19.865768,0.11155445,-0.061913293,0.005706787109375,0
site5_262.png_X0_Y256,12.25323311419855,301.43680226660604,0.1664487584535405,0.0209145365989087,0.9302157456743853,27.027817,0.081477866,0.062539056,0.0,0
site5_262.png_X256_Y256,10.890515431356288,138.58758698578663,0.2552427759634005,0.0491053336431154,0.9763557968124904,22.26152,0.10399911,-0.02731727,0.0,0
site5_265.png_X0_Y0,11.51110923863008,152.72688851644006,0.2202841910175552,0.035525686923989,0.966168675724936,10.387344,0.14321102,-0.12355331,0.0,0
site5_265.png_X256_Y0,11.585123348158492,133.17016167159483,0.1593348913006195,0.0236989781057046,0.8678054737006138,10.228775,0.15680203,-0.13596237,0.0,0
site5_265.png_X0_Y256,10.202289128052788,252.0143311616972,0.3726495305381241,0.1784139228596477,0.9818028096443496,12.218063,0.12462304,-0.100271165,0.0,0
site5_265.png_X256_Y256,11.831819422132686,201.5967702476324,0.2036044039420893,0.0490971788850345,0.9308051931752018,11.539276,0.18107924,-0.14853351,0.0,0
site5_275.png_X0_Y0,11.552189808344218,245.53741239848063,0.0924316095734954,0.0223640743054607,0.4207161295803877,58.60411,0.038747206,0.21249461,0.0,0
site5_275.png_X256_Y0,11.922525200721722,333.882231068019,0.1929167977772262,0.0274620834326359,0.8799117972723257,27.820175,0.083882004,0.033601336,0.0,0
site5_275.png_X0_Y256,11.16423970346536,162.88215698289326,0.1125577445144611,0.025343689202106,0.5187194546614071,54.473022,0.060852323,0.15705094,0.0,0
site5_275.png_X256_Y256,12.066752144396837,377.7788616157673,0.1493964187213441,0.0487741727576471,0.850115419224735,44.481552,0.051709414,0.1483722,0.0926666259765625,1
site5_276.png_X0_Y0,10.102616573723878,331.2649112721424,0.3688510930275262,0.1194718304351562,0.9580887118617786,18.150482,0.092186786,-0.041259985,0.0,0
site5_276.png_X256_Y0,11.526042454532073,399.4510925335669,0.2555134676772169,0.0719207385227952,0.9342168260954182,27.628204,0.0996566,-0.0074467883,0.0756988525390625,1
site5_276.png_X0_Y256,10.199300667204104,188.93257692354604,0.2415417938730012,0.1148556768868263,0.9344818284156826,45.00035,0.065293394,0.09084292,0.0,0
site5_276.png_X256_Y256,10.824547636483558,95.05553181168416,0.1415483335875206,0.0287497495954638,0.7104999835082904,49.500366,0.07891385,0.078322075,0.0,0
site5_277.png_X0_Y0,12.217453333337078,254.3898176933361,0.1824524707671903,0.0197475409687937,0.930668968166467,43.58156,0.050879862,0.09474012,0.3465118408203125,1
site5_277.png_X256_Y0,12.81331523430539,288.8847670967963,0.1149255988977458,0.0151687394180796,0.9418292194746732,40.84105,0.058200438,0.06742337,0.55902099609375,2
site5_277.png_X0_Y256,11.01007490347165,106.36677883806846,0.1443850019793219,0.0275821355754661,0.7772890037304312,50.09041,0.0781607,0.07302212,0.047332763671875,0
site5_277.png_X256_Y256,12.24049401315958,215.18044044059556,0.1195143967197555,0.0193342264700991,0.8972038325414267,46.20656,0.068380445,0.085428074,0.1200714111328125,1
site5_278.png_X0_Y0,12.778604978784736,404.5543925413321,0.0967910494593379,0.0141157427827684,0.7791323205537615,19.330826,0.093270734,-0.058210827,1.0,2
site5_278.png_X256_Y0,12.670686791248142,371.6214222594689,0.0992614905415337,0.0146701154860146,0.7742562969481852,19.054825,0.09424378,-0.059750356,1.0,2
site5_278.png_X0_Y256,12.298112848574227,273.6424989186843,0.1145815332755814,0.0179584156632936,0.8260027679242692,20.878952,0.09081066,-0.05322043,0.9751739501953124,2
site5_278.png_X256_Y256,12.149790361832125,262.84527563016377,0.1724049016414321,0.0577385314920714,0.9567019192704233,26.144257,0.080126405,-0.020740932,0.7564544677734375,2
site6_83.png_X0_Y0,12.026995246617592,195.8450721327331,0.1912756371656337,0.0256674683143821,0.9762841098903544,18.322784,0.05690981,0.026764214,0.0,0
site6_83.png_X256_Y0,12.448005245645977,164.8773677491885,0.1714683430813608,0.0198010141018208,0.9630118390958912,24.175705,0.07462253,0.057736672,0.0,0
site6_83.png_X0_Y256,12.715524485289553,159.8640963661843,0.1219260597446854,0.0150713701354907,0.9511399774945724,10.9648285,0.17827006,-0.14526173,0.0,0
site6_83.png_X256_Y256,13.077821372023056,225.23453269175764,0.12159084107711,0.0124823784469818,0.9545467315525756,27.239243,0.111707754,0.026254375,0.0,0
site6_84.png_X0_Y0,12.716443540379874,151.65213187236023,0.1334463142506208,0.0139523727953156,0.9555954971900472,10.961838,0.15023705,-0.11566846,0.0,0
site6_84.png_X256_Y0,12.509859357515102,133.1313543018348,0.1549703183298382,0.0165964815586698,0.9659347315831032,22.751236,0.11053712,-0.009484467,0.0,0
site6_84.png_X0_Y256,11.731887877800254,107.30729285311467,0.2134925820902133,0.027354237146509,0.9692730198785746,11.265671,0.08618549,-0.029758848,0.00958251953125,0
site6_84.png_X256_Y256,12.744461715802018,174.15182803790026,0.1475290047888256,0.0168590884718412,0.9669253489165616,9.640533,0.15490577,-0.11910379,0.0,0
site6_137.png_X0_Y0,13.035847087539413,228.5501793330785,0.1212337074274103,0.0136277302146913,0.950962202408938,10.373199,0.14615667,-0.105761394,0.0,0
site6_137.png_X256_Y0,12.439236518152104,160.08769399090073,0.1862443138411535,0.0224707900831746,0.9701134089379864,13.52272,0.08347553,0.015713843,0.0,0
site6_137.png_X0_Y256,12.677417209030814,161.17905824983416,0.1457325459539541,0.0152611465769864,0.9513156785183629,10.729691,0.19305938,-0.15444607,0.0,0
site6_137.png_X256_Y256,11.844018188762988,141.19043613034725,0.2286432860919265,0.0293714231661818,0.9705255413241404,10.596893,0.05924972,-4.7389418e-05,0.113433837890625,1
site6_171.png_X0_Y0,12.77423288432507,177.47081055063316,0.1483508588886196,0.0145114444663408,0.96469868325758,6.8736267,0.13507605,-0.091715954,0.0,0
site6_171.png_X256_Y0,12.97219052886937,244.4408417585954,0.1167408196903015,0.0131704946387149,0.9338448901321426,12.608536,0.16232969,-0.11228412,0.0598907470703125,1
site6_171.png_X0_Y256,12.845470952904254,186.6812855181957,0.1382777945207247,0.0136754350898546,0.959589367685782,2.5888214,0.14691612,-0.13750142,0.0,0
site6_171.png_X256_Y256,12.60302099066216,243.36540304512647,0.1496090150799692,0.0187000712995083,0.9557975838886996,12.62355,0.13787793,-0.04323245,0.0921478271484375,1
site6_172.png_X0_Y0,13.036786614065228,204.0876655613352,0.1529093853700802,0.0134185292794546,0.9639078960314612,5.466034,0.14711049,-0.12860557,0.193023681640625,1
site6_172.png_X256_Y0,11.929070375793865,78.78012339004682,0.2069802444918054,0.0204284301168765,0.9729413607891384,2.167694,0.11714518,-0.1085068,0.0,0
site6_172.png_X0_Y256,12.993229962188288,182.6855351006894,0.126382280513238,0.0128675257242158,0.9584633248624984,-3.35643,0.18441024,-0.19408637,0.06292724609375,1
site6_172.png_X256_Y256,12.234625688364076,109.64988797878786,0.17913645350431,0.0173663925347148,0.9608303062786336,0.03492737,0.1225447,-0.121312186,0.067413330078125,1
site6_173.png_X0_Y0,11.461296081119691,86.98871221405946,0.2411924991482224,0.0273087016261992,0.9643881875889638,4.8658905,0.086444445,-0.05497951,0.0,0
site6_173.png_X256_Y0,12.640472744861023,234.24677652527916,0.1715915939756261,0.0205017535505801,0.9678335981920928,-0.6733856,0.11460589,-0.114937305,0.0861358642578125,1
site6_173.png_X0_Y256,10.980358354615872,29.511758938870024,0.2408782224468633,0.0264947677176896,0.9778013042075608,12.697845,0.11248247,-0.06401645,0.0,0
site6_173.png_X256_Y256,12.366952554724763,175.97478577952904,0.2170394204877016,0.0199022089457843,0.9748078274217762,9.932999,0.12833723,-0.08833315,0.2707672119140625,1
site6_174.png_X0_Y0,12.863487992787368,192.03345203768316,0.1459041548639915,0.0147066088712973,0.955243071143951,-5.6384277,0.14604671,-0.1718609,0.0,0
site6_174.png_X256_Y0,11.44780402501285,159.6240736585859,0.2348610458977695,0.0415156564365299,0.9541456987355198,-9.0504,0.09687685,-0.15850836,0.0,0
site6_174.png_X0_Y256,12.79807395095443,278.87478064326774,0.1498864015579493,0.0181674755073063,0.9585404010217432,-0.8213043,0.1833063,-0.19052528,0.1514892578125,1
site6_174.png_X256_Y256,12.703148191904887,145.06922558331144,0.1526634819284385,0.014684754621711,0.9641883854347092,-7.214279,0.17279561,-0.20182309,0.0,0
site6_197.png_X0_Y0,13.074638561584653,269.1964333729867,0.0920814508165152,0.0124529160991693,0.903704624175686,9.266708,0.16381425,-0.13489601,0.028411865234375,0
site6_197.png_X256_Y0,13.317639109517136,291.27841199899973,0.0984397151947341,0.0114349354820079,0.9309277539438277,5.871567,0.13851334,-0.120320484,0.1023101806640625,1
site6_197.png_X0_Y256,13.48241738203831,348.7183193363178,0.0928391357204549,0.0113491484109343,0.9256868163297184,1.9700623,0.16751772,-0.16211098,0.32208251953125,1
site6_197.png_X256_Y256,13.34526725664918,310.0080519061284,0.1227596647179937,0.0141556187021137,0.9596794995567324,-2.1444092,0.08335699,-0.09299261,0.591888427734375,2
site6_198.png_X0_Y0,12.784537330273189,225.9936734519225,0.1232821994391226,0.0145025665549434,0.9105864016415152,8.118317,0.17648792,-0.14991286,0.0,0
site6_198.png_X256_Y0,12.23590745902397,97.73858476908056,0.1518638200771694,0.0168163277777412,0.959150073457444,0.17288208,0.18838575,-0.18535763,0.0,0
site6_198.png_X0_Y256,12.522327411955589,168.47861397960637,0.1296286334497497,0.0165203801207467,0.9292816235279758,3.630371,0.17713669,-0.1622353,0.0,0
site6_198.png_X256_Y256,11.934877114531703,101.6585051272365,0.1352494632233958,0.0190864951966544,0.9244872109675836,3.5134277,0.18601336,-0.17514555,0.0,0
site6_207.png_X0_Y0,12.87676006167444,196.1558708339356,0.1202292592008237,0.0136014283101711,0.9462809121467556,-0.9082794,0.19078076,-0.19247752,0.0,0
site6_207.png_X256_Y0,11.680801088743449,59.315141441994285,0.2112716088111664,0.0206368170351552,0.9732112239508854,8.903076,0.12350083,-0.07959221,0.0,0
site6_207.png_X0_Y256,13.054995592693832,209.5806253304047,0.1219702399162504,0.0129422088395303,0.951502043448905,-0.7292328,0.17784981,-0.17975295,0.0069732666015625,0
site6_207.png_X256_Y256,10.39893827487863,43.460078755770574,0.293335811071512,0.0381808081359635,0.9779361490042132,8.438095,0.0687862,-0.014569208,0.0580596923828125,1
site6_208.png_X0_Y0,11.324334135222978,38.98130944228251,0.2308228406880887,0.0231224534529064,0.9794296849543462,15.33429,0.16108686,-0.10499471,0.0,0
site6_208.png_X256_Y0,11.809015560553052,89.0968131247645,0.1951745574532981,0.0227615097755554,0.9645725271141544,27.388245,0.18089263,-0.07937852,0.0,0
site6_208.png_X0_Y256,11.087734246861938,54.98857194348556,0.2524638334148767,0.0302636423278139,0.9693736185781054,10.806824,0.117842376,-0.062137082,0.0,0
site6_208.png_X256_Y256,11.899512550082934,131.25875321391538,0.2081819111749536,0.023560721129865,0.9491694422876764,13.773056,0.15087894,-0.08955433,0.0,0
site6_209.png_X0_Y0,13.233581583220513,267.01904103891206,0.1146926303181873,0.0121977877683938,0.9416600285098417,2.0101318,0.17634113,-0.17320678,0.02557373046875,0
site6_209.png_X256_Y0,10.002475777771712,62.83355995891705,0.3047835778198508,0.048186481371606,0.9620578223963268,-3.169098,0.13922547,-0.16385472,0.0,0
site6_209.png_X0_Y256,12.220677421921556,163.45169939147303,0.1841150061194807,0.0211166353842333,0.953920525309233,-2.1924438,0.18694052,-0.20026611,0.0056915283203125,0
site6_209.png_X256_Y256,12.670479614943275,207.15437542052928,0.1890563061829354,0.0220921570731632,0.97297450548762,-6.4385223,0.18023205,-0.21361864,0.360870361328125,1
site6_231.png_X0_Y0,12.835356350887524,190.11535201305284,0.1045569876964186,0.0134084793517821,0.9331984700604294,10.19426,0.16967836,-0.13330463,0.0056915283203125,0
site6_231.png_X256_Y0,13.505751324523748,318.7878348021319,0.1002855698212429,0.0110594302920387,0.9449343985694492,-1.7935333,0.15461966,-0.1602928,0.3548736572265625,1
site6_231.png_X0_Y256,12.946865177944517,228.2238844434914,0.1045766704148368,0.0136837623157711,0.9273028754575794,4.009445,0.18021595,-0.16650254,0.1584625244140625,1
site6_231.png_X256_Y256,13.653793874279856,416.2257801536661,0.1109750589020653,0.0148357278565115,0.9582202097967804,-3.1632233,0.10429899,-0.12246743,0.996551513671875,2
site6_232.png_X0_Y0,13.76583139708757,398.8392574670758,0.0988648088246334,0.011397931769997,0.9480255224422492,-4.222519,0.12557775,-0.14407611,0.6826324462890625,2
site6_232.png_X256_Y0,12.812655789479615,209.0261245224326,0.1596477115205824,0.0188601226880843,0.9757958818204424,0.4506836,0.060695827,-0.055799015,0.5700836181640625,2
site6_232.png_X0_Y256,13.33948262746962,328.3792886900346,0.1365461093805535,0.0234374267188948,0.9635671801409808,-2.1143494,0.12526666,-0.13829833,0.92596435546875,2
site6_232.png_X256_Y256,13.387373308278942,287.61333369378644,0.1312735901372024,0.0135299851805016,0.967759137228568,-5.8303986,0.048991956,-0.07793569,0.9465179443359376,2
site6_233.png_X0_Y0,12.882957182143969,180.47705904881377,0.1415019189833584,0.0152613403256106,0.966899676036792,9.535339,0.14861253,-0.1161436,0.11871337890625,1
site6_233.png_X256_Y0,12.307256245929937,121.5753991103206,0.1315077385101559,0.0167667508749936,0.9429715816100914,12.658966,0.17199877,-0.12929502,0.0,0
site6_233.png_X0_Y256,12.465895529045111,128.9727563917746,0.1358304138088988,0.015384944429224,0.9519208578244188,20.151718,0.13280168,-0.05746057,0.0,0
site6_233.png_X256_Y256,12.326185236682765,144.326504814859,0.1196518611484792,0.0165973040866381,0.9163715690872688,2.7698517,0.18293588,-0.17397036,0.0,0
site6_234.png_X0_Y0,11.616231986323012,98.54156209450878,0.1606758685421679,0.0244500329815394,0.9388737445150118,-2.2074738,0.17232439,-0.17656478,0.0,0
site6_234.png_X256_Y0,12.873215090037911,201.19343901685895,0.1322190680445767,0.0151094771106609,0.961573688675565,-0.2557068,0.07266587,-0.07536152,0.0885467529296875,1
site6_234.png_X0_Y256,13.392588899097294,270.2270013035909,0.1023270813071351,0.0109829035961013,0.9461679361178564,1.3764343,0.15678047,-0.15200245,0.0016937255859375,0
site6_234.png_X256_Y256,12.95624292746446,205.9228482284596,0.1235860022437859,0.014353912816346,0.96084365538612,-0.9089203,0.12847403,-0.13564992,0.1771392822265625,1
site6_235.png_X0_Y0,11.605924656397068,99.9119461865705,0.2008644227452374,0.0277885814725219,0.9710349018444396,-0.93292236,0.08199938,-0.0898565,0.0,0
site6_235.png_X256_Y0,12.614861329276303,168.32820956783914,0.1287885540768854,0.0157251802251337,0.9453763858751564,2.0246887,0.15307635,-0.14795712,0.0,0
site6_235.png_X0_Y256,13.35208140960771,260.1531836613344,0.1212572937973327,0.0120726855396718,0.9653296955927644,3.2460022,0.15395108,-0.14785743,0.07794189453125,1
site6_235.png_X256_Y256,12.621307806710051,141.81223096285413,0.148898144030573,0.0154539425148938,0.972517435117641,-1.3665466,0.08668986,-0.09250581,0.0,0
site6_241.png_X0_Y0,13.09457277549292,334.36892177889985,0.1152232066348362,0.0131333786633585,0.9148953680695192,6.520645,0.15810382,-0.12489498,0.0,0
site6_241.png_X256_Y0,13.18598513820535,272.67647177468723,0.130626195947227,0.0179003297295035,0.9459913102910924,0.87164307,0.16436686,-0.16407537,0.0,0
site6_241.png_X0_Y256,12.847212585866666,318.2678530343068,0.129306774731273,0.0170064355044213,0.9159463492568466,1.2357941,0.16274926,-0.15762213,0.0,0
site6_241.png_X256_Y256,12.006109324359748,134.24815659843338,0.1984567323999296,0.0246485677219548,0.964514485254418,-2.034958,0.11828826,-0.13449234,0.0071258544921875,0
site6_242.png_X0_Y0,11.961884862402115,102.64568112324622,0.2265774888241261,0.0225953463275422,0.9697175446591786,-4.0874023,0.05332789,-0.07025481,0.0,0
site6_242.png_X256_Y0,11.74468876713614,187.81826247717336,0.2113286913114968,0.0292055698941306,0.9416569580440396,3.0697784,0.098053366,-0.09138283,0.0,0
site6_242.png_X0_Y256,11.932326600773797,117.1355882353014,0.2321996475227268,0.0227455258496665,0.9735405387638164,-3.5303802,0.06128585,-0.0854959,0.0,0
site6_242.png_X256_Y256,11.891103030144144,111.70364454176418,0.2413920436782393,0.0234430004319779,0.9779993311558022,-4.989502,0.104110576,-0.12495574,0.0063629150390625,0
site6_264.png_X0_Y0,12.804913817348345,204.45151573313348,0.1030665581496721,0.0136550423005291,0.9154766156931028,-1.3250275,0.1794853,-0.17971069,0.0,0
site6_264.png_X256_Y0,12.794616000253146,214.9149101307232,0.0984955409382104,0.0137683878806891,0.9032294819063404,2.8519897,0.17276695,-0.16186044,0.0,0
site6_264.png_X0_Y256,12.429064628700369,184.662909007356,0.1165004903004854,0.0167163349128227,0.90382548403392,-6.2402954,0.17626177,-0.1889475,0.0,0
site6_264.png_X256_Y256,13.24579989313371,321.89275673720226,0.086758033256195,0.011667513076921,0.8953446532320065,5.1572266,0.16330832,-0.14532644,0.0,0
site6_265.png_X0_Y0,12.36708246414198,155.6305964352703,0.1126114269653874,0.0163586307908143,0.9062356485891704,7.5698395,0.17259595,-0.14760348,0.0,0
site6_265.png_X256_Y0,12.72377279750153,185.185178311832,0.1151134572992161,0.0139282583780812,0.9321245182303068,26.14862,0.14857122,-0.04467293,0.0,0
site6_265.png_X0_Y256,13.08291159413755,255.6306945195498,0.1117626609504506,0.0132111562921379,0.9411684012018616,4.3760223,0.13919052,-0.1272373,0.265106201171875,1
site6_265.png_X256_Y256,12.824759081762462,219.4031234681484,0.1039267246269902,0.0137770949054341,0.9122540113618368,10.809311,0.163474,-0.12847328,0.0,0
site6_266.png_X0_Y0,12.160714150747266,101.67454002066664,0.1554460794806271,0.0173194993394902,0.9513606410697728,7.0867615,0.18390279,-0.15829358,0.0,0
site6_266.png_X256_Y0,12.540686853122812,168.9891244803764,0.1351338680541433,0.0170831884835631,0.9407016877326296,1.4595337,0.17643967,-0.17153896,0.1995849609375,1
site6_266.png_X0_Y256,11.751977283828872,67.6564539029461,0.1958468724600229,0.0229931866310895,0.9749458064141024,3.1079102,0.17536806,-0.16058579,0.0,0
site6_266.png_X256_Y256,11.887069750372827,93.9076635488796,0.154063120734762,0.0201648633395981,0.941110849345216,13.0224,0.17778075,-0.13590182,0.0139923095703125,0
site6_267.png_X0_Y0,13.055577605738604,214.92178969627815,0.1346245779258813,0.014019598971967,0.9499476194008362,0.5129547,0.16674814,-0.16378307,0.273773193359375,1
site6_267.png_X256_Y0,13.012131924365187,213.51166472932147,0.115215246787565,0.0128295357686425,0.9443547751577998,11.076691,0.16354546,-0.12529714,0.0239410400390625,0
site6_267.png_X0_Y256,12.977442288380855,257.37192021999874,0.1261759559729422,0.0149541622781011,0.9464353173460666,-1.7684479,0.21162854,-0.22959833,0.0,0
site6_267.png_X256_Y256,12.388589153635811,129.02949398969665,0.1752275705291258,0.0203519726588544,0.9749560538849869,4.9357147,0.13236785,-0.11761066,0.0,0
site6_269.png_X0_Y0,12.434050741747852,171.36619899799655,0.1243836760677133,0.0170251076658009,0.9357729744340488,-2.139206,0.100282386,-0.109773815,0.0,0
site6_269.png_X256_Y0,12.878834944723838,148.31350170307812,0.1321358045969258,0.0139521033762659,0.9713914629976838,-2.345337,0.14643869,-0.15855041,0.0,0
site6_269.png_X0_Y256,12.184960710177542,143.73443212947728,0.144459866563927,0.0191193233400138,0.940959656787252,-2.5153656,0.08802036,-0.10004471,0.0,0
site6_269.png_X256_Y256,13.455562731904644,281.4967865724723,0.103479392938884,0.0108388644467674,0.9519294090049332,0.9759674,0.1295163,-0.13122821,0.0,0
site6_270.png_X0_Y0,12.837535964902196,223.2625113087522,0.1108035753477924,0.0150235607961445,0.9191762999894894,3.23172,0.16704905,-0.16118151,0.08416748046875,1
site6_270.png_X256_Y0,12.024599406695154,180.56471786694044,0.1893691818231436,0.0253166552203621,0.9470298134714284,-2.730774,0.052031968,-0.07170532,0.0,0
site6_270.png_X0_Y256,12.954125163448722,221.8107939254168,0.1103059892472469,0.0139906910922284,0.9479231428480088,0.06355286,0.11870102,-0.12043147,0.0,0
site6_270.png_X256_Y256,11.6075357380928,169.21199963657492,0.2053120153848706,0.0285030197200682,0.9263445514753328,-3.6299896,0.077860884,-0.10277505,0.0,0
site6_275.png_X0_Y0,13.739797781551523,406.6851211673514,0.0893580038931458,0.0097767405306215,0.9321222161301436,-0.64453125,0.18824427,-0.19084516,0.0,0
site6_275.png_X256_Y0,12.501685369824976,193.70637160287092,0.1370866249229096,0.0184585853156647,0.94881439872421,5.48732,0.17701797,-0.15643899,0.0,0
site6_275.png_X0_Y256,13.201391878899058,271.43036835292537,0.122382488495345,0.012696280964149,0.9487159491946286,6.815613,0.14609827,-0.111591436,0.0,0
site6_275.png_X256_Y256,12.815247929429407,166.94874140955756,0.1189948928759371,0.0137294174500682,0.9464951402741864,-1.9242249,0.18448077,-0.19077685,0.0,0
site6_276.png_X0_Y0,12.368564547438124,150.40171098556667,0.1722243124421181,0.0203748510471849,0.965234440381032,-1.7931671,0.15639529,-0.1678425,0.0,0
site6_276.png_X256_Y0,11.80297626160595,93.51332517842069,0.1969698592050004,0.0221518936601875,0.9587322947764298,-5.8801117,0.14653072,-0.17595607,0.0,0
site6_276.png_X0_Y256,12.70686352486388,164.69794285851972,0.1562056038918961,0.016151862666062,0.9613999287687344,-3.9536743,0.18582718,-0.20156719,0.0833740234375,1
site6_276.png_X256_Y256,12.600219076446647,133.2166054672512,0.1600067929824894,0.0156872868709164,0.970404150876827,-3.1305237,0.1858603,-0.20139606,0.0,0
site6_277.png_X0_Y0,11.620573929827165,128.5822981996226,0.2086772166855838,0.0276054340680476,0.9453065749522614,-4.709259,0.13364571,-0.16016433,0.0182037353515625,0
site6_277.png_X256_Y0,12.309325137419634,196.1592074262468,0.1726921944844707,0.0214616137189528,0.946668891324562,-3.1849823,0.13836372,-0.15292378,0.0,0
site6_277.png_X0_Y256,11.555580046627531,83.85623541727082,0.2379885224214196,0.0273302663730212,0.9741848022958016,-3.943863,0.048660453,-0.06968682,0.0,0
site6_277.png_X256_Y256,10.408668354833022,64.10913011222104,0.2405272750604513,0.0372769064306397,0.9249135827010584,-2.911789,0.05160258,-0.07117541,0.0,0
site6_297.png_X0_Y0,10.804910897081676,102.57325965373694,0.3669316194221886,0.064883994035244,0.9882875921264423,17.03363,0.14041856,-0.073445044,0.0,0
site6_297.png_X256_Y0,10.034356953574864,57.83232847642434,0.420613257680523,0.0894021052713881,0.9916819206589808,1.0016632,0.15152389,-0.1434348,0.0,0
site6_297.png_X0_Y256,12.210075744114592,120.28039687260087,0.2188369355293968,0.0270356504091415,0.9860778401230502,9.703354,0.12212247,-0.074997574,0.0,0
site6_297.png_X256_Y256,12.960906913845625,179.56950478782926,0.1240706006416113,0.0136559599182816,0.9543685928860612,8.964523,0.15120164,-0.119532056,0.226837158203125,1
site6_299.png_X0_Y0,13.348690674519952,314.2142047830212,0.0893445784882699,0.011426007699656,0.9225146644717456,0.40852356,0.17139453,-0.1583443,0.0,0
site6_299.png_X256_Y0,13.504782888107073,397.45731429921454,0.0888537054252401,0.0112199705609811,0.9244815552822656,9.578079,0.14466484,-0.10346875,0.078155517578125,1
site6_299.png_X0_Y256,13.13616090619442,237.7631320285552,0.1072072487321279,0.0121839537344248,0.9437849832701414,-0.04940796,0.17223856,-0.17076339,0.0,0
site6_299.png_X256_Y256,13.31870760158477,313.80350871661665,0.0956692758349179,0.0130222126235735,0.9329276166076672,6.94693,0.16466908,-0.1398033,0.1148529052734375,1
site6_300.png_X0_Y0,13.706418095713495,451.3523974252864,0.095098155589795,0.0109986383153937,0.93290211578077,1.2243195,0.1493401,-0.14351341,0.4138336181640625,2
site6_300.png_X256_Y0,13.068643837941211,252.3967737018285,0.0953297023977033,0.0123560219549519,0.9161049917464424,-4.084549,0.19612922,-0.21007779,0.0068359375,0
site6_300.png_X0_Y256,12.76752564592842,272.89356113035024,0.1275449594829154,0.0163559647684015,0.921037495284972,-8.066071,0.1730687,-0.2099323,0.0395355224609375,0
site6_300.png_X256_Y256,12.979265250261111,286.2022533851268,0.0899436896851302,0.0130166252484854,0.8781701663823089,-0.5239258,0.19511741,-0.19516921,0.0,0
site6_308.png_X0_Y0,11.5009446018831,92.0814826479004,0.1465516907312684,0.0232142354578778,0.9127640980847256,-0.81433105,0.18095398,-0.18291575,0.0,0
site6_308.png_X256_Y0,11.75107286384868,86.25763962478396,0.1538234156649278,0.0216634639717464,0.9481366351532532,-1.1835327,0.18611546,-0.18928823,0.0,0
site6_308.png_X0_Y256,9.805137887497514,31.36535189290209,0.2512164090262538,0.044602678047932,0.9029886839581726,0.21853638,0.17416859,-0.17386074,0.0,0
site6_308.png_X256_Y256,10.65689994714296,42.70128114787624,0.2308534839347393,0.0353272409078338,0.9687912267318116,0.2723236,0.178618,-0.17887104,0.0,0
site6_309.png_X0_Y0,13.441278197115912,281.6118085141493,0.0951829008733766,0.0108593339601248,0.9450971869255976,5.481125,0.20095026,-0.18861249,0.0,0
site6_309.png_X256_Y0,13.404256942857725,257.338453629617,0.103875317574919,0.0110192572791993,0.952024734671082,-2.5293274,0.19285607,-0.2019547,0.0,0
site6_309.png_X0_Y256,13.13440198831169,237.11827195369065,0.1243445783745135,0.0132482147018575,0.9548676257154398,5.0643616,0.19060259,-0.18077299,0.1092529296875,1
site6_309.png_X256_Y256,13.290485231022569,353.7626605602567,0.1121080110076893,0.0132706166595647,0.937043405763584,5.1684113,0.16652274,-0.13955215,0.0,0
site6_334.png_X0_Y0,13.154946058872184,239.5542695117384,0.1147723200734885,0.012662528389782,0.9538553886487338,7.062622,0.14869595,-0.121353954,0.0,0
site6_334.png_X256_Y0,13.19678959219355,255.8665754607676,0.1091408855326281,0.0126705062497682,0.9501261026578234,4.4058685,0.1612125,-0.1466602,0.0021209716796875,0
site6_334.png_X0_Y256,12.993785372045908,179.62796251742586,0.1326647249947317,0.0131366918939817,0.9660352580395586,1.4091797,0.16366616,-0.15356132,0.0,0
site6_334.png_X256_Y256,12.13189984143207,166.6607576413054,0.1605104841080869,0.0236180243885013,0.955126058841161,3.609146,0.10741499,-0.08791579,0.0,0
site6_335.png_X0_Y0,13.086673377613089,317.1763810493867,0.1123075877994791,0.0140497295376683,0.934516500648464,-6.4844055,0.1541695,-0.18352848,0.1808929443359375,1
site6_335.png_X256_Y0,12.90585164627516,229.38005754999324,0.1085021391584123,0.0135988707179184,0.92178820004765,-9.455887,0.21416451,-0.24366777,0.0409088134765625,0
site6_335.png_X0_Y256,13.609484418826874,400.59357306986806,0.104256648397136,0.0112505682885096,0.945284953012778,-0.22442627,0.15114176,-0.15127698,0.4468231201171875,2
site6_335.png_X256_Y256,13.67694276170944,396.8052362673144,0.0946012195404282,0.010472624561094,0.9390484136657608,2.7864227,0.17494728,-0.16769591,0.378570556640625,1
site6_336.png_X0_Y0,12.24125652206287,115.29322596777833,0.1719780390961257,0.017715418496081,0.9682734589458076,-8.999542,0.17468415,-0.20740819,0.001129150390625,0
site6_336.png_X256_Y0,12.941576760854414,236.68484848076545,0.1110261259624767,0.0132976729127993,0.927787470509081,5.0181427,0.15804854,-0.13024962,0.0058135986328125,0
site6_336.png_X0_Y256,12.813990473276055,229.40331793962935,0.1733491847002289,0.0197171342285919,0.9730286403586956,-3.1636963,0.08618942,-0.111853205,0.48980712890625,2
site6_336.png_X256_Y256,13.493958734894475,324.1400049560391,0.1123125137663001,0.0116569680704849,0.9558290448662364,10.158264,0.0953607,-0.036020044,0.358154296875,1
site6_343.png_X0_Y0,10.078130037181074,39.85356375853095,0.2216435892940367,0.0380218982368878,0.8623059827280073,0.85801697,0.17935032,-0.17783335,0.0,0
site6_343.png_X256_Y0,12.61850336971404,218.72606611639708,0.1489723025358316,0.019321918455622,0.941399674277849,0.70970154,0.17227328,-0.17221801,0.369873046875,1
site6_343.png_X0_Y256,10.422171806441426,54.103296959103005,0.2042981856482119,0.0359238444471397,0.9041218192169332,1.0358124,0.18304452,-0.18140295,0.0156402587890625,0
site6_343.png_X256_Y256,12.472982672585092,307.41934924367047,0.1922881218080244,0.0752360567485202,0.9415256941164152,-1.7227478,0.15764676,-0.16281122,0.9112091064453124,2
site6_344.png_X0_Y0,13.31107611300482,240.0084896133669,0.1211550465656722,0.0116115502873553,0.9610265892436785,9.320465,0.18528435,-0.15681808,0.11749267578125,1
site6_344.png_X256_Y0,12.805378199595118,207.1031834660983,0.1319584709767588,0.0156236826630737,0.9457973091740992,0.75990295,0.18073499,-0.17481029,0.0,0
site6_344.png_X0_Y256,13.602555706583374,326.4081718569685,0.0977335614187262,0.0101167169819918,0.9501671650553896,-1.723053,0.1593848,-0.16330358,0.5988006591796875,2
site6_344.png_X256_Y256,12.054292332139749,92.35040427660144,0.175908016437953,0.0195840620920673,0.959695451761406,0.31669617,0.17484964,-0.17099227,0.0,0
site6_369.png_X0_Y0,13.203366862904396,218.76045509840696,0.1198669571103682,0.0121850274793947,0.961887107273514,8.033859,0.17274505,-0.13570637,0.0,0
site6_369.png_X256_Y0,13.165286729345803,239.1642118866614,0.1149499505105234,0.0122976642014597,0.950351801516914,6.863739,0.14179341,-0.116106555,0.0,0
site6_369.png_X0_Y256,12.883651008517514,205.65438470181147,0.1408288371738505,0.0166714862819753,0.9658988680410364,5.639221,0.120000936,-0.092284456,0.3273162841796875,1
site6_369.png_X256_Y256,12.988193577610936,218.63134976632887,0.1085657035643413,0.0129516561610156,0.9441411488753676,11.501831,0.15263474,-0.10899958,0.0614013671875,1
site6_377.png_X0_Y0,11.67635111282377,51.29376163915367,0.2189080340489887,0.0223386711090233,0.9912594307721292,-1.7237549,0.112930074,-0.11917846,0.0,0
site6_377.png_X256_Y0,9.564271735963924,27.75547238441977,0.2662190246483724,0.047849056397753,0.8871728487553087,0.6891937,0.17642428,-0.1752063,0.0,0
site6_377.png_X0_Y256,10.705671321923475,37.58629983059462,0.2243476484366946,0.0326703996156552,0.977941595213577,-1.4618225,0.17310654,-0.17661893,0.0,0
site6_377.png_X256_Y256,10.369254117996707,40.86567377931589,0.2262306222561955,0.0386909602490904,0.9459976839465248,-0.07032776,0.18005075,-0.18061592,0.0,0
site6_405.png_X0_Y0,12.678152508084043,153.81181880166557,0.1191027434501177,0.0140611065078037,0.9462019336633573,11.162476,0.17927891,-0.13329719,0.0,0
site6_405.png_X256_Y0,12.756443808863589,129.9520327818655,0.1386201910475594,0.0139676848246603,0.97013797516043,14.656464,0.1453459,-0.08737622,0.0,0
site6_405.png_X0_Y256,12.959039206593337,163.83446592056535,0.1263374281108674,0.0136115868955151,0.968737921537472,19.455261,0.12923965,-0.041440338,0.0,0
site6_405.png_X256_Y256,12.804536767019382,177.5077191014352,0.1140701393736536,0.0141580749680373,0.9421294245945038,8.631409,0.15449628,-0.12633882,0.000274658203125,0
site6_412.png_X0_Y0,10.694078314515856,64.93857874675831,0.2029585753093417,0.0330825044805146,0.9144081941481572,-0.6961975,0.18284762,-0.1843332,0.056884765625,1
site6_412.png_X256_Y0,13.583253966399392,338.43909729731865,0.1138385862439791,0.0132640391222763,0.960376616109771,-0.9618683,0.12879452,-0.13721463,0.853912353515625,2
site6_412.png_X0_Y256,12.814296686559146,214.3055366625835,0.1337430919918151,0.0168899711101103,0.9502973081905344,2.0635834,0.17967054,-0.17357962,0.4013519287109375,2
site6_412.png_X256_Y256,12.781581896209222,134.4424679810725,0.1634761585863506,0.0150078021729152,0.979453057662296,13.732452,0.19256407,-0.14470042,0.10333251953125,1
site6_413.png_X0_Y0,12.857129620634304,160.14998603302388,0.1567548269975406,0.0158087597672681,0.9782780617775398,8.7773285,0.18670231,-0.15043941,0.076446533203125,1
site6_413.png_X256_Y0,12.846951513016275,164.81066296616638,0.1264047172208484,0.0151210044541093,0.9700554453778054,1.8861084,0.18984067,-0.18914324,0.0,0
site6_413.png_X0_Y256,12.808543055357225,122.88326560097391,0.1731270994726903,0.0169913409648695,0.9878055428317912,7.777298,0.16844344,-0.14935045,0.0,0
site6_413.png_X256_Y256,12.995102558171803,217.9917691362843,0.1550348695289887,0.01551867499551,0.9676498542023828,11.158829,0.14882496,-0.10460464,0.0,0
site6_439.png_X0_Y0,12.360953486235005,161.25658636403188,0.1501287676346464,0.0206088819568731,0.9741320984918131,-1.0792236,0.05954009,-0.08059527,0.0,0
site6_439.png_X256_Y0,13.230993981909144,254.1413083309356,0.0950485434721054,0.0115830878863319,0.937565950303052,29.979095,0.13538435,-0.018507592,0.0,0
site6_439.png_X0_Y256,13.004992942522264,204.60698293626015,0.1304841905273019,0.0142314734423098,0.9646381595728024,7.5159607,0.13544211,-0.11236683,0.0,0
site6_439.png_X256_Y256,13.336982384996064,267.23204303934426,0.1081176854947633,0.0114828027440933,0.9507526846888068,17.461578,0.14609656,-0.08085787,0.025054931640625,0
site6_441.png_X0_Y0,12.602972748814883,191.1691331008641,0.1560451839293641,0.0183562771294273,0.9733058487718594,-4.372238,0.12136669,-0.1507459,0.0,0
site6_441.png_X256_Y0,11.099345142920068,124.16649289036448,0.1824045189952303,0.0299724572054305,0.8859962693923727,-2.0548706,0.007086638,-0.017836144,0.0,0
site6_441.png_X0_Y256,12.054540198832449,145.02456463560816,0.1734031105213081,0.0237490060320237,0.9615838282275468,-0.17553711,0.07073493,-0.07071015,0.0,0
site6_441.png_X256_Y256,11.876388616127294,173.47748360007142,0.1862564874335941,0.0248740589689455,0.9328384310731628,-0.30085754,-0.008421669,0.005954096,0.2057952880859375,1
site6_474.png_X0_Y0,12.902700754810503,176.55656571391413,0.1319140728257106,0.0142498412805326,0.9644158668906232,18.37558,0.12769052,-0.05114931,0.0,0
site6_474.png_X256_Y0,13.568199524552124,298.4047477682876,0.1175777627418787,0.0108495745895279,0.9581956219717398,3.4085388,0.13445099,-0.11660871,0.4935455322265625,2
site6_474.png_X0_Y256,12.788450467232998,197.3013105236072,0.1329584550014557,0.0163595600738631,0.9611017539111376,17.207,0.10621127,-0.027506672,0.0,0
site6_474.png_X256_Y256,13.336182452275487,241.29783992335211,0.1199056163131085,0.0115336036029791,0.9598425657784984,11.782455,0.12473658,-0.06600162,0.0,0
site6_484.png_X0_Y0,11.796610282645473,128.11784710208397,0.178772022544496,0.0274287576042953,0.9614011080435214,9.852707,0.058511227,0.015369769,0.0,0
site6_484.png_X256_Y0,13.399904470768288,326.3177922854324,0.1015127173789734,0.0117589127922583,0.935246557801147,2.6511688,0.14772148,-0.13747157,0.3624725341796875,1
site6_484.png_X0_Y256,12.55514691173128,174.9068159632252,0.148885629073982,0.0175390563270317,0.9562475075049536,6.1314087,0.13245152,-0.09874685,0.005279541015625,0
site6_484.png_X256_Y256,13.474642301837903,299.11995156610163,0.1039909681681886,0.0125105772641862,0.9478319027808662,-5.1751556,0.14309268,-0.15934885,0.5892333984375,2
site6_485.png_X0_Y0,12.74039852409422,190.1615389213372,0.1437127618529,0.0159158253702014,0.9534153618226272,-7.610367,0.17487732,-0.19591755,0.046417236328125,0
site6_485.png_X256_Y0,9.417776365756216,27.27607272443315,0.3712843887328947,0.0642921359742448,0.9819201891822996,-6.055588,0.16947234,-0.17800416,0.0,0
site6_485.png_X0_Y256,11.02148746512832,65.93658990832911,0.2776641093820245,0.0369829152799077,0.976027544726879,-5.2130127,0.169034,-0.17664933,0.0427703857421875,0
site6_485.png_X256_Y256,13.095529712670986,250.57833494029344,0.1327709616847756,0.0132454443089415,0.9462597282676176,11.043472,0.15980196,-0.11823815,0.0,0
site6_518.png_X0_Y0,12.63010244082126,178.34729232747213,0.1499458339957824,0.0163821279366777,0.9602658570093816,17.365707,0.154109,-0.076956116,0.0,0
site6_518.png_X256_Y0,10.363582963263564,69.91796603169783,0.270587920299509,0.0482531280653533,0.9705411968824884,5.073532,0.018966489,0.050099466,0.0,0
site6_518.png_X0_Y256,11.853166490699524,182.089086769523,0.2060162882075717,0.0307041263041103,0.9538803429184174,15.084961,0.09065141,0.0017740726,0.0,0
site6_518.png_X256_Y256,11.417723898875913,105.44644463668686,0.2359092749264121,0.0375117944989075,0.9813391273179264,4.7088165,0.04501424,0.005950844,0.073089599609375,1
site6_519.png_X0_Y0,12.853862412745324,184.9285574058177,0.1415069026912912,0.0154913506211585,0.9653036460821376,3.9613953,0.112329766,-0.08769278,0.0,0
site6_519.png_X256_Y0,11.740929708374372,113.54643098508004,0.2485902539856763,0.0381732466686482,0.9718176709542456,-0.49960327,0.1645252,-0.16007689,0.0,0
site6_519.png_X0_Y256,13.266047236639745,289.99195079718845,0.1014200504772399,0.0119133679851146,0.9308900446142708,-1.797226,0.14459816,-0.15431932,0.28204345703125,1
site6_519.png_X256_Y256,11.417712113125155,135.34149195922328,0.2838738354686632,0.0453727287930439,0.970167892059274,2.8293762,0.16059968,-0.14441083,0.00543212890625,0
site6_553.png_X0_Y0,11.633515006904313,217.39931539252825,0.1978049109912322,0.0332123002477788,0.9431926045427976,2.1338348,0.08737903,-0.058266584,0.0,0
site6_553.png_X256_Y0,12.19681316542418,159.28936818172355,0.1716245719513311,0.0211240310363533,0.9541992970669112,1.2689209,0.11959666,-0.121006995,7.62939453125e-05,0
site6_553.png_X0_Y256,11.55404077395465,176.31636980068902,0.2033743848040737,0.034245402927181,0.9426676689850644,4.94281,0.082891434,-0.04372548,0.0,0
site6_553.png_X256_Y256,12.807355830730492,237.52727627296204,0.1355606155936818,0.0166762501901838,0.9476148652615448,7.497696,0.1101092,-0.068300515,0.0,0
site6_554.png_X0_Y0,12.045905863657056,160.1079222834993,0.2356039683875507,0.0313404095224569,0.9673391249228503,-5.0234222,0.14817396,-0.1606828,0.297698974609375,1
site6_554.png_X256_Y0,12.714355660024154,205.97227675354037,0.112313643030794,0.0145525899198573,0.9069589062869728,10.907761,0.16832352,-0.13286209,0.0,0
site6_554.png_X0_Y256,12.115771437817068,184.60057913423083,0.2242260844905317,0.0297492274870798,0.9618246434507418,-4.27153,0.15602204,-0.1668652,0.3051910400390625,1
site6_554.png_X256_Y256,13.037727605233355,262.0933308252989,0.0976991056420715,0.0128992981340992,0.9111170389012394,10.244247,0.1570032,-0.12081823,0.1385345458984375,1
site6_588.png_X0_Y0,13.165447661001174,211.1771263005888,0.1177877612737038,0.0126070335929463,0.9616594486127854,5.111206,0.14964958,-0.12998614,0.15521240234375,1
site6_588.png_X256_Y0,12.622092019126526,179.35558521663037,0.1741655529304722,0.0204533392737485,0.963177887251684,-1.9402161,0.15399846,-0.15909395,0.1516876220703125,1
site6_588.png_X0_Y256,12.783739298873437,186.89975940745185,0.1149749060511905,0.0139910327812185,0.9436946531995456,20.336334,0.1421092,-0.061543196,0.0101318359375,0
site6_588.png_X256_Y256,11.618052095000964,102.9410237048261,0.2346079425001957,0.0337392886597088,0.9750042953749408,-0.019332886,0.1538656,-0.14784923,0.0003204345703125,0
site6_589.png_X0_Y0,13.2154360921005,250.21728160444303,0.1107182585253268,0.0118805499228941,0.9394824204648502,9.999542,0.13361794,-0.09665383,0.0731201171875,1
site6_589.png_X256_Y0,13.104137936540535,268.8636503688638,0.0950058368660611,0.0123702168890887,0.918686893335322,14.843109,0.15567195,-0.09795448,0.0,0
site6_589.png_X0_Y256,13.166665827257107,281.8223453269327,0.0920898870200224,0.0119891547045848,0.9169246242247204,14.674652,0.13776594,-0.08155935,0.0,0
site6_589.png_X256_Y256,12.992743538318608,264.4176088673974,0.0932485990574804,0.0127983655528974,0.9040324757987074,15.577103,0.16550632,-0.103851914,0.0,0
site6_607.png_X0_Y0,11.94968465670375,136.77009547109813,0.2053844345563769,0.0311451197561925,0.9740550627703994,-4.5868225,0.08569553,-0.085404,0.0,0
site6_607.png_X256_Y0,12.44533611951234,118.20238123558433,0.1513454307411972,0.0168171359202471,0.9696957798803963,3.7024994,0.12580681,-0.098886944,0.0,0
site6_607.png_X0_Y256,12.710075079274556,134.551222907057,0.1558430663101962,0.0158202130456827,0.9738429896628712,5.384781,0.13692692,-0.10431896,0.0,0
site6_607.png_X256_Y256,12.8487931696025,157.796829674888,0.1310826144593014,0.0135388812913679,0.9656526022102216,1.0802765,0.15648206,-0.14025903,0.0,0
site6_608.png_X0_Y0,11.966928569944583,90.35258838247482,0.1852475198099189,0.0227124798935217,0.9742908027386696,3.640808,0.10100389,-0.0773934,0.0,0
site6_608.png_X256_Y0,12.28807047657556,114.645429116807,0.126370601248328,0.0161010457425163,0.9409033172187312,18.153137,0.15142976,-0.084978655,0.0,0
site6_608.png_X0_Y256,12.913174359568448,190.54574669298628,0.1197710576687812,0.0132212211739157,0.9474122951237036,5.2676086,0.14927226,-0.12867203,0.1287841796875,1
site6_608.png_X256_Y256,12.434919869975197,116.3137147070842,0.1300358013366269,0.0152079715055552,0.9535236895451316,17.649414,0.124313325,-0.051697735,0.0,0
site6_624.png_X0_Y0,12.889915410311737,242.7164455678225,0.0955487427911691,0.0133343531788329,0.9028433578915606,21.656738,0.15074992,-0.06376909,0.0,0
site6_624.png_X256_Y0,12.98114355521774,245.06858167532704,0.0947432411512735,0.0127379947301008,0.9112558662756708,18.663177,0.16593917,-0.09204108,0.0,0
site6_624.png_X0_Y256,13.05190947414869,256.2720074160305,0.0953140332590258,0.0125715846939391,0.9167602278600806,11.87532,0.1700409,-0.12258742,0.0,0
site6_624.png_X256_Y256,12.96514012602092,226.75125009011745,0.0984563834261576,0.0128013034038877,0.9219951784094754,20.510788,0.16321781,-0.082746476,0.0,0
site6_637.png_X0_Y0,11.991877693115068,108.88333866481985,0.2535411404686167,0.029553405102401,0.9888522486623164,0.5938721,0.0970946,-0.08844544,0.0149993896484375,0
site6_637.png_X256_Y0,12.942742554166742,197.53540259456756,0.1382036081091288,0.0135221746205217,0.9536353743635768,-6.623459,0.12136934,-0.14316222,0.2857513427734375,1
site6_637.png_X0_Y256,12.57708807920937,248.00874825789649,0.1511476525784887,0.0197737081106778,0.938742244397708,-5.416321,0.04112009,-0.050804857,0.238616943359375,1
site6_637.png_X256_Y256,12.426603919241671,212.2660363952714,0.1653178685756924,0.020841695223264,0.951380059454082,-0.13858032,-0.00019830093,0.024421714,0.131683349609375,1
site6_638.png_X0_Y0,13.306470011378993,251.5238291312317,0.1197969812624943,0.0119355168950606,0.9588718260417848,3.4549408,0.12919232,-0.11505831,0.172332763671875,1
site6_638.png_X256_Y0,13.06657764824092,178.47017002175153,0.1177629738678182,0.0125623136199314,0.9641843487920192,4.4041595,0.14213401,-0.12631202,0.0,0
site6_638.png_X0_Y256,13.259470333720488,259.370349685226,0.1110832483886873,0.0121135743797814,0.9498070712660616,12.664047,0.09043944,-0.044715825,0.0231475830078125,0
site6_638.png_X256_Y256,12.7203814830779,141.37602900627306,0.1230034701824625,0.0139321330301812,0.9621263466308264,13.212463,0.1463946,-0.108023815,0.0026092529296875,0
site6_639.png_X0_Y0,12.626993246434257,136.1432695657936,0.1349444092610374,0.0151412604353154,0.9663407863495702,10.684174,0.11270183,-0.06700184,0.0,0
site6_639.png_X256_Y0,12.763733277884516,146.07528225322113,0.1416491601337507,0.0150610807601759,0.9731796977618088,4.3092346,0.15250337,-0.12912145,0.0,0
site6_639.png_X0_Y256,12.600347495184948,118.09551674836852,0.1643677086956755,0.0163506053191384,0.979466798925234,3.2096252,0.11156785,-0.08912139,0.016845703125,0
site6_639.png_X256_Y256,12.813038658696517,183.3943125240316,0.1281665127871495,0.0150670739542208,0.9582633568199116,14.013229,0.105599105,-0.04457833,0.0,0
site6_656.png_X0_Y0,13.096477545034404,233.98264049584776,0.1014883354739045,0.0123891191671014,0.938603635372286,24.764908,0.1814307,-0.09622787,0.0,0
site6_656.png_X256_Y0,12.13558483117093,187.38907711277895,0.1582555169215081,0.0233381965117117,0.938606683187602,9.450455,0.10651825,-0.04605003,0.0,0
site6_656.png_X0_Y256,12.996079842672714,231.2509974829424,0.1170687140366143,0.0137653070717342,0.9486370574775362,20.351196,0.15823531,-0.07405724,0.0,0
site6_656.png_X256_Y256,10.195917320159356,76.78724661188599,0.2606372602400539,0.0465583363347633,0.9283873130208662,8.0238495,0.019610664,0.06718894,0.0,0
site6_657.png_X0_Y0,12.301819164554988,163.67050653595783,0.1698073060995143,0.0236243377595443,0.964885985688867,6.9085846,0.08921229,-0.047741532,0.1147613525390625,1
site6_657.png_X256_Y0,13.246936406875012,248.4764337634624,0.1200218717489115,0.0132132894777797,0.9612654433208104,0.18083191,0.14064485,-0.13920961,0.4025421142578125,2
site6_657.png_X0_Y256,13.624494388965708,412.3361402465474,0.106395543994106,0.0114013732022901,0.940662811769551,-0.38049316,0.14274313,-0.14446375,0.5566558837890625,2
site6_657.png_X256_Y256,12.832909794423902,190.62352942679215,0.1646659462226692,0.015179070440355,0.968627571442946,-6.739609,0.16267446,-0.18948077,0.5718536376953125,2
site6_659.png_X0_Y0,12.982257500674027,255.5436014693993,0.0951875122729176,0.0129892481104943,0.9129070084466172,22.678772,0.1636686,-0.06876963,0.03839111328125,0
site6_659.png_X256_Y0,12.95321294459691,185.54764247825648,0.1097384453869685,0.0128065360548501,0.9487473875677324,10.806976,0.15874387,-0.114889406,0.0,0
site6_659.png_X0_Y256,12.81510261370662,237.8637127246786,0.0940618663401659,0.013587190327184,0.8888159839785015,14.284119,0.17013909,-0.11494734,0.0,0
site6_659.png_X256_Y256,12.654829629474474,163.48209818639825,0.1132632959144791,0.0145753254998478,0.9338308320951508,7.3318024,0.16012439,-0.13410017,0.0,0
site6_673.png_X0_Y0,12.995137987658309,180.3610294418052,0.1221755076584921,0.0127757278256191,0.9609506675912514,2.6145935,0.12232217,-0.11429955,0.0,0
site6_673.png_X256_Y0,12.676822241519746,133.79753391123904,0.1469892783922742,0.0148322065952944,0.9703143204337428,-5.6845245,0.15275365,-0.16964346,0.010345458984375,0
site6_673.png_X0_Y256,12.97918754864725,166.30807655109098,0.1152993071697596,0.0127427343143194,0.9586187869153752,15.31456,0.1579144,-0.10484941,0.0,0
site6_673.png_X256_Y256,12.87332139308696,162.33819639682102,0.1210829426328681,0.0133518489659141,0.9590340778659396,10.495728,0.16902974,-0.12407005,0.0,0
site6_675.png_X0_Y0,12.05133016657058,189.67508003233291,0.192522780844883,0.0305288202381587,0.9661726481439392,0.18707275,0.07662043,-0.048247162,0.0,0
site6_675.png_X256_Y0,12.877841370781011,215.2529136179631,0.1016017020746811,0.0129927816876698,0.9239147122301968,17.922134,0.119993,-0.043542422,0.0,0
site6_675.png_X0_Y256,12.964981222404385,210.45446324731267,0.1443622440546489,0.0173595074989117,0.9682042704549692,6.9422607,0.124286056,-0.088202596,0.0538330078125,1
site6_675.png_X256_Y256,12.84479845790651,202.60821646122045,0.1043666894634516,0.0131940766628337,0.9276870370914896,28.251266,0.13684034,-0.027561225,0.0,0
site6_691.png_X0_Y0,12.487554090536502,210.68578559028836,0.1458042199379956,0.0193241468503682,0.9400784645818482,6.477173,0.14375123,-0.102371395,0.0,0
site6_691.png_X256_Y0,11.462996774707236,144.27830931914423,0.2013968771708273,0.0336507767261566,0.9485950391844282,7.4641876,0.03337047,0.032279555,0.0,0
site6_691.png_X0_Y256,11.414726529989476,112.6225626261579,0.2004788469984418,0.0308746884193935,0.9504958752082416,7.930084,0.065531194,-0.0033377325,0.0,0
site6_691.png_X256_Y256,12.639163894291618,218.82052478315316,0.1670882825813971,0.0227383308736591,0.9697061869036324,5.3272095,0.091394395,-0.049179878,0.361053466796875,1
site6_692.png_X0_Y0,13.546525912992571,352.4163492857384,0.1079004591627108,0.0125539874901857,0.9510266135413958,-5.359421,0.14417803,-0.17283502,0.910003662109375,2
site6_692.png_X256_Y0,11.945093529349068,122.20767274005392,0.2018527141349181,0.0256839777967263,0.97142952731055,-1.4159851,0.1647235,-0.16880472,0.1363525390625,1
site6_692.png_X0_Y256,13.226459735967923,233.4314120770922,0.1248285334110665,0.0122437288757156,0.9539597327908712,-0.14842224,0.11319465,-0.1139144,0.5568084716796875,2
site6_692.png_X256_Y256,12.52531116719788,161.29381654592513,0.1814943212921572,0.0211950043157288,0.9666059506634396,-0.12173462,0.15052342,-0.14830953,0.2149200439453125,1
site6_693.png_X0_Y0,13.072041618069656,249.32423445911644,0.1030108896146062,0.0127899281858203,0.9243038005951878,8.823563,0.15381159,-0.12349174,0.01715087890625,0
site6_693.png_X256_Y0,12.81984519744457,202.2147569444533,0.1014843976881139,0.0136003519415568,0.9221694570888084,11.304001,0.17370842,-0.13342087,0.0,0
site6_693.png_X0_Y256,12.832301737662096,197.9252758254125,0.1116506218825457,0.0135207246334585,0.9300048932626988,5.316391,0.16737983,-0.14952448,0.0,0
site6_693.png_X256_Y256,12.662591057820872,194.56231827903628,0.1019129662714463,0.0144944413699251,0.9077431739719124,12.675034,0.17932294,-0.13538152,0.0,0
site6_694.png_X0_Y0,12.805127384460704,193.50442888553303,0.1065408541554594,0.013674987095114,0.926454465391298,9.847397,0.17616649,-0.14050378,0.0391693115234375,0
site6_694.png_X256_Y0,12.698171672717846,146.69920535371304,0.122218251745336,0.014078456502672,0.9526194175983268,16.364822,0.16139776,-0.092836976,0.0,0
site6_694.png_X0_Y256,12.597079675049176,176.18567621227947,0.1083231160090626,0.015027562838922,0.9160090314280224,12.365387,0.17140236,-0.12651274,0.0,0
site6_694.png_X256_Y256,12.42788904831876,139.37144268430694,0.1264697715450246,0.0158092202421914,0.9350831779483728,19.486664,0.17174792,-0.10132687,0.0,0
site6_709.png_X0_Y0,12.987871854173225,205.63570312500428,0.1004635783310305,0.0125420796883653,0.9353004139560488,18.651016,0.1656159,-0.09646624,0.0131988525390625,0
site6_709.png_X256_Y0,13.337639892147829,273.8917403012149,0.0984353915531637,0.0115287555485224,0.9451128167058298,4.7065125,0.16007079,-0.13886824,0.1672210693359375,1
site6_709.png_X0_Y256,12.976045316217446,213.2930310757934,0.0994283607459544,0.01260202118517,0.930397176249737,1.2852325,0.17530844,-0.16711009,0.0,0
site6_709.png_X256_Y256,13.06252089702494,191.25618346910284,0.1056062172052703,0.0119629423894699,0.9533470835661116,1.4284668,0.17490481,-0.16571987,0.01153564453125,0
site6_714.png_X0_Y0,13.184595474641473,187.338435667776,0.118271133802826,0.0117269252318013,0.969950293963278,-0.57611084,0.15071623,-0.15880188,0.0,0
site6_714.png_X256_Y0,13.186896865160133,204.9260417117216,0.1113429146527066,0.0119682123391156,0.960080932767964,18.996094,0.15894791,-0.09792482,0.0,0
site6_714.png_X0_Y256,13.00194934125138,206.83188115748908,0.1001772578965268,0.0124709112983197,0.93822606054086,3.2485962,0.16766623,-0.15563312,0.0,0
site6_714.png_X256_Y256,13.053133637657094,202.93874968461603,0.1064047979260845,0.0123612684123821,0.9539448338922748,9.877289,0.15179268,-0.11456357,0.0,0
site6_715.png_X0_Y0,12.379416756653857,164.4995214731222,0.1478919250905845,0.0191657237737186,0.9551120720647182,7.3868103,0.04936625,0.0014897005,0.06787109375,1
site6_715.png_X256_Y0,12.94853123661181,190.13344362745556,0.1149516007712339,0.0129289741657386,0.95333412431877,6.0651245,0.15591498,-0.14160144,0.0,0
site6_715.png_X0_Y256,12.961632421661964,198.3875317786549,0.1290496684835183,0.0143734169123003,0.9647884778766226,9.848114,0.09608824,-0.051173277,0.3793792724609375,1
site6_715.png_X256_Y256,13.389688854652404,251.62853312128124,0.109974636265546,0.0115499411836073,0.962945240557641,-3.1447601,0.10246082,-0.12044619,0.2839813232421875,1
site6_726.png_X0_Y0,11.15555924685292,178.9245909776437,0.2118072057804564,0.0393057550245949,0.9147230397235768,9.348785,0.02487911,0.06579196,0.0,0
site6_726.png_X256_Y0,13.347111417131735,238.36470071607624,0.1036828637284147,0.0113566011155155,0.956794813065188,2.8842163,0.15885966,-0.14341179,0.448028564453125,2
site6_726.png_X0_Y256,12.863183714234705,266.57351697666525,0.1389163095122756,0.0181013342176523,0.954327477628126,4.598053,0.113537796,-0.0794781,0.0,0
site6_726.png_X256_Y256,13.382061160233413,286.16130819577614,0.104577910968775,0.0112507191830857,0.9438480094189822,5.389282,0.14378697,-0.12146264,0.0001220703125,0
site6_727.png_X0_Y0,12.197041930879225,121.74789181144166,0.2082358877614474,0.0239493092948057,0.9764137333535468,-1.9204254,0.14026421,-0.14395681,0.3275604248046875,1
site6_727.png_X256_Y0,13.335107012238137,255.73820564807423,0.1073317557150656,0.0116019492273002,0.9523455336821406,-4.7047424,0.09384453,-0.11114865,0.689483642578125,2
site6_727.png_X0_Y256,12.797729531141428,163.28908061202375,0.1583258652520117,0.0172718344630854,0.967858736836688,-0.8500366,0.15556246,-0.15559778,0.531707763671875,2
site6_727.png_X256_Y256,13.18316172287355,222.4942354202772,0.1106647200948908,0.012153506770922,0.95234092581224,2.1047668,0.14580019,-0.14234692,0.279144287109375,1
site6_743.png_X0_Y0,13.050734996137749,195.51158809112263,0.1165116720620931,0.012505561284259,0.9563228165276052,3.2782745,0.15878516,-0.1413191,0.0,0
site6_743.png_X256_Y0,13.308664215758927,313.2585898302459,0.106944445156205,0.0129687081567226,0.9461199867823809,7.1697235,0.11477475,-0.07736054,0.0,0
site6_743.png_X0_Y256,12.894610602940917,204.40895544983243,0.104461681539829,0.0130708798626507,0.9302899133583504,10.246033,0.17371887,-0.13768631,0.0,0
site6_743.png_X256_Y256,13.154323147981836,270.69704885141687,0.1067617924410136,0.012400513081121,0.936463588064369,-1.44664,0.16173658,-0.16745576,0.04638671875,0
site6_762.png_X0_Y0,13.061989057819936,224.3500375306472,0.1039997074775122,0.0126107694941336,0.9336043145785152,3.6117554,0.16443928,-0.1517972,0.0003662109375,0
site6_762.png_X256_Y0,13.206469426016088,229.8491036951004,0.1108153325819812,0.0121871438739436,0.9517886621226784,15.815826,0.13423456,-0.08292219,0.242950439453125,1
site6_762.png_X0_Y256,12.661097304987589,155.9653458405462,0.1152817633947777,0.0140418508916048,0.9412782466256788,10.862656,0.17605235,-0.135922,0.0,0
site6_762.png_X256_Y256,12.550077063572235,140.3025458507567,0.1181945635818929,0.0145663608101994,0.9428773253937665,17.009323,0.16133532,-0.099011056,0.0,0
site6_784.png_X0_Y0,13.075965188967846,230.86845073109745,0.1120770914446025,0.0130796868536721,0.9511144263735932,23.941223,0.101703994,-0.0060762465,0.0,0
site6_784.png_X256_Y0,13.32644999840394,273.2982796430565,0.1186721153936446,0.0121119812765888,0.957643264158708,3.97937,0.1272254,-0.11089815,0.0827484130859375,1
site6_784.png_X0_Y256,12.977468889506277,176.68270977509076,0.1225909936954279,0.0128870628100187,0.9634753503295024,21.658218,0.13428359,-0.062639944,0.0,0
site6_784.png_X256_Y256,12.633889907350149,148.67026989319243,0.1507214583604078,0.0161768191197827,0.9701368725591404,11.487961,0.10379867,-0.051621877,0.0,0
site6_795.png_X0_Y0,11.31869522403135,113.91136867431555,0.2206674397055939,0.0349142992020731,0.9666269382971944,11.196365,0.037928067,0.05479208,0.0,0
site6_795.png_X256_Y0,12.781090107955256,159.6899157175203,0.1219836092198666,0.0140126767896891,0.951067535420006,7.3364563,0.17536157,-0.14977172,0.00396728515625,0
site6_795.png_X0_Y256,12.162966928186924,128.91679774606558,0.1676080634463375,0.0212844138047199,0.961353941280828,12.677856,0.09236947,-0.020496929,0.0,0
site6_795.png_X256_Y256,13.13289759587255,223.04800914913355,0.1012036604201721,0.0122737908026439,0.9418313047932264,8.945618,0.14689305,-0.11676194,0.1431121826171875,1
site6_796.png_X0_Y0,12.456936115259882,123.43344370254384,0.1914910700944243,0.0192898304467263,0.976861583522733,2.2059784,0.1406444,-0.1266168,0.13470458984375,1
site6_796.png_X256_Y0,12.989562339429195,165.45998999784268,0.12279430142538,0.0126476917125916,0.9620984948725548,-0.14491272,0.1630752,-0.16217157,0.0,0
site6_796.png_X0_Y256,12.036093318868405,87.91542534722312,0.2098317491421763,0.0228635178120759,0.9795285270560292,7.0880585,0.15469846,-0.12382935,0.0263671875,0
site6_796.png_X256_Y256,12.7908336324911,159.5778016117659,0.1185258352042247,0.0135686183970299,0.9500406022689886,5.7121124,0.16434065,-0.14081961,0.0,0
site6_808.png_X0_Y0,13.258807092427954,291.2970431294425,0.0964816497583519,0.0116518508310849,0.934933294919788,41.80504,0.08015363,0.11947474,0.0,0
site6_808.png_X256_Y0,13.07017847313524,273.88765647527845,0.1299883900870179,0.0142659164421914,0.9487373711724528,19.863876,0.096431844,-0.007890707,0.0,0
site6_808.png_X0_Y256,12.714356103434213,239.3871847666912,0.1517054573526115,0.0196831839944571,0.9595169298329472,19.114822,0.060627036,0.053201772,0.0836029052734375,1
site6_808.png_X256_Y256,11.739672250633744,128.94671966611196,0.291682133765139,0.0440631794211213,0.9882108761150074,1.2761688,0.1195913,-0.1085002,0.0,0
site6_820.png_X0_Y0,12.38204385875029,127.0501763744746,0.1301656407759999,0.0162721272182227,0.9407071229380288,8.776978,0.16221647,-0.12532458,0.0,0
site6_820.png_X256_Y0,12.55111313566602,115.1437023170185,0.1419048204301823,0.0155488281946145,0.9712453835019512,-0.4259796,0.17206801,-0.17187345,0.0,0
site6_820.png_X0_Y256,12.499669934125889,140.7139137591356,0.1247204794978036,0.0156211451205503,0.9405633541942078,-0.3348999,0.16490069,-0.16526753,0.0,0
site6_820.png_X256_Y256,12.365675343726933,92.64542450620112,0.1714442563208247,0.0171121923812986,0.9796160843988528,7.8354645,0.1384916,-0.10395474,0.0,0
site6_855.png_X0_Y0,12.449811716227408,147.46979303333595,0.1429682434389866,0.0180830121298186,0.9616714295601736,4.1851196,0.06769159,-0.04487892,0.0,0
site6_855.png_X256_Y0,12.57164726944768,172.57725934738255,0.1491689128895608,0.017429965330171,0.9574534588336452,5.9559937,0.079663604,-0.043694403,0.00103759765625,0
site6_855.png_X0_Y256,12.464674397923377,137.0459798515092,0.147633169527349,0.0173169744059788,0.9637582943412414,0.19500732,0.08816302,-0.08222288,0.0,0
site6_855.png_X256_Y256,12.411829738141142,102.09604102088409,0.1867566182954182,0.0175611481766066,0.9794789632433432,2.8446655,0.16655712,-0.15093023,0.0,0
site6_864.png_X0_Y0,10.451773484333916,94.8815547205456,0.2473018260387744,0.045174175392633,0.9399368114431882,8.551422,0.010095527,0.07548585,0.0,0
site6_864.png_X256_Y0,13.00900537217714,228.63381719171804,0.1242773108855778,0.0134890509036835,0.9481020491770384,11.0425415,0.1386525,-0.07628425,0.0,0
site6_864.png_X0_Y256,12.741836188701864,262.92460728748244,0.1338637295303267,0.0185109371931872,0.9448539389825732,1.7991486,0.09872531,-0.07952139,0.0,0
site6_864.png_X256_Y256,13.67436072676938,409.8977015901377,0.0850924023257248,0.0104439460839388,0.92486050081777,0.3391571,0.13741034,-0.13599575,0.481353759765625,2
site6_885.png_X0_Y0,12.350110005024964,110.60796097054202,0.1537549819310414,0.0166442249093023,0.9660091058408082,20.373611,0.10805446,-0.011620313,0.0,0
site6_885.png_X256_Y0,12.586717710458728,114.57174839605418,0.1431008760629327,0.014931147180361,0.9677074747943236,24.471283,0.15880373,-0.07517354,0.0,0
site6_885.png_X0_Y256,12.646940578909774,110.05221146914856,0.1625436023040274,0.0153781597351779,0.9818613353815686,9.9058075,0.13048998,-0.10058248,0.026611328125,0
site6_885.png_X256_Y256,12.635694619844877,103.99368934124018,0.1614366937442218,0.015030645132625,0.9802659074981634,15.04538,0.14007032,-0.07947992,0.0,0
site6_886.png_X0_Y0,12.442085344756933,135.4691896896643,0.158804572706517,0.0188985573814123,0.9719062603193912,10.742203,0.11850707,-0.06317594,0.0,0
site6_886.png_X256_Y0,12.575144537544332,153.80516638733098,0.1448498251017065,0.0171510947089686,0.9621003885864784,16.24936,0.12656197,-0.043592095,0.0,0
site6_886.png_X0_Y256,11.311486067734757,64.1582968840126,0.2492056790925995,0.0316997643408455,0.985406453130162,11.385223,0.027665328,0.055266786,0.0,0
site6_886.png_X256_Y256,10.973907352312349,86.63707151396527,0.2396696905410779,0.0428786832207201,0.9798240116196636,16.490906,0.019101458,0.100323975,0.0,0
site6_899.png_X0_Y0,13.366466098315756,343.783883557419,0.0870083974333506,0.0111588315275488,0.9099825442173138,8.007217,0.15045266,-0.11306797,0.0,0
site6_899.png_X256_Y0,12.376280728876232,174.7076873978836,0.2209845090204927,0.0264467435741542,0.9506197401050468,-0.19093323,0.16568159,-0.16241193,0.0,0
site6_899.png_X0_Y256,12.64750590925734,190.2205583339409,0.1679926137096186,0.0185533528332863,0.9600151407298588,9.593903,0.15126896,-0.101960376,0.0,0
site6_899.png_X256_Y256,12.11817392650252,131.0505117472893,0.2304539815776194,0.0235830036853768,0.9614995526853752,1.024643,0.16193935,-0.1562244,0.1046600341796875,1
site6_914.png_X0_Y0,12.837848110407611,178.69213899101578,0.1134346892877779,0.0133956058544782,0.9452166892094392,22.477737,0.15639047,-0.08780985,0.0,0
site6_914.png_X256_Y0,12.745660293121295,175.88665806121458,0.1563493311895127,0.0174248518458592,0.9699654006840416,7.0383606,0.12727775,-0.104538575,0.0,0
site6_914.png_X0_Y256,12.97790313022461,257.3797190533702,0.0901654113088991,0.0128698056987818,0.8942849324929297,43.086838,0.14040247,0.021115594,0.0,0
site6_914.png_X256_Y256,13.151548315646988,290.3338278847099,0.0911339998676024,0.0119752087130046,0.9011813975194808,30.768997,0.15021232,-0.039921418,0.0014190673828125,0
site6_915.png_X0_Y0,12.676556806483996,125.24973468738148,0.1463571271788962,0.0144352924037679,0.9716203580954098,2.922058,0.14675653,-0.12371539,0.0,0
site6_915.png_X256_Y0,12.533053609998468,107.1670321510962,0.157294065661953,0.0153060444203926,0.9767857921599804,12.937759,0.14527346,-0.0821626,0.0,0
site6_915.png_X0_Y256,13.08880748524435,354.4750038146646,0.1299941661233534,0.0171382208246936,0.940266302316684,3.6887207,0.09541219,-0.07916667,0.3754730224609375,1
site6_915.png_X256_Y256,11.160150736400444,152.21629984562594,0.2310014264096137,0.0396272661329742,0.9436560227826014,1.919342,0.044999164,-0.032589998,0.21051025390625,1
site6_916.png_X0_Y0,12.405349474443526,137.2173955630066,0.132476586036853,0.0156158200698831,0.9471120933688542,22.781662,0.14215755,-0.04752318,0.0,0
site6_916.png_X256_Y0,12.65686307630815,185.5369768538569,0.1057461466138589,0.0140636142625283,0.9156386526275302,29.858948,0.15084359,-0.031795204,0.0,0
site6_916.png_X0_Y256,10.187904536720591,79.02837721669943,0.2832869833759696,0.0512757296253042,0.9505356998489056,1.1734467,0.03510796,-0.023802795,0.0319976806640625,0
site6_916.png_X256_Y256,9.697949331469903,59.59153386017848,0.3075409509435629,0.0587886546059844,0.9600434175871492,2.772232,0.033971295,-0.011121989,0.0,0
site6_917.png_X0_Y0,12.853872478914615,165.6464903672883,0.1206671175075784,0.0131558245990603,0.9568888436680576,7.7658997,0.16937661,-0.13558227,0.0,0
site6_917.png_X256_Y0,12.6721081450586,161.44338364451494,0.1330219632539586,0.0156290297156857,0.960735939486788,8.339645,0.14721884,-0.109132245,0.0,0
site6_917.png_X0_Y256,11.77085720531055,167.22526215879566,0.1944186374419057,0.0306865357331628,0.9514166610387128,1.4206848,0.10123814,-0.09034611,0.0,0
site6_917.png_X256_Y256,12.487552152597717,147.63601750228537,0.1453977191321195,0.0166060061109823,0.9581990412632118,7.2374725,0.13965991,-0.109697,0.0,0
site6_920.png_X0_Y0,12.22871021873834,85.46726302684122,0.1527003995429444,0.016909218641328,0.9684465105425883,2.902298,0.17760825,-0.16766983,0.0,0
site6_920.png_X256_Y0,12.853467934521651,137.95544032043392,0.1374933134521494,0.0134217831347963,0.9727626969393168,15.447388,0.17608777,-0.13198578,0.00823974609375,0
site6_920.png_X0_Y256,12.311200649742728,104.06777032872031,0.1381246148023337,0.0168016018937733,0.9609063234512653,1.9814606,0.16226383,-0.15323418,0.0,0
site6_920.png_X256_Y256,12.506267400222638,150.36860496864443,0.1152166450525404,0.0149051758583712,0.9304807472312744,12.656143,0.18122338,-0.13648105,0.0,0
site6_921.png_X0_Y0,13.215403350823207,219.63773785924357,0.1380900407208872,0.0137837096679669,0.9719916921889508,-1.2827454,0.14533128,-0.15646902,0.62451171875,2
site6_921.png_X256_Y0,13.475804503683818,305.39441179474863,0.1237957992956328,0.0119872360305456,0.960295743047799,-3.7993011,0.13465284,-0.14931901,0.619720458984375,2
site6_921.png_X0_Y256,13.04148003741613,223.1917792285535,0.1015836816388133,0.0124525917762693,0.9384519022066444,12.546707,0.16698097,-0.12094337,0.0,0
site6_921.png_X256_Y256,13.39413313857274,310.1544250108247,0.0962816893560141,0.0113170641710894,0.9375842364951792,8.551941,0.14427832,-0.10586126,0.0,0
site6_949.png_X0_Y0,12.833147372448204,253.0407273644787,0.0901515647503611,0.0135141690360576,0.8749002839882263,24.983215,0.1579456,-0.07282628,0.0,0
site6_949.png_X256_Y0,13.322076756471064,308.5507042814228,0.104550400671191,0.0142295782509266,0.9423230952384438,21.725082,0.14271395,-0.061336376,0.245269775390625,1
site6_949.png_X0_Y256,12.762715861733769,206.87274650975985,0.0974297366063835,0.0138167918041594,0.905065576631362,16.269073,0.16948842,-0.11886459,0.0,0
site6_949.png_X256_Y256,13.716799864314131,455.4180127234607,0.1060404124683109,0.0141385508544527,0.9498670428908365,1.8949432,0.14697292,-0.13758492,0.716949462890625,2
site6_950.png_X0_Y0,13.913603070701928,557.2849712550302,0.0939268826722851,0.0136816963156315,0.9310362129470756,-7.673523,0.12692185,-0.15621686,1.0,2
site6_950.png_X256_Y0,13.921588082656688,567.6468045343208,0.0734577963630811,0.0094335817430669,0.9140019847558306,-7.9917603,0.097442105,-0.13108742,1.0,2
site6_950.png_X0_Y256,13.994049778179352,578.8839476403157,0.0766783910327707,0.0100365865455741,0.920049054512399,-8.252609,0.127761,-0.15855864,1.0,2
site6_950.png_X256_Y256,13.978098042854835,577.8834939686509,0.084870674514538,0.0109175740869774,0.9229105332570215,-6.8309174,0.12869033,-0.15489219,1.0,2
site6_951.png_X0_Y0,13.770945841568494,553.787979938633,0.0823818085403963,0.0105871210676259,0.918933037635312,-7.6225433,0.07222063,-0.11002797,0.9983062744140624,2
site6_951.png_X256_Y0,13.270649551147724,425.603108570056,0.1178641884123301,0.0141122274280303,0.9195499881172712,-5.822418,0.04209295,-0.07999077,0.8753662109375,2
site6_951.png_X0_Y256,14.065219263997818,663.0679076556901,0.0747718745301395,0.0097566518187271,0.9102459990200276,-6.9217377,0.13951223,-0.16485034,1.0,2
site6_951.png_X256_Y256,13.941201225228529,586.7510145587196,0.0916760530236453,0.0103588713411934,0.9260326156877116,-8.243256,0.09330544,-0.13209233,1.0,2
site6_952.png_X0_Y0,12.86212977992231,346.5095799993027,0.13589194019314,0.0173708905128303,0.921655157462689,-1.541626,-0.024929589,0.0010079097,0.7914581298828125,2
site6_952.png_X256_Y0,12.701224308755272,294.66367414277624,0.1555211599058817,0.0200173870065008,0.9434880654929044,-2.8862305,0.0072485255,-0.025647283,0.5717010498046875,2
site6_952.png_X0_Y256,13.80407143583173,516.5637030228876,0.0956881087804643,0.0120251995307569,0.9311190777280725,-3.4617767,0.0534651,-0.07482462,1.0,2
site6_952.png_X256_Y256,13.875904601728204,567.902105320091,0.0932422897624934,0.010354792656665,0.9255787718574628,-7.857712,0.07717377,-0.12040821,1.0,2
site6_953.png_X0_Y0,12.06452333581564,161.3593346309232,0.1893214747635379,0.0247175566713509,0.960013078688544,1.7168579,0.023496412,-0.00979827,0.1779327392578125,1
site6_953.png_X256_Y0,11.823330315270113,149.2564174986894,0.2170503035923493,0.0336666448483756,0.9775864849714392,10.256714,0.07704368,-0.032735612,0.0,0
site6_953.png_X0_Y256,12.646924096959308,156.34083970108222,0.1648534078667126,0.0165312804923575,0.9721996161374784,-6.6720734,0.10596135,-0.1321328,0.3752593994140625,1
site6_953.png_X256_Y256,12.280121342906208,216.2003563082751,0.1127096415301212,0.0181307833043277,0.8425185368175007,-6.1204376,0.2025321,-0.2156724,0.0,0
site6_954.png_X0_Y0,11.419675399584168,87.61944321295138,0.2329934653792653,0.0362015059087524,0.9824129280369396,2.8803253,0.09304793,-0.08821285,0.0,0
site6_954.png_X256_Y0,10.73583353902833,65.38331013012335,0.2560852702607157,0.041793467020945,0.9761696435768256,-1.8681335,0.07058559,-0.08601721,0.0,0
site6_954.png_X0_Y256,11.563879538625564,108.05329237853404,0.1507245342879196,0.0232712283781961,0.879017671557771,-3.7861938,0.20009643,-0.2079601,0.0,0
site6_954.png_X256_Y256,11.832849821693554,113.33635437692442,0.1533230607611421,0.0223001505263933,0.9361397612429057,-0.5342102,0.18942982,-0.18896657,0.0,0
site6_955.png_X0_Y0,11.558223939611754,86.91642362613325,0.2085664964416786,0.0293420980559737,0.972788396936163,0.22587585,0.107148804,-0.10405943,0.0,0
site6_955.png_X256_Y0,11.07580616195576,62.39143011402001,0.2375646259156247,0.0351425018165195,0.979500421256824,5.9871216,0.07529562,-0.03491547,0.0,0
site6_955.png_X0_Y256,13.030014869253288,213.01660247862003,0.1749391584516927,0.0211980187440702,0.9758409480333404,2.395752,0.119595245,-0.11440818,0.4811859130859375,2
site6_955.png_X256_Y256,12.072752060749965,159.8404819360447,0.2198362354550078,0.0263432601612208,0.9667057204313474,3.129547,0.037714846,-0.021451086,0.348907470703125,1
site6_956.png_X0_Y0,12.08032377602288,113.43572135717302,0.1690844722169548,0.0203894259210282,0.9622976997211776,7.3588104,0.09869589,-0.05920224,0.0,0
site6_956.png_X256_Y0,12.7492819087273,219.7507789372067,0.1212568196176622,0.0161180150353534,0.9455677651098344,3.8435364,0.08200885,-0.0653563,0.0,0
site6_956.png_X0_Y256,11.487977465071763,106.40697353482432,0.2313328366810404,0.0334031839948644,0.9715885646858484,6.5901947,0.06422992,-0.017873581,0.1551971435546875,1
site6_956.png_X256_Y256,12.350851264473206,186.1226931498926,0.1528098892060518,0.0193899351950695,0.955865361390964,1.4640656,0.026280692,-0.018683236,0.0482635498046875,0
site6_965.png_X0_Y0,9.596801902804588,25.820882518142312,0.2856562258213693,0.0457744676879785,0.908704492326545,-2.5091248,0.18036896,-0.18517374,0.0,0
site6_965.png_X256_Y0,11.772075853804113,173.612611916096,0.180555841955645,0.0270921913169596,0.9221216202192084,-1.5429993,0.17814404,-0.18175119,0.0,0
site6_965.png_X0_Y256,10.043517411695444,46.53771364979917,0.2446699918975186,0.0399925248029972,0.8556253593165549,-2.6747284,0.18059221,-0.18572885,0.0,0
site6_965.png_X256_Y256,13.28083982129947,363.6223819414495,0.0938000753989817,0.0125824060349712,0.8934450644444605,2.481369,0.18062833,-0.17278875,0.0,0
site6_966.png_X0_Y0,13.23412410141006,295.5627060806062,0.0923356078030931,0.0121451496110627,0.9158710454852076,20.426422,0.17837921,-0.1134227,0.0,0
site6_966.png_X256_Y0,13.053761759816076,224.7274365478509,0.1188492525951069,0.0128960833022098,0.9476496585033024,7.0804443,0.13154536,-0.09768732,0.0,0
site6_966.png_X0_Y256,13.660102250965371,391.2749085387931,0.0915065753860129,0.0103802390646224,0.9324946305367808,25.018478,0.13244109,-0.043575708,0.030181884765625,0
site6_966.png_X256_Y256,13.124240011836074,223.81517693015337,0.1116135237325982,0.0124680623923745,0.950878276549314,3.5840607,0.14496201,-0.12774137,0.0,0
site6_967.png_X0_Y0,13.121527674581085,261.63376315601204,0.1074041783162905,0.0122941573754346,0.9339036576018692,17.56813,0.1673613,-0.087049834,0.0,0
site6_967.png_X256_Y0,12.619696292063912,226.65752019957483,0.1339342566231339,0.017173223635644,0.9311261095607816,15.550674,0.106034905,-0.018331107,0.0,0
site6_967.png_X0_Y256,12.852346567891969,263.99782395894294,0.135969223756414,0.0166232116619967,0.9384843864045228,10.674835,0.13579556,-0.075046495,0.0,0
site6_967.png_X256_Y256,11.95273809096444,98.97520563004664,0.2305727461289288,0.0232786666589999,0.9873155228179606,1.7610321,0.10642233,-0.07635096,0.0,0
site6_968.png_X0_Y0,12.291926808630876,164.0708462340255,0.2118392664548215,0.0219782241701529,0.9585754134283953,-0.3026886,0.16081949,-0.15630323,0.0,0
site6_968.png_X256_Y0,13.37766549594547,286.8841413158495,0.1117044730686718,0.0115569458517372,0.9483810158570022,5.216934,0.13394472,-0.109951854,0.0,0
site6_968.png_X0_Y256,12.975370029320477,212.93766210713372,0.1504403458789186,0.0145754682478413,0.9606433608580878,7.4117737,0.13662395,-0.10254422,0.00830078125,0
site6_968.png_X256_Y256,12.972635937466688,201.66876196956716,0.1104433362048658,0.0128393493057271,0.9478883267729808,11.7582855,0.16302258,-0.11367648,0.0,0
site6_984.png_X0_Y0,12.955923692797276,227.19162562177047,0.1219650021533732,0.0136175637587127,0.9456324607236776,12.477921,0.14082982,-0.10755428,0.120941162109375,1
site6_984.png_X256_Y0,13.86538626006725,525.3272528444354,0.0837673905748687,0.0112958965691953,0.9200503118732236,-5.3670807,0.1453999,-0.1639979,0.998931884765625,2
site6_984.png_X0_Y256,12.473729310130272,163.46360190492683,0.1495682793467642,0.0167755382655426,0.9517852066285536,-6.4605103,0.11505658,-0.14888251,4.57763671875e-05,0
site6_984.png_X256_Y256,12.883439720921045,205.57548943015357,0.1483514422670998,0.0152603017794296,0.9474484274520636,-7.303406,0.17650625,-0.19761954,0.14825439453125,1
site6_985.png_X0_Y0,13.403791217345248,404.16578943493647,0.102824089253427,0.0163522246433299,0.9320634363348193,-4.5295563,0.14815931,-0.16216667,1.0,2
site6_985.png_X256_Y0,13.706237718758452,508.6985258524074,0.0955720414788904,0.013996376680261,0.9297370563220024,-4.0882874,0.14954594,-0.16433203,1.0,2
site6_985.png_X0_Y256,11.996836594651578,149.87237775134793,0.1673315258861384,0.0242986168732847,0.9256874417670042,-4.8418274,0.17804325,-0.18805513,0.280792236328125,1
site6_985.png_X256_Y256,12.628166634357733,197.28145725201708,0.1566414233585149,0.0223732191041412,0.9545039839812768,-6.202133,0.1705634,-0.18674454,0.377899169921875,1
site6_986.png_X0_Y0,12.87039731493394,330.90880968255783,0.1992411269974136,0.0460765208773096,0.9699273724614615,-6.868271,0.111213535,-0.1400593,1.0,2
site6_986.png_X256_Y0,13.649944210260342,455.9091924379944,0.1210632402534218,0.0205610561990736,0.9501900359554644,-7.236618,0.12821604,-0.15910468,1.0,2
site6_986.png_X0_Y256,12.19947892825736,184.880620284278,0.2029754881614193,0.0343692492838162,0.9808577265428504,-7.1614685,0.13295849,-0.1612668,0.521087646484375,2
site6_986.png_X256_Y256,13.231575729066591,323.2530444270199,0.1581972339250269,0.0231689230789117,0.9656702046407254,-5.9310303,0.123798236,-0.15052119,0.8678741455078125,2
site6_987.png_X0_Y0,13.790402059651685,432.210534079442,0.1002183840215349,0.0104870618435923,0.9420441019962376,-5.1795197,0.085918695,-0.11228548,1.0,2
site6_987.png_X256_Y0,13.405498043726196,366.6785916174247,0.1171465116665612,0.0117495972927309,0.928638247810333,-7.8084717,0.04283067,-0.08453217,0.9945526123046876,2
site6_987.png_X0_Y256,13.12477567206831,285.59151728000234,0.1677350147105384,0.0241179708485675,0.9669170341450584,-5.5923157,0.13813606,-0.16221651,1.0,2
site6_987.png_X256_Y256,13.3697654896032,373.4474537437681,0.1448511265015876,0.024465080571981,0.956751093501623,-5.1665955,0.08550596,-0.1164479,0.94970703125,2
site6_989.png_X0_Y0,11.53938800641747,142.241290263964,0.1401481017853676,0.0240898783541952,0.8118846308007068,-6.392746,0.1920474,-0.2051526,0.0,0
site6_989.png_X256_Y0,12.22820309393274,193.0842572117734,0.1282685191331306,0.0194249849957389,0.8807151758302955,-6.475998,0.19701348,-0.21130031,0.0,0
site6_989.png_X0_Y256,11.406962149068049,131.2747035094718,0.1399009759447756,0.0251079898644035,0.8141506119910266,-5.2187805,0.1926004,-0.20315088,0.0,0
site6_989.png_X256_Y256,12.401050079257992,216.56006056865743,0.116963796838087,0.0179513165613922,0.8807979213098366,-5.5469055,0.19357078,-0.20613316,0.0021820068359375,0
site6_990.png_X0_Y0,12.400665696247204,209.665843876148,0.240769654159619,0.0378223794648471,0.9667976545348356,-5.9088745,0.13675892,-0.15332027,1.0,2
site6_990.png_X256_Y0,12.721458667813632,281.38760192893733,0.2015514945512889,0.0474636170965702,0.9663243199899304,-5.708954,0.118751615,-0.13915849,1.0,2
site6_990.png_X0_Y256,12.146324063202137,168.08490296700418,0.260429768761195,0.0624377045737818,0.979566539637105,-4.8531036,0.14403701,-0.15941209,0.8527374267578125,2
site6_990.png_X256_Y256,12.387599679228757,244.2330546844881,0.2280685851849557,0.0705216177231917,0.971938972188956,-3.8128967,0.13720801,-0.15121926,1.0,2
site6_991.png_X0_Y0,13.18140266307331,297.93426440551974,0.1665200562942301,0.0194082514809291,0.9594916021296728,-4.9694366,0.07398848,-0.095986724,1.0,2
site6_991.png_X256_Y0,12.794030328313491,250.5349452884901,0.167839989169497,0.0172157736140432,0.961892012674566,-0.7461548,0.05352494,-0.058996733,0.459503173828125,2
site6_991.png_X0_Y256,13.2251568478011,285.9904184087854,0.16174694440581,0.0218754155201715,0.965563276551716,-5.6740875,0.11881012,-0.13983433,0.8446807861328125,2
site6_991.png_X256_Y256,12.924291309732448,218.5001743169801,0.1484215179877411,0.0164705820828032,0.9669289698464256,1.0926056,0.09253996,-0.08821075,0.0666351318359375,1
site6_1000.png_X0_Y0,11.348732918589857,74.45992454825222,0.2221675464138273,0.0270987513804469,0.9443156491228428,-1.2556458,0.18954955,-0.19215074,0.0,0
site6_1000.png_X256_Y0,13.27478675192249,288.53718072677725,0.094203787891965,0.0117949395346826,0.9231920965588518,24.073105,0.16599828,-0.07953999,0.0,0
site6_1000.png_X0_Y256,12.740420775794473,158.1044862102382,0.1256028846764191,0.0146473969820137,0.9504835239099494,6.601059,0.18966219,-0.16171417,0.0,0
site6_1000.png_X256_Y256,12.61205916764928,140.97810604695587,0.1303731392492364,0.0149754765709642,0.954764397485636,33.38324,0.16974781,-0.051329624,0.0,0
site6_1001.png_X0_Y0,13.523888611018489,415.5386676398697,0.1126237240693052,0.0136384993563192,0.9504136398121316,3.1024017,0.10008718,-0.10730493,0.8196258544921875,2
site6_1001.png_X256_Y0,12.80436638122722,225.75980522815595,0.1514844102332795,0.0164571801563249,0.9681030631978712,-5.253357,0.12277001,-0.15274984,0.3132171630859375,1
site6_1001.png_X0_Y256,13.46900709416856,286.43299522720275,0.1142962270149084,0.0120433999787652,0.9647566913035456,5.7870483,0.0901271,-0.090356305,0.498321533203125,2
site6_1001.png_X256_Y256,12.883035910876888,232.21762744497505,0.1575613966602745,0.0157577236056877,0.9655656444528196,-6.726654,0.12414795,-0.15556812,0.2632904052734375,1
site6_1002.png_X0_Y0,11.835766470735232,107.25340931072058,0.2067972892423918,0.0261200998967572,0.9780833494536584,-1.8156891,0.16781028,-0.1681629,0.0,0
site6_1002.png_X256_Y0,13.012453734435688,258.6747567642216,0.1563388882931855,0.0193655050004268,0.9550085208419268,-1.5228577,0.13907047,-0.13796982,0.4255828857421875,2
site6_1002.png_X0_Y256,12.764991058213557,185.5842164822486,0.1662078161897196,0.0179587777946186,0.97000718475235,-4.0724487,0.13681722,-0.15041302,0.3067626953125,1
site6_1002.png_X256_Y256,13.6491722751757,319.0378449544603,0.0994580666409551,0.0112360296440296,0.95422908287691,-5.4142303,0.12252733,-0.13938433,0.8618316650390625,2
site6_1003.png_X0_Y0,13.329154331627036,266.5910975195938,0.1072031298858514,0.0116458331860687,0.948467702211425,-0.3935852,0.13208465,-0.13271406,0.097320556640625,1
site6_1003.png_X256_Y0,12.666502377687957,155.69289969604108,0.1218600049781865,0.0145659614847813,0.9458701293146122,8.642136,0.15435097,-0.11632437,0.04296875,0
site6_1003.png_X0_Y256,13.081379309391265,221.3646397569513,0.1069520704531106,0.0127325973065959,0.9400745373926208,10.208237,0.16372189,-0.12262365,0.1078948974609375,1
site6_1003.png_X256_Y256,12.834579166694471,157.7225915363162,0.117041262257255,0.0137660561971954,0.956153803442783,22.138794,0.15182325,-0.058781687,0.0833892822265625,1
site6_1004.png_X0_Y0,12.885500647884797,162.61885470733216,0.1233153116042237,0.0134611578105117,0.95978088560642,9.387497,0.12779526,-0.085633606,0.1181182861328125,1
site6_1004.png_X256_Y0,12.758355719399072,173.376547046219,0.1136795658428889,0.0144488025560093,0.9439771571506358,16.990753,0.1513703,-0.08665632,0.0847625732421875,1
site6_1004.png_X0_Y256,12.790421461722698,168.18785253869532,0.1156595108277646,0.0143331814372242,0.9490138180209924,20.054367,0.14819911,-0.07090468,0.04815673828125,0
site6_1004.png_X256_Y256,12.579233877293133,141.35539917039506,0.1199194492615571,0.0149978175539112,0.9433140406437656,14.704117,0.15575501,-0.102810495,0.0,0
site6_1005.png_X0_Y0,12.809925510158536,179.5302153318564,0.1414348286360976,0.0152085743799134,0.9648177169996752,0.86390686,0.06655311,-0.06054543,0.1645965576171875,1
site6_1005.png_X256_Y0,12.59911059626124,191.70666597583372,0.1267406783635461,0.0159857294361138,0.9363963552047472,2.2851868,0.1339901,-0.12206692,0.0,0
site6_1005.png_X0_Y256,12.757346024984171,201.43671760861636,0.1033093056656807,0.0142411964014749,0.9131049291946328,0.28004456,0.15177453,-0.15080817,0.0,0
site6_1005.png_X256_Y256,12.696725467602024,197.8611073265189,0.1292914281784174,0.0159468539372013,0.9475732525505728,6.4813538,0.12871051,-0.09997664,0.0,0
site6_1018.png_X0_Y0,12.365389249881176,149.69811270004533,0.1113640028139707,0.0156714724136117,0.9093771983301308,42.764496,0.14430827,0.009262452,0.0,0
site6_1018.png_X256_Y0,12.365786997822752,157.91016754373834,0.1211442721261471,0.0159846097834532,0.9091883853844012,25.539017,0.1334805,-0.03062572,0.0,0
site6_1018.png_X0_Y256,11.728902783011833,77.74122924476407,0.1939409589084381,0.0230195998877933,0.9712352578368384,9.181931,0.09531547,-0.054308586,0.0,0
site6_1018.png_X256_Y256,12.69139741339382,153.69830419791194,0.1881294646691635,0.0227401863975151,0.982027588977599,-2.2795105,0.118225105,-0.119508125,0.2287445068359375,1
site6_1019.png_X0_Y0,12.963023980752338,206.72525176615443,0.1333013723214501,0.0145416727120087,0.9627780124245404,-4.7467346,0.13071965,-0.14753523,0.22039794921875,1
site6_1019.png_X256_Y0,12.275904995009782,163.81875010512806,0.1525500179942607,0.0200056813013199,0.9636704355760988,-7.9251404,0.17275578,-0.19741222,0.0,0
site6_1019.png_X0_Y256,12.990131975681823,259.8886084078433,0.1565866964406896,0.0176952191550045,0.9723438458918432,-14.465134,0.06376234,-0.1563555,0.541748046875,2
site6_1019.png_X256_Y256,12.996387999129684,227.0329886792425,0.1156137081707165,0.013559193223786,0.937337216511153,-10.300201,0.14963074,-0.1904926,0.0,0
site6_1023.png_X0_Y0,6.88135681432939,2.0929960081459065,0.5858276626014222,0.1117392758763541,0.9730350065769746,7.33284,0.23015593,-0.2125797,0.0,0
site6_1023.png_X256_Y0,10.293412692575842,72.03909280685522,0.4003927027375976,0.0656093750240662,0.9782300542831992,4.456253,0.19510345,-0.18516287,0.0,0
site6_1023.png_X0_Y256,10.659878280842436,53.82208420439434,0.3402844894884839,0.041724521022714,0.9818024819964736,0.31266785,0.1361668,-0.14047782,0.09478759765625,1
site6_1023.png_X256_Y256,10.658483695777328,97.625685058041,0.3310240374027036,0.0504185493362258,0.9696733565352568,0.67607117,0.14101775,-0.13820395,0.0478668212890625,0
site6_1035.png_X0_Y0,12.999299194672748,193.07389027057192,0.1262384917752918,0.0133646474027339,0.9627418941631656,9.037903,0.18587828,-0.15243025,0.0,0
site6_1035.png_X256_Y0,13.00799559673841,193.3112207294114,0.1154241970002781,0.0126292009485278,0.954150127652282,26.833572,0.15587899,-0.03766667,0.0,0
site6_1035.png_X0_Y256,13.076409587540144,232.3713904958456,0.0995677548029822,0.012408941518601,0.9357149693357074,35.68097,0.1660194,-0.039738722,0.0,0
site6_1035.png_X256_Y256,13.505692101748604,347.2442836289092,0.0928961052997793,0.0108551011569602,0.9386606652171006,23.76233,0.13373949,-0.030001473,0.0637359619140625,1
site6_1036.png_X0_Y0,13.124248773865263,246.23822436082747,0.1111598306938931,0.0121480122956981,0.942455730276374,22.454468,0.14028022,-0.04652418,0.0,0
site6_1036.png_X256_Y0,12.886244279637832,183.44101436346875,0.156096250096642,0.014737935445306,0.9701212437404408,3.6305847,0.14852086,-0.12893973,0.0,0
site6_1036.png_X0_Y256,12.545686582250877,160.19558913638946,0.158892099100026,0.0178378917294485,0.9673465710637053,5.948807,0.15104935,-0.12083408,0.0,0
site6_1036.png_X256_Y256,12.769611868711763,258.3053463061214,0.1283791199008502,0.0176795744582544,0.9408452255240088,9.836792,0.087946504,-0.0248086,0.0,0
site6_1037.png_X0_Y0,13.18056896137492,239.33757087118968,0.1124483260233764,0.0125027177051422,0.9516344742281831,0.5013428,0.10998132,-0.09771612,0.4604949951171875,2
site6_1037.png_X256_Y0,12.806702239602602,159.61178176663867,0.1346447788400056,0.0140615660870715,0.9638897143003614,8.369568,0.14289373,-0.10162887,0.172760009765625,1
site6_1037.png_X0_Y256,13.040671907918032,283.7120330221716,0.0996315431210925,0.0133364608291732,0.924261015474353,18.667496,0.11334592,-0.014235483,0.0,0
site6_1037.png_X256_Y256,12.628578157206768,145.73015353170425,0.1425721029768556,0.0155726432932388,0.9634926162607844,10.474396,0.13420844,-0.07981463,0.0,0
site6_1093.png_X0_Y0,13.086257387213394,226.9049769169389,0.1393018472276135,0.0143185013865021,0.9640917718772908,-8.2885895,0.112324566,-0.15109715,0.0,0
site6_1093.png_X256_Y0,12.74047630848095,250.8633585640369,0.1228177553859967,0.0147614259134655,0.9137541802320674,-11.032608,0.057561323,-0.1157801,0.0,0
site6_1093.png_X0_Y256,12.936993324001266,165.7809251249517,0.1578962957231061,0.0149839058307742,0.974648859073845,-4.050705,0.13919203,-0.15896131,0.000244140625,0
site6_1093.png_X256_Y256,13.126247834529485,241.9123989871821,0.1247418455525769,0.0139808058059529,0.9598068030821528,-10.3591,0.099029645,-0.15641783,0.0429229736328125,0
site6_1140.png_X0_Y0,12.197844846953531,112.24268516015258,0.1740673337377815,0.0231156521767207,0.9815019281040638,3.7411957,0.15501776,-0.1351789,0.0,0
site6_1140.png_X256_Y0,12.047860836530976,162.23056871156518,0.17387955998457,0.025781387245997,0.9578255327081,14.118408,0.052995387,0.04190444,0.0,0
site6_1140.png_X0_Y256,13.127935520834594,214.0451792880176,0.1227938177532694,0.0124178284414113,0.9629371838793674,10.097412,0.13791597,-0.09250523,0.0681304931640625,1
site6_1140.png_X256_Y256,12.707957622937393,282.5963074899272,0.1268700719299339,0.0178540756690388,0.926295299568981,12.791306,0.10419059,-0.027474003,0.003082275390625,0
site9_6.png_X0_Y0,13.447919353955996,1361.4002640211145,0.1143200918006694,0.0773791109413038,0.670565621178843,-2.9954834,0.1530253,-0.16822802,0.0,0
site9_6.png_X256_Y0,11.732545247580529,353.54111357409874,0.2146274177644367,0.122204387711632,0.9468823536325416,2.5154877,0.14178315,-0.13694109,0.0,0
site9_6.png_X0_Y256,14.02804922326547,1332.8823213128053,0.0411106927683623,0.0086867389931879,0.544255838730998,-0.45906067,0.1687411,-0.17082055,0.0,0
site9_6.png_X256_Y256,12.06254165422826,230.97618597714975,0.1229763988218551,0.021625546446506,0.8625743986216086,5.199829,0.15869583,-0.14857668,1.52587890625e-05,0
site9_7.png_X0_Y0,10.79358336248162,637.9455090440181,0.3131245904456555,0.2660752091040183,0.9287148286384994,0.6521759,0.12978968,-0.12874794,0.089691162109375,1
site9_7.png_X256_Y0,6.4592258706993695,432.8720051783711,0.6157220732319477,0.5917399733177154,0.9438310801267088,5.0575867,0.06487776,-0.041086975,0.0362091064453125,0
site9_7.png_X0_Y256,14.199331939596734,1194.3448852455408,0.0705388299453189,0.0099509032172183,0.7665054475598827,4.8936157,0.14060956,-0.11814943,0.8188629150390625,2
site9_7.png_X256_Y256,14.32515463210229,1285.365457381326,0.0639067269036648,0.0097975526519902,0.8066229449524813,22.412231,0.09140932,0.035467457,0.67608642578125,2
site9_17.png_X0_Y0,13.127062262379573,520.0442556048196,0.0886607820049031,0.0134540855434778,0.8004882626953733,4.301285,0.18073225,-0.16747257,0.0,0
site9_17.png_X256_Y0,13.751447856860398,917.9120462082363,0.0816197632191849,0.0108605389665355,0.7480684666137394,0.6735382,0.18212187,-0.18285167,0.3265228271484375,1
site9_17.png_X0_Y256,12.094651039503653,260.71887642373383,0.0992098277786302,0.017903830507188,0.6794875102159428,5.422348,0.19335586,-0.17935881,0.0,0
site9_17.png_X256_Y256,14.233978797995888,1413.2757305334246,0.0582579519655402,0.00835576820932,0.6733916100351589,0.2984314,0.18656203,-0.19019133,0.2723388671875,1
site9_18.png_X0_Y0,14.443013045857114,1483.9155856372108,0.04938014910515,0.007769116291855,0.7011736684949186,5.70755,0.13721584,-0.10707623,0.5659332275390625,2
site9_18.png_X256_Y0,14.511935608662458,1443.4871026169146,0.0603753885547961,0.008122055750671,0.775940510960946,10.536652,0.11413401,-0.058026124,0.8712005615234375,2
site9_18.png_X0_Y256,14.296369047127614,1238.7607013829204,0.088282432302492,0.0091077369744121,0.8356147276035624,7.664459,0.12875122,-0.08514836,0.944091796875,2
site9_18.png_X256_Y256,14.37288374141621,1294.9550886829556,0.0501391890462139,0.0077773089086409,0.7587507909337347,14.947205,0.13319379,-0.049595196,0.1104583740234375,1
site9_19.png_X0_Y0,14.319717647539616,1309.1801755185097,0.0488121561448134,0.0078887383326465,0.7169536779134427,12.770233,0.13937254,-0.062186707,0.000885009765625,0
site9_19.png_X256_Y0,14.271651604862807,1162.6608083129363,0.0681041584154788,0.0083855480287032,0.7752340372915549,3.1487885,0.1525558,-0.1331442,0.80059814453125,2
site9_19.png_X0_Y256,14.44829338547976,1531.4163420771288,0.0598287645026751,0.0080739506939328,0.7331304007492386,5.0804596,0.1555104,-0.11621374,0.565155029296875,2
site9_19.png_X256_Y256,14.36768537034705,1316.0881265469443,0.0750337794110025,0.0080635414729301,0.8082949868899877,2.4766388,0.1526961,-0.14813441,1.0,2
site9_20.png_X0_Y0,14.379455108856396,1369.0792900868264,0.0819659277313856,0.0081271870730922,0.8070695225532927,1.5984039,0.15665431,-0.15759319,1.0,2
site9_20.png_X256_Y0,14.316087661575786,1315.6975764580156,0.082862357376097,0.0085824356776866,0.7870148671017889,2.2243958,0.17379136,-0.1734604,1.0,2
site9_20.png_X0_Y256,14.43415082077544,1445.2458556205415,0.0671382239968124,0.0078451327532081,0.7574898089555682,2.7580566,0.13998915,-0.13512158,1.0,2
site9_20.png_X256_Y256,14.250382546442848,1261.8613746516362,0.0917939388859144,0.0088066421853144,0.7944107741780665,2.8947144,0.17748003,-0.17336126,1.0,2
site9_28.png_X0_Y0,13.74204991248213,981.1453626760604,0.0622898379242119,0.0100158629297786,0.6499153866307766,5.1645813,0.18166314,-0.1669033,0.1441802978515625,1
site9_28.png_X256_Y0,14.1728176027597,1357.101208159313,0.0538563256810204,0.0108706626046214,0.7159800799388564,3.0901184,0.1807389,-0.16629273,0.2385101318359375,1
site9_28.png_X0_Y256,14.264745828848548,1460.4749249688855,0.0493466073856694,0.0081340215443161,0.6567995815826719,3.326538,0.1819271,-0.17094973,0.495574951171875,2
site9_28.png_X256_Y256,14.304458208735571,1268.383182985576,0.0617836503071591,0.0081228798777031,0.7491482759529577,9.103607,0.13434789,-0.11058009,0.5673980712890625,2
site9_29.png_X0_Y0,14.276830679064467,1168.0402949737245,0.0774226686779828,0.008422529900776,0.8206665992529333,6.5979004,0.13365163,-0.105350226,0.7239227294921875,2
site9_29.png_X256_Y0,14.39565641889477,1254.3763192042136,0.0727573436278313,0.0079495301608296,0.809464993751658,1.40065,0.15939191,-0.1584576,0.6808929443359375,2
site9_29.png_X0_Y256,14.218723116421636,1246.5460761035806,0.0832193536295115,0.0090984473449595,0.7792113479005333,2.176117,0.14115587,-0.13759145,0.9692840576171876,2
site9_29.png_X256_Y256,13.572306150625243,704.7931023825347,0.0980625345018528,0.011381654150936,0.8109369416014499,5.444031,0.1582002,-0.14579642,0.5142364501953125,2
site9_30.png_X0_Y0,14.236554723491713,1221.6224654580185,0.0813843560322879,0.0087269572560402,0.7901003603153431,2.013382,0.13972065,-0.1386193,1.0,2
site9_30.png_X256_Y0,14.17946918067454,1076.5315223562957,0.0945993159855621,0.008767049225553,0.8493429009292367,-3.232788,0.17639922,-0.19766021,1.0,2
site9_30.png_X0_Y256,13.754840612010415,912.213787665832,0.0979558154354076,0.0109898083184102,0.8079046301317462,5.7983856,0.13496058,-0.12188035,0.715057373046875,2
site9_30.png_X256_Y256,12.895493153379386,614.1030780529285,0.1173472716909014,0.019579186273372,0.859775893540274,5.310669,0.16029479,-0.1529649,0.4528045654296875,2
site9_31.png_X0_Y0,14.446454591280329,1486.1919992612443,0.0729165991812786,0.0078090878443569,0.7809371385710555,0.00050354004,0.18095458,-0.18620858,1.0,2
site9_31.png_X256_Y0,14.001228317041544,1149.09012035643,0.1159138646483219,0.0170290181110646,0.8087355281339025,0.5540314,0.19607025,-0.20167598,1.0,2
site9_31.png_X0_Y256,14.290752079343246,1387.1493628803753,0.0720581523189176,0.008609440964063,0.7452848968917489,0.88308716,0.17198947,-0.1743516,0.9041595458984376,2
site9_31.png_X256_Y256,12.902716049096949,628.4913899702503,0.1171658835277823,0.0177664962545996,0.8030172194117288,3.951004,0.17191595,-0.16579579,0.4061431884765625,2
site9_32.png_X0_Y0,14.084436632344174,981.6575298262998,0.0896342351676379,0.0090920209534623,0.8507947679696948,24.91008,0.05957177,-0.0030410471,0.9276275634765624,2
site9_32.png_X256_Y0,14.085850192862482,1081.7751928345283,0.0797610336207094,0.0092171666628918,0.7731381062365383,1.2482147,0.17080837,-0.17110832,0.88250732421875,2
site9_32.png_X0_Y256,12.828263930416664,493.0784322286058,0.1259334082769702,0.0181431913877642,0.8995726964833421,9.572327,0.13091631,-0.10974769,0.402008056640625,2
site9_32.png_X256_Y256,12.255752896441962,301.6142814813028,0.1348373544071208,0.018972439572061,0.8050939057704728,5.5085754,0.17502956,-0.16068138,0.1764373779296875,1
site9_37.png_X0_Y0,13.085042193601144,482.0749914696353,0.0682430685503974,0.0132865853984808,0.7796919164620603,6.0244904,0.15941581,-0.13773735,0.0,0
site9_37.png_X256_Y0,12.900679597143087,479.7077336090697,0.0786340014965888,0.0162110979630143,0.8244288214663437,10.339066,0.14906242,-0.105789945,0.0,0
site9_37.png_X0_Y256,13.090926837925682,387.54476529460703,0.0851683792955447,0.012574082441938,0.8503519031330855,4.4837036,0.17387742,-0.15698579,0.1699676513671875,1
site9_37.png_X256_Y256,13.108855683736254,439.96998792533736,0.0799322026202025,0.0128012202732041,0.8200001300119331,6.56839,0.17177768,-0.14441213,0.18280029296875,1
site9_39.png_X0_Y0,13.681160065143436,902.6030686515252,0.0649218252635465,0.010629874999554,0.6701589979120822,4.2018585,0.17550668,-0.16316472,0.354949951171875,1
site9_39.png_X256_Y0,13.881717125624538,836.4978040447456,0.0901392460299419,0.0097344983250204,0.8386383172252587,2.9884033,0.14616165,-0.13864881,0.60614013671875,2
site9_39.png_X0_Y256,12.335658840160525,361.7869428074633,0.0851550632349514,0.0165908400894535,0.576726541209001,5.7116394,0.18903178,-0.17365514,0.0,0
site9_39.png_X256_Y256,12.258443250263843,237.1190278228372,0.1175311059321157,0.0167463297382518,0.8038507796267109,6.3874664,0.18407151,-0.168587,0.0,0
site9_40.png_X0_Y0,11.779908523302389,218.94158729515917,0.1319116979308282,0.0217745168170265,0.8295048896028617,9.344101,0.1596089,-0.13883752,0.0963287353515625,1
site9_40.png_X256_Y0,11.958159108642718,205.77047094267095,0.1242250558671387,0.0195186602100525,0.7763554916257585,9.585175,0.18863323,-0.16448662,0.0,0
site9_40.png_X0_Y256,12.131169244319754,284.55122861400446,0.1059313649991842,0.0181945187670731,0.7199622769019626,9.185165,0.17438862,-0.15223876,0.04461669921875,0
site9_40.png_X256_Y256,13.781498163982253,1014.2030352058732,0.0765808839747301,0.0104928571306611,0.7095200297337543,6.87059,0.17619336,-0.15940703,0.4726715087890625,2
site9_41.png_X0_Y0,12.414731863780307,381.053275452967,0.1387868134466653,0.0191018671697988,0.7754049682403127,6.824646,0.2000277,-0.18204352,0.13592529296875,1
site9_41.png_X256_Y0,12.252997127280148,314.5225296460568,0.1076669429878067,0.0174783548366805,0.7025761873936194,8.5390625,0.18392569,-0.16206498,0.01300048828125,0
site9_41.png_X0_Y256,14.13771773212869,1276.4882139982528,0.0883688888737653,0.0093876103793323,0.7722061570448301,0.2447052,0.21578844,-0.22356446,0.996978759765625,2
site9_41.png_X256_Y256,13.645505900053406,916.372765883334,0.0936713345493256,0.0115377615683135,0.7512609729990924,3.2530823,0.19497976,-0.18930587,0.7378082275390625,2
site9_47.png_X0_Y0,14.067041599295068,910.2737882515306,0.0841567879459503,0.0090900316348833,0.8772260341832111,6.1324005,0.10692063,-0.0829044,0.5131988525390625,2
site9_47.png_X256_Y0,13.289215831244576,650.0395338181346,0.08523426342542,0.0139765256157109,0.8150985367760548,3.6990662,0.1580598,-0.14609313,0.30657958984375,1
site9_47.png_X0_Y256,13.670383574888923,889.1003303116679,0.1425378098198036,0.0126949129008184,0.8858234485200953,0.589798,0.15188108,-0.16323054,0.9734649658203124,2
site9_47.png_X256_Y256,13.887883321439643,894.1011607464905,0.1083327002100549,0.010074662659939,0.8454389407878788,-0.8832092,0.17199972,-0.18339945,0.9408721923828124,2
site9_48.png_X0_Y0,13.408413043685988,519.7703392625664,0.095298171689778,0.0120035314756231,0.9103282309227204,3.0290833,0.14208756,-0.13526054,0.4150390625,2
site9_48.png_X256_Y0,12.45512151337104,359.64271573735226,0.0844396350324611,0.0163126995199333,0.6904909105855968,6.061371,0.17412624,-0.15862286,0.00836181640625,0
site9_48.png_X0_Y256,12.725028705117683,378.3558987528992,0.0948460868621249,0.0149754473469876,0.7758124188468487,4.844986,0.17290285,-0.16134366,0.0,0
site9_48.png_X256_Y256,12.451550067869022,397.2270560751957,0.0749573397491342,0.0156203956743962,0.5576899856910197,5.2621155,0.18002234,-0.16610199,0.0,0
site9_49.png_X0_Y0,11.550517993041463,173.20502692774707,0.1119385520015691,0.0219815649509448,0.6892997311781308,5.480896,0.17216398,-0.15946132,0.0,0
site9_49.png_X256_Y0,11.583788992725395,210.77784977533065,0.1074133405540701,0.0226187148980431,0.6168638659237489,7.725708,0.16876736,-0.15072036,0.0,0
site9_49.png_X0_Y256,12.016525699395196,247.98842745278623,0.1008193478985176,0.0190954626402922,0.7177747734872786,5.8657684,0.17809409,-0.16371047,0.0,0
site9_49.png_X256_Y256,13.18597139558167,646.843063650444,0.0813816448912209,0.0126587039685834,0.7050971643109841,7.3151703,0.18245777,-0.16101523,0.211700439453125,1
site9_50.png_X0_Y0,13.48487593587614,814.9139147503842,0.0877597356781674,0.0121248219692299,0.7435467794260007,4.4589996,0.1794726,-0.16809541,0.3550567626953125,1
site9_50.png_X256_Y0,13.809026161318087,1015.9976391592468,0.1070251412114428,0.0111102425162873,0.8012093652202043,0.46722412,0.1867016,-0.18892875,0.7852325439453125,2
site9_50.png_X0_Y256,14.007915615086826,1376.850426849085,0.0968677727572926,0.0108457176886501,0.7491658455106791,4.496567,0.18790376,-0.18024592,0.9962005615234376,2
site9_50.png_X256_Y256,14.069865543807982,1163.6009763222582,0.0911412555204927,0.0098958919818887,0.789821098619796,2.2173615,0.18174276,-0.17857012,1.0,2
site9_51.png_X0_Y0,13.97163211398913,1043.4333975063869,0.0912863125976955,0.0096771255137967,0.8007419836806329,1.9857788,0.18171337,-0.17947108,0.987060546875,2
site9_51.png_X256_Y0,14.11424618856316,1376.9029892950175,0.0870237364312787,0.0097136244226977,0.7581727855851359,2.927887,0.16152532,-0.15418774,1.0,2
site9_51.png_X0_Y256,13.815547332709128,1017.7212027225374,0.0920317807937856,0.0102831543221892,0.7894949154381775,1.486023,0.14643714,-0.1429415,1.0,2
site9_51.png_X256_Y256,14.000710601816396,1234.009598486758,0.0845738682522403,0.0099862431731702,0.7809741942438094,2.458969,0.13672698,-0.12876794,1.0,2
site9_52.png_X0_Y0,14.212867297003164,1491.8583592849775,0.0833018043527792,0.009765319317289,0.7613665541787848,0.77757263,0.14934038,-0.15519695,1.0,2
site9_52.png_X256_Y0,14.067487465440562,1299.5430221399688,0.0882849728995811,0.0095652139017716,0.7557664619137985,1.6639099,0.19247344,-0.19206288,1.0,2
site9_52.png_X0_Y256,13.813048849065002,1066.6653957913068,0.0943782282551594,0.0109037130921212,0.7819300648977693,2.6042175,0.13700499,-0.1324914,1.0,2
site9_52.png_X256_Y256,13.817995785694997,1097.7393715458015,0.1002907465397766,0.0118011039482805,0.7911911879015613,2.9403992,0.15854876,-0.15064481,1.0,2
site9_53.png_X0_Y0,13.52789772949463,863.8605954741201,0.0739247544625963,0.0111054227915892,0.6395784982573319,2.9160767,0.19140425,-0.1840563,0.2501983642578125,1
site9_53.png_X256_Y0,12.47001910103342,428.4571071973592,0.0695659486556052,0.0149001425931593,0.5366384480155604,8.470108,0.16229185,-0.14089927,0.0,0
site9_53.png_X0_Y256,12.96610579998378,508.10178395931086,0.0865937024002,0.013937265144188,0.76849705383505,7.232849,0.16712168,-0.14933513,0.2685699462890625,1
site9_53.png_X256_Y256,11.816884108478083,247.38346884311528,0.0920749356033845,0.019767106361899,0.6141006186428652,9.976212,0.15379201,-0.13083631,0.0,0
site9_57.png_X0_Y0,0.6206294953537261,102.928246227418,0.9695032392908418,0.9641118375408748,0.9457685693417028,0.1103363,0.004894371,-0.0046938327,0.0275726318359375,0
site9_57.png_X256_Y0,12.85903655916526,544.223920997913,0.1819453223464842,0.0350142506048978,0.9224380951226951,3.2969055,0.1318934,-0.12545797,0.961151123046875,2
site9_57.png_X0_Y256,5.286822053118735,335.34360393243924,0.7077586870045574,0.6553442829589025,0.97533973706257,2.1970673,0.0400486,-0.03560201,0.3310546875,1
site9_57.png_X256_Y256,13.239201804350868,532.7914775266621,0.1390983820621052,0.0138172227890998,0.9071468126524032,1.9652863,0.13865238,-0.13526943,1.0,2
site9_58.png_X0_Y0,13.314959095029842,591.0659455197434,0.1423453384933368,0.0144624653085656,0.9143954483194504,-0.6252289,0.16194531,-0.176207,0.81475830078125,2
site9_58.png_X256_Y0,13.637606675768575,590.9953058018586,0.1013315429871648,0.0106333224875756,0.8905697695456272,2.0316467,0.1560347,-0.1509847,0.271026611328125,1
site9_58.png_X0_Y256,12.991510029071506,432.7574304804735,0.1502004304764405,0.0151885567315067,0.9058626682258528,2.2737885,0.16710791,-0.16245964,0.4344329833984375,2
site9_58.png_X256_Y256,12.62703449558997,409.01120339835296,0.0860111861983917,0.0152297706709123,0.6843085110735474,4.217453,0.18621111,-0.17572482,0.0,0
site9_59.png_X0_Y0,13.126950725536975,398.07111123127146,0.1021127067425942,0.0123327783839318,0.8810733797248025,4.4324646,0.16971213,-0.15853322,0.2264862060546875,1
site9_59.png_X256_Y0,11.582105146716785,218.69512382557733,0.1087746076075432,0.0231777879356224,0.6473644333466857,7.8410034,0.16469896,-0.14690019,0.0,0
site9_59.png_X0_Y256,12.915920595028386,536.9464925449571,0.0695492630208489,0.013401541808564,0.630210661462379,5.9384155,0.1754127,-0.1601964,0.0,0
site9_59.png_X256_Y256,12.776227428457045,430.8488638084033,0.0906483433472931,0.0155467247589627,0.7788948132329103,6.729889,0.16950682,-0.15300635,0.0807647705078125,1
site9_60.png_X0_Y0,11.787773535103376,262.17560329861965,0.0968311608285219,0.0212517410774608,0.5981482074845338,8.353958,0.16800392,-0.1480555,0.0,0
site9_60.png_X256_Y0,12.45527611098435,488.21207637990574,0.0966425436795332,0.018708434440472,0.6303863101284626,9.429611,0.1691646,-0.14635725,0.0687713623046875,1
site9_60.png_X0_Y256,13.768896030466816,803.9774820682404,0.1082096173210585,0.0109263272245837,0.8614611732326161,7.058777,0.15005243,-0.12939464,0.500701904296875,2
site9_60.png_X256_Y256,12.551574894630022,408.1105955642247,0.0996021016559427,0.017901116608372,0.764697725511172,7.586792,0.1661466,-0.14795205,0.1000213623046875,1
site9_61.png_X0_Y0,14.047745609463009,1397.290245293278,0.0848719716480958,0.0101184901907225,0.7354237956135254,2.9572754,0.18589094,-0.17991906,0.9503021240234376,2
site9_61.png_X256_Y0,14.016683168490475,1245.7927322123712,0.0882836940915215,0.009724228767663,0.7881928296150291,2.089569,0.14825761,-0.14319798,1.0,2
site9_61.png_X0_Y256,14.0325245283613,1210.8545770256742,0.0759399082174918,0.009567509970511,0.7510208959512206,2.4983673,0.17477791,-0.1699064,0.7154083251953125,2
site9_61.png_X256_Y256,14.278282769429955,1607.2140119485457,0.0738894995566585,0.0086518802019374,0.7396528019359445,1.7753601,0.14359547,-0.13922733,1.0,2
site9_62.png_X0_Y0,13.897309155929465,1009.2859107674944,0.0956118446481871,0.0103496292020066,0.8331179421337219,2.5068817,0.14154948,-0.13500914,1.0,2
site9_62.png_X256_Y0,14.076570860995012,1253.3277413134392,0.0949633778364681,0.0098048961325478,0.8135478852599838,2.751358,0.13740605,-0.1286996,1.0,2
site9_62.png_X0_Y256,13.916625157035972,1100.4457193447315,0.0824700660381164,0.0100923961128643,0.7540917915958838,0.9764862,0.13729504,-0.1359644,1.0,2
site9_62.png_X256_Y256,13.9996323324404,1204.869300088917,0.0860948721231275,0.0099619209245791,0.7627471791978085,1.911911,0.13868865,-0.13279104,1.0,2
site9_63.png_X0_Y0,14.26850720404903,1543.1268444529087,0.0743547860144911,0.0087499650900833,0.7455519828655118,1.9789124,0.13969311,-0.13684547,1.0,2
site9_63.png_X256_Y0,13.706965573121364,927.0129496918486,0.1012300027001085,0.0110876678150116,0.7950469421790558,2.6241913,0.16852382,-0.16212635,0.9286041259765624,2
site9_63.png_X0_Y256,14.245370346378126,1459.9696964809682,0.0773199747367077,0.0085930798953099,0.7528667266135872,0.87457275,0.14421353,-0.14424524,1.0,2
site9_63.png_X256_Y256,13.385593847730938,715.1006308721617,0.0851449422564431,0.0121806989369029,0.7405362034906972,3.903122,0.17287725,-0.16129416,0.49468994140625,2
site9_64.png_X0_Y0,11.32095283664922,179.0707070147329,0.1100630882259808,0.0240752063616189,0.6375678712689669,9.0143585,0.15608096,-0.13700232,0.0,0
site9_64.png_X256_Y0,11.992216934817671,355.4126023945165,0.1023613668518803,0.0213800403026625,0.75750947360781,7.6573486,0.14889224,-0.13194811,0.216156005859375,1
site9_64.png_X0_Y256,12.070880445075131,298.86798855909376,0.0931808180232277,0.0189209642129623,0.6937005341494169,5.382187,0.16527885,-0.15307823,0.034088134765625,0
site9_64.png_X256_Y256,13.165423818097809,700.746143085002,0.0960103065194172,0.0141841869823539,0.7782107677300522,1.8430328,0.14735502,-0.14357385,0.6614227294921875,2
site9_68.png_X0_Y0,11.571486882490902,563.2749791396677,0.3045261121774603,0.2025644060136482,0.944601961364423,-0.12605286,0.123861715,-0.12531593,0.71917724609375,2
site9_68.png_X256_Y0,13.281295887782942,427.3181694540706,0.1240667127792845,0.0121747618755663,0.9091756484837464,3.5223541,0.1755737,-0.1665783,0.440704345703125,2
site9_68.png_X0_Y256,12.887694683385346,575.4815642421543,0.0831242904488857,0.0144527610768108,0.6376246250878914,2.6113129,0.19716017,-0.18978053,0.06475830078125,1
site9_68.png_X256_Y256,11.936676987383736,239.2006810932153,0.1138207090897086,0.0211736710670224,0.7870424136935348,6.7685547,0.19007134,-0.1730636,0.0,0
site9_69.png_X0_Y0,11.869502827203632,298.7672103277679,0.109072084534065,0.0226211827373835,0.670304932344417,5.919052,0.17959705,-0.1650121,0.0,0
site9_69.png_X256_Y0,12.142079542738916,305.8341905156729,0.0926761805027616,0.0185152269920149,0.6728096173362117,6.9865417,0.17684045,-0.15969372,0.0,0
site9_69.png_X0_Y256,12.951847005456754,609.6141113995116,0.0737041371133846,0.0140936943161356,0.6439958146797622,3.668686,0.19149613,-0.18250939,0.0,0
site9_69.png_X256_Y256,12.494444923720884,395.98847925078326,0.0747786264029087,0.015626753447592,0.6212763196706343,5.7582703,0.1766702,-0.16162856,0.0098114013671875,0
site9_70.png_X0_Y0,12.908035120137749,709.1510690750508,0.0845643724638481,0.0157797264967404,0.6001670592946056,5.211212,0.17229027,-0.1605089,0.2592926025390625,1
site9_70.png_X256_Y0,13.792746162437206,872.7335344729672,0.0855846053146923,0.0105289170419543,0.7701149936474316,1.0814056,0.19514391,-0.1959845,0.691314697265625,2
site9_70.png_X0_Y256,12.213288212644285,367.138997831376,0.083298254255573,0.0184866269302591,0.6100838714377778,6.2228546,0.17270297,-0.15765412,0.0569610595703125,1
site9_70.png_X256_Y256,14.227180982409706,1209.4946441874283,0.0935023299928495,0.0086785252846089,0.820975483265144,-6.1483,0.20479907,-0.24405041,0.956512451171875,2
site9_71.png_X0_Y0,14.313106674698206,1402.5849833148409,0.096715557242741,0.0092420190101024,0.8313738823580584,-1.1443481,0.15788862,-0.17166087,1.0,2
site9_71.png_X256_Y0,13.950141931158086,1155.427101190097,0.11756423886089,0.0108274701696885,0.8000055992941154,-2.8478088,0.17300442,-0.19233601,1.0,2
site9_71.png_X0_Y256,14.393830930545024,1559.6199291890296,0.0913453562940745,0.0092961858348801,0.7911578821698068,0.46676636,0.14945336,-0.15796708,1.0,2
site9_71.png_X256_Y256,13.66862901253434,821.2905755298789,0.1500584422257321,0.0124634370828719,0.8796882650458496,4.7002716,0.13720855,-0.11745379,0.7626495361328125,2
site9_72.png_X0_Y0,14.16633246474277,1232.2421316621408,0.0796060414631298,0.0090354800911522,0.7797591958290049,-0.58325195,0.17429672,-0.17816615,0.8802947998046875,2
site9_72.png_X256_Y0,14.165590632403042,1390.996750814026,0.0813383334436985,0.009222946326581,0.7518737595424845,0.088256836,0.15377542,-0.15607634,1.0,2
site9_72.png_X0_Y256,13.614734177943298,642.7238113195845,0.0808138193587309,0.0106928161450461,0.8252436171444872,10.916931,0.14844537,-0.08684468,0.172332763671875,1
site9_72.png_X256_Y256,13.907536691016649,924.8755986129285,0.1219473405210347,0.0139667504337277,0.8890245144574824,5.3921356,0.14185488,-0.107109435,0.29473876953125,1
site9_73.png_X0_Y0,13.90122292289506,977.7385506926736,0.0877391747259591,0.0102027458162397,0.7879428539353824,0.6081848,0.14908306,-0.14425993,0.89105224609375,2
site9_73.png_X256_Y0,14.110242906209816,939.0109691735324,0.0864351678130159,0.0090464227470371,0.8488955039517685,5.5265503,0.14924625,-0.12120214,0.6274261474609375,2
site9_73.png_X0_Y256,13.806350576830075,978.2102373185984,0.1371404466245115,0.0248493955071093,0.8666490764197232,5.239319,0.13073398,-0.102375895,0.785614013671875,2
site9_73.png_X256_Y256,13.949622257561838,865.1473822568596,0.099078860346479,0.0115575751235193,0.84545083975449,3.3728638,0.16276725,-0.12840325,0.61212158203125,2
site9_74.png_X0_Y0,14.165758472322429,1316.4138957973255,0.0790140043247859,0.0091348333884698,0.7695217117220898,0.1713562,0.14963019,-0.14799896,0.9478302001953124,2
site9_74.png_X256_Y0,13.966215218820118,963.298134341381,0.09515477285187,0.0097331910861911,0.8433316187720673,-0.438385,0.14653465,-0.14213301,0.8701934814453125,2
site9_74.png_X0_Y256,14.191111212739044,1213.2111932761773,0.0455481354062541,0.0084475733185235,0.7355487220219409,48.1232,0.059423976,0.17447904,0.018280029296875,0
site9_74.png_X256_Y256,14.153024513055218,1195.7294029490715,0.0494864426116048,0.0084625506332768,0.6884867063666515,29.951126,0.10778028,0.040471394,0.0585479736328125,1
site9_75.png_X0_Y0,13.582686233891163,784.4201468936454,0.0876046685546524,0.0115417379557048,0.8002112899533096,4.735855,0.15276638,-0.12649533,0.544525146484375,2
site9_75.png_X256_Y0,13.462733043168292,763.8524520466901,0.1063054928753412,0.0126195854271843,0.8380683430444794,-4.7652283,0.16701612,-0.18441501,0.9714813232421876,2
site9_75.png_X0_Y256,13.95267889910644,1155.1831864848473,0.0489141449304835,0.0091939166319764,0.6176877662854227,22.658112,0.13300397,-0.036164094,0.0648956298828125,1
site9_75.png_X256_Y256,13.411419556412906,722.5675317936818,0.1006638126763748,0.0386614026471778,0.8386201166206657,13.859558,0.15253335,-0.09973097,0.0792694091796875,1
site9_79.png_X0_Y0,13.282974803557556,609.0085074400844,0.0807742997222646,0.0134236482377854,0.7923490138700993,5.6756744,0.15798464,-0.14274976,0.2835235595703125,1
site9_79.png_X256_Y0,14.104521890036636,1073.5844190335724,0.0864194856894721,0.0091282709634544,0.8807651299104837,3.1696014,0.1154742,-0.10723984,0.822265625,2
site9_79.png_X0_Y256,13.973036263353462,1054.5380780529024,0.0991394779144589,0.0101237634957159,0.8746442507624625,2.0689545,0.10636027,-0.103765234,0.983245849609375,2
site9_79.png_X256_Y256,14.029623249258169,1186.8539273207662,0.0883228687921485,0.0100555484316995,0.8708047785886838,1.4783936,0.07033399,-0.071345836,0.99212646484375,2
site9_81.png_X0_Y0,11.788660746141458,271.6221399221507,0.0887948562491028,0.0212727390565349,0.5602242502985915,5.161392,0.17378777,-0.16198522,0.0,0
site9_81.png_X256_Y0,13.136612551315933,578.2455429702806,0.0902748438406501,0.0139922082760918,0.8004210453512335,3.6188202,0.17090008,-0.16325793,0.25201416015625,1
site9_81.png_X0_Y256,11.093649773837136,212.03859951701725,0.0997584402829047,0.027495478913424,0.3903640870894688,6.2729187,0.16306216,-0.14891623,0.0,0
site9_81.png_X256_Y256,12.85247908725983,417.52269694950087,0.0884034650073214,0.0150174123184349,0.9148445732104078,0.55532837,0.2222976,-0.24511719,0.273651123046875,1
site9_82.png_X0_Y0,13.353508935983507,688.3234326641552,0.0932679496636463,0.0133745951436492,0.8227352480886021,2.161148,0.16553116,-0.162314,0.395782470703125,1
site9_82.png_X256_Y0,11.95899940876794,281.5436869082959,0.1131756476947562,0.0223093720938965,0.7495935425675113,1.9989929,0.17046894,-0.16264004,0.017181396484375,0
site9_82.png_X0_Y256,13.418239949886956,497.7956302864532,0.0899631654027724,0.0128608243952703,0.9332051518958672,0.12623596,0.238996,-0.2703369,0.41900634765625,2
site9_82.png_X256_Y256,12.76639486563067,387.2638022485419,0.0907398962062302,0.0167478400611224,0.8275596859982312,5.44751,0.16509369,-0.13784987,0.0,0
site9_85.png_X0_Y0,13.614125286259592,576.1154943862003,0.0707619131152159,0.0105444891931305,0.8307155021502041,9.634781,0.16808447,-0.13301837,0.0,0
site9_85.png_X256_Y0,13.808831438689944,796.9391610949299,0.0533023988671816,0.0095482374672997,0.7505392228435509,19.16092,0.15254168,-0.06742731,0.0,0
site9_85.png_X0_Y256,13.546303442134072,616.9168283082724,0.0653139680631686,0.011120967734854,0.8027704036299267,10.804001,0.16261652,-0.11987664,0.000885009765625,0
site9_85.png_X256_Y256,14.098988274212592,882.5253879367847,0.0675591045496261,0.0088656091623048,0.8411164232065507,10.165009,0.14229512,-0.08579923,0.333709716796875,1
site9_86.png_X0_Y0,13.51779428276222,779.8477691122922,0.0537181438184263,0.0111461603496718,0.6670861776294343,24.316406,0.14479665,-0.051823,0.0,0
site9_86.png_X256_Y0,12.281007114241095,578.9276878634704,0.1601296124497071,0.0985964719591789,0.855933151177595,29.176437,0.123310976,-0.018737337,0.0,0
site9_86.png_X0_Y256,13.39060466680549,622.0100379061415,0.0604963091212291,0.01155399666788,0.7389952784654134,19.619156,0.14683446,-0.07024813,0.00799560546875,0
site9_86.png_X256_Y256,11.161905762041028,401.0097845029772,0.2475362792249622,0.1873373320108887,0.9341544260043456,19.106262,0.11836875,-0.054661833,0.0,0
site9_90.png_X0_Y0,13.920231487862486,881.2245767253273,0.0727767182847692,0.0098411950406793,0.8222054621993172,3.0737,0.14445326,-0.13312747,0.4232635498046875,2
site9_90.png_X256_Y0,13.291553707175446,501.5374979425169,0.0811837060173401,0.0129002010955813,0.8423989879418678,6.762512,0.15982708,-0.13681388,0.2099609375,1
site9_90.png_X0_Y256,12.79704538822516,539.905171673775,0.067686509863155,0.0149701734139758,0.5727934752340896,5.7316284,0.18438712,-0.16598645,0.0,0
site9_90.png_X256_Y256,12.287641186833469,404.1604667225482,0.0800615213707671,0.0180565041468367,0.5215413143793796,3.0237122,0.19964133,-0.1905706,0.0,0
site9_100.png_X0_Y0,7.301305913321684,298.34124487880194,0.5401032690535597,0.5096305875592543,0.9667708962085524,3.6398773,0.07284932,-0.05938185,0.0,0
site9_100.png_X256_Y0,12.994102537977524,561.8558331831646,0.0618292193609506,0.0136222849320636,0.6406258661785347,7.20195,0.15578249,-0.13023973,0.0,0
site9_100.png_X0_Y256,10.53974765140416,509.0953378959029,0.3073764081136375,0.2616028393662634,0.926849995356765,2.3606567,0.11232677,-0.10406361,0.0116424560546875,0
site9_100.png_X256_Y256,12.823076494068264,592.03368666801,0.0651638961769211,0.0151051294812086,0.5342589796996685,4.355118,0.1747712,-0.161194,0.0,0
site9_111.png_X0_Y0,13.721279730487732,861.6080926657078,0.0659520443116008,0.0182336892732595,0.7588365160899345,3.9182281,0.1399444,-0.12509502,0.0,0
site9_111.png_X256_Y0,12.586233032550572,527.1257024642208,0.0699379965258912,0.0161857377677048,0.4970651485478541,3.944748,0.17258309,-0.15923128,0.0,0
site9_111.png_X0_Y256,6.606328189821427,440.7799469705862,0.6036135465851192,0.5828926484783337,0.9525587377025104,2.1831512,0.05892776,-0.050261363,0.0,0
site9_111.png_X256_Y256,13.558920060899794,903.3184012159109,0.0671734016226659,0.020705279362272,0.6970307944849996,8.856384,0.13695695,-0.09938621,0.013580322265625,0
site14_67.png_X0_Y0,11.68444070136619,332.8927555957964,0.2382081542150381,0.0390375973366932,0.9064749199550776,-5.136902,0.14274345,-0.15438762,0.0,0
site14_67.png_X256_Y0,12.901831297778411,320.02213872069854,0.1697726903712448,0.0151306007714293,0.9192402156085346,-2.8344574,0.15889534,-0.16561647,0.0074005126953125,0
site14_67.png_X0_Y256,12.64839371634824,286.64805938522966,0.1414597690135488,0.0161632580076295,0.8899144136860576,-3.7670746,0.18249546,-0.19263643,0.0,0
site14_67.png_X256_Y256,12.5653578169315,230.49077536285148,0.1110608302329623,0.0154923356827591,0.8844651571197559,5.9242554,0.17578822,-0.13051051,0.0,0
site14_70.png_X0_Y0,10.008243461513082,54.04385930291542,0.3276766446995434,0.0480418215956228,0.9637456247385132,-3.1990967,0.14633603,-0.15979572,0.0,0
site14_70.png_X256_Y0,11.156185300069932,101.7956103421818,0.3244757604081189,0.031280227347404,0.9636846676695604,3.426941,0.1364045,-0.13160524,0.0,0
site14_70.png_X0_Y256,9.875947861143366,38.658071144512974,0.3378190886387276,0.0491746392150856,0.9602568184959402,-2.4039764,0.14491549,-0.15257682,0.0,0
site14_70.png_X256_Y256,9.644995716214332,37.86922643935148,0.3350620783151309,0.0481680204629961,0.93574644096279,1.1315002,0.12653048,-0.1231779,0.0,0
site14_71.png_X0_Y0,8.869028356781309,27.3718391213719,0.3120872362012274,0.0602374940702988,0.8293058856764065,-2.965866,0.12663603,-0.1351917,0.0,0
site14_71.png_X256_Y0,10.056970654237608,81.07363312788735,0.2436863423968964,0.0451141569145533,0.9177689893916686,5.715317,0.13937397,-0.12937644,0.0,0
site14_71.png_X0_Y256,11.405134494743834,157.72365128496872,0.2334502092460959,0.0315419229620069,0.9128464895641736,12.918854,0.15480906,-0.12602207,6.103515625e-05,0
site14_71.png_X256_Y256,12.0645466924956,171.73464621480645,0.1990304162565483,0.0227432824745703,0.9460403957286108,7.0931244,0.1280055,-0.114337206,0.063568115234375,1
site14_74.png_X0_Y0,12.017077343224358,222.5383286927041,0.1843206865461245,0.0239609760555414,0.8673984819119946,8.418732,0.08762535,-0.0018572956,0.0,0
site14_74.png_X256_Y0,9.650446991311943,214.2312012807724,0.395686379837956,0.2358193498038973,0.9454346135852936,-0.7867737,0.08706537,-0.08899004,0.0096282958984375,0
site14_74.png_X0_Y256,12.218456403644364,212.13973031706868,0.1514081737844568,0.0186772539267726,0.8656935297494434,-4.3972473,0.15878797,-0.18011913,0.0,0
site14_74.png_X256_Y256,12.122747913741213,550.0633265751811,0.2745923544144881,0.1273559308783174,0.9274800218542912,-2.5700226,0.12911537,-0.14806518,0.4148712158203125,2
site14_75.png_X0_Y0,11.321851568125902,162.99573496372193,0.2571450655599157,0.0305449222422154,0.9576347236664552,-0.74269104,0.12994577,-0.13502023,0.0,0
site14_75.png_X256_Y0,11.532391883128458,116.8365293546983,0.2614762096902522,0.0267237379263164,0.9723509527280164,-2.101303,0.12861358,-0.14423099,0.014801025390625,0
site14_75.png_X0_Y256,10.627264894125544,221.69196468907387,0.3412512602293167,0.1142477109664606,0.9296089926742148,-2.1122894,0.10001254,-0.10870856,0.0,0
site14_75.png_X256_Y256,11.504156002760292,79.1991172565867,0.2453565001182516,0.0254859683141612,0.964740557481616,-2.4496307,0.11482943,-0.12370978,0.0504608154296875,1
site14_76.png_X0_Y0,5.125860447378344,168.9270370771075,0.7326638365069447,0.6689636965545325,0.9793695169312956,-1.2413483,0.03914232,-0.046185937,0.1475067138671875,1
site14_76.png_X256_Y0,9.448700919790662,34.30276152801845,0.4250654504095238,0.0806504366400557,0.9673679893843794,-7.5133667,0.1466794,-0.18476523,0.0,0
site14_76.png_X0_Y256,10.844215183212675,245.0027853169534,0.3564687340207499,0.2023392023501156,0.972360524444115,-2.4133606,0.08328807,-0.09356176,0.619903564453125,2
site14_76.png_X256_Y256,10.722057424586358,96.74161698625863,0.3534778213015885,0.0824642672831534,0.9704418720964604,-1.137085,0.11628477,-0.120480284,0.0033111572265625,0
site14_86.png_X0_Y0,12.549469498427465,292.14285794528274,0.1493072542299408,0.0171318394367623,0.908265491947776,8.648544,0.1430152,-0.078074336,0.0,0
site14_86.png_X256_Y0,11.403335793924343,159.63997811840156,0.1632785154317753,0.0252163183430289,0.803072774012101,19.152618,0.080227345,0.13039783,0.0,0
site14_86.png_X0_Y256,12.14140862330668,249.09934945396355,0.1973892804584562,0.0241898585526934,0.9746343201138018,18.991089,0.062336594,0.081741646,0.0,0
site14_86.png_X256_Y256,11.813347236019467,249.7713616006974,0.3097700905042655,0.0448380633101434,0.9825278022953376,16.558945,0.07933548,0.0477264,0.0,0
site14_87.png_X0_Y0,12.013453167465633,152.87702853170563,0.189906179286553,0.0201148319757581,0.9687548851033552,16.442017,0.08543803,0.08452989,0.0,0
site14_87.png_X256_Y0,11.343293951581153,151.91153321438497,0.2647400427355309,0.0347498205305942,0.9853214731555516,13.407928,0.0901667,0.05025973,0.0,0
site14_87.png_X0_Y256,11.37699617407604,146.00396411536798,0.3234492457341752,0.0346011728500426,0.9646223182758432,-0.64920044,0.13884561,-0.14165434,0.017181396484375,0
site14_87.png_X256_Y256,12.034646437957466,185.9143984585294,0.2491189061741406,0.0263229314430061,0.958158460848692,-0.23388672,0.14826006,-0.1525296,0.160552978515625,1
site14_88.png_X0_Y0,12.128349002272452,244.38711252883692,0.238760423585722,0.0241254983844841,0.9440159441582896,-0.6004181,0.14497997,-0.14180419,0.051971435546875,1
site14_88.png_X256_Y0,13.295130535589204,600.4291615604867,0.1538250787718486,0.01424452337829,0.8422912265856789,8.33252,0.067512155,-0.04552865,0.4886932373046875,2
site14_88.png_X0_Y256,13.298980777996489,913.0430558861332,0.1043649090687878,0.0148656219106155,0.822434137515238,-8.053513,0.14131369,-0.20598973,0.85870361328125,2
site14_88.png_X256_Y256,11.9649495814534,471.6832609003106,0.2092046625660564,0.0349715067692602,0.8538118250708737,-1.6022797,0.12262557,-0.12957153,0.4556884765625,2
site14_89.png_X0_Y0,9.920213941084093,115.60441295115976,0.3253318638496441,0.0528851758456189,0.9098138927590744,-0.43704224,0.15702444,-0.15958685,0.036712646484375,0
site14_89.png_X256_Y0,8.748708743799348,35.10120695766089,0.3608751546664468,0.0724684263481642,0.9465500873197852,-1.6234894,0.1561687,-0.16374141,0.003448486328125,0
site14_89.png_X0_Y256,9.580502949821105,101.33200206952706,0.3456985875026309,0.0596141089716038,0.8685896577360308,-1.9210205,0.14795837,-0.15698883,0.0529022216796875,1
site14_89.png_X256_Y256,11.2727904972109,250.6438058229113,0.3229708957572845,0.0338220018285054,0.9585647247827986,-11.460037,0.22228351,-0.3129109,0.1297149658203125,1
site14_90.png_X0_Y0,10.350995219913289,163.08859338957868,0.3740062162824511,0.045092511977359,0.9795083019171849,-0.49952698,0.12606281,-0.13199577,0.0,0
site14_90.png_X256_Y0,10.680682848845752,262.1554073403209,0.324796379309003,0.0518514690498642,0.9631958648257896,1.5330505,0.13413669,-0.1275907,7.62939453125e-05,0
site14_90.png_X0_Y256,9.360410452852348,248.29719744208927,0.3112229324361538,0.0788331612209963,0.8768167569917427,-0.024108887,0.13894376,-0.13975418,0.0,0
site14_90.png_X256_Y256,10.101967546038072,133.41582433739327,0.3577468626595441,0.0538534340605691,0.9241170172676908,-1.873764,0.13279644,-0.1368954,0.0,0
site14_91.png_X0_Y0,12.846954506506222,581.8343151072404,0.1222666704981093,0.0175712422291497,0.8138672274385768,-10.275375,0.27261025,-0.3588831,0.835693359375,2
site14_91.png_X256_Y0,12.352055628484909,395.356483804349,0.1491648713122162,0.019172093258444,0.7546595304805218,2.9885864,0.11327386,-0.102703586,0.491790771484375,2
site14_91.png_X0_Y256,11.684407669269504,321.6328948751666,0.2814286064228248,0.0339990075073614,0.9757310765320936,-0.8532257,0.120226234,-0.11600985,0.1119842529296875,1
site14_91.png_X256_Y256,13.223154085727948,506.0841135921554,0.1142310263679638,0.0126388168757201,0.8351365897945036,3.890503,0.123928666,-0.096171275,0.4572296142578125,2
site14_92.png_X0_Y0,10.14941315306204,41.14908372080512,0.2565309078862405,0.0370474094979853,0.9135169792153222,-1.7063141,0.13366067,-0.14262237,0.0,0
site14_92.png_X256_Y0,11.858010007086136,230.1653391874549,0.1518945961261037,0.0226983999325254,0.781122473109406,-2.4371033,0.15050055,-0.15979671,0.0,0
site14_92.png_X0_Y256,11.187043110508675,187.2760671376611,0.256851080099427,0.0311169582614348,0.9041705883799578,-0.962204,0.11905027,-0.12685245,0.125946044921875,1
site14_92.png_X256_Y256,9.157566759026505,17.811136552047607,0.3586900396656552,0.0585130372639394,0.9590605092057932,-0.82533264,0.12696666,-0.13346088,0.0,0
site14_93.png_X0_Y0,12.183464714457232,216.2998655715381,0.1144223385032184,0.017671867049627,0.8075582577876553,-4.453125,0.1585794,-0.17723577,0.0,0
site14_93.png_X256_Y0,11.670379515385209,88.34373322460664,0.2016212597359219,0.0256950738660752,0.97992801753964,-0.3981781,0.13134065,-0.13878168,0.0103759765625,0
site14_93.png_X0_Y256,11.359332294076411,88.34167210328097,0.2570587688584757,0.0297980287279566,0.9715932096853924,5.12117,0.096022606,-0.08196001,0.1307220458984375,1
site14_93.png_X256_Y256,12.34427703315708,301.6936324821154,0.2317446860910099,0.0207486917062639,0.9430303972134684,-6.1980133,0.17659095,-0.20163824,0.3507843017578125,1
site14_94.png_X0_Y0,12.8626232337983,295.7053947099862,0.1486934107761283,0.0149326596143232,0.9068909433505588,-0.5947571,0.13108943,-0.13467458,0.472869873046875,2
site14_94.png_X256_Y0,10.6810354089405,452.320222660795,0.3865322032412875,0.2206024416759865,0.94058072060158,-4.5319977,0.11137858,-0.13281813,0.2015380859375,1
site14_94.png_X0_Y256,12.999229781048566,415.6613623366252,0.1472011269161496,0.0143156880599196,0.8708969812299683,-0.8899994,0.18167791,-0.19600767,0.5052337646484375,2
site14_94.png_X256_Y256,12.555408026834396,332.5982209667217,0.1742167255919135,0.0277427636238784,0.8903431460393658,-0.99650574,0.11694059,-0.12095973,0.4487152099609375,2
site14_95.png_X0_Y0,11.80179571858019,367.47493692333256,0.2440707001111894,0.0575928055354155,0.8913737372506785,-4.0450897,0.120662585,-0.14273128,0.0124969482421875,0
site14_95.png_X256_Y0,10.928165212902098,54.12376243512199,0.2240744681766198,0.0272656636048175,0.9347243969370824,-4.000229,0.11466271,-0.13408749,0.0,0
site14_95.png_X0_Y256,10.039194823137173,509.8562839713648,0.4406486102156243,0.2630932050719455,0.9321210618338832,-1.7442169,0.10404408,-0.11667633,0.0,0
site14_95.png_X256_Y256,11.788573459999052,269.52111865029764,0.2483219927590506,0.0604030283749725,0.939939288085989,-1.852417,0.099992245,-0.11234909,0.0,0
site14_105.png_X0_Y0,10.894821373839694,358.9719995614515,0.410409529700272,0.0730351400763441,0.946584598822205,-4.058563,0.13399659,-0.14299652,0.0,0
site14_105.png_X256_Y0,9.188267602348242,73.15989721501543,0.4518043006230662,0.0671845235620124,0.9331342396363216,-1.3309784,0.13919187,-0.14158377,0.0,0
site14_105.png_X0_Y256,8.687952432804645,24.09235190491659,0.3947187842341628,0.0670976176096553,0.931413266663732,-1.8959808,0.1395825,-0.1429721,0.0,0
site14_105.png_X256_Y256,10.586766339261782,108.80240523476648,0.318139524361298,0.0411048330652105,0.9318090297661272,-1.0274658,0.13669439,-0.13885127,0.0,0
site14_106.png_X0_Y0,11.036364393697037,233.71279464328785,0.3244838322012029,0.0401808480739811,0.9241421796696194,-1.3942413,0.14294142,-0.14731044,0.0504150390625,1
site14_106.png_X256_Y0,13.355830709214954,736.415479262829,0.1695780979062467,0.015469586219142,0.8704547347416276,-1.3773956,0.12407662,-0.1363369,0.4957122802734375,2
site14_106.png_X0_Y256,14.017392645774343,1017.267697775557,0.1062937643669538,0.0108436770680628,0.8159672086645989,-2.7775269,0.2105576,-0.2278115,0.878570556640625,2
site14_106.png_X256_Y256,14.226912741351812,1073.302655469123,0.0880509710409518,0.008738605661038,0.8226480256909078,-2.903473,0.18120845,-0.20151334,0.9059600830078124,2
site14_107.png_X0_Y0,13.439140125641751,607.8417863022174,0.1387859465262022,0.0135795146166348,0.9213112539499604,3.3303223,0.2129024,-0.22767037,0.9117279052734376,2
site14_107.png_X256_Y0,12.346420399013365,210.85413237999288,0.1800895053774369,0.0191636095247859,0.9463013209370956,-1.0657196,0.14012246,-0.15541667,0.5419769287109375,2
site14_107.png_X0_Y256,13.987467202345996,856.2739097042627,0.0940683182659195,0.0099112258480687,0.8489592658792503,-10.486694,0.20076764,-0.24345301,0.8654632568359375,2
site14_107.png_X256_Y256,11.845913099614512,179.596876246532,0.1949375352015041,0.0227043011532925,0.9373883275595052,0.01701355,0.14928293,-0.15029603,0.1207427978515625,1
site14_111.png_X0_Y0,10.349443081196302,228.3131131956467,0.3201674485279365,0.0515032146540955,0.7389682393697024,-3.8467255,0.13510257,-0.14199677,0.0,0
site14_111.png_X256_Y0,12.04276524160636,469.0651938557239,0.2436136183231013,0.0335297111806778,0.9490598235851144,-2.7213898,0.13979533,-0.14697537,0.196441650390625,1
site14_111.png_X0_Y256,11.241457495432256,360.58441114895845,0.215937768976238,0.0411547049847446,0.7372138625291815,-4.311325,0.13518539,-0.14395209,0.0,0
site14_111.png_X256_Y256,12.32866277538202,326.8191372458936,0.218854274586901,0.0222453876638264,0.9158999060453952,-2.0365448,0.1269676,-0.13072106,0.0,0
site14_112.png_X0_Y0,10.896389089135436,261.23018615140074,0.3321365611486658,0.0529774878133052,0.9245214723494706,-2.6471405,0.12234567,-0.14782597,0.3597869873046875,1
site14_112.png_X256_Y0,11.499749399258045,127.13101942462684,0.3009358819386613,0.0314589492219389,0.9796499581555932,2.2585754,0.12847272,-0.12800163,0.1315765380859375,1
site14_112.png_X0_Y256,11.893511136125948,162.72797648441392,0.254874390458409,0.0241668831354439,0.9647496442118918,1.8609772,0.123377234,-0.12075953,0.0065155029296875,0
site14_112.png_X256_Y256,12.02539846116241,277.9518830498074,0.2108983312195141,0.0222322345203862,0.9453455491793537,-1.088211,0.14553854,-0.14869645,0.1771697998046875,1
site14_113.png_X0_Y0,11.52065227208898,215.0185147989982,0.2492165930861728,0.03067912034179,0.9509276634546407,3.629547,0.1282567,-0.12153715,0.218475341796875,1
site14_113.png_X256_Y0,12.903566716802567,464.8745156610859,0.1918619162383331,0.0155549622290638,0.9291821475447168,2.7585602,0.103509605,-0.09514986,0.470001220703125,2
site14_113.png_X0_Y256,12.285233970907877,347.55205532429807,0.2241666238600747,0.021019134128331,0.9352178292392082,-4.874649,0.16927631,-0.19733436,0.3662567138671875,1
site14_113.png_X256_Y256,11.798527632933308,217.0481927173536,0.1794107517522276,0.0234250851777112,0.9185147689105262,2.2872162,0.13282278,-0.12685393,0.16510009765625,1
site14_114.png_X0_Y0,12.484870053620156,290.4805999345333,0.186006058633838,0.0182952317680741,0.928327329014013,-6.0713043,0.17078176,-0.19475485,0.3018798828125,1
site14_114.png_X256_Y0,12.277670739075134,177.18297260969592,0.1976620479536797,0.0198612532089109,0.9478275498665212,-13.754013,0.22179835,-0.2788692,0.31658935546875,1
site14_114.png_X0_Y256,12.243179838196236,315.9198237757247,0.1666379010957818,0.0185263085440789,0.906599434800306,-4.5848083,0.16536486,-0.18384531,0.29632568359375,1
site14_114.png_X256_Y256,10.345340965204688,54.38468712454413,0.2525150438147361,0.038921202440109,0.904865578731674,-1.8022156,0.14925036,-0.15344557,0.0,0
site14_124.png_X0_Y0,11.096036830982571,122.77533397612274,0.1592312095056056,0.0300622456242057,0.8622392304959108,-4.470001,0.15101516,-0.16610989,0.0,0
site14_124.png_X256_Y0,13.04658885893038,406.9084509864121,0.1777682191355021,0.0174713924960577,0.9335590570951592,4.993576,0.12459089,-0.10011873,0.0,0
site14_124.png_X0_Y256,12.743337995847252,288.17483592549314,0.184857706986133,0.0179737190345732,0.943336651708596,-0.71546936,0.15684675,-0.16286905,0.0356903076171875,0
site14_124.png_X256_Y256,13.555179439307407,645.0470278859466,0.0975522683185492,0.0111624932307888,0.827234693278101,19.539413,0.09297745,-0.0009226147,0.4808349609375,2
site14_125.png_X0_Y0,13.599615160614697,872.1149042135771,0.11142521236449,0.0118171844219468,0.8076655549340733,-2.2515106,0.116911754,-0.13556647,0.54583740234375,2
site14_125.png_X256_Y0,13.14432637703598,502.304000804952,0.1102244357806202,0.0152909990900195,0.9095271108912568,10.9361725,0.051099546,-0.031913303,0.3196563720703125,1
site14_125.png_X0_Y256,14.072823857288446,1220.3206848778918,0.0578773682914863,0.0089316422362619,0.677625495239162,8.206146,0.07364585,-0.047969013,0.77520751953125,2
site14_125.png_X256_Y256,14.193086802720511,1247.400884305359,0.0487412864840761,0.008114189452574,0.6810264477799527,-3.707489,0.13286233,-0.15756711,0.8565521240234375,2
site14_126.png_X0_Y0,13.59216197284968,549.0918530433094,0.1065905913867547,0.0116248380028703,0.8984521597560011,-0.83384705,0.17305055,-0.18447056,0.450164794921875,2
site14_126.png_X256_Y0,13.73619342074138,776.8687625853433,0.1169788889949653,0.0117728097692082,0.8444898059320578,-5.5445557,0.20341706,-0.22506234,0.8397216796875,2
site14_126.png_X0_Y256,12.23230724679261,231.37776628880977,0.155733104939592,0.0197253569976901,0.911265861920186,-7.60968,0.18407115,-0.21514449,0.000274658203125,0
site14_126.png_X256_Y256,10.57563705252682,79.84059739643591,0.1860888200840468,0.0333973609645225,0.7836231595688621,-2.272766,0.16162516,-0.16906671,0.0,0
site14_127.png_X0_Y0,11.36499059394209,295.3093831099015,0.1946569212952111,0.0319790919228765,0.8242420436554938,-1.2923584,0.15828559,-0.16379735,0.214019775390625,1
site14_127.png_X256_Y0,9.785769297188327,30.26387588307422,0.2515041238755749,0.0424981507691621,0.8830979749453585,-1.0213623,0.1549643,-0.15892638,0.0,0
site14_127.png_X0_Y256,11.12279054948457,83.66425871359823,0.2445957128530208,0.028037304889003,0.9361176997545604,-2.6493988,0.15923104,-0.17206575,0.0,0
site14_127.png_X256_Y256,11.742656145228173,168.69523793433916,0.244163476437778,0.024805466769205,0.9489593653015922,-3.1194305,0.15554248,-0.16839032,0.0,0
site14_128.png_X0_Y0,10.611604184895382,168.3281773686935,0.3072949547465499,0.0429936346442051,0.9637517799962672,-0.47297668,0.15084898,-0.15579426,0.1589202880859375,1
site14_128.png_X256_Y0,9.09852500736699,152.85465361880074,0.3364291543294054,0.0853400962144303,0.9254795778951196,0.8721924,0.12909484,-0.1284549,0.0367431640625,0
site14_128.png_X0_Y256,12.082145963062992,225.57303618201277,0.1992519552853906,0.0227776633942021,0.8822471760756675,-1.9989166,0.19171812,-0.20917757,0.2081451416015625,1
site14_128.png_X256_Y256,12.21261459763238,295.0741931288743,0.1994737544976026,0.0248274914733708,0.9718254103092504,0.24369812,0.11758969,-0.11867804,0.6105194091796875,2
site14_129.png_X0_Y0,10.64167954106687,234.42915519270952,0.2843877446230516,0.0466686621349,0.9159527236514008,-3.7682648,0.12921719,-0.13759814,0.0,0
site14_129.png_X256_Y0,11.212565234360042,314.6574968611821,0.2402019029991745,0.0403195744102928,0.9135931599783446,-4.7221375,0.13000542,-0.14099316,0.0,0
site14_129.png_X0_Y256,11.136429725921587,200.64937028426252,0.2852211058236478,0.0359747197147444,0.9360198402510116,-1.6712799,0.12236045,-0.12645987,0.0,0
site14_129.png_X256_Y256,10.493850106553309,265.94640444780873,0.2896341052075217,0.0519923284592204,0.7323196800208924,-4.995865,0.13763449,-0.14667284,0.0,0
site14_133.png_X0_Y0,10.605767831101105,81.22960444901074,0.1596048540645127,0.0309063266739167,0.7240067895216933,-1.8835449,0.15337186,-0.15851912,0.0,0
site14_133.png_X256_Y0,10.890097819149162,108.37002318820032,0.1869479368813658,0.0308303822361488,0.8732006554270185,0.04626465,0.14561267,-0.14590886,0.0303192138671875,0
site14_133.png_X0_Y256,11.73558553473939,101.546971041788,0.190354251512062,0.020889268608106,0.9508565094508976,-1.0438995,0.14172642,-0.14527544,0.0,0
site14_133.png_X256_Y256,10.621295719320006,125.54282009924512,0.2041715710836032,0.0319923834493362,0.7592656193258029,-1.6474762,0.14943701,-0.15471017,0.0,0
site14_134.png_X0_Y0,10.55125217787988,128.09862154880688,0.2022071236710619,0.0335163929536643,0.8593989063374632,-0.38259888,0.15146163,-0.1530538,0.05126953125,1
site14_134.png_X256_Y0,9.926201869470118,41.51562050953984,0.2136174381748684,0.0409418283359273,0.8367014128042433,-0.7402954,0.15598233,-0.15790665,0.0,0
site14_134.png_X0_Y256,9.817569506193571,43.701373840590286,0.2156281482577252,0.0433464340983949,0.8095493456547582,-0.03147888,0.15219411,-0.15239716,0.0,0
site14_134.png_X256_Y256,9.522688313533008,32.15789915537301,0.2515282641048848,0.050846875997963,0.9217983703355443,-3.1504364,0.16750248,-0.17919463,0.0,0
site14_142.png_X0_Y0,10.178260654718423,156.21036369727,0.2373181589714269,0.0419923275054786,0.8449637612265619,48.867767,0.033253655,0.15080866,0.0,0
site14_142.png_X256_Y0,12.845173932989413,498.316475544278,0.1997451943571849,0.0190811434787243,0.9307982774742504,21.108078,0.11067577,-0.03389989,0.3215179443359375,1
site14_142.png_X0_Y256,13.206795957077922,463.4913324352365,0.1254535433779466,0.0136808570020079,0.9047415323318436,11.758606,0.11657905,-0.0649075,0.0,0
site14_142.png_X256_Y256,12.837005629653698,467.835099180659,0.1613737978360519,0.0219194064510922,0.8990142719956896,36.355377,0.044974722,0.21218655,0.1517181396484375,1
site14_143.png_X0_Y0,10.45003601163745,61.18123884143388,0.3143907609272336,0.0358351127522955,0.9627251296461872,-0.7063446,0.14115909,-0.14173712,0.0,0
site14_143.png_X256_Y0,11.664101908291103,245.22377872994807,0.2342529324746269,0.0269924981000778,0.9637546424851572,2.679306,0.11744754,-0.08826928,0.0,0
site14_143.png_X0_Y256,12.92858675031468,539.1468094152789,0.0813816759550801,0.0138579838158542,0.6643343961351345,59.84706,-0.0074087884,0.3962168,0.0,0
site14_143.png_X256_Y256,12.1331949988761,557.3864662629846,0.1482516828184871,0.0307783695954835,0.9108923633526482,20.767563,0.0836246,0.04106479,0.0,0
site14_144.png_X0_Y0,13.60133046092913,890.1630153817556,0.0984941494701639,0.0151400845144584,0.855301789781213,-6.3796844,0.15861207,-0.19892044,0.6699371337890625,2
site14_144.png_X256_Y0,13.50726054922759,940.8459402935116,0.0743483301199997,0.0125156909469971,0.7527778090026542,-7.0111084,0.17632571,-0.20354933,0.8784332275390625,2
site14_144.png_X0_Y256,10.636708724745358,458.5527696378699,0.2071405496023916,0.0553679777740903,0.8963170441322084,1.1161346,0.1023745,-0.10233064,0.1223297119140625,1
site14_144.png_X256_Y256,13.673081636100106,993.3895518852484,0.0768071060447648,0.0112463300370661,0.8081030015466307,12.589615,0.07284081,-0.01865236,0.901275634765625,2
site14_145.png_X0_Y0,13.055113188940853,651.3149437115994,0.0795865217104303,0.0138809865653885,0.7022154611905489,10.809296,0.06497709,-0.017583385,0.966064453125,2
site14_145.png_X256_Y0,13.781633565111374,1004.0440459650324,0.0761195501362941,0.0107772441488324,0.7844801662815328,-3.327179,0.14436337,-0.17227386,0.8418731689453125,2
site14_145.png_X0_Y256,14.04654822329442,1262.9864740426729,0.0823939897822038,0.010449908741638,0.8264092986963113,1.8158722,0.12488057,-0.13395418,0.9892425537109376,2
site14_145.png_X256_Y256,14.43864465547754,1352.0214984171946,0.064438616897597,0.0077383505612344,0.7997386971956537,2.430069,0.11313769,-0.11490373,1.0,2
site14_146.png_X0_Y0,11.763078941674989,194.31449368932985,0.1705700869732886,0.0235530208119741,0.8714382286377229,2.4116058,0.16863278,-0.16418183,0.0691375732421875,1
site14_146.png_X256_Y0,12.288313134583044,171.8514556901252,0.1716074153313105,0.0175628737246371,0.9464567197391516,-2.7787476,0.14339256,-0.15017454,0.0,0
site14_146.png_X0_Y256,13.867076178685547,955.5768249742885,0.0801351768377463,0.0100027125454231,0.7888945413619287,-0.6732483,0.16093697,-0.17901324,0.8342742919921875,2
site14_146.png_X256_Y256,13.782637849290618,829.817242181547,0.0990973937325438,0.0108440955845695,0.8078457683404138,-1.7335358,0.14619327,-0.16218564,0.5135650634765625,2
site14_148.png_X0_Y0,11.909978774185802,224.50461156768705,0.2210430821818819,0.0222323767364411,0.9064462561676078,3.0117035,0.14094827,-0.12425927,0.0064544677734375,0
site14_148.png_X256_Y0,12.268696086746614,238.86194226680092,0.1250816947027864,0.0172834154842657,0.8127763980162099,5.539612,0.117562704,-0.08754547,0.5743255615234375,2
site14_148.png_X0_Y256,11.729169718322758,175.35577238923352,0.159082729345601,0.0236267937012573,0.8550222558698359,7.824463,0.14908591,-0.12700132,0.0,0
site14_148.png_X256_Y256,11.246856542114651,155.10784639622378,0.2276888504722903,0.0328000837263575,0.8981961963144403,-1.5749817,0.20579238,-0.21377966,0.116363525390625,1
site14_149.png_X0_Y0,11.861852041048849,228.58160234346903,0.2597478453553191,0.0367169103294762,0.9820565056657068,3.034729,0.10569579,-0.08724998,0.22607421875,1
site14_149.png_X256_Y0,11.228222508035774,258.90929624423586,0.2575213824395346,0.0360772411975161,0.7609150167064375,-1.660492,0.12603088,-0.12922803,0.0,0
site14_149.png_X0_Y256,13.081073795545873,586.411761942582,0.1417713022958262,0.0157914486578564,0.8735803469436519,-0.2023468,0.113550626,-0.12386555,0.5366058349609375,2
site14_149.png_X256_Y256,12.62074493660998,352.83778337960786,0.2268384654470037,0.0189638910780147,0.9399079499694922,1.6219177,0.13101888,-0.12896019,0.065216064453125,1
site14_154.png_X0_Y0,9.890644601048567,48.63730156370159,0.2025874513478286,0.0405968983750301,0.7682122631821112,-1.7399445,0.15287115,-0.15757227,0.0,0
site14_154.png_X256_Y0,9.460426265945696,38.88086146253855,0.2303656935782271,0.0483112982785355,0.7819078155359734,-0.6407623,0.148151,-0.14976999,0.0,0
site14_154.png_X0_Y256,11.698464612530502,204.2140188719549,0.2015182145487276,0.02408068986975,0.9176854063725988,-0.84259033,0.15064886,-0.15273975,0.067352294921875,1
site14_154.png_X256_Y256,10.883062073743082,146.99813513733312,0.2055407802600715,0.0346298546846182,0.8529659853318982,-2.0570984,0.15568587,-0.16179605,0.0408782958984375,0
site14_158.png_X0_Y0,8.717783520943588,187.18648832480648,0.4601962333699402,0.2815077886928124,0.9650664685833976,-0.41610718,0.08084177,-0.08171342,0.0,0
site14_158.png_X256_Y0,11.317920717606317,68.90797280493202,0.3050318996943758,0.0311909902262224,0.98240503668918,0.6221161,0.13293263,-0.13211861,0.0614013671875,1
site14_158.png_X0_Y256,11.444658712716755,96.3667923995603,0.2385307005907973,0.0245041749792724,0.9547974102186048,1.006546,0.115659654,-0.11049068,0.0076141357421875,0
site14_158.png_X256_Y256,12.273575300229792,143.73357463175608,0.2254881123917501,0.0187306838677605,0.9636290176105468,-1.5557861,0.12811512,-0.13319783,0.510986328125,2
site14_159.png_X0_Y0,11.410313980272234,103.29887002595522,0.26875350480916,0.0286588634464431,0.9558073995033072,-3.7852173,0.10091283,-0.12043061,0.0075225830078125,0
site14_159.png_X256_Y0,11.08040830619082,66.39520025350878,0.3312202593085238,0.0297989138394643,0.983511843567806,3.8713531,0.11744107,-0.113685586,0.0,0
site14_159.png_X0_Y256,9.55885375566979,30.352781592418214,0.3671211181298296,0.0556866527376806,0.9709462735018362,-4.2713165,0.12008232,-0.13652444,0.0117645263671875,0
site14_159.png_X256_Y256,10.506147261447376,59.75642329572984,0.2686422610616485,0.0412089088878683,0.9435328811623678,-3.6423035,0.1202462,-0.1320697,0.0,0
site14_162.png_X0_Y0,13.37768017057751,631.0343549807316,0.1091539074785649,0.0129987514904097,0.8893457168554489,45.3096,0.025527949,0.26175052,0.0,0
site14_162.png_X256_Y0,13.59884882196349,646.188370954134,0.0822302814429769,0.0109053233186227,0.884519877143781,46.131073,0.0390544,0.2458548,0.26666259765625,1
site14_162.png_X0_Y256,10.930905318389874,355.02126872779905,0.264764764445018,0.0774553105395835,0.9405936552154064,2.194992,0.11938787,-0.101939864,0.0,0
site14_162.png_X256_Y256,13.0749247096338,487.4971410035188,0.1335722462621064,0.0201432655913608,0.9527202714477668,26.486588,0.085513696,0.071447596,0.0140533447265625,0
site14_163.png_X0_Y0,13.561391938658634,691.7914398159013,0.0688722418659135,0.0115719002115567,0.8126702991254067,24.887085,0.109044746,0.016249327,0.3081817626953125,1
site14_163.png_X256_Y0,12.392401171049425,356.6922397785881,0.0742197888624209,0.0163965255277475,0.6154785426169097,31.439606,0.10518056,0.072419405,0.00341796875,0
site14_163.png_X0_Y256,13.053076338130811,379.7418342254283,0.0755323821384089,0.0130698707588016,0.8483357783596971,12.840195,0.16066542,-0.109277226,0.0,0
site14_163.png_X256_Y256,13.44545967153472,494.7116643388459,0.0649075311684458,0.0108651029746921,0.8333127074251994,11.150787,0.14081709,-0.09217863,0.0,0
site14_164.png_X0_Y0,10.687986103718604,463.3380270208601,0.1983451273245979,0.0524618650489782,0.8490108091244387,6.0312195,0.1024731,-0.07651819,0.0,0
site14_164.png_X256_Y0,11.7105646421114,609.508434646528,0.1691019504709986,0.0396857742028129,0.8148491290608251,3.9129028,0.11030354,-0.10283811,0.20654296875,1
site14_164.png_X0_Y256,12.832386136103263,495.08626009232177,0.1004292700305836,0.0167730178196194,0.8849309257025098,17.641754,0.12976196,-0.036008514,0.0,0
site14_164.png_X256_Y256,9.806329515885205,437.43610899353655,0.2165830411684968,0.0633478169126217,0.5226006567765686,3.254593,0.10091839,-0.09393358,0.0,0
site14_165.png_X0_Y0,14.299788589100002,1236.4442716893514,0.1004434180986365,0.0097780113057004,0.85317196450268,0.49240112,0.14518666,-0.1542854,0.98272705078125,2
site14_165.png_X256_Y0,14.316336820088916,1148.1249146062564,0.0809428500469684,0.0084625917546193,0.8422050175040017,-1.3148956,0.17091694,-0.19334762,0.9803466796875,2
site14_165.png_X0_Y256,13.686556066623728,849.5215033431326,0.1077864460211581,0.0152551454251752,0.8823321527813588,-0.7820282,0.1541881,-0.17416722,0.69134521484375,2
site14_165.png_X256_Y256,13.923018031046087,931.5713058830762,0.0766484589615506,0.0099697266144955,0.8251483256058093,-2.2776031,0.1460607,-0.17697483,0.9415740966796876,2
site14_166.png_X0_Y0,14.247300665667607,1035.9143470811423,0.0722744549488174,0.0083264996165378,0.8357128791607752,-0.24919128,0.16300994,-0.17517342,0.896240234375,2
site14_166.png_X256_Y0,14.252128882793954,1113.1616861905156,0.0804336251174084,0.0084938294001524,0.8347701365675814,0.8572693,0.13605392,-0.14358792,0.785247802734375,2
site14_166.png_X0_Y256,13.759937974151782,628.870815101199,0.1107232366833591,0.0101879159489263,0.8911696187854696,12.200424,0.24115206,-0.21871035,0.824676513671875,2
site14_166.png_X256_Y256,13.193477466285666,372.4921514712254,0.1402774029385912,0.0141082562571364,0.9518683177382152,-1.1309204,0.18057305,-0.19706614,0.2986907958984375,1
site14_167.png_X0_Y0,11.48368963236346,161.420558439063,0.1850904949346041,0.025996489801525,0.9056901948760994,-8.284592,0.14166242,-0.16336918,0.0,0
site14_167.png_X256_Y0,11.361927048589417,111.79391817450062,0.1944818814397041,0.0257735688713527,0.9682777365135438,-2.1296692,0.13694662,-0.14182888,0.0,0
site14_167.png_X0_Y256,13.033648100914007,332.6283786284192,0.1199865800253668,0.0134628598380362,0.897755781771826,-2.0958405,0.15814349,-0.17060566,0.0,0
site14_167.png_X256_Y256,12.221093601605254,230.78709696992752,0.1571869914932453,0.0214300977428376,0.8976222503635212,1.1948395,0.16998097,-0.16964746,0.050323486328125,1
site14_168.png_X0_Y0,10.391759910490729,57.557810157151934,0.2148240770216589,0.0360404446862018,0.8494958777293029,0.8112335,0.16249569,-0.16002464,0.0,0
site14_168.png_X256_Y0,11.193834020726952,88.54820940263431,0.1700621038340597,0.025860591781048,0.8743764861101008,1.0355682,0.17315513,-0.1708023,0.0,0
site14_168.png_X0_Y256,12.933163915318982,499.74911719654034,0.0896709554570018,0.0139252371326978,0.7059242006001873,16.781647,0.17091383,-0.08735889,0.0,0
site14_168.png_X256_Y256,12.9113339153856,559.8800610492616,0.07450281967544,0.0135734383554951,0.5813760414448093,15.345245,0.18281204,-0.09093237,0.0,0
site14_169.png_X0_Y0,12.88454021582263,448.69860149950415,0.1519459662413826,0.0172145190833521,0.927317760004381,-4.2839813,0.18621084,-0.21073511,0.3696441650390625,1
site14_169.png_X256_Y0,12.13664639815016,388.3803031887178,0.1792834180487322,0.0268626165564999,0.836839413478141,-4.3335724,0.25100395,-0.3018198,0.648193359375,2
site14_169.png_X0_Y256,10.186668128453858,71.00868665297284,0.2345975462049806,0.0403917437191431,0.8454561367743065,-1.5388794,0.1753239,-0.1856384,4.57763671875e-05,0
site14_169.png_X256_Y256,10.781859767504782,195.85739524764296,0.2320466979100337,0.0474600079171698,0.8817073276232955,-3.0021515,0.19907306,-0.2231726,0.261749267578125,1
site14_170.png_X0_Y0,10.916988352389444,244.25985088369845,0.2926101192686978,0.0374966500961284,0.9677951918773589,1.6937408,0.13107258,-0.12800258,0.0,0
site14_170.png_X256_Y0,11.46813415454811,234.3427867887368,0.2290391491341071,0.0260157956412359,0.963371540061226,-0.36140442,0.12976229,-0.13034584,0.0,0
site14_170.png_X0_Y256,8.220323840478045,38.18806464160565,0.3380615143354047,0.0762733126562602,0.8818487678207497,-1.6891632,0.1724697,-0.18689051,0.008453369140625,0
site14_170.png_X256_Y256,12.34098901510849,425.3276912425908,0.2199975910476606,0.0223201668287506,0.95909063051018,1.0105743,0.1427831,-0.145118,0.2721405029296875,1
site14_174.png_X0_Y0,11.6135698350871,257.8637033983434,0.25130710979641,0.0265619993513735,0.966924036661245,1.8535919,0.11008087,-0.10327089,0.0041046142578125,0
site14_174.png_X256_Y0,12.380036015159565,310.1730880250617,0.2238009046308433,0.0202629832502053,0.93973956439803,2.847412,0.12048592,-0.109890215,0.0069122314453125,0
site14_174.png_X0_Y256,11.709591153889097,277.0854546929252,0.2283738369255438,0.0252780292399303,0.9567342267720416,2.5139923,0.10041334,-0.089066654,0.0,0
site14_174.png_X256_Y256,11.717578524559595,476.3116134719797,0.1921738034801518,0.0294400816080553,0.8521442222222141,0.21315002,0.12195937,-0.12681162,0.0,0
site14_176.png_X0_Y0,10.392975504207374,64.92895759743949,0.2224460784706214,0.0354858335636713,0.8922984426195293,-1.1851807,0.16287059,-0.16454485,0.0,0
site14_176.png_X256_Y0,9.71365291871444,34.386195618872776,0.2446320682372109,0.0447059392395834,0.85347880203878,-2.663025,0.1558143,-0.16175367,0.0,0
site14_176.png_X0_Y256,12.661756476820758,493.1316141478303,0.1846899357814763,0.0201035808248083,0.8808546421136568,-2.4944153,0.1527703,-0.16158488,0.0,0
site14_176.png_X256_Y256,11.651317085204925,204.3696551957213,0.1957288284427665,0.0253872918858365,0.9005501465226989,-12.806503,0.20329526,-0.25076452,0.0,0
site14_177.png_X0_Y0,11.97693256720274,164.98832381175794,0.2067194845814355,0.0224351485047165,0.945391389781194,-8.374664,0.18974277,-0.22251244,0.211700439453125,1
site14_177.png_X256_Y0,9.599121855555282,50.25597467019916,0.3289332267393232,0.0525013452667487,0.9654975924341468,0.24336243,0.14594902,-0.1453259,0.0,0
site14_177.png_X0_Y256,11.31432281517211,158.2583031015708,0.2428703757815781,0.0343975031168653,0.961602009767054,1.5237732,0.13759446,-0.13335674,0.0190277099609375,0
site14_177.png_X256_Y256,11.302876091419709,158.38416083959194,0.3043351112317671,0.0307093898311545,0.9617678900928626,0.5018158,0.12327491,-0.12391355,0.0,0
site14_185.png_X0_Y0,10.527036761089764,398.3580715800401,0.216514478701623,0.0500635679345104,0.6511103421885184,3.1536255,0.09932776,-0.092484154,0.0,0
site14_185.png_X256_Y0,13.854030219339194,968.7472146230456,0.0885703826374539,0.0113035080687191,0.8131422570705747,-0.5408325,0.13257492,-0.1458404,0.6528472900390625,2
site14_185.png_X0_Y256,10.742769458290423,438.2172913663056,0.2030148648144356,0.0449121471512012,0.4703366102308891,2.9861603,0.111214414,-0.10544506,0.0,0
site14_185.png_X256_Y256,11.152948280193096,482.8841874519401,0.1869311593552127,0.0493588717848106,0.8688626880518657,2.0676117,0.10868429,-0.107470796,0.1087799072265625,1
site14_186.png_X0_Y0,14.184938524303083,913.9458554552772,0.0961888106321915,0.0092781112888578,0.895915344157328,3.4077606,0.18748286,-0.19179979,0.8464508056640625,2
site14_186.png_X256_Y0,13.78965789344666,869.2371867041055,0.0700031176640136,0.0098710630957221,0.7474091017349379,-70.44931,0.48765525,-0.78048325,0.944580078125,2
site14_186.png_X0_Y256,14.385168976271924,1360.5909980687452,0.0761235159460942,0.0102345858440007,0.8486762919456067,-3.9693756,0.17392015,-0.19960274,0.97393798828125,2
site14_186.png_X256_Y256,14.266703155016955,1286.5213719033725,0.0569680723213841,0.0082950271632647,0.7519535913606428,-33.968857,0.27691093,-0.42223072,0.89337158203125,2
site14_187.png_X0_Y0,14.097446512656658,1184.5442112258986,0.0489563539522013,0.0084862576737266,0.6678363847909987,-37.887314,0.3284412,-0.50269705,0.958709716796875,2
site14_187.png_X256_Y0,14.11926086724716,873.9131623204526,0.0723999285105512,0.0088899146142745,0.8383439770211063,-21.884674,0.27815053,-0.3859955,0.8874359130859375,2
site14_187.png_X0_Y256,14.032539076952505,1014.29692562661,0.0524973369348753,0.008778564643162,0.7194666924015419,-47.37526,0.35908675,-0.5612599,1.0,2
site14_187.png_X256_Y256,14.259735635377425,1359.2293958003863,0.0490815299722788,0.0080694542879334,0.6860299699312171,-32.856247,0.30044502,-0.4625361,0.980499267578125,2
site14_188.png_X0_Y0,13.737625689769803,606.6419743758879,0.0969214413954831,0.0103299751032692,0.86969454683402,-27.840286,0.29958504,-0.4096163,0.8855438232421875,2
site14_188.png_X256_Y0,13.0445733438979,459.8379245813313,0.0877078781936221,0.0135497989051204,0.83580416412944,4.6415253,0.21452504,-0.19364473,0.054840087890625,1
site14_188.png_X0_Y256,13.241732339760407,522.0154185890698,0.1340717650531178,0.0145911456072974,0.8988121361902828,-20.037598,0.27578062,-0.36484966,0.605072021484375,2
site14_188.png_X256_Y256,13.716234413201,761.9730457036701,0.1408017552853071,0.0119625955821195,0.9224573788499054,-1.4375916,0.14501674,-0.15900725,0.67010498046875,2
site14_189.png_X0_Y0,12.749170538126698,420.6381070382263,0.1415789630071718,0.016364006594502,0.9179447931954464,-1.3379974,0.17856991,-0.18421283,0.112060546875,1
site14_189.png_X256_Y0,13.497871650957666,709.4562949347292,0.1096477951391859,0.0121477362973462,0.8379063014344027,-4.1967163,0.18518409,-0.21485788,0.4727630615234375,2
site14_189.png_X0_Y256,11.787022957310274,214.31201624677595,0.2177467601386954,0.0284899314920727,0.924472023109798,-2.7175598,0.14968082,-0.16118884,0.0334014892578125,0
site14_189.png_X256_Y256,13.281597776352626,591.2933581135362,0.1297339351058326,0.0139716923700706,0.8821599378501488,-2.368042,0.19206652,-0.22151099,0.5193023681640625,2
site14_190.png_X0_Y0,10.78957333204638,118.71725975286864,0.252762164995262,0.0407092815550113,0.9557008812831728,-3.5661316,0.18145645,-0.20165762,0.0,0
site14_190.png_X256_Y0,11.75390337821358,312.6591293463224,0.1830938399063881,0.0267414664450102,0.7992556338450708,-4.0406036,0.19466347,-0.2264081,0.386871337890625,1
site14_190.png_X0_Y256,13.240572054582742,673.4484541553329,0.1295117030860464,0.0139835353468263,0.8274938997143013,-4.364212,0.2015793,-0.2411543,0.5696868896484375,2
site14_190.png_X256_Y256,11.359156978593624,280.07591374113827,0.2149305546281714,0.0319533248934956,0.7667424999918467,-5.6177673,0.240562,-0.27360997,0.184326171875,1
site14_191.png_X0_Y0,11.239575539209117,231.6467711036783,0.2977402063382746,0.0309838952976986,0.9729775952764764,1.2170563,0.11565556,-0.11139129,0.0,0
site14_191.png_X256_Y0,11.900250205348131,251.94010798130432,0.1961182097109145,0.0229231550798662,0.9546763905973336,1.29393,0.1237016,-0.12045741,0.0,0
site14_191.png_X0_Y256,8.400267937382559,44.31315728926543,0.3741927950045028,0.073399559510276,0.8832707472882705,-1.7634277,0.14055112,-0.15628225,0.0,0
site14_191.png_X256_Y256,11.576020773868056,260.89578339762664,0.2749737020719567,0.0274594645438522,0.9740860446929324,0.99264526,0.11112721,-0.106856555,0.0406951904296875,0
site14_203.png_X0_Y0,13.090176255972573,715.0602514207549,0.0915230436875502,0.0166108246529451,0.8091163682401762,-1.5326843,0.117631555,-0.12496147,0.0,0
site14_203.png_X256_Y0,12.201936902949434,200.97701145594343,0.2198969159282485,0.020189456364188,0.9256172878898864,2.6073914,0.14656375,-0.14015508,0.04571533203125,0
site14_203.png_X0_Y256,13.044886968315744,600.4398089526842,0.0620815496585851,0.0131939440260121,0.7491968068302871,-1.3081512,0.11545275,-0.12047872,0.0,0
site14_203.png_X256_Y256,13.631669783348492,656.4273330269571,0.0799257786252588,0.0109862031154773,0.873876847225034,-0.1526947,0.13145453,-0.1376662,0.105621337890625,1
site14_206.png_X0_Y0,13.34261516180094,765.6665065720181,0.09802781542482,0.0157665116898241,0.7611075566516633,1.237442,0.13082638,-0.13257518,0.45068359375,2
site14_206.png_X256_Y0,13.866771387437336,1031.8018323330896,0.1048453165963026,0.0154387534366458,0.8392485229782791,-1.5266876,0.1176974,-0.12648724,0.989349365234375,2
site14_206.png_X0_Y256,10.559393744680122,424.0789563659473,0.1967760868296659,0.0471808183001705,0.5906218829988888,2.8639374,0.10241299,-0.09707811,0.0039520263671875,0
site14_206.png_X256_Y256,13.9380868362069,965.2882701966104,0.0853200537865238,0.0114374049719675,0.8314585283340513,-4.194916,0.16100919,-0.1900145,0.7220458984375,2
site14_207.png_X0_Y0,14.294130164777814,1175.3718510910292,0.0664146615438719,0.0082631138190924,0.8003388909069342,-20.946625,0.24039131,-0.34784776,0.78411865234375,2
site14_207.png_X256_Y0,13.836410814040075,929.0100494702134,0.0686625306614039,0.0097979615407707,0.738190865581571,-32.704742,0.30352807,-0.4624041,0.8341064453125,2
site14_207.png_X0_Y256,13.904917493382891,973.174558688488,0.1255849807397506,0.0117782428679087,0.8831614443065768,-6.1680603,0.22521341,-0.26671475,0.5928955078125,2
site14_207.png_X256_Y256,11.648167549916964,339.6773798689692,0.2439075667084458,0.0348783857346992,0.8811140672053157,-6.772949,0.22884303,-0.2870335,0.067138671875,1
site14_208.png_X0_Y0,12.159610605811892,382.4129335472525,0.2079339059682844,0.0221301169153681,0.8380027810369941,-2.8829498,0.14890727,-0.17555873,0.315093994140625,1
site14_208.png_X256_Y0,11.583439269331912,296.5322293409164,0.2218566201720996,0.0288922982163408,0.8939767865613811,-1.914978,0.13134384,-0.14283493,0.2787017822265625,1
site14_208.png_X0_Y256,10.567267111384588,106.43420075813164,0.3577710169545103,0.0476448172847407,0.9827079455643808,-2.1067963,0.16395825,-0.20010987,0.093780517578125,1
site14_208.png_X256_Y256,11.241528344850003,304.4366053170577,0.2673229293682215,0.0489660518584663,0.9494347077327864,0.14115906,0.119756654,-0.122262165,0.0,0
site14_209.png_X0_Y0,9.45509322776959,34.365089764153865,0.3150011006021117,0.0493861420466052,0.8759564306699521,-1.81633,0.14920287,-0.1565043,0.0,0
site14_209.png_X256_Y0,10.451426027452378,135.157433829549,0.2971837205262355,0.0451046345734492,0.9212489952097636,-2.0844727,0.14970666,-0.15849558,0.0194244384765625,0
site14_209.png_X0_Y256,12.114712111979127,432.4700474276781,0.2353692698218532,0.031857428589688,0.9384318308515708,-3.050064,0.14586014,-0.16144405,0.1707763671875,1
site14_209.png_X256_Y256,11.250166672330485,212.3174169940871,0.2687009965047261,0.033406161973801,0.9151789635193726,-3.271515,0.1486811,-0.16241965,0.245574951171875,1
site14_210.png_X0_Y0,14.440655105536967,1756.815313040876,0.0689290710579241,0.0081175838658634,0.7472512273131521,-7.1399536,0.20451282,-0.26464579,0.7477874755859375,2
site14_210.png_X256_Y0,11.868564558067227,316.4939404015655,0.2516325720564721,0.0256307851033625,0.8790028425122722,-27.412308,0.33413553,-0.464026,0.1545867919921875,1
site14_210.png_X0_Y256,12.378719551743991,442.6824454537317,0.2365070531030494,0.0248496410884386,0.926399050825084,-2.6390076,0.15212958,-0.1657626,0.152099609375,1
site14_210.png_X256_Y256,11.9730902224025,418.9829407860715,0.2502439038874028,0.0272525358850128,0.8974870996626534,-12.680771,0.284366,-0.3753248,0.2091064453125,1
site14_211.png_X0_Y0,9.15611805845652,25.859011738274237,0.3059477384120314,0.0554914589208495,0.8734995024012697,-3.0952606,0.17301002,-0.19223991,0.0,0
site14_211.png_X256_Y0,9.863404445444743,111.1863070243491,0.3197618412180838,0.0531785034897714,0.8356597421925823,-2.409317,0.13043013,-0.15321448,0.2263641357421875,1
site14_211.png_X0_Y256,11.371985141528492,252.18833810917096,0.2454919150529683,0.0317939196793673,0.8379576736052724,-4.182007,0.19301358,-0.21527562,0.1800384521484375,1
site14_211.png_X256_Y256,8.983379729599596,36.820891994667,0.2985613158273994,0.0601270137368852,0.8119652655114087,-3.2826385,0.17116159,-0.19105454,0.0,0
site14_212.png_X0_Y0,12.04534942892981,339.95876058790765,0.2473969027005716,0.0251770739306778,0.9576132318783402,2.2106628,0.10522547,-0.09602092,0.1643524169921875,1
site14_212.png_X256_Y0,12.520955259555148,432.0700046706951,0.1900635954637887,0.0186121249827185,0.9411714576910574,1.2880249,0.11045241,-0.10809547,0.04852294921875,0
site14_212.png_X0_Y256,12.4149572023701,355.69085109996786,0.1755582649977124,0.02276077008019,0.8565893843479544,-2.1490173,0.16246124,-0.17373618,0.5953216552734375,2
site14_212.png_X256_Y256,13.237309200326443,460.1050987751376,0.1530777920523977,0.013330449052832,0.9080481680085404,-0.11647034,0.15120889,-0.15762505,0.66998291015625,2
site14_223.png_X0_Y0,13.137486379060483,626.1350375456406,0.0667417659646996,0.0127965949138819,0.7475016593829531,-0.1595459,0.112707585,-0.11495563,0.0,0
site14_223.png_X256_Y0,13.203055757214724,675.5518987739003,0.063817621480809,0.0126429730172659,0.7837601032230513,1.9713287,0.11868067,-0.11449084,0.0,0
site14_223.png_X0_Y256,13.104698111415392,510.659535830562,0.0910704685123594,0.0134841980484766,0.8629379846429933,6.354721,0.11085354,-0.09042771,0.0,0
site14_223.png_X256_Y256,12.90667931755518,312.47602929164736,0.1294326335391578,0.0144992350284049,0.8959491790296156,11.942932,0.18587187,-0.13503772,0.082733154296875,1
site14_225.png_X0_Y0,14.00557370036935,801.6313992215153,0.0725187322051647,0.0093712244937919,0.8648541109942742,14.551437,0.14793947,-0.08626645,0.526458740234375,2
site14_225.png_X256_Y0,12.714860083851669,437.7761154814531,0.0719339015941422,0.0145682697849487,0.6698927185855006,45.763306,0.044732,0.2548346,0.0961761474609375,1
site14_225.png_X0_Y256,13.28736103760551,543.3838851043691,0.1192107456809384,0.0140287649136447,0.9390887422874428,21.902985,0.088265724,0.07300216,0.151641845703125,1
site14_225.png_X256_Y256,12.306234484082315,327.6535982855289,0.0819781386427111,0.0165018741737949,0.6416271703587892,50.017517,0.0338873,0.31616768,0.0013885498046875,0
site14_226.png_X0_Y0,12.4102756799355,525.2616212664617,0.1646308644251299,0.0249556423780862,0.8888090781020945,14.5345,0.079145074,0.02891527,0.0,0
site14_226.png_X256_Y0,12.290961339363,632.9634863994809,0.1797858785449742,0.0302068598953298,0.8898257359924555,-0.48143005,0.111038536,-0.10343875,0.2815704345703125,1
site14_226.png_X0_Y256,13.176611341162346,601.5067295031827,0.1206924382506597,0.0160468012088952,0.9198928151197042,16.666779,0.08879061,0.07152426,0.3441925048828125,1
site14_226.png_X256_Y256,13.5609981686438,866.6052135597445,0.1438228048171128,0.0156313510970269,0.8881247515274717,-3.195938,0.13355277,-0.14356518,0.7000274658203125,2
site14_227.png_X0_Y0,12.062300393389778,300.23578462915816,0.2299725492207053,0.0285151950792802,0.9289005379639512,-4.528839,0.16658127,-0.19179398,0.240203857421875,1
site14_227.png_X256_Y0,10.990715696065262,214.2802854671588,0.3173105075242545,0.0466629036053389,0.9714372253502456,-3.8852081,0.1622495,-0.20272565,0.276397705078125,1
site14_227.png_X0_Y256,11.284345600014964,154.80200651493607,0.2816136863844034,0.0296199169572841,0.97711868294978,-2.9550629,0.13569933,-0.15276507,0.0324554443359375,0
site14_227.png_X256_Y256,10.366541865299393,448.5881156736532,0.3031754962768777,0.0611218093975766,0.8941564286403737,-4.6971436,0.14565025,-0.15933076,0.032440185546875,0
site14_230.png_X0_Y0,9.175456814737156,17.49689949478593,0.3991124705336366,0.0509984715293485,0.9488089215585708,3.401535,0.134517,-0.11899268,0.0,0
site14_230.png_X256_Y0,11.684939337022112,240.222252018477,0.2653206309219118,0.0285200839537503,0.9217101730603624,-2.1825714,0.12750776,-0.1393716,0.0627288818359375,1
site14_230.png_X0_Y256,10.999112883401173,197.02884404437444,0.3336366674977478,0.0338649209943984,0.9642710480405025,1.6561737,0.14365879,-0.13513303,0.011138916015625,0
site14_230.png_X256_Y256,8.802914471941502,18.40499363225728,0.4176001605841812,0.0630466178311031,0.9574660170785124,-3.4506836,0.14967713,-0.16837548,0.0132293701171875,0
site14_231.png_X0_Y0,13.15354888521634,520.5937567282319,0.1375066913082068,0.0147002274764273,0.8953634399621139,-2.2644043,0.14046496,-0.15944447,0.7486724853515625,2
site14_231.png_X256_Y0,12.088659931400654,176.5220616619908,0.1778010905071607,0.0204430853555564,0.9035586082066268,-4.31485,0.14488244,-0.16488166,0.20086669921875,1
site14_231.png_X0_Y256,12.523005003665594,441.5133950884825,0.1963606657739041,0.0203324201639551,0.9177959691843812,0.8291321,0.17486702,-0.19762893,0.2053680419921875,1
site14_231.png_X256_Y256,11.890027599610704,194.51847283799464,0.2321426311960795,0.0241632722137406,0.956750296009988,-4.679245,0.20057966,-0.23489499,0.0721588134765625,1
site14_232.png_X0_Y0,9.124247784679817,27.816878228927507,0.310028199679165,0.0549281462171933,0.8964064368684307,-2.6015472,0.15005319,-0.16143371,0.00164794921875,0
site14_232.png_X256_Y0,10.029601076326053,98.50788394188172,0.3091373766466164,0.0457680800403788,0.9226104233616974,-2.849121,0.14386906,-0.15522966,0.126373291015625,1
site14_232.png_X0_Y256,10.090952386415015,54.600460504976304,0.2667371935053289,0.0407392227753386,0.9050128464604796,-2.1485596,0.15450801,-0.16273478,0.0,0
site14_232.png_X256_Y256,8.689995972114193,29.539952121780846,0.3298348130283657,0.0703655190737679,0.9007067933690398,-3.2428894,0.13974166,-0.15054646,0.0109100341796875,0
site14_233.png_X0_Y0,12.514171259703204,339.67394131767026,0.2078357142063256,0.0219896601094867,0.952309563492232,1.1612549,0.13704818,-0.13664807,0.3189697265625,1
site14_233.png_X256_Y0,12.904785109491094,696.4899478266049,0.1136400175899158,0.0152601658253326,0.8169433201781175,-0.058395386,0.08338222,-0.083141685,0.0089111328125,0
site14_233.png_X0_Y256,12.441995564625552,313.1665363231958,0.1561061889625354,0.0184189508635141,0.8496768638665083,-2.9348907,0.15074252,-0.16019778,0.5178070068359375,2
site14_233.png_X256_Y256,13.40767072517732,570.2617951178868,0.1482626359080305,0.013422164573025,0.8746956483560668,-0.039001465,0.14368223,-0.14441165,0.3968353271484375,1
site14_237.png_X0_Y0,9.53053367356921,57.21716911764767,0.226622492590383,0.0492336136119944,0.71517209622066,-4.891205,0.13697836,-0.15104342,0.0,0
site14_237.png_X256_Y0,10.30163272769818,58.81707348135414,0.2040022289947395,0.035588948099361,0.8157603576317879,-4.42572,0.13559447,-0.14957643,0.0,0
site14_237.png_X0_Y256,10.512647893361637,81.53193328587886,0.2120408274589815,0.0368066705406506,0.8608707412180405,-5.650406,0.14742425,-0.16554984,0.0,0
site14_237.png_X256_Y256,11.23663681539991,148.52264743428805,0.2011023595824394,0.0300206821044321,0.8412686558781086,-4.334671,0.14630422,-0.1631909,0.0,0
site14_238.png_X0_Y0,11.849866981449791,218.1245406063871,0.2018579338269533,0.0246508467230194,0.9039410489087524,-2.4373932,0.13999286,-0.15040788,0.0577850341796875,1
site14_238.png_X256_Y0,11.66436068425398,309.559641198746,0.2354788848076085,0.0281685901270943,0.8801521349970567,-2.4474487,0.13781196,-0.15484208,0.051025390625,1
site14_238.png_X0_Y256,11.817636510848397,189.8775971531552,0.2402098246959061,0.0239346482125642,0.9291938041810466,-2.3048553,0.12345598,-0.14355254,0.0,0
site14_238.png_X256_Y256,10.694970754760224,203.1997683132973,0.3486667288152587,0.0389182856677455,0.9078786352567996,-1.2473145,0.11197041,-0.11324684,0.0,0
site14_243.png_X0_Y0,11.564110810179608,88.01619790164922,0.1929116289536959,0.0237795713408467,0.933674330691771,27.607742,0.12159212,-0.01633571,0.0,0
site14_243.png_X256_Y0,12.1604601064677,128.4730089538892,0.1392898498584462,0.0185509897674915,0.9445912834394044,14.475891,0.15697432,-0.09393797,0.0,0
site14_243.png_X0_Y256,11.998756765300335,107.28921290789648,0.1637018951931318,0.0204075061454897,0.9535466056759768,9.223541,0.13720694,-0.10296141,0.0,0
site14_243.png_X256_Y256,11.733847906494596,95.66460248162286,0.1652657259451409,0.0229545712861164,0.9679808466442504,18.374756,0.1317628,-0.026633427,0.02581787109375,0
site14_244.png_X0_Y0,12.465277221413904,136.7887436172436,0.1475544076299714,0.0167135753153289,0.968180954573234,9.952225,0.14365745,-0.09463637,0.0,0
site14_244.png_X256_Y0,12.362443276054693,280.89879814857693,0.2184223171415575,0.0265515427935273,0.9738394944500728,14.873184,0.10789092,-0.012378024,0.0,0
site14_244.png_X0_Y256,11.378716478265249,100.85189827830848,0.1460871447404276,0.0237934107395403,0.8537536425318477,21.21016,0.12751868,0.0041359067,0.0,0
site14_244.png_X256_Y256,12.510584035572704,336.4523940311889,0.1521854326390146,0.0177247552634451,0.9375861172471824,12.762955,0.12857941,-0.011343803,0.2259063720703125,1
site14_245.png_X0_Y0,13.2584394855686,605.069053954604,0.1592262206276901,0.016127542750424,0.939735591664204,4.9892426,0.13434663,-0.10199319,0.15087890625,1
site14_245.png_X256_Y0,13.304251291930042,574.7392528115049,0.1185190988532212,0.0151884885306099,0.9399096182926544,16.343369,0.073477075,0.09049145,0.4549407958984375,2
site14_245.png_X0_Y256,13.948400505257386,644.4129100736714,0.1023379703125566,0.009985553984485,0.9264848288109456,-0.830719,0.12417855,-0.12605207,0.92230224609375,2
site14_245.png_X256_Y256,12.79008574068503,484.6567600052112,0.1851596676584878,0.0219235113938376,0.9116901192511266,-1.9341278,0.12772074,-0.13483578,0.5617218017578125,2
site14_246.png_X0_Y0,12.068594480938795,447.0110234646008,0.2172887513295303,0.0295444272014293,0.9235791789782148,-1.8194885,0.13341233,-0.13975751,0.4462890625,2
site14_246.png_X256_Y0,11.592082201547234,246.29418203037045,0.2648290454985665,0.0267670983423007,0.9681984583355489,-2.5026093,0.1410906,-0.15378946,0.0,0
site14_246.png_X0_Y256,11.945449499218991,375.3954682694463,0.2451981239224599,0.029106691328,0.9597910247673164,-3.1295776,0.14151925,-0.1621804,0.217376708984375,1
site14_246.png_X256_Y256,11.102745100568454,490.5917028907144,0.2295956752734698,0.0470649188384603,0.8028963267906407,-3.3088684,0.12749419,-0.1353133,0.0,0
site14_251.png_X0_Y0,8.55087006243288,20.74483700680065,0.3977906438119105,0.0674345196469206,0.9246520358661424,-2.4673462,0.13155521,-0.14407963,0.0,0
site14_251.png_X256_Y0,11.893114477313167,403.57422756575295,0.2856031408838126,0.0349755973049261,0.9477805067188254,12.048645,0.13481542,-0.11373638,0.236541748046875,1
site14_251.png_X0_Y256,10.438654009072998,106.30424723965038,0.3399138306114206,0.0428815624117488,0.9582511833529244,-3.0329895,0.13890958,-0.15485245,0.0,0
site14_251.png_X256_Y256,9.083640445597675,41.7643806318505,0.3691875293377639,0.0574465657901503,0.8720648398940876,-2.7733765,0.12937012,-0.1406389,0.0,0
site14_252.png_X0_Y0,13.07891188611003,354.236544748438,0.1484328844780447,0.014827147333218,0.9231055470179358,-2.0560913,0.14618829,-0.15342546,0.389617919921875,1
site14_252.png_X256_Y0,9.513449431875598,36.86576405409036,0.2957391912759168,0.0526364793559745,0.8601033200400614,-3.121582,0.1431535,-0.15403965,0.0,0
site14_252.png_X0_Y256,12.947583229523996,418.1318972570804,0.1505603563606561,0.0152214893341306,0.8644075665488294,-7.2206726,0.19744332,-0.23338336,0.0007476806640625,0
site14_252.png_X256_Y256,11.622161930706696,147.12848678994288,0.2261707013672033,0.0262347124650034,0.9023318143736724,-16.60408,0.21906923,-0.28220934,0.0,0
site14_256.png_X0_Y0,11.02600708464238,99.10599022912317,0.2328603300533288,0.0332852826271866,0.9703998639771674,10.90535,0.17310274,-0.15463303,0.0,0
site14_256.png_X256_Y0,10.505146904873644,79.22865591059002,0.2059211237482716,0.0377690661258353,0.8910001484397322,-4.657776,0.15091968,-0.16517422,0.0,0
site14_256.png_X0_Y256,12.92462241211893,430.2906782698016,0.1429469953506911,0.0163853308208056,0.8512193248610314,-3.357483,0.15787764,-0.16986924,3.0517578125e-05,0
site14_256.png_X256_Y256,11.027037120637548,228.1151877283019,0.2371177740918826,0.0414086604468379,0.914298797664126,-2.609314,0.1403176,-0.14904924,0.0,0
site14_257.png_X0_Y0,12.081091510650989,313.2064639351809,0.1948562466620401,0.0232210537971952,0.8381251504216662,-3.8184357,0.11490369,-0.13190334,0.178375244140625,1
site14_257.png_X256_Y0,11.559682195233991,327.4958545391661,0.219991627786153,0.0335116385110255,0.8791972379897881,-5.6078033,0.17314696,-0.20495325,0.2429656982421875,1
site14_257.png_X0_Y256,11.476934684995566,156.84142958839203,0.2321266264746704,0.0291155838878429,0.9049577025877296,-5.138794,0.10149571,-0.12001678,0.172515869140625,1
site14_257.png_X256_Y256,12.643500403861196,247.9630132791611,0.1887768772371318,0.0174352508438443,0.9695726936261632,-1.2918854,0.09813421,-0.105074376,0.153961181640625,1
site14_258.png_X0_Y0,12.19344156388134,346.3806531292453,0.2344945285534907,0.0402144299966036,0.9371768055935022,-1.0115204,0.12498359,-0.13263664,0.0562286376953125,1
site14_258.png_X256_Y0,12.139795028112816,192.9413562542053,0.1084730570003669,0.0172149604535973,0.8504307623871148,-4.964264,0.13754062,-0.15107444,0.0,0
site14_258.png_X0_Y256,11.99070779409373,232.30744838222424,0.1954536183395051,0.0276517391551932,0.9629475611503856,1.5345459,0.12300494,-0.1217989,0.0,0
site14_258.png_X256_Y256,12.694776990186051,272.05705945429986,0.1023805277411151,0.0151776516709643,0.8631094681574654,-2.6897888,0.13526575,-0.14328927,0.0,0
site14_264.png_X0_Y0,12.043625631180728,270.12552272567365,0.1742332626124826,0.0228883978045227,0.9095088750567796,25.574097,0.04254279,0.17244667,0.0,0
site14_264.png_X256_Y0,12.861254320876988,371.0584050005328,0.1315403489717287,0.0163999364745034,0.9485146821933964,23.810593,0.02196854,0.19103706,0.2392578125,1
site14_264.png_X0_Y256,11.520085701071462,278.62856222670075,0.2845200837370983,0.057115152211554,0.931140997761366,6.1397247,0.085793495,-0.04984482,0.0,0
site14_264.png_X256_Y256,12.044335302394288,476.6747681781603,0.2700316873908233,0.0404253235057331,0.9601304459261002,4.05777,0.122366995,-0.0988497,0.00616455078125,0
site14_265.png_X0_Y0,11.931702319373404,238.7212729329067,0.1978517832281831,0.024543242778119,0.8872733105783512,-0.66363525,0.13053402,-0.13298444,0.281707763671875,1
site14_265.png_X256_Y0,12.0646086054764,254.0587940185388,0.2542800248010749,0.0230442962302407,0.9477286223570468,-0.24276733,0.13037711,-0.13486731,0.0110931396484375,0
site14_265.png_X0_Y256,11.992991645426253,301.6896365130082,0.2533450929664403,0.0352603056740915,0.9439825257486684,1.0171509,0.12398568,-0.12506989,0.0785369873046875,1
site14_265.png_X256_Y256,12.655970025777986,244.26743635261755,0.2026922001169276,0.0176503067264145,0.9461102136004188,-0.94285583,0.10024801,-0.11227492,0.3342132568359375,1
site14_266.png_X0_Y0,11.282697430500752,443.1042804750631,0.225624994224437,0.0462013555942587,0.7475868403664458,-2.9144287,0.12568745,-0.131979,0.0,0
site14_266.png_X256_Y0,10.503216593329253,502.9623095834575,0.2395005166987429,0.0545579812045655,0.8237578474988161,-3.5086975,0.1359461,-0.14491111,0.0,0
site14_266.png_X0_Y256,11.655707362766112,335.45753452697585,0.2446610749857958,0.0362752664952873,0.9248362476403382,-2.9507904,0.13485897,-0.14582944,0.05047607421875,1
site14_266.png_X256_Y256,11.374470024658647,632.6375847180452,0.1994117196702129,0.0431472555277845,0.5713002364186397,-4.44191,0.13057962,-0.13926886,0.0,0
site14_272.png_X0_Y0,9.73522636004473,69.77664732314867,0.3112198302114242,0.0475709267931389,0.9552620914261596,-3.4309387,0.14426675,-0.15541247,0.0,0
site14_272.png_X256_Y0,12.40306890797665,318.1408507245182,0.2182688746525267,0.0191780114749373,0.927927854096303,-3.1572876,0.13563135,-0.15114665,0.2406463623046875,1
site14_272.png_X0_Y256,8.890736368481356,19.354513783761167,0.3155248412058092,0.0580297676167008,0.8888052232554547,-4.059601,0.1413449,-0.15460002,0.0,0
site14_272.png_X256_Y256,9.575635546160122,29.781842830882752,0.3116392700647798,0.0480747749269581,0.919383204458272,-3.8069763,0.12611577,-0.13928339,0.0,0
site14_275.png_X0_Y0,10.640587345806946,59.33166325752234,0.2515220199202022,0.0348438880007876,0.9433932371227104,1.2414703,0.13756524,-0.1345633,0.0,0
site14_275.png_X256_Y0,12.71596508788058,314.8949755052216,0.1500006247499628,0.0156667125053965,0.8671831771718512,11.775604,0.123564854,-0.0889899,0.0,0
site14_275.png_X0_Y256,9.456254566578524,42.05009557622172,0.3156569421452945,0.0560381477232537,0.8843424690857974,-1.5319824,0.1472064,-0.15081787,0.0,0
site14_275.png_X256_Y256,11.583767554709787,127.70720436551082,0.2213955748951937,0.0247775749389623,0.9104150285276628,29.926315,0.07887564,0.010161653,0.0,0
site14_276.png_X0_Y0,12.21789577274629,236.51138894897105,0.1559410973300771,0.0204884086094901,0.8739052955910309,0.642807,0.15263365,-0.15263456,0.0,0
site14_276.png_X256_Y0,12.753164984912363,246.97362543854425,0.1819283663918154,0.0162459338593326,0.9422596576517874,-1.1760559,0.14967933,-0.1587851,0.1860504150390625,1
site14_276.png_X0_Y256,13.08239329439969,275.29994453755813,0.1218764025923012,0.0131146427120039,0.9218357946322436,2.2257996,0.16122553,-0.15906683,0.0,0
site14_276.png_X256_Y256,13.114771771211815,350.8011326923555,0.0996356545636438,0.0134808199966129,0.8874977692855744,10.913635,0.15352902,-0.13085988,0.0,0
site14_277.png_X0_Y0,12.476314254001766,270.4615785845704,0.1826890336025398,0.0250026232272744,0.9336340283992964,-3.6704254,0.1107749,-0.12154479,0.6842193603515625,2
site14_277.png_X256_Y0,12.127521520573003,225.82993333392983,0.1646082847190019,0.0223700104039394,0.9540175115092334,1.036377,0.120052226,-0.11952325,0.211822509765625,1
site14_277.png_X0_Y256,12.862417177908474,358.60139132187595,0.1538901190735016,0.0203170335456367,0.9229672491502298,-1.3952637,0.12525088,-0.12700483,0.3646697998046875,1
site14_277.png_X256_Y256,13.243023286746276,409.7637891526126,0.13490933484007,0.0138548513982198,0.917549467637396,-1.4951477,0.10823336,-0.11318803,0.7778167724609375,2
site14_278.png_X0_Y0,12.343526862808098,532.6580000631144,0.1651590936947471,0.0671328663341574,0.892508010949583,0.40415955,0.09370378,-0.09315936,0.0,0
site14_278.png_X256_Y0,11.234259942228883,448.66778480635264,0.2691907616712307,0.1557236510341704,0.9457074887964076,-1.8269958,0.07632464,-0.08175224,0.0,0
site14_278.png_X0_Y256,12.130014557074531,179.62744279545174,0.1935408973269803,0.0202990207616365,0.9489734284413394,2.2823944,0.107960224,-0.10014386,0.015411376953125,0
site14_278.png_X256_Y256,12.238866252410787,342.20717278213215,0.1535639008680478,0.0345463747931612,0.9226487017856948,-3.8180237,0.08651771,-0.09609854,0.0,0
site14_285.png_X0_Y0,13.444903152626004,647.5469186431189,0.1770515364379409,0.0184387963038853,0.9297928115277416,-1.4050598,0.11297934,-0.12917158,0.2933502197265625,1
site14_285.png_X256_Y0,12.134946001622025,403.009315497663,0.27891207088158,0.0764889618896166,0.9424155288959232,-1.0817413,0.072649,-0.088871114,0.120452880859375,1
site14_285.png_X0_Y256,11.449214146265987,168.6860668372844,0.2486120838432009,0.0332797400721234,0.9241828194625026,-1.708435,0.1488273,-0.16820401,0.0,0
site14_285.png_X256_Y256,11.076148533697364,195.90743186216304,0.3258833901881562,0.0393530225266042,0.9538981948230072,-0.3039856,0.090230584,-0.098640874,0.0074615478515625,0
site14_286.png_X0_Y0,11.86185897992878,207.31220230802424,0.2569662658915687,0.0247489946802751,0.9483309411213324,6.628235,0.07027593,-0.04300443,0.0,0
site14_286.png_X256_Y0,12.18222329239968,420.9071564572668,0.2188206389016314,0.025885645338277,0.948443326916693,-3.4253998,0.14785233,-0.16597126,0.0,0
site14_286.png_X0_Y256,9.082506058802457,405.5337602875368,0.509378804029285,0.2946446533631067,0.9502220770966584,2.603592,0.03694423,-0.027376434,0.0110321044921875,0
site14_286.png_X256_Y256,12.795662937614347,495.6583610120439,0.1872405216967118,0.033849247743564,0.9174394175278028,-1.1543579,0.105255835,-0.103287466,0.50677490234375,2
site14_287.png_X0_Y0,13.22169448155748,555.7589199316982,0.1771103747418112,0.0148099123396027,0.934229390449343,-3.6117096,0.16938922,-0.1925622,0.0,0
site14_287.png_X256_Y0,12.13448486731189,488.8014345143729,0.2422684633342775,0.0424657916279489,0.9367088389645574,-2.896286,0.14500879,-0.16159621,0.0,0
site14_287.png_X0_Y256,11.033856968833996,187.2299604869556,0.2791232030979614,0.1075051733335334,0.952605390114984,-3.6358795,0.12208399,-0.13581967,0.0807342529296875,1
site14_287.png_X256_Y256,11.14406152690518,170.13140105368296,0.2894043441942783,0.1236909706826877,0.9652738060121012,-2.0335083,0.12797819,-0.13939641,0.0,0
site14_290.png_X0_Y0,10.58493684718813,366.61384721320735,0.2900949863630713,0.0625189245461244,0.8757390151016977,-1.5795288,0.12525858,-0.13015431,0.0,0
site14_290.png_X256_Y0,12.088815594220083,451.66587353721513,0.2428484772686764,0.0338089106199591,0.9079104904051212,1.0595703,0.12397838,-0.10326917,0.0,0
site14_290.png_X0_Y256,11.502713429956431,297.71194145580466,0.2826090285137052,0.0388715245115661,0.9489806396733655,-2.5861206,0.13961893,-0.15326098,0.0,0
site14_290.png_X256_Y256,12.874617015276012,494.1003146776473,0.1710045860278921,0.0177948867114006,0.8571043344288423,-4.6488495,0.14610574,-0.16323364,0.0,0
site14_291.png_X0_Y0,13.219543105969242,575.5614961793711,0.1203301680575134,0.0133886582094506,0.8564352048642676,0.3446808,0.14267087,-0.12245373,0.0622406005859375,1
site14_291.png_X256_Y0,12.587452429845992,354.9688909464215,0.2369117047041528,0.0202150167246273,0.9617296723965104,-3.17128,0.15129349,-0.17280672,0.0,0
site14_291.png_X0_Y256,12.67068500144032,567.3475531045697,0.0883599060518733,0.0157479974448174,0.5632353445861813,-5.3927,0.14638695,-0.16024378,0.0,0
site14_291.png_X256_Y256,12.889349843398586,519.7425057219501,0.1237743161282672,0.0150028815520991,0.725642913998406,-3.1622772,0.1438486,-0.15252972,0.0,0
site14_294.png_X0_Y0,9.26879735853358,23.63406717067985,0.2906549057289099,0.0504854841319124,0.8778037692615313,-1.6989899,0.1330772,-0.13716224,0.0,0
site14_294.png_X256_Y0,12.32875887848161,327.4794615352521,0.1825953507768758,0.0199571742513097,0.8399676960562615,-3.016983,0.1406602,-0.15123218,0.287322998046875,1
site14_294.png_X0_Y256,11.796971004370311,239.27478028282832,0.2005954753622255,0.0266076840223707,0.8876638200964819,-2.0006714,0.14894827,-0.15653649,0.1402435302734375,1
site14_294.png_X256_Y256,13.073190789614344,372.597749213056,0.1481051613886324,0.0133537084973989,0.9092277398641826,-1.9428558,0.1385436,-0.14803809,0.284637451171875,1
site14_295.png_X0_Y0,9.726679233350744,14.118149584895477,0.3780485124403994,0.0463475552689881,0.9844947511746148,-0.92492676,0.14562187,-0.14963317,0.0,0
site14_295.png_X256_Y0,10.281939137676789,69.01260092272473,0.3200590940281549,0.0502516586776486,0.9116411826258348,-1.9903412,0.15563783,-0.16142233,0.0,0
site14_295.png_X0_Y256,11.29892769324762,42.75024323577544,0.2693707122414278,0.0247360046479312,0.9811517107460076,1.8847351,0.14388505,-0.13828819,0.0,0
site14_295.png_X256_Y256,10.112952608773444,37.08357291967119,0.3120493330163512,0.0449620747966508,0.93987439149456,-1.2012482,0.15187292,-0.15582535,0.0,0
site14_296.png_X0_Y0,13.309632215151357,468.5311747584983,0.0709463653110487,0.011239392277349,0.8316865215140465,8.71347,0.17003986,-0.15185775,0.0,0
site14_296.png_X256_Y0,12.70030024042886,275.90981231678927,0.1499711979749736,0.0171846695506892,0.8977416295750493,-0.29692078,0.1554622,-0.1605386,0.016143798828125,0
site14_296.png_X0_Y256,11.907732970755102,159.49465594663795,0.1961601210387322,0.0218803491069103,0.8960874023202183,-1.1918488,0.16398343,-0.16999382,0.111114501953125,1
site14_296.png_X256_Y256,12.025846994732497,108.68033409626292,0.1921824913080413,0.0198442717882271,0.9496621480051134,-4.8779907,0.16644458,-0.18829723,0.2404937744140625,1
site14_297.png_X0_Y0,13.015055734487827,368.5580163579224,0.1244959862556386,0.0145127447042061,0.8818709817594599,-5.843994,0.15125267,-0.19056877,0.396514892578125,1
site14_297.png_X256_Y0,12.76372219511104,461.817482278485,0.162388634318486,0.0233927774267927,0.8920269459734935,-3.6435547,0.11884141,-0.13177234,0.56097412109375,2
site14_297.png_X0_Y256,13.48546938554208,584.3134857687329,0.1117180768631322,0.0123678081580234,0.8614789445971482,-5.493164,0.16394189,-0.19325319,0.1532135009765625,1
site14_297.png_X256_Y256,13.801362586899057,725.9179182135822,0.1136909020943499,0.0117718922893677,0.915082080877442,-4.695877,0.15153627,-0.17620215,0.44805908203125,2
site14_298.png_X0_Y0,13.102374079214584,453.8861300341245,0.163277455688683,0.0164544262718777,0.8954913852980482,-1.3062744,0.11365937,-0.118386805,0.6190948486328125,2
site14_298.png_X256_Y0,11.97071831760789,166.3650365694685,0.2287007908672567,0.023932227381945,0.9682098962042084,0.693161,0.12045811,-0.11876911,0.0,0
site14_298.png_X0_Y256,11.14748850375056,262.0236583886204,0.2843106017033012,0.1006972765547042,0.9513435796232402,-3.5728302,0.11110168,-0.12237167,0.3717193603515625,1
site14_298.png_X256_Y256,5.73632174594036,147.146141387946,0.6982444193239368,0.5863553976767566,0.98655780696743,0.33110046,0.050467372,-0.049713537,0.03472900390625,0
site14_307.png_X0_Y0,11.509126870545687,180.7131611189327,0.2319044535433647,0.0748554530759648,0.939418595638654,-3.7944183,0.111026004,-0.12349634,0.449066162109375,2
site14_307.png_X256_Y0,10.639982062819618,210.87629897456367,0.3193275053695331,0.1830658350273562,0.9610418736666704,-2.2459564,0.10402772,-0.11364591,0.0,0
site14_307.png_X0_Y256,6.026420970768704,159.26178760875274,0.6703744648168733,0.5663965909360693,0.9778577480740996,-2.5441437,0.064335436,-0.07350442,0.1045074462890625,1
site14_307.png_X256_Y256,11.280849167847007,122.14016580162026,0.2381330477474805,0.0378908495911327,0.9396466924718182,-5.617447,0.18049443,-0.20353253,0.0,0
site14_310.png_X0_Y0,13.105057816927353,618.5100284445768,0.0778181122803074,0.0132938672978162,0.7182745730576942,-1.5167389,0.13600335,-0.13688484,0.0,0
site14_310.png_X256_Y0,12.738371152161651,543.8232567552055,0.1281519051100246,0.0178166542118091,0.7671546332532182,-1.9570312,0.13430211,-0.1399081,0.0,0
site14_310.png_X0_Y256,12.305248929521513,316.5418780637306,0.1082722515608726,0.0175904384055665,0.7055908616401821,-3.1609497,0.1340878,-0.14323,0.02899169921875,0
site14_310.png_X256_Y256,12.616041658303834,390.7424687019381,0.1384457768878207,0.0213552330835985,0.8085792432968566,-3.3682556,0.13272288,-0.14303738,0.0,0
site14_314.png_X0_Y0,12.795589234600651,353.93236818472786,0.1410111893362292,0.0152145525068141,0.8648768204608756,0.85469055,0.13958874,-0.13229074,0.01336669921875,0
site14_314.png_X256_Y0,12.725357130901209,300.83441202002564,0.1462663826287196,0.015433342218485,0.8746275071637624,1.4177551,0.135892,-0.13176885,0.2766876220703125,1
site14_314.png_X0_Y256,12.020658779395944,161.6491919273896,0.1844053382922316,0.0204967946618294,0.9129608384489905,0.18817139,0.13376999,-0.13255247,0.0,0
site14_314.png_X256_Y256,12.030445874412823,212.6715784944534,0.2059067303419507,0.0233711106871864,0.915323861305186,2.3342285,0.12885869,-0.122923136,0.0274200439453125,0
site14_315.png_X0_Y0,12.83943940851761,313.4166773146286,0.1684038491346468,0.0149228313194786,0.9192167105316054,8.0612335,0.11768898,-0.06516147,0.0136871337890625,0
site14_315.png_X256_Y0,13.141812874964376,390.5054987565003,0.1345250449297537,0.0132778832581042,0.8902161356530777,-0.80174255,0.15166888,-0.15560006,0.6769561767578125,2
site14_315.png_X0_Y256,12.813987709757487,330.761593107244,0.145047012701847,0.0148888272937082,0.9102188336295112,13.299591,0.11138862,-0.015673032,0.0225067138671875,0
site14_315.png_X256_Y256,13.313612208557965,416.1848114907899,0.1184637395421831,0.0121078820793191,0.8883062256930924,-5.709305,0.18754773,-0.20705375,0.3583221435546875,1
site14_316.png_X0_Y0,11.882682285592708,180.5731182718233,0.2177040444965295,0.0257759133981123,0.8955575263452404,-7.390686,0.17674166,-0.1996648,0.000701904296875,0
site14_316.png_X256_Y0,9.827097848112478,19.13377689770789,0.3198546442968752,0.0445173193750115,0.9683596760871408,-2.0533905,0.1577633,-0.16485177,0.0,0
site14_316.png_X0_Y256,13.377567879016691,530.0777531328235,0.1010936771242171,0.012036335431021,0.825806587430244,-3.8752136,0.14353284,-0.16156098,0.8322906494140625,2
site14_316.png_X256_Y256,10.873437035628871,151.5136616926217,0.2360336270415662,0.045014761292816,0.8704584814800508,-1.6937103,0.14459184,-0.15155351,0.4058685302734375,2
site14_317.png_X0_Y0,11.89701191859142,141.26315485630903,0.151287089103744,0.0199436293610612,0.8888789123949978,-2.0271301,0.1511568,-0.15830028,0.0389251708984375,0
site14_317.png_X256_Y0,12.987101155894551,305.2445893256359,0.1548303865182067,0.0139109176786464,0.9213098624928372,-5.560028,0.15941884,-0.17753941,0.0264892578125,0
site14_317.png_X0_Y256,11.127445323696492,104.27468509707909,0.1911133519489933,0.0285831755316295,0.8438650503725649,-3.348587,0.15841094,-0.16906017,0.053497314453125,1
site14_317.png_X256_Y256,12.343732059042049,229.68024021711028,0.1228202562583609,0.0169404901020553,0.8150671245351504,1.0091858,0.1387731,-0.13116574,0.0,0
site14_330.png_X0_Y0,11.20453060177991,99.96883973411887,0.3053980643597391,0.033032138659197,0.9282674451770052,-6.0167236,0.11941114,-0.14800282,0.0,0
site14_330.png_X256_Y0,8.52567851426439,12.31730093293464,0.4360898992068868,0.0693053832623512,0.9547072123933898,-1.6719666,0.12030937,-0.1246791,0.0,0
site14_330.png_X0_Y256,7.912234061533114,3.113979914576124,0.5432177732955751,0.0877562475403633,0.9916517601057396,-1.2330322,0.116543725,-0.11995554,0.0,0
site14_330.png_X256_Y256,10.943280146015034,64.5005970960693,0.3084462579626298,0.032538203217721,0.9731166011673698,7.476303,0.10692674,-0.056310132,0.0,0
site14_335.png_X0_Y0,12.593129814872285,247.9950784554179,0.2049944302178794,0.0173567470824985,0.9620919780010296,8.721054,0.108658016,-0.04299444,0.0,0
site14_335.png_X256_Y0,10.856601194318957,81.04504115004214,0.2143076913028115,0.032222741925811,0.904252885286146,14.445129,0.06485836,0.10337742,0.0,0
site14_335.png_X0_Y256,12.888591778827603,264.6677189062053,0.1899728184747138,0.0151092272789295,0.9528870940800792,7.336136,0.11372341,-0.06840175,0.0,0
site14_335.png_X256_Y256,10.674727789794431,75.41417509191267,0.2235050252588257,0.0331559976177526,0.8826960768512576,20.193924,0.02411285,0.21278347,0.0,0
site14_336.png_X0_Y0,13.4510127855846,540.3539454476822,0.0816890158021583,0.0110788911607784,0.822334886660486,0.94732666,0.10984603,-0.09315242,0.933563232421875,2
site14_336.png_X256_Y0,13.039777337133415,339.11719796773383,0.0837937294895076,0.0125941204727252,0.8397915603677545,-3.3216858,0.1199588,-0.13271663,1.0,2
site14_336.png_X0_Y256,11.858827213023766,213.29745907524693,0.1690391479218453,0.0419310268198297,0.8593501840567782,9.68483,0.076929316,0.020950591,0.3596954345703125,1
site14_336.png_X256_Y256,13.262775674661912,355.17706426014934,0.0890584879237623,0.0116046624186729,0.8892255591698809,-2.8639374,0.115079075,-0.12700808,1.0,2
site14_337.png_X0_Y0,12.675502900148023,351.78975210856936,0.0902744006735733,0.0146592233140068,0.7227369257673231,0.7012024,0.1115983,-0.10985387,0.8225860595703125,2
site14_337.png_X256_Y0,12.332667147564258,302.5957755580861,0.1470305997616328,0.0200129623682597,0.7916923234276597,-0.10783386,0.13674456,-0.13880092,0.4832763671875,2
site14_337.png_X0_Y256,13.321383005225975,525.8126970245796,0.063482416053073,0.0111128751700271,0.7507441862856103,-4.578186,0.12241743,-0.13851291,1.0,2
site14_337.png_X256_Y256,13.233753030517722,460.3325532697919,0.0793526049874865,0.0119494795864943,0.8023772788553156,-4.29393,0.13884145,-0.15775055,1.0,2
site14_350.png_X0_Y0,11.324419238281855,90.996400618156,0.2375853511904488,0.0287739348910032,0.9494470621246932,-0.60472107,0.14091176,-0.14507788,0.110748291015625,1
site14_350.png_X256_Y0,11.620798081562077,179.35610983456652,0.217200395295308,0.0429549579160141,0.902120452136178,0.15623474,0.15391639,-0.15737084,0.088623046875,1
site14_350.png_X0_Y256,10.081057456262911,41.07739410623481,0.3392519538886573,0.0457879043038652,0.9615450834100762,-0.037261963,0.12465379,-0.12636101,0.0,0
site14_350.png_X256_Y256,9.751966671355454,16.226028090157712,0.3287056080972429,0.0404973238090439,0.9674102824146552,-1.2534332,0.13862176,-0.14367914,0.0,0
site14_356.png_X0_Y0,10.734458620232916,82.52280987180788,0.2276266441520258,0.0345204722062333,0.905679048149836,20.312347,0.022980873,0.21220489,0.0,0
site14_356.png_X256_Y0,10.539346306950131,84.36205566969582,0.189409869096575,0.0354342492773731,0.8117899824404673,18.41957,0.04383549,0.15653038,0.1268463134765625,1
site14_356.png_X0_Y256,10.993331267542828,61.82633012243033,0.2760837383963005,0.0506266576784335,0.970398427977446,14.991577,0.05687706,0.07658115,0.0,0
site14_356.png_X256_Y256,9.282625482654764,78.82037625252556,0.4026661452834549,0.2287604947167912,0.9493388388596068,13.808395,0.03566498,0.11057017,0.0,0
site15_72.png_X0_Y0,13.871648430173678,1113.7344105032446,0.0881774083652061,0.0109982522869395,0.6524513521655277,23.41034,0.13487087,-0.049194545,0.0,0
site15_72.png_X256_Y0,13.394253343838898,753.3715499147486,0.1011769428410271,0.013336626041513,0.6875368741063512,9.489105,0.18348572,-0.15214637,0.0,0
site15_72.png_X0_Y256,13.514090011639912,1098.8581951353344,0.1694198483544426,0.0250524889870378,0.7732150231955963,3.8296204,0.17818451,-0.16820592,0.0,0
site15_72.png_X256_Y256,13.057446395831397,559.9301888996728,0.2027105777066305,0.0231409374037675,0.9067216040758892,0.2623291,0.1547094,-0.15248722,0.2086944580078125,1
site15_73.png_X0_Y0,13.19274707660284,574.9840155529296,0.1052063868576115,0.0138416373554877,0.7166500249827563,7.2331085,0.19853534,-0.17938523,0.0,0
site15_73.png_X256_Y0,12.339460238545858,205.26825031238127,0.1614462980969369,0.0205005337214241,0.928595621677732,10.470993,0.17814112,-0.15720169,0.0,0
site15_73.png_X0_Y256,14.215235201503036,1283.0326236754363,0.0980507587373947,0.0097599655602785,0.7530739727337805,-4.4319916,0.17954485,-0.1957107,0.35321044921875,1
site15_73.png_X256_Y256,11.23857042532983,302.6829188743462,0.3432034159895286,0.0467929933121139,0.9001683704525978,0.23561096,0.14865187,-0.14923048,0.086456298828125,1
site15_75.png_X0_Y0,12.428176568792866,299.34511151060235,0.127138054077049,0.0183804141060713,0.7669222272394697,11.547699,0.19169271,-0.16936518,0.0,0
site15_75.png_X256_Y0,10.111683987343358,95.23927931865008,0.3352668031618104,0.0598307682266154,0.9486212638940886,7.899414,0.14443572,-0.12982976,0.0,0
site15_75.png_X0_Y256,12.476317699855723,273.95083342344753,0.1396151062803331,0.0175400934236047,0.8277232495218179,14.442047,0.17527205,-0.146909,0.0,0
site15_75.png_X256_Y256,10.540261935812088,137.35254448408963,0.3120528432499161,0.0590834288052194,0.9472207737789,10.106522,0.1506939,-0.13046932,0.0,0
site15_81.png_X0_Y0,13.988846694294228,1391.3957041913516,0.080053979630472,0.0105838066901765,0.5499216645226805,1.8337555,0.17580803,-0.17601137,0.0,0
site15_81.png_X256_Y0,13.685379585209883,952.9624467302664,0.0882820331695795,0.0117253073964828,0.6365820718280043,10.45607,0.18259707,-0.15305477,0.0,0
site15_81.png_X0_Y256,13.891158865500431,1332.430085408902,0.0796908902240734,0.0109085270224604,0.5179202182124674,3.681137,0.1805022,-0.1743923,0.0,0
site15_81.png_X256_Y256,13.445218352549295,833.1849880905331,0.088705717855499,0.0126410999955316,0.5987759445900691,6.8888245,0.20183232,-0.18598384,0.0001678466796875,0
site15_82.png_X0_Y0,13.303521333265111,684.3403648687113,0.159929516645329,0.0273748054243884,0.8783940598599237,4.7204895,0.17462799,-0.16197547,0.0811309814453125,1
site15_82.png_X256_Y0,9.3997584632268,179.71462690131048,0.4972504550956124,0.1276536368466384,0.901784639220612,-0.36349487,0.13458374,-0.13568325,0.1783905029296875,1
site15_82.png_X0_Y256,11.108566344503554,512.8859423358559,0.2917622900274882,0.1303161693637939,0.8802180336663508,-2.1614532,0.14921391,-0.15261,0.10791015625,1
site15_82.png_X256_Y256,9.219268419133986,124.4061344494904,0.4692158377220365,0.0990144219451001,0.7742526565171034,-1.7151489,0.13490513,-0.13756472,0.0,0
site15_83.png_X0_Y0,6.464381049626484,28.103430591599555,0.806269783496814,0.1792699245351611,0.9015284319138256,-0.95088196,0.13565083,-0.13708758,0.0214080810546875,0
site15_83.png_X256_Y0,12.837444594578676,646.7521818380862,0.1863095797169898,0.0198253775597031,0.8416761320436842,-1.1168213,0.14309469,-0.14746642,0.893310546875,2
site15_83.png_X0_Y256,11.46422700991231,578.614465650222,0.3314328091880714,0.0638699042577373,0.7818544796047958,-2.1940155,0.13948222,-0.14402068,0.344970703125,1
site15_83.png_X256_Y256,13.640291299579028,901.473367770204,0.1372829610878558,0.0126762668566147,0.7918220473933043,-1.4434204,0.15483746,-0.1614806,0.805816650390625,2
site15_84.png_X0_Y0,13.3819132474391,1045.8277068915286,0.1438261130521827,0.0151471282408057,0.7655713241919835,-0.405365,0.14817241,-0.15205634,0.993133544921875,2
site15_84.png_X256_Y0,12.561241191373252,665.6042590439972,0.2069216014023455,0.0235378165001011,0.762475721726258,-2.21286,0.15064666,-0.15609196,0.25372314453125,1
site15_84.png_X0_Y256,13.354004005980922,970.4210403300048,0.1419284806764531,0.0150718028134821,0.7844873905652477,-0.14370728,0.1520308,-0.15541233,0.9960174560546876,2
site15_84.png_X256_Y256,12.018657210182402,446.0614748834607,0.2058371947025083,0.0244832616232373,0.7757008918883856,1.6313324,0.15212889,-0.1503731,0.6911163330078125,2
site15_85.png_X0_Y0,13.716766835734994,815.5401232098559,0.1105047987326132,0.0123882486408862,0.7911312541131131,-3.272995,0.17336167,-0.18579249,0.36962890625,1
site15_85.png_X256_Y0,12.529713499816811,428.80215406935,0.1463583372990909,0.0182371462988834,0.7919657680608331,1.5080109,0.14818358,-0.14668594,0.1285552978515625,1
site15_85.png_X0_Y256,12.565104187271588,393.60865669153753,0.1928176647901887,0.0203103285302706,0.8779757071379349,-2.631195,0.14927548,-0.15484816,0.7032012939453125,2
site15_85.png_X256_Y256,13.04134258665002,747.3391397989622,0.1580798988224878,0.0167581060214535,0.8347021864377919,-0.641922,0.14325514,-0.14694893,0.9705352783203124,2
site15_86.png_X0_Y0,13.24631930186965,606.2875965674255,0.1352528301886615,0.0171538541994606,0.8124692508101883,5.927292,0.15772781,-0.14681336,0.4003753662109375,2
site15_86.png_X256_Y0,11.117446062535144,177.77221824238285,0.2864680648341995,0.0497581720666295,0.9331068665791452,11.919968,0.15533775,-0.13225526,0.006561279296875,0
site15_86.png_X0_Y256,12.367701603087248,553.3518562571951,0.2135064016025135,0.0871843205850851,0.8748882758528465,0.039978027,0.15483536,-0.15527949,0.560577392578125,2
site15_86.png_X256_Y256,11.378248754343034,387.37389917640064,0.2643255921624352,0.053672526424329,0.8587437344708527,2.6676178,0.17324457,-0.17023899,0.3019256591796875,1
site15_92.png_X0_Y0,13.776496001273877,1075.9353752313073,0.0849337081849206,0.0111609074169569,0.6105131445672256,10.875702,0.1738385,-0.14651513,0.0,0
site15_92.png_X256_Y0,13.7870220929777,904.4975029586368,0.1190229811164459,0.0136006739233983,0.8267632910096232,5.955948,0.17361027,-0.15866503,0.340789794921875,1
site15_92.png_X0_Y256,13.911130869089977,1125.4227329483024,0.0841687734333386,0.0106982746232222,0.6462223050475339,8.845871,0.17945552,-0.15683903,0.0,0
site15_92.png_X256_Y256,13.75576301199409,1269.3349962454065,0.1686552698827942,0.0254287277030325,0.8377539598150591,1.7138062,0.16811325,-0.16069156,0.49383544921875,2
site15_93.png_X0_Y0,14.20425596639772,1504.702787374454,0.1153299890254997,0.0160917335271079,0.7942778653621888,-2.4477081,0.16453946,-0.17587468,0.951416015625,2
site15_93.png_X256_Y0,9.542759392637768,311.3078674217746,0.4608962705573043,0.1146831904233096,0.893801128659121,-3.7890625,0.14209789,-0.15005738,0.2333831787109375,1
site15_93.png_X0_Y256,10.04397546988006,417.96477854069366,0.4291160095821506,0.0862639770118325,0.8427651933659515,-2.8121643,0.14344504,-0.14953157,0.1990814208984375,1
site15_93.png_X256_Y256,10.699779444359216,340.665539020447,0.3672922878801304,0.0740367617026101,0.8643562289701284,-5.2086487,0.15724955,-0.16738638,0.4726409912109375,2
site15_95.png_X0_Y0,8.630138174719203,23.63208980620452,0.4344294755164507,0.0722009739211989,0.9038745682677076,-1.2159729,0.14047329,-0.14220601,0.0,0
site15_95.png_X256_Y0,9.515764569605333,58.22844979995679,0.3892476676158982,0.0652137680517861,0.90721911405553,-0.8092346,0.14438114,-0.14551571,0.132049560546875,1
site15_95.png_X0_Y256,5.034306573002367,1.0488374963956175,0.7249921422059218,0.225583364425209,0.8963220306161522,-1.4602966,0.134961,-0.1369626,0.0,0
site15_95.png_X256_Y256,5.069855127957906,0.7303226223087274,0.767570633100098,0.2222227515109267,0.95987374617634,-2.7029724,0.13574353,-0.13942428,0.0,0
site15_97.png_X0_Y0,12.05524410495584,266.6442448367215,0.1989008968084727,0.0272241116814843,0.8989525668444457,3.8151398,0.14608762,-0.13789032,0.076873779296875,1
site15_97.png_X256_Y0,11.811049853758034,258.65007576712424,0.2754988202031921,0.0438357361685123,0.944837437758973,11.533661,0.14102519,-0.11099889,0.10638427734375,1
site15_97.png_X0_Y256,10.724800827221404,106.4346632605248,0.2753187850184058,0.0401360702110604,0.9238739099236132,4.8921204,0.14503214,-0.13635418,0.0,0
site15_97.png_X256_Y256,9.45260571949489,68.65443304558286,0.3811974002475427,0.0715933757805081,0.9668641405794024,10.1259,0.13995562,-0.11910899,0.0,0
site15_103.png_X0_Y0,13.572220368721904,720.5762815233397,0.0950355525395329,0.0118770090630822,0.7404858414706161,6.556122,0.16089848,-0.14016375,0.0,0
site15_103.png_X256_Y0,14.211034960094944,1449.5836847907758,0.0935212581632888,0.0097334070396274,0.7044745166601777,3.3596954,0.17307256,-0.15942693,0.38763427734375,1
site15_103.png_X0_Y256,13.27723455679403,628.8152448277165,0.0978599996877712,0.0135974638889128,0.7195601932006519,2.984192,0.15991358,-0.15232174,0.0,0
site15_103.png_X256_Y256,14.027720451030683,1273.0680756351207,0.0879406945619957,0.010574189038954,0.7011393760900636,10.785797,0.15959735,-0.11897687,0.0,0
site15_104.png_X0_Y0,9.466394863881934,344.8452085285604,0.411739685320636,0.1506524881676584,0.903251546098547,-2.376007,0.13244095,-0.13770314,0.0,0
site15_104.png_X256_Y0,4.913284539219333,5.895189485414271,0.71244970195534,0.2710386766238106,0.8074988079272173,-1.5346527,0.13143194,-0.13350993,0.0,0
site15_104.png_X0_Y256,11.924956443453194,756.2176594187961,0.247557233148929,0.0782043942662284,0.872830467427143,-4.07724,0.13546519,-0.14522137,0.0,0
site15_104.png_X256_Y256,7.169771399337774,52.95874493884587,0.5867460237846692,0.1842919842604896,0.8883026076052725,-1.8067627,0.13172981,-0.13435756,0.0123443603515625,0
site15_105.png_X0_Y0,4.02877032031515,1.2592476000816992,0.7940745888225718,0.3299506385561379,0.8837509484912012,-1.1304626,0.13309301,-0.1346151,0.0,0
site15_105.png_X256_Y0,5.581127231461236,7.306586469146504,0.7537275790200422,0.2022536520745496,0.9358811279017528,-1.5106964,0.13530718,-0.13749766,0.0880584716796875,1
site15_105.png_X0_Y256,6.518818641180335,4.77864152309208,0.616102074888416,0.1491424562281124,0.8909698297454095,-2.7035065,0.13692573,-0.14062022,0.0,0
site15_105.png_X256_Y256,8.129378420000197,28.99375159193593,0.5270098429880832,0.1028395049000081,0.8906233068871019,-1.0901184,0.14032377,-0.1418404,0.0665283203125,1
site15_106.png_X0_Y0,9.34231911919255,158.91506259611631,0.397376146555117,0.0874852326135424,0.7853046874652541,-1.2026825,0.13272941,-0.13473676,0.83447265625,2
site15_106.png_X256_Y0,8.807028475171496,64.1931444937045,0.449097206797045,0.0794589462192747,0.8007641558381643,-1.8343964,0.13481967,-0.13741854,0.3580474853515625,1
site15_106.png_X0_Y256,11.095694111410175,267.5717636395849,0.2620023947789039,0.041327989816874,0.8393546093947633,-1.5121918,0.13816643,-0.1409045,1.0,2
site15_106.png_X256_Y256,12.945946089926236,470.9380221098754,0.173718306792234,0.0184842407760212,0.8753510527575588,-3.5345306,0.14321259,-0.1512111,0.892852783203125,2
site15_107.png_X0_Y0,7.135488617620926,5.452566771193775,0.5964729880677553,0.1209835349167241,0.9393033934491968,-1.4989319,0.13568017,-0.13772158,0.0,0
site15_107.png_X256_Y0,7.128669838858225,9.643414056492723,0.5603723803845652,0.132110806064376,0.9281371560334306,-0.2658844,0.13627751,-0.13663842,0.0,0
site15_107.png_X0_Y256,11.501589406355468,123.81508189458384,0.2564629399255747,0.0328364986378924,0.953922776969318,1.0394135,0.15714513,-0.15556908,0.0719146728515625,1
site15_107.png_X256_Y256,10.831253749872856,116.63235894848016,0.2983232291181337,0.0436083640982122,0.942375468863326,1.0193481,0.14587593,-0.14461714,0.2101898193359375,1
site15_114.png_X0_Y0,12.921068788108055,625.6403405541216,0.0964340071250513,0.0153666890171411,0.5323005111810919,3.3230438,0.1554312,-0.14899921,0.0,0
site15_114.png_X256_Y0,13.83472932048767,1130.9112507059274,0.086098132353628,0.0111627463028445,0.6222454769784165,15.066513,0.15260527,-0.096072696,0.0,0
site15_114.png_X0_Y256,13.06600615102704,690.1618349012463,0.0943717311784731,0.01480238443087,0.5610651429915205,6.7342834,0.15702963,-0.14386624,0.0,0
site15_114.png_X256_Y256,13.684428518205657,969.0279102839294,0.0854338155258177,0.0116696982396251,0.6168236413969492,8.58667,0.17228088,-0.14965123,0.0,0
site15_115.png_X0_Y0,14.08041948806427,1210.2513507875367,0.1369626884183537,0.0155103139805244,0.8626553338468476,-1.9320068,0.14018726,-0.14769788,0.673065185546875,2
site15_115.png_X256_Y0,12.58715281499039,642.8650657048722,0.2212288946789388,0.0294516983116254,0.8561552111368422,-9.798462,0.17522612,-0.19817147,0.645660400390625,2
site15_115.png_X0_Y256,14.214629359746226,1303.1810493260627,0.1038229214465077,0.0098111850221926,0.7647719045009831,9.696671,0.124549046,-0.096024714,0.344940185546875,1
site15_115.png_X256_Y256,13.5088163324007,929.5237675713554,0.1623991915382114,0.0204436737051564,0.8400584273024758,-3.7871552,0.16273275,-0.17424966,0.311798095703125,1
site15_116.png_X0_Y0,10.342929035001347,271.05943041737805,0.3550446270425585,0.0593747833924582,0.9335620698375356,-3.6946259,0.1465142,-0.15464017,0.161346435546875,1
site15_116.png_X256_Y0,8.322559309758514,54.58323439302229,0.5049482099504699,0.0951551022620344,0.8586677829923557,-0.20993042,0.14084244,-0.14111982,0.0,0
site15_116.png_X0_Y256,13.139127732301384,670.5080167033032,0.179497383840253,0.0162650984651346,0.8417567112357314,10.517319,0.11531432,-0.1000122,0.681854248046875,2
site15_116.png_X256_Y256,12.70829010805376,685.0616677629729,0.2121954159028371,0.0357206809685443,0.8681151505134753,0.70103455,0.14757515,-0.1476506,0.3387908935546875,1
site15_117.png_X0_Y0,11.344801726173282,207.23789332828792,0.2396161150772332,0.0584486531853938,0.8437255386998145,1.214325,0.14413099,-0.14222415,0.3546295166015625,1
site15_117.png_X256_Y0,13.149793202357625,575.5721556763203,0.1492115722086634,0.0185451183110966,0.867536493647107,-2.1764832,0.17951518,-0.18645328,0.1621856689453125,1
site15_117.png_X0_Y256,9.49379144180018,199.51921917051084,0.4133623819589072,0.1071806668917622,0.8149401929074727,-0.666275,0.13954142,-0.14093186,0.7828521728515625,2
site15_117.png_X256_Y256,12.639840028464208,411.4599953143219,0.1742836365125187,0.0207731245641428,0.8939381429329989,-1.5077667,0.1812942,-0.18628284,0.24884033203125,1
site15_118.png_X0_Y0,10.13723861311524,189.5916468575724,0.4099158757740712,0.1151086128292158,0.951322659788139,-1.2181549,0.14694859,-0.14959273,0.719451904296875,2
site15_118.png_X256_Y0,12.810550667380603,643.0417926698763,0.1736529219823844,0.0222782226885723,0.7775608624776068,-2.4650574,0.1465845,-0.15196109,0.87213134765625,2
site15_118.png_X0_Y256,12.676193495455236,426.0127324076189,0.1275171817131523,0.0175501597322051,0.7130488092525411,1.216568,0.18476805,-0.18417495,0.0,0
site15_118.png_X256_Y256,13.10393722405379,474.96397447797455,0.129339672514912,0.0149250714323464,0.8140503334870738,-0.42056274,0.1729982,-0.17633988,0.1190185546875,1
site15_119.png_X0_Y0,10.6525967132215,276.31108424344126,0.2881319453847089,0.0449439053361891,0.7602468508773012,2.533493,0.14429545,-0.14110586,0.2143096923828125,1
site15_119.png_X256_Y0,12.906056126161427,333.13176803994537,0.1917136316737732,0.0188643915954848,0.9546939508793948,21.637115,0.11520181,-0.045629293,0.0,0
site15_119.png_X0_Y256,10.821617746626988,208.99698763696205,0.3338406949924873,0.0581494606359035,0.919152024040756,1.7907257,0.1489309,-0.14682394,0.0469512939453125,0
site15_119.png_X256_Y256,11.84908580090516,250.9731908550696,0.2659710575023166,0.0367981152826463,0.9523008682227267,11.779312,0.13021746,-0.098727584,0.0,0
site15_126.png_X0_Y0,13.13536986515722,694.9563942954932,0.1020539732790874,0.0146185814863554,0.5888194276899531,17.747131,0.18240184,-0.13274844,0.0,0
site15_126.png_X256_Y0,12.821195282906912,380.56288418218594,0.1482850595882978,0.0182846197816201,0.8987575924267237,8.142609,0.1807736,-0.16010576,0.1251678466796875,1
site15_126.png_X0_Y256,13.350103499605456,926.7986270305,0.0887099285409939,0.0133682368260157,0.4678661529670769,13.606705,0.17215465,-0.13845593,0.0,0
site15_126.png_X256_Y256,13.650636327314654,907.0664623282196,0.0928180757504355,0.0119184341697787,0.6571688738806485,20.128082,0.15592265,-0.09803331,0.0,0
site15_127.png_X0_Y0,12.513544517847857,489.0254686448716,0.2018758097638611,0.0288384349753407,0.8365410293745583,0.7144928,0.15168539,-0.15140373,0.7678070068359375,2
site15_127.png_X256_Y0,11.170692661188903,313.54039287773884,0.3308171724969722,0.056349600919641,0.8565355768810987,-1.5425873,0.14444005,-0.14742935,0.64422607421875,2
site15_127.png_X0_Y256,13.625120127972092,1244.5956113635723,0.1344235235508987,0.0315802338410228,0.7757771345408436,17.29181,0.12235619,-0.06438252,0.05938720703125,1
site15_127.png_X256_Y256,12.096657568981042,847.7553753513761,0.2601518471867722,0.1137003328060501,0.8656983250636366,0.600235,0.15062416,-0.14960341,0.5571746826171875,2
site15_128.png_X0_Y0,7.151895415238892,114.23080149461708,0.5723565945129383,0.2287381683629361,0.7877111017216996,-1.1768188,0.13514444,-0.13698244,0.9906768798828124,2
site15_128.png_X256_Y0,11.538742705099652,218.79267407667624,0.3280507719812914,0.0571569096537719,0.943607653044686,4.3886414,0.15024239,-0.14249323,0.48602294921875,2
site15_128.png_X0_Y256,11.033750607134117,524.7126276852434,0.3849575347484905,0.1141626145324629,0.8763419546533759,-0.18826294,0.15006106,-0.15134373,0.505218505859375,2
site15_128.png_X256_Y256,12.794684131044471,356.8008793943552,0.1760242262120426,0.0239117465481021,0.9002650291996988,9.05159,0.14128686,-0.11809116,0.1054229736328125,1
site15_129.png_X0_Y0,10.0525734424938,152.18488185132966,0.42912825144279,0.1492690861585193,0.9623662275084348,-0.46273804,0.14762896,-0.1492534,0.4748077392578125,2
site15_129.png_X256_Y0,12.692738512860874,433.94153112685024,0.1729783818752023,0.0219083171195816,0.849394379429492,4.8083344,0.15765491,-0.1497578,0.0,0
site15_129.png_X0_Y256,13.22419707762244,791.2237984939674,0.1750732760843145,0.0394198424265187,0.8382711502467358,0.8377991,0.16143703,-0.16339232,0.1174163818359375,1
site15_129.png_X256_Y256,13.063989988490745,426.9499907787807,0.1496072032587542,0.0182186766197567,0.8884293881610927,5.0127563,0.16343322,-0.15637587,0.14459228515625,1
site15_139.png_X0_Y0,13.90838887244109,1230.9520494522064,0.0913988444907462,0.011071714273492,0.6178656930451802,7.776703,0.18141729,-0.16119787,0.0123748779296875,0
site15_139.png_X256_Y0,14.244495213673313,1674.667133659636,0.081968189725792,0.0098348410367825,0.582475419014137,4.036972,0.18700747,-0.17842294,0.0,0
site15_139.png_X0_Y256,13.686946183657016,885.4925346922105,0.0949324305062562,0.0117704752718534,0.692307358541908,12.890762,0.16782461,-0.13781816,0.0,0
site15_139.png_X256_Y256,13.722407491956949,1041.3983841251272,0.0882132014849024,0.0117944142891329,0.6119931359833946,15.000366,0.16495201,-0.13158241,0.0,0
site15_140.png_X0_Y0,13.672411333550508,995.1086080774656,0.0977391233374287,0.0121681528910937,0.6502847533938617,0.53897095,0.16171001,-0.16057827,0.0425262451171875,0
site15_140.png_X256_Y0,13.292916689344995,534.8832497416772,0.1234516735175449,0.0134923686541872,0.8418719124227475,-3.4506378,0.1569675,-0.16589145,0.314422607421875,1
site15_140.png_X0_Y256,12.770802588725257,617.3470965794312,0.2164536470726837,0.0308733561327524,0.8361847109950516,13.360123,0.13013208,-0.101027176,0.4688720703125,2
site15_140.png_X256_Y256,11.59035758295487,155.87745022947982,0.219193979002605,0.0278474957785916,0.91524476071679,-0.15144348,0.14388545,-0.14491853,0.1077728271484375,1
site15_151.png_X0_Y0,13.498016105446537,641.2967892156835,0.1143104398095779,0.0124977899921356,0.8189106087380695,15.484863,0.14096142,-0.10366069,0.093902587890625,1
site15_151.png_X256_Y0,10.861678756153632,108.70816368704348,0.2312222984986892,0.0349556842413928,0.8814449670175062,2.6723328,0.14451176,-0.14032328,0.0072021484375,0
site15_151.png_X0_Y256,12.81413965578487,464.9793098658065,0.1049931823422038,0.0157426258660092,0.6592523466914231,16.388458,0.16414809,-0.1261896,0.0,0
site15_151.png_X256_Y256,11.730421284167887,179.90735947411892,0.1866390090595605,0.0290954954423202,0.924575504860747,3.735321,0.15563029,-0.14908633,0.0,0
site15_152.png_X0_Y0,9.655141603036334,35.92621703491462,0.3190963868311081,0.0466437416643395,0.8664452898519225,4.6891785,0.1451378,-0.1380921,0.0,0
site15_152.png_X256_Y0,11.86670907187974,260.6569821252649,0.1762845723449083,0.0243863235859344,0.8592001826600576,10.112915,0.14250138,-0.1223849,0.0,0
site15_152.png_X0_Y256,9.857151789121485,40.58886263696668,0.3233234812667529,0.0461992852858424,0.8946122942888776,6.050766,0.14963007,-0.1402643,0.0,0
site15_152.png_X256_Y256,10.418584405522338,95.70459474721306,0.2127890618429821,0.0378622685683954,0.7077932656612449,5.585556,0.1503554,-0.14158991,0.0,0
site15_153.png_X0_Y0,11.73015093626358,590.9577921051516,0.3040289515183741,0.0541139481671424,0.9134218794676908,18.37613,0.09996463,-0.04829192,0.0,0
site15_153.png_X256_Y0,7.547421444370959,61.91787876057302,0.571540188738507,0.1273355452639989,0.885637671932114,2.4312134,0.13079475,-0.12635231,0.0,0
site15_153.png_X0_Y256,11.403856193384632,258.7193335946472,0.3004448632538173,0.0521565383387576,0.9026728738463552,5.0637665,0.14114922,-0.13222505,0.1116943359375,1
site15_153.png_X256_Y256,6.362561918101589,51.20593683919672,0.6214781123515039,0.1651527896865436,0.8962161178360951,1.0601349,0.13305788,-0.13156608,0.0,0
site15_163.png_X0_Y0,9.539503191444105,31.886490592560637,0.3604494947897522,0.0553255006738007,0.9227492875268746,5.922577,0.14938328,-0.14038935,0.0,0
site15_163.png_X256_Y0,10.746864725438297,74.65002102556741,0.2330103789471397,0.0336122776585025,0.9074143410391587,4.120529,0.14825296,-0.14174768,0.0577392578125,1
site15_163.png_X0_Y256,9.283397111740904,23.998374468353543,0.3955797401255795,0.0576434892345059,0.9294766240206256,4.765793,0.14789894,-0.14067842,0.0,0
site15_163.png_X256_Y256,10.335384915739631,49.53058162725873,0.2648515200622932,0.0377465483552739,0.9104626269932328,2.7894592,0.14492464,-0.14031477,0.0,0
site15_164.png_X0_Y0,11.384798678157292,214.61973096284936,0.2921221609120197,0.0487463224068735,0.9098198450564235,2.5404053,0.14650026,-0.14289345,0.1003265380859375,1
site15_164.png_X256_Y0,5.982508462865603,1.4651792429594406,0.6584376356132885,0.1551189550142833,0.948229522157034,0.61816406,0.13368404,-0.13279773,0.0,0
site15_164.png_X0_Y256,11.51287167337298,107.70808946679114,0.2417149895089327,0.0292750981610162,0.9406236701195372,9.828827,0.14663973,-0.12761635,0.0,0
site15_164.png_X256_Y256,6.405959285544399,1.2431898638744714,0.6866583495297873,0.1300372940200495,0.9785066528903344,0.6287689,0.1335385,-0.13263038,0.0,0
site12_17.png_X0_Y0,9.556798847288078,434.9418676560731,0.3968815156021624,0.3497326868294511,0.9474599536912524,31.497513,0.05158958,0.05004009,0.0,0
site12_17.png_X256_Y0,13.45076242684247,654.4006002799433,0.0720028357011626,0.0115205394280283,0.7620669125078176,45.056442,0.085573666,0.06413184,0.0,0
site12_17.png_X0_Y256,13.183771737050552,789.5704923136659,0.1351000009972861,0.0806599412851302,0.8438211004053853,52.465393,0.0010103784,0.21843126,0.0,0
site12_17.png_X256_Y256,12.56548087577191,680.8974136299933,0.1887817126264182,0.1220159571184084,0.8750236338307807,50.683243,0.0009877473,0.21423687,0.0,0
site12_19.png_X0_Y0,13.846419224952884,1085.178459997338,0.0585002488819754,0.0102117353823198,0.7039767739155175,42.605255,0.10147883,0.04110395,0.0,0
site12_19.png_X256_Y0,14.029233977274512,1270.705946631089,0.0518823041984291,0.0093119316003098,0.678603011610149,44.00473,0.10214184,0.048455805,0.0,0
site12_19.png_X0_Y256,14.002950483088728,993.455276831655,0.0520681236493211,0.0087435821161428,0.7219276268387558,67.07175,0.0058099953,0.26745307,0.0,0
site12_19.png_X256_Y256,14.032006555875148,983.2136171634996,0.0529819497380786,0.0086673599454913,0.7430623259111238,52.174347,0.043090492,0.15337901,0.0,0
site12_33.png_X0_Y0,12.80338416056804,493.9393636311546,0.1798700102328258,0.0438303533453389,0.9307016068846564,3.599289,0.1186948,-0.10262481,0.4580078125,2
site12_33.png_X256_Y0,13.427651289762174,557.6439851559333,0.1319772774066832,0.0130750046072777,0.9159783708610096,6.100662,0.121846095,-0.09883964,0.4831695556640625,2
site12_33.png_X0_Y256,11.302910565157584,196.69548734260488,0.282170437080356,0.0306214019911953,0.9871227925712012,-0.52752686,0.0961691,-0.11315501,0.0,0
site12_33.png_X256_Y256,11.537995210224947,165.9426872176548,0.2527225600027318,0.0276792587831449,0.9884787908880984,0.12284851,0.097935125,-0.11348225,0.0,0
site12_34.png_X0_Y0,13.283559123445476,567.7011771163485,0.1178833711237282,0.0139791945582237,0.9379650055757348,5.573059,0.07350677,-0.05368126,0.33209228515625,1
site12_34.png_X256_Y0,13.390590698763845,714.2207921832739,0.1331906496948922,0.0171394640092099,0.9306195041742258,4.3308105,0.07052891,-0.051277712,0.380340576171875,1
site12_34.png_X0_Y256,11.601296869597729,179.56102397515178,0.2560497949339884,0.0279988224454721,0.9876993050228656,0.8605957,0.09911212,-0.11262084,0.0,0
site12_34.png_X256_Y256,12.67017929195774,306.6465599919367,0.1625915578127559,0.01660586369785,0.968361175926302,1.2769318,0.10886079,-0.119255036,0.1197509765625,1
site12_35.png_X0_Y0,13.96168509214042,1620.5964734568277,0.1018046968151332,0.0108226494511223,0.8068951728033009,17.432907,0.069658145,0.01648207,0.5610198974609375,2
site12_35.png_X256_Y0,13.554438352714358,1017.5206445687364,0.1399072745039904,0.0294176257170682,0.8933792963225219,10.682632,0.11883166,-0.078678384,0.4139556884765625,2
site12_35.png_X0_Y256,12.00374989910877,267.9813241000958,0.1652721076104126,0.0220874014618137,0.960126062952428,-0.08769226,0.09554887,-0.10731109,0.089752197265625,1
site12_35.png_X256_Y256,11.70005626974312,199.0460121257468,0.1406191909467324,0.0246824591991874,0.908311963937078,3.3262177,0.13194618,-0.12558912,0.01873779296875,0
site12_36.png_X0_Y0,13.977835006138184,1219.749467362358,0.1232983272490202,0.0134649681347544,0.8903301129419979,15.277359,0.10310022,-0.037651964,0.16229248046875,1
site12_36.png_X256_Y0,13.851703823549384,775.6644798725565,0.0806632202838912,0.0109894477925545,0.8685213524890703,47.26599,0.056827106,0.17314953,0.0,0
site12_36.png_X0_Y256,13.338206933743315,891.10591730054,0.158509015583586,0.0398421725837193,0.9266063595299217,6.525589,0.074394256,-0.040243607,0.3135833740234375,1
site12_36.png_X256_Y256,13.585710850392918,940.835095681379,0.0549483983838686,0.0103020820969155,0.6152729197698559,45.906723,0.009915117,0.28308803,0.00396728515625,0
site12_37.png_X0_Y0,13.492738474748757,654.1132397996046,0.0640697157931739,0.0106561765484142,0.7439765587871586,42.692703,0.062429987,0.12997939,0.0,0
site12_37.png_X256_Y0,13.568292362746892,818.3813687794509,0.0502166016451745,0.0106313061895858,0.6201718561359327,58.455734,0.050030347,0.20505047,0.0,0
site12_37.png_X0_Y256,13.59225254855073,647.0350584361179,0.0727343801080077,0.0110170391554338,0.8731648197045392,47.60704,0.06764198,0.15606755,0.15606689453125,1
site12_37.png_X256_Y256,13.510592302986936,802.0750066681239,0.0492684439681697,0.0106491063953751,0.6045198576986166,67.85094,0.012552736,0.33585206,0.0,0
site12_38.png_X0_Y0,13.461500870560446,833.1843538843749,0.1041386626883056,0.0170241048131736,0.8272014327167692,58.142227,-0.014479786,0.3480558,0.0388641357421875,0
site12_38.png_X256_Y0,14.11222961454937,1006.9212984640142,0.0586117455223485,0.0086327190795885,0.7831797612780156,52.144547,0.03787149,0.19883487,0.2594757080078125,1
site12_38.png_X0_Y256,12.98293624491586,794.9315550359931,0.1159352282234893,0.0225400270445612,0.7923280188430548,33.477554,-0.0057140114,0.29447335,0.0034942626953125,0
site12_38.png_X256_Y256,14.270493686504398,1199.827579852133,0.0961359304671291,0.0091537360572989,0.8850119030206574,0.8815613,0.15319255,-0.16308653,0.23046875,1
site12_39.png_X0_Y0,14.019681192537927,927.3988260675504,0.0698644316389334,0.0102791267672421,0.8268557844716727,38.457336,0.022518467,0.21746646,0.296661376953125,1
site12_39.png_X256_Y0,14.312932261178725,1105.87818251997,0.0501829913751386,0.0079554366479674,0.7917790650872893,46.28029,0.025204536,0.21940713,0.3907470703125,1
site12_39.png_X0_Y256,13.324613132369272,1001.2866003760738,0.1454829701824765,0.0337576319678496,0.8925511764829133,-0.06694031,0.11119001,-0.09129126,0.81707763671875,2
site12_39.png_X256_Y256,13.610054719222893,1083.4643348261443,0.1261282596503932,0.0270444188635739,0.8844801192961657,-0.015777588,0.12446136,-0.11586811,0.9358978271484376,2
site12_40.png_X0_Y0,13.476363192327344,994.3378428669412,0.1298469820362084,0.0220615058668568,0.9094640988786642,17.331497,0.03699368,0.10674831,0.520599365234375,2
site12_40.png_X256_Y0,12.638386888589032,884.489874447302,0.1785023719039683,0.0320982488872013,0.9450533543304332,3.918991,0.065859,0.028651945,0.6597442626953125,2
site12_40.png_X0_Y256,14.020344129519142,1263.0725570993498,0.0968773649341813,0.0135241190124015,0.8773912100313557,-0.28009033,0.12286404,-0.13157779,0.876800537109375,2
site12_40.png_X256_Y256,13.264102861909912,997.3456881517412,0.0723531454299409,0.0137891070092456,0.702768939056093,-1.7628174,0.13347754,-0.13757822,1.0,2
site12_41.png_X0_Y0,12.597071651408257,1088.4545214582824,0.2007474814766532,0.0428442089719035,0.8769735342645419,2.2214813,0.073828384,0.024806738,0.571014404296875,2
site12_41.png_X256_Y0,12.505602627479648,1158.4783218895525,0.1893529740367416,0.0419249454078987,0.8822699125189282,2.116562,0.061301474,0.05442121,0.611572265625,2
site12_41.png_X0_Y256,14.324216681372452,1421.381324836083,0.0508256732043539,0.0079854365035439,0.7299388228667926,-4.363434,0.14443639,-0.16180858,0.93609619140625,2
site12_41.png_X256_Y256,14.14806820223484,1423.7428796016509,0.0450101487908734,0.008453553673607,0.6193154212527702,-3.9277802,0.13818163,-0.1526153,1.0,2
site12_42.png_X0_Y0,12.60382429739514,928.6783490274844,0.1954583888001913,0.0391218423637129,0.8914160988007064,1.1609039,0.065916374,0.03305929,0.5879974365234375,2
site12_42.png_X256_Y0,12.286518163325198,777.8502389856324,0.2308999290651831,0.0546888114933829,0.9186240081793008,1.1772308,0.07706347,0.0074085593,0.6005859375,2
site12_42.png_X0_Y256,14.10270130198439,1175.2608038975286,0.0542278130131273,0.0084860415670202,0.7327784894485271,-5.1680603,0.1469956,-0.16771777,0.948272705078125,2
site12_42.png_X256_Y256,14.339477331493384,1356.5044348778144,0.0409748609467007,0.0075901279212779,0.7190232981146364,-5.032242,0.14823577,-0.16646177,0.989654541015625,2
site12_43.png_X0_Y0,11.765860317047078,871.5037497747643,0.2337825992051031,0.0522443357543503,0.948199434705035,1.5536804,0.070127346,0.02044011,0.6165618896484375,2
site12_43.png_X256_Y0,12.162362623590774,815.8168463751824,0.2040921304013765,0.0405612387776125,0.952364591711948,2.7188416,0.06933792,0.028245501,0.6246490478515625,2
site12_43.png_X0_Y256,13.330607451065752,1184.9806380658197,0.0708058637889966,0.0142795212214625,0.6929164531007967,-2.5643005,0.14124924,-0.14788851,1.0,2
site12_43.png_X256_Y256,12.998992272105092,1067.3760797078726,0.0776954651396751,0.0165094969122474,0.6742220122491247,-1.822464,0.13988578,-0.14424461,1.0,2
site12_44.png_X0_Y0,13.685542646390466,681.5340541348469,0.119330041965258,0.013464662537155,0.901081189355546,12.542709,0.085816756,0.010801367,0.2098388671875,1
site12_44.png_X256_Y0,13.06769897302534,337.21159930977325,0.1092175918868386,0.0139837825747886,0.8961804776486827,28.45311,0.105535805,0.026712604,0.0,0
site12_44.png_X0_Y256,13.042547597986122,674.9869185380047,0.1004116831743184,0.0166913490755772,0.8941490157306347,28.505356,0.07992473,0.08788863,0.3834228515625,1
site12_44.png_X256_Y256,11.942908986036093,291.89750521136733,0.2028178338079277,0.0315023319726755,0.9689796226766444,22.302048,0.083617106,0.05138564,0.0,0
site12_45.png_X0_Y0,13.312006711452376,547.1162998305922,0.0856138322156361,0.0118252782338681,0.825395994440123,12.962585,0.11706847,-0.057928056,0.0,0
site12_45.png_X256_Y0,12.978261455661771,503.2130867635073,0.0804552460952072,0.0134511311374752,0.7768155082026926,6.638794,0.12833615,-0.09926643,0.0,0
site12_45.png_X0_Y256,9.872724843705669,211.6040852977092,0.3707935009331144,0.0640009073420196,0.9821259783833068,-2.1717224,0.12727693,-0.13718747,0.0,0
site12_45.png_X256_Y256,9.468395376125036,246.02982406104525,0.3804538021577784,0.0790747439006704,0.979204056864058,-2.1264954,0.12682252,-0.14018388,0.0,0
site12_52.png_X0_Y0,13.21453012302333,611.8839653769086,0.1225417059503013,0.0165268679519569,0.9340857891278116,12.827774,0.05469367,0.03278844,0.2396087646484375,1
site12_52.png_X256_Y0,13.367952647078504,1018.094375886162,0.07825735147481,0.0142201295838788,0.6664813692261291,28.758957,0.015137973,0.23224333,0.0807647705078125,1
site12_52.png_X0_Y256,13.15516097618904,667.2684229923583,0.1295932536415342,0.0189848042668343,0.9125197057154132,20.635666,0.0479291,0.06439601,0.0144500732421875,0
site12_52.png_X256_Y256,12.670583131397544,778.5978579002517,0.1298440243837122,0.026793746402973,0.6788944928743259,32.753708,-0.010125825,0.31662408,0.0,0
site12_53.png_X0_Y0,12.733541077351637,434.9056904796448,0.0694469605116534,0.0146378141023853,0.6600628079107913,43.680008,0.116571344,0.055299312,0.005401611328125,0
site12_53.png_X256_Y0,12.903565517696414,552.5417032061525,0.1843727282028988,0.0281834017847913,0.9419539476711032,33.499207,0.06040797,0.1359402,0.2324371337890625,1
site12_53.png_X0_Y256,13.704372586569429,634.9896790747999,0.069064170828406,0.0108757523237443,0.8674513539229244,26.265106,0.13295242,-0.03730088,0.2985382080078125,1
site12_53.png_X256_Y256,13.638053663381372,735.5657064591101,0.0734988635146684,0.0111127481686115,0.8129918260728763,40.5764,0.032016523,0.23137219,0.03375244140625,0
site12_54.png_X0_Y0,13.7756775315035,988.5379918632424,0.0804153039310596,0.0125442922081629,0.8145673918270538,29.86052,0.04262161,0.18188503,0.1386566162109375,1
site12_54.png_X256_Y0,13.92988655294616,1193.421414314827,0.1334785630299116,0.0169812973872308,0.8955500198463777,-0.81033325,0.14785904,-0.16621359,0.5281524658203125,2
site12_54.png_X0_Y256,14.433832207941627,1487.9380549699183,0.0882219313927103,0.0117695200902305,0.8552465594946691,5.954788,0.13797233,-0.10840444,0.239410400390625,1
site12_54.png_X256_Y256,13.318667917200711,1254.894958444509,0.1955992549354778,0.0245146890388396,0.9048085152614456,-3.7927094,0.15084101,-0.18090497,0.618316650390625,2
site12_55.png_X0_Y0,14.106524045776707,1156.100946390789,0.0534566298524106,0.0089004180977163,0.7596141543766364,-3.231308,0.13344744,-0.14476994,0.9351654052734376,2
site12_55.png_X256_Y0,14.121223917477232,1295.461835381796,0.0395177572870957,0.0082793831865476,0.6703025972642309,-2.9634552,0.13541386,-0.14592245,1.0,2
site12_55.png_X0_Y256,13.974571040429158,1101.9212360329975,0.0423715650352952,0.008674017986678,0.6825768015069344,-4.2663574,0.13748245,-0.15324682,0.986328125,2
site12_55.png_X256_Y256,14.070585256073135,1260.9270126423503,0.0397701207563992,0.0084529621777054,0.6524028697048923,-3.7779846,0.13943554,-0.15258816,1.0,2
site12_56.png_X0_Y0,14.13919265967027,1354.7853583356778,0.0537121406870941,0.0088888918159166,0.7441678116873108,-2.0131989,0.13458544,-0.1441198,0.969390869140625,2
site12_56.png_X256_Y0,13.375974350163109,1057.9589196612524,0.0693011803414516,0.0132725654820884,0.7150551390426765,-3.3776245,0.13761547,-0.14500122,1.0,2
site12_56.png_X0_Y256,14.093293846089512,1246.059612348561,0.0547418301041831,0.0090806560191534,0.759453702627519,-2.7166595,0.1369327,-0.1477713,0.9706878662109376,2
site12_56.png_X256_Y256,13.35496485953226,1045.0316409553466,0.0701467953756895,0.0134657152413803,0.7134564321011381,-4.050308,0.13929018,-0.14799458,1.0,2
site12_57.png_X0_Y0,14.088978839696937,1357.6376081015137,0.0516210989971123,0.0088337937423068,0.6418840426488213,-5.8017426,0.1448318,-0.16857691,0.943817138671875,2
site12_57.png_X256_Y0,14.116045042379294,1566.680023608764,0.0398092226029947,0.0085474279723138,0.5691692483489538,-5.86615,0.14340016,-0.16350296,1.0,2
site12_57.png_X0_Y256,14.119414401919444,1424.5993286387077,0.0444249162929853,0.0084878370961514,0.6339276993975805,-6.121338,0.14697471,-0.17296946,0.994598388671875,2
site12_57.png_X256_Y256,14.109704204161648,1565.8908416535542,0.0393918882523931,0.0085938179338269,0.5622920485319678,-6.1327667,0.14496991,-0.16713008,1.0,2
site12_58.png_X0_Y0,14.000751890926407,1100.7255782481134,0.0525609549330045,0.0086914987970658,0.7354478664245032,-6.398117,0.14985706,-0.17442338,0.952423095703125,2
site12_58.png_X256_Y0,14.039324880672169,1078.9650767132773,0.0495075957797152,0.0085918729506637,0.7288139800043437,-5.8244476,0.15221474,-0.17254278,0.9445343017578124,2
site12_58.png_X0_Y256,14.039993713345982,1093.4486867730825,0.0505708009038034,0.0085381647486378,0.7478182890628884,-6.91098,0.15387413,-0.18283647,0.9409027099609376,2
site12_58.png_X256_Y256,13.909061254166833,994.2090738537896,0.0505255332462843,0.0089694482603035,0.7281884406349564,-7.356537,0.15579788,-0.1804285,0.9404754638671876,2
site12_59.png_X0_Y0,13.44506457325986,1024.3229167266902,0.0627860415832136,0.0120304413421673,0.6878533814459253,-4.4062195,0.14921647,-0.16005233,1.0,2
site12_59.png_X256_Y0,12.975000546498142,928.992807273604,0.0775387527080427,0.0158713008548858,0.6785352968861005,-3.8168488,0.14582258,-0.15388286,1.0,2
site12_59.png_X0_Y256,13.302070712749284,899.6923391543767,0.0629197192686355,0.0129782165942951,0.7120323858241147,-5.3910675,0.15088417,-0.16396657,1.0,2
site12_59.png_X256_Y256,12.894653664093951,900.2940648878542,0.0783883206847203,0.0167609840375351,0.7014169254341096,-4.740494,0.14353105,-0.15355681,1.0,2
site12_60.png_X0_Y0,12.79144133589834,592.2388367605625,0.0993405810385833,0.0184610219066156,0.9064665884375,27.271286,0.08584633,0.0948215,0.358551025390625,1
site12_60.png_X256_Y0,11.93824379463871,218.88652258147653,0.2293442645161079,0.0299952432550519,0.9816488763955866,13.89743,0.10557386,0.010233067,0.0,0
site12_60.png_X0_Y256,12.240651123935525,499.9159132756051,0.1163568681913481,0.0243219896114493,0.9043428025154432,30.796814,0.07182212,0.14114937,0.3022308349609375,1
site12_60.png_X256_Y256,11.626667239111466,248.73233948483863,0.2591510560029074,0.0340671423758494,0.9801369849357296,8.382889,0.11835097,-0.032454733,0.0,0
site12_61.png_X0_Y0,14.17826292007403,1274.54137151279,0.0594382822598178,0.008992507204586,0.712987896361064,-5.71846,0.15053087,-0.17817888,0.89447021484375,2
site12_61.png_X256_Y0,14.04771459607429,1266.320581732439,0.0768538028151193,0.0102950599476076,0.7097950717664041,-5.594986,0.14333333,-0.170584,0.8672027587890625,2
site12_61.png_X0_Y256,14.011906232556097,1226.808048466912,0.0382593632647571,0.0084551544450231,0.6205875965880776,-6.30278,0.16142006,-0.19197583,1.0,2
site12_61.png_X256_Y256,14.0922609711598,1276.604365388292,0.0380554593283205,0.0082181538522295,0.6429700595072809,-6.286606,0.16035663,-0.19204009,1.0,2
site12_62.png_X0_Y0,13.628969517173148,994.0250750913632,0.1061312699572739,0.0132822709390543,0.7375061130466687,-5.624359,0.12803484,-0.1539334,0.78765869140625,2
site12_62.png_X256_Y0,13.566736774456144,933.5580900525524,0.1403620302263835,0.0133611059189486,0.8437609517966259,-2.3695679,0.117886245,-0.13109028,0.7457275390625,2
site12_62.png_X0_Y256,13.9991166354571,1149.08287614739,0.0427960540163886,0.0085922592931108,0.6915881475209129,-6.1765594,0.14959058,-0.17799954,1.0,2
site12_62.png_X256_Y256,13.612681474600958,979.5240531135552,0.0725275066959621,0.0112227021350573,0.7887378792671065,-4.9422913,0.13936275,-0.15931687,1.0,2
site12_63.png_X0_Y0,13.017005279652851,856.9688630575115,0.1775094166044393,0.0225132707672117,0.8462110276546088,-1.7710114,0.110384494,-0.11826286,0.6609954833984375,2
site12_63.png_X256_Y0,12.74556096133234,775.3235074250616,0.2055107020162128,0.0319896417401429,0.8798381059279932,-5.5706787,0.10655247,-0.12532446,0.6015777587890625,2
site12_63.png_X0_Y256,13.619339429296897,1179.4504715884138,0.0586678106524538,0.0110633709952231,0.724807234971239,-5.9624176,0.1353865,-0.15334362,1.0,2
site12_63.png_X256_Y256,13.654973656892055,1141.2603091809278,0.0600678500387206,0.0107000559595207,0.7418673970585257,-5.901779,0.13530767,-0.15293723,1.0,2
site12_69.png_X0_Y0,13.29514627091748,654.7346974120811,0.0641204881520485,0.011377042462702,0.6699326431997967,47.895798,0.02388848,0.28253517,0.0,0
site12_69.png_X256_Y0,13.636958233671612,680.5039856365959,0.0716614780411689,0.0111099688662921,0.8295469027259672,44.1418,0.046512462,0.19675782,0.03619384765625,0
site12_69.png_X0_Y256,13.506055921131328,736.7923776312678,0.0591738245576385,0.0112001816370742,0.7014651437385768,32.346863,0.11174822,0.049244262,0.0,0
site12_69.png_X256_Y256,13.724758391157554,802.4664188053864,0.0910647413616682,0.0125533894618207,0.8732634694555662,30.095001,0.06456432,0.121498585,0.109283447265625,1
site12_70.png_X0_Y0,13.661041770488124,1398.3011315360127,0.1587883705210788,0.023778936358589,0.8598296488327393,-5.3526154,0.16914982,-0.19966444,0.6372528076171875,2
site12_70.png_X256_Y0,12.060861191128312,742.5524150268153,0.3078875421218074,0.0461800048992512,0.9242583841851596,-2.76062,0.14443076,-0.17772758,0.375946044921875,1
site12_70.png_X0_Y256,11.79346469333534,665.4593259954872,0.2542050910174888,0.0376333720563529,0.8954171867261471,-1.8677216,0.15705976,-0.17058453,0.38677978515625,1
site12_70.png_X256_Y256,11.69129275236234,990.4327844761606,0.3290292180916164,0.0651644300811993,0.9297653341549456,2.0509644,0.14450583,-0.13697186,0.4418487548828125,2
site12_71.png_X0_Y0,13.8139974110235,972.646492860304,0.0441536172691639,0.0091455323335185,0.674292606782138,-4.5927887,0.14053938,-0.15685062,1.0,2
site12_71.png_X256_Y0,13.9833092716071,1167.9813442095417,0.040795561657312,0.0086908405677825,0.6610027447267675,-4.23584,0.14096574,-0.15595667,1.0,2
site12_71.png_X0_Y256,13.758796565356429,924.5859081392796,0.0437264760133192,0.0092784039032981,0.6950485888680455,-4.554138,0.14102519,-0.15700385,1.0,2
site12_71.png_X256_Y256,13.87660301385046,1059.6462471615396,0.0421615435738778,0.0090463062117598,0.6599526718168967,-4.548111,0.14188546,-0.15721428,1.0,2
site12_72.png_X0_Y0,13.946184755329298,1142.0003393225743,0.0608222526880617,0.0101870714510472,0.7812464522324952,-2.9843903,0.13795912,-0.149032,0.972381591796875,2
site12_72.png_X256_Y0,13.156167812324194,903.810931838073,0.0749705075858669,0.0148195926775647,0.7302556231135342,-4.2014008,0.13865161,-0.14749524,1.0,2
site12_72.png_X0_Y256,13.570227839519744,757.1337782493388,0.1146204630951757,0.0143856633485583,0.8868519397251511,-1.4956207,0.13122672,-0.14106889,0.5023040771484375,2
site12_72.png_X256_Y256,12.848070622081934,417.7737653937252,0.2215962633687701,0.0201070907112594,0.9564223473104956,-1.8751831,0.11363395,-0.12699507,0.274505615234375,1
site12_73.png_X0_Y0,14.050064446563873,1340.5221282830876,0.0428333994459636,0.0087243561717133,0.6336192370072867,-5.9196625,0.14725001,-0.1721305,1.0,2
site12_73.png_X256_Y0,14.005031922852556,1413.7472277340094,0.0405798079829901,0.0089081086895561,0.5661025462365133,-6.029358,0.14621863,-0.16848469,1.0,2
site12_73.png_X0_Y256,14.110182828076333,1450.1622439837854,0.0441558422166742,0.0085032682140351,0.6260436616805053,-5.3440704,0.14936979,-0.17471133,1.0,2
site12_73.png_X256_Y256,14.129829409857187,1560.7471143311202,0.0414581258683014,0.0085498290776062,0.5811724646319468,-5.328903,0.14430988,-0.16566855,1.0,2
site12_74.png_X0_Y0,14.00596973284233,1079.693974553022,0.0548235464096558,0.0088012974280266,0.7663065802193686,-6.9470673,0.15133739,-0.17880054,0.9058380126953124,2
site12_74.png_X256_Y0,13.852992039061034,974.4074317419772,0.0550536548693237,0.0092324165426973,0.7401835726988962,-7.447357,0.15389732,-0.17768785,0.94244384765625,2
site12_74.png_X0_Y256,13.483624528218837,707.8421738934511,0.1338014207980651,0.0169386250192849,0.8981253586148648,-1.8148956,0.14782953,-0.15812126,0.57293701171875,2
site12_74.png_X256_Y256,13.37844213750276,662.6282602394288,0.1231951363897201,0.0140025214805491,0.8746635258730728,-5.0394897,0.14037696,-0.1584993,0.6436767578125,2
site12_75.png_X0_Y0,13.148668414085934,885.6048426236011,0.065994144308494,0.0142287490373816,0.692821345253863,-5.26828,0.14459431,-0.15632987,1.0,2
site12_75.png_X256_Y0,12.969774936788394,840.6040518369966,0.0834212044533782,0.0159974600305815,0.7361793460033814,-4.7932434,0.14586335,-0.15610778,0.9490966796875,2
site12_75.png_X0_Y256,13.15635400563488,753.6520073108695,0.066213143503279,0.0132996330906875,0.6946957984970035,-4.632141,0.14488576,-0.15522349,1.0,2
site12_75.png_X256_Y256,13.121239218894702,691.9445247620861,0.0913762575840047,0.0139823352736541,0.8007189758757915,-4.2873383,0.1436917,-0.15470442,0.88238525390625,2
site12_76.png_X0_Y0,11.996000877761483,392.2365410990329,0.1270530098157283,0.0255050049094717,0.9155489333165,29.82219,0.073862694,0.14229071,0.2310028076171875,1
site12_76.png_X256_Y0,11.645275680092752,211.867650993615,0.258171318210065,0.035297263564153,0.9821222973904784,5.0961,0.11756557,-0.05426765,0.0,0
site12_76.png_X0_Y256,11.62032214684129,294.7176417574258,0.1621921594095007,0.0269062591316858,0.9026995348527744,19.440582,0.06853474,0.06319799,0.11474609375,1
site12_76.png_X256_Y256,11.225655003551164,240.29553139117047,0.2982291835261666,0.0326355241426168,0.9821375299491996,1.8527222,0.11328437,-0.085031345,0.0,0
site12_77.png_X0_Y0,13.967242863773446,1166.1622039599915,0.0403672308060798,0.0086298587842722,0.6472248741488816,-6.1864624,0.15670055,-0.18565826,1.0,2
site12_77.png_X256_Y0,14.07224390882108,1256.4210692251552,0.0388530166841165,0.0083191487819594,0.6599792884342547,-5.933441,0.15476114,-0.18296805,1.0,2
site12_77.png_X0_Y256,14.075939995077023,1249.6521151269658,0.0376011622806142,0.0082556959742742,0.6489165163615305,-5.696518,0.1586942,-0.18799356,1.0,2
site12_77.png_X256_Y256,14.095921763366109,1285.763955149438,0.0380745584663358,0.008208741898282,0.6541932316613074,-5.433731,0.15455052,-0.18139002,1.0,2
site12_78.png_X0_Y0,13.945600945983616,1062.5277225856507,0.0446742770311051,0.0087656181010663,0.7038991702038392,-5.5979614,0.14726917,-0.17198828,1.0,2
site12_78.png_X256_Y0,13.819942614532078,990.0058067960344,0.0728873063203567,0.0102504402063531,0.8177229324506691,-4.8181915,0.14017342,-0.16321327,1.0,2
site12_78.png_X0_Y256,13.942632683226304,1099.8467875035835,0.0450917371370855,0.0088115549449307,0.7032865638701791,-4.7173004,0.14490213,-0.1666355,1.0,2
site12_78.png_X256_Y256,13.516968625252275,943.7907813701092,0.0729218990139738,0.0117696143282357,0.7857699561335063,-4.7753143,0.13687727,-0.15587789,1.0,2
site12_79.png_X0_Y0,13.594994660760255,1158.5131144271113,0.0588905194897552,0.0111853199875325,0.7320640411324435,-5.737976,0.13565016,-0.15392748,1.0,2
site12_79.png_X256_Y0,13.620084026066754,1125.022475670375,0.0616909382247594,0.0108848820456621,0.7465640590784903,-5.6631927,0.13552855,-0.15364484,1.0,2
site12_79.png_X0_Y256,13.5077542489693,1114.7029113201304,0.0601062577828515,0.011713605646302,0.7183946443507334,-4.864609,0.13416824,-0.1491313,1.0,2
site12_79.png_X256_Y256,13.584242614046094,1087.9702166534066,0.062867795611447,0.0110152770400248,0.7449768566730316,-4.7992096,0.13257371,-0.14819168,1.0,2
site12_84.png_X0_Y0,12.973480445293225,523.3650752715362,0.1418865198457167,0.0208082009110346,0.8994798874158934,34.535248,0.07213033,0.10725148,0.0,0
site12_84.png_X256_Y0,14.115124337383314,1045.2257661267547,0.05674719186702,0.0088712646046497,0.8027438457114636,34.112823,0.08570435,0.110291004,0.3489837646484375,1
site12_84.png_X0_Y256,13.170150574240374,764.248230623445,0.1267269481823514,0.0232174137958417,0.8235796837192139,52.892975,0.01581218,0.2620579,0.0,0
site12_84.png_X256_Y256,13.285889577701942,789.9517102346432,0.0470396742346472,0.0112766394563111,0.4834244608554656,81.78952,-0.032450456,0.47076872,0.0,0
site12_85.png_X0_Y0,13.456795045958811,560.3818159632392,0.0636160946724753,0.0110665689447318,0.7975893054602614,53.145554,0.0635709,0.19891211,0.0,0
site12_85.png_X256_Y0,13.978867882161076,920.751601968096,0.0717292204097841,0.0094942384311917,0.8206218089844297,24.621521,0.09953843,0.024082081,0.20819091796875,1
site12_85.png_X0_Y256,13.153014400251742,637.6391535106792,0.0526084525976796,0.0119884092641135,0.5653067408381387,73.16078,-0.0032045355,0.38045916,0.0,0
site12_85.png_X256_Y256,14.062918379813013,1012.5713894896684,0.0799322780267895,0.0099167425373447,0.8502437302219782,18.743164,0.12707008,-0.044756845,0.28094482421875,1
site12_86.png_X0_Y0,10.774684236282344,561.7893280379866,0.2815424197458909,0.0596810420721608,0.897074440389134,-1.6130981,0.14804417,-0.16205953,0.20111083984375,1
site12_86.png_X256_Y0,11.646264614959634,817.5889991681306,0.3208901185808129,0.0796855944600708,0.9352545800624046,4.3706207,0.15444952,-0.12359093,0.184906005859375,1
site12_86.png_X0_Y256,10.092535965734536,418.5925381614703,0.3282138185036468,0.0657461503439101,0.9252644698906006,-0.95254517,0.13657391,-0.14637524,0.22296142578125,1
site12_86.png_X256_Y256,10.484639421540294,866.6935688950231,0.4164032856137333,0.083765338044694,0.9404182411315348,2.7637024,0.14617993,-0.14008704,0.353271484375,1
site12_87.png_X0_Y0,13.72902788620616,914.1036263546364,0.0460579490619214,0.0095051341370121,0.6965651102508391,-4.1832886,0.14145166,-0.15659487,1.0,2
site12_87.png_X256_Y0,13.93107156501209,1127.659685742855,0.0420487510037383,0.0089398455398432,0.6572084511820125,-4.0849915,0.14096239,-0.15525737,1.0,2
site12_87.png_X0_Y256,13.79065419133011,985.2017679047568,0.0449878662502917,0.0092507273221614,0.6813879808275787,-3.6536407,0.13840452,-0.15163274,1.0,2
site12_87.png_X256_Y256,13.943935316207025,1161.127363649181,0.0420711056193702,0.0088938859323793,0.6494619485903432,-3.4026184,0.1384686,-0.15051739,1.0,2
site12_88.png_X0_Y0,11.850635224384556,466.37046292293655,0.2073449265036442,0.0354171389008083,0.745741650003744,-3.065445,0.12979808,-0.14103307,0.297943115234375,1
site12_88.png_X256_Y0,10.54453788508335,319.1839745380779,0.4182534301707223,0.0805267473587657,0.9787568937140244,-1.4750519,0.114675984,-0.13752997,0.0146942138671875,0
site12_88.png_X0_Y256,11.820838600041524,534.4055190311739,0.2298875017864743,0.0379665334291522,0.7746097604631392,-1.9279327,0.13923144,-0.14761283,0.342254638671875,1
site12_88.png_X256_Y256,11.40490031429334,227.76190924166727,0.3164021291068184,0.0363251693304649,0.9387919593628776,-2.4891357,0.1205919,-0.14202458,0.1812744140625,1
site12_89.png_X0_Y0,14.177433339745628,1429.0370183944422,0.0404084857131008,0.0082211679633508,0.623018499944737,-3.8239594,0.14174211,-0.15882584,1.0,2
site12_89.png_X256_Y0,14.193053288113903,1555.665889096223,0.0390222260851644,0.0082818949751479,0.5773561376560208,-3.4580994,0.13905565,-0.15364721,1.0,2
site12_89.png_X0_Y256,14.038486638549804,1314.7751103242365,0.0408221190309598,0.008614283589275,0.6144265535981177,-3.2216797,0.13512996,-0.14958203,1.0,2
site12_89.png_X256_Y256,13.94059104212971,1255.0397451251183,0.0414124542139354,0.0089619084438012,0.5832486832174264,-2.5566711,0.13275988,-0.14288788,1.0,2
site12_90.png_X0_Y0,11.451925638185411,337.9733359916105,0.3031279567261317,0.0374956530718526,0.9491773479337592,0.5371399,0.1354716,-0.13372147,0.27557373046875,1
site12_90.png_X256_Y0,11.689569938469615,418.5794478986545,0.3102833603134446,0.0635952478774621,0.9477898437878068,-3.4365845,0.11279818,-0.13436036,0.322998046875,1
site12_90.png_X0_Y256,9.74961980212116,53.13863049968973,0.300708546589401,0.049261235278077,0.8845140757430843,-0.6042938,0.13768491,-0.1378223,0.0,0
site12_90.png_X256_Y256,11.321362562191284,460.0681518977079,0.3281777000788526,0.0710126068502435,0.9429603622135792,-3.6725006,0.11093779,-0.13633092,0.383056640625,1
site12_91.png_X0_Y0,13.17938778786663,978.2566001957914,0.0663093157819332,0.014653901350923,0.6876690127764954,-4.3295593,0.14179038,-0.15179916,1.0,2
site12_91.png_X256_Y0,13.261143317188711,904.0608551698516,0.0925696730602153,0.0138687453684343,0.8053110642294233,-3.8683472,0.1425533,-0.15327698,0.8037872314453125,2
site12_91.png_X0_Y256,13.173964293643172,961.8216012470776,0.0660488890317404,0.0144407777072345,0.6637382874419602,-3.901886,0.14299087,-0.15183781,1.0,2
site12_91.png_X256_Y256,13.250694045155964,761.4328308372752,0.093339010181229,0.0135385599227541,0.8316034067065935,-3.1770477,0.14516664,-0.15373865,0.7433319091796875,2
site12_92.png_X0_Y0,11.106702800748076,146.02083090038013,0.2262974900675791,0.0328811596713828,0.913464032474164,10.948166,0.06663403,-0.018651295,0.0,0
site12_92.png_X256_Y0,11.718196890220726,298.9003400735308,0.2787604685355963,0.026882435180968,0.9749734666392904,-2.2284393,0.11338508,-0.12947536,0.0014190673828125,0
site12_92.png_X0_Y256,11.306213894564737,141.2288678032541,0.2007354817255536,0.0312690039545548,0.9035437505172832,11.96965,0.061034787,-0.011709979,0.0,0
site12_92.png_X256_Y256,11.865716136986205,339.89894071693817,0.2796357111042613,0.0324652748827389,0.9528614663873984,-2.5402832,0.11126129,-0.13226166,0.0416107177734375,0
site12_93.png_X0_Y0,14.140691755935832,1350.867130205294,0.0369664270478902,0.0080760265478702,0.6407506248850301,-5.1835938,0.1518942,-0.17735045,1.0,2
site12_93.png_X256_Y0,14.168951715564058,1378.4907483149163,0.037031450099296,0.00800398540193,0.6401666006191806,-4.8218994,0.15131912,-0.17570552,1.0,2
site12_93.png_X0_Y256,14.235629948591503,1530.4084979634902,0.0369759183903156,0.0079047957370984,0.6559027586689274,-4.6892548,0.14235385,-0.16367973,1.0,2
site12_93.png_X256_Y256,14.259440066418229,1551.1857965836073,0.0378698949536633,0.0078542071854985,0.6569826160501171,-4.1062317,0.1404669,-0.16045815,1.0,2
site12_94.png_X0_Y0,14.12932775131248,1183.6267716893694,0.0458472399277971,0.0082251158748395,0.7135619956598708,-3.658371,0.1424762,-0.16331096,1.0,2
site12_94.png_X256_Y0,13.795398347970313,963.122781487258,0.0714699133194969,0.0105383571044185,0.8172791477386159,-3.4468842,0.13275817,-0.15351707,1.0,2
site12_94.png_X0_Y256,14.08134135701173,1349.1481152681297,0.0442671399759161,0.0084647558383678,0.6811728824446879,-2.6808167,0.13600603,-0.15033987,1.0,2
site12_94.png_X256_Y256,13.73520262743474,958.6259863994638,0.0723767672065548,0.0110850477689335,0.8037740544483942,-3.2945557,0.13202256,-0.14662656,0.97393798828125,2
site12_95.png_X0_Y0,13.733169677662028,1135.7358951034032,0.0586992660855392,0.0107346560113719,0.7299241317801684,-3.2933655,0.1316544,-0.1464183,1.0,2
site12_95.png_X256_Y0,13.560726130171602,1137.3969517432697,0.0636301905293984,0.0111008644648171,0.7274855785320096,-3.39505,0.12710647,-0.13854772,1.0,2
site12_95.png_X0_Y256,13.64355120144266,1028.3808613573651,0.0765936058905556,0.0109630227791943,0.7380086316448543,-1.4719696,0.12508337,-0.13191733,0.895782470703125,2
site12_95.png_X256_Y256,13.585441900782405,1051.847008632457,0.0654799111510991,0.011023296680453,0.7322467942210239,-1.1629486,0.124830484,-0.13045153,0.9591064453125,2
site12_100.png_X0_Y0,13.507464319276693,890.4279370464891,0.101264340867818,0.0146200360432145,0.7947033881279344,60.831467,0.014524622,0.2800859,0.0,0
site12_100.png_X256_Y0,13.137817788633956,700.886882944671,0.0542997280360996,0.0121799737864186,0.5022393829509466,74.95978,-0.0058125253,0.38574624,0.0883636474609375,1
site12_100.png_X0_Y256,13.50738937646393,843.5522610444743,0.0978660860167583,0.0146731084932583,0.7878929483015872,52.76352,0.033958763,0.23734435,0.0,0
site12_100.png_X256_Y256,13.390437195301464,887.7202156322053,0.0447961412440357,0.0107579156544259,0.4551976064984305,85.993164,-0.02105872,0.47782806,0.0,0
site12_101.png_X0_Y0,13.570523569215537,687.4959995855604,0.0605633537346749,0.0108966369619188,0.7805779652263247,53.99919,0.04250485,0.22564805,0.0841522216796875,1
site12_101.png_X256_Y0,14.314401191635216,1529.166173812344,0.0929463668233588,0.0106289417740537,0.8573597873410068,-0.2273407,0.1668428,-0.17311308,0.6932830810546875,2
site12_101.png_X0_Y256,13.880836167485448,728.5791448752129,0.074375885158465,0.0097417651939308,0.8809045050025982,36.820694,0.08514972,0.083889514,0.3719940185546875,1
site12_101.png_X256_Y256,14.256971483006074,1296.5160120806936,0.0876059405799547,0.0101588337826354,0.8531618338869894,8.365906,0.14923653,-0.11511615,0.543212890625,2
site12_102.png_X0_Y0,10.39163092219356,477.3609551615394,0.3743916378789638,0.0665692795303736,0.939860816588995,-0.11735535,0.12634179,-0.1438379,0.2869720458984375,1
site12_102.png_X256_Y0,12.322604233278442,972.5374741838252,0.2636113749643755,0.0593312413883732,0.9265185190292023,3.6936035,0.16512084,-0.1433769,0.377105712890625,1
site12_102.png_X0_Y256,9.597835471221462,364.9374922656592,0.3248901692900216,0.0683316677127024,0.8986607791368193,-1.3865967,0.14108627,-0.15050371,0.177276611328125,1
site12_102.png_X256_Y256,12.017549327711077,579.040960252739,0.2886305682369678,0.0432660774681455,0.916480729817468,-1.6148376,0.12218103,-0.14916429,0.43524169921875,2
site12_103.png_X0_Y0,13.856100000813411,1050.0526136882263,0.043258096758335,0.0090188522005118,0.6699721855868682,-3.3429413,0.13684532,-0.14914116,1.0,2
site12_103.png_X256_Y0,13.981036336318516,1246.874034460891,0.0397510069039473,0.0087296674920529,0.609845245494378,-3.2780457,0.13634007,-0.14785013,1.0,2
site12_103.png_X0_Y256,13.825484731395951,1040.2205246029007,0.0432919248818378,0.0091482544521107,0.6655678990548417,-3.0332947,0.13431627,-0.14538836,1.0,2
site12_103.png_X256_Y256,14.029044547991326,1255.4358208531305,0.0397014899541232,0.0085379681677749,0.6305477334468466,-3.534729,0.13743183,-0.14890453,1.0,2
site12_104.png_X0_Y0,12.625287026256505,882.664233227674,0.2049798634947972,0.0267127049046527,0.7760382580661835,-0.5696106,0.15334633,-0.16198108,0.449737548828125,2
site12_104.png_X256_Y0,11.793130638329458,301.5812951899842,0.2794455358451581,0.029634887392306,0.9024542908716684,-2.637848,0.12280378,-0.14579716,0.26641845703125,1
site12_104.png_X0_Y256,12.374823966738424,1070.9770473497251,0.216661466242427,0.0310027618245429,0.7909267546213679,0.86572266,0.16483189,-0.17210317,0.48248291015625,2
site12_104.png_X256_Y256,11.833215691651958,434.5582944060607,0.2901099555656652,0.0454796720976158,0.9161706427880354,-1.4912262,0.14058906,-0.16307801,0.331390380859375,1
site12_105.png_X0_Y0,14.134522190069433,1397.7165229269328,0.0407626991463523,0.0083644117383465,0.6305294520870781,-2.730011,0.13828388,-0.15162805,1.0,2
site12_105.png_X256_Y0,14.00715725534542,1339.9772542862834,0.0419146668729596,0.0088252725489027,0.5757308486782745,-2.6941833,0.13463497,-0.14600644,0.995880126953125,2
site12_105.png_X0_Y256,14.068077180656454,1313.840475072736,0.0407997531657393,0.0085218414907445,0.6289257131758448,-3.077896,0.13808034,-0.15136793,1.0,2
site12_105.png_X256_Y256,13.924110058590168,1220.189517793685,0.0550149001577303,0.0094007104280644,0.607297319256241,-2.6787872,0.13504079,-0.14577338,0.94732666015625,2
site12_106.png_X0_Y0,9.041096584677144,21.31149778630837,0.332952433494488,0.0555850141707381,0.9223902362462448,-2.3993073,0.13665083,-0.14336744,0.0,0
site12_106.png_X256_Y0,11.49881775716241,589.994868349916,0.3182725803841559,0.0734693323873691,0.9334379579758671,-3.9203339,0.110783696,-0.1379835,0.45947265625,2
site12_106.png_X0_Y256,8.389139684678222,10.911083612673067,0.3534838752743167,0.0656034067362299,0.8869883332328239,-2.7576904,0.13644595,-0.14408076,0.0,0
site12_106.png_X256_Y256,11.64604991828928,581.262750699835,0.2931369829539125,0.0780257954853726,0.9385637955911724,-4.0607758,0.1119954,-0.13913909,0.5169525146484375,2
site12_107.png_X0_Y0,13.440956246955482,954.020677623962,0.0545538394647178,0.0114257669104046,0.6390419688487518,-4.147873,0.14197084,-0.15167227,1.0,2
site12_107.png_X256_Y0,13.265734728023816,725.1584368091461,0.0926757637596917,0.0129202187220688,0.8405388880008245,-3.1589355,0.14525214,-0.15493487,0.6722869873046875,2
site12_107.png_X0_Y256,13.1072503185121,887.9238588222971,0.0683094159119208,0.0145259983128633,0.6811531107186515,-4.265152,0.14153911,-0.15066826,1.0,2
site12_107.png_X256_Y256,13.090727130925206,641.6368457444222,0.1070192054678297,0.0140721549346996,0.8738551735714899,-3.002121,0.14800471,-0.15551767,0.6142578125,2
site12_108.png_X0_Y0,11.189011127543612,168.04983388300795,0.1928015613670785,0.0304109055595011,0.850767374768329,12.86499,0.049932003,0.0013895144,0.0,0
site12_108.png_X256_Y0,11.454287175975317,416.03747475432897,0.27411138904156,0.0371554859005049,0.8969135020039491,-2.5235138,0.120168716,-0.14241292,0.1182403564453125,1
site12_108.png_X0_Y256,11.21781962866588,131.4519393082009,0.2056747878501188,0.0287474983274918,0.9195513956491094,12.427109,0.0438677,0.004030505,0.0,0
site12_108.png_X256_Y256,11.382570192822753,431.0649462947218,0.262504544602076,0.0402976366646294,0.8697270662031519,-2.8834534,0.12435821,-0.14606583,0.1719970703125,1
site12_109.png_X0_Y0,14.293810204482078,1826.9302590950012,0.0351129373793139,0.0078121573047522,0.6421088519185955,-4.1908264,0.14087573,-0.16168213,1.0,2
site12_109.png_X256_Y0,14.320959393813324,1832.7885524797416,0.033981049368826,0.007712450523227,0.6422794531448792,-3.7000885,0.1389769,-0.15877526,1.0,2
site12_109.png_X0_Y256,14.278633239008188,1888.3846688021852,0.0356175911681525,0.0079215980752969,0.652178600423789,-4.38678,0.13937521,-0.1608257,1.0,2
site12_109.png_X256_Y256,14.29240951063364,1829.2352975267072,0.0357954651884574,0.0078461865560942,0.6469603312234271,-3.7514038,0.13659513,-0.15518254,1.0,2
site12_110.png_X0_Y0,14.2732252335682,1512.56404862308,0.0430199681274117,0.0078483435088882,0.653417768486944,-2.916809,0.13184628,-0.14962998,1.0,2
site12_110.png_X256_Y0,13.37638177458224,854.8883542988588,0.1602769983808797,0.0623166207354687,0.8980488434567242,9.208405,0.10286348,-0.08633078,0.8035888671875,2
site12_110.png_X0_Y256,14.261359877642745,1580.4186907378912,0.0413681795103824,0.0078841404612726,0.6722965029712237,-3.6770477,0.1323579,-0.15494838,0.98541259765625,2
site12_110.png_X256_Y256,13.486213596503289,719.843637287965,0.1593746291907281,0.0212632286761658,0.9153735741237587,-0.2233429,0.13233873,-0.14136481,0.4866790771484375,2
site12_111.png_X0_Y0,12.475536172342538,433.1709998408038,0.1007718616966806,0.017150571289123,0.7757166177248668,0.09017944,0.13722941,-0.13937756,0.0,0
site12_111.png_X256_Y0,11.727257134759778,424.0190506505896,0.3087067563820708,0.0817739478184933,0.9592208589185792,50.436066,0.12126271,0.005664289,0.0,0
site12_111.png_X0_Y256,12.58589279853588,477.37716265979,0.1049980433904922,0.0169694755192039,0.7918450280492719,-0.096725464,0.13837194,-0.14133349,0.0,0
site12_111.png_X256_Y256,12.696030766297378,549.929756418806,0.1507649969842144,0.0234311603778601,0.842093103526877,77.05339,0.12873232,0.051329814,0.0,0
site12_116.png_X0_Y0,13.360175470174898,865.4161219093071,0.0841415165586935,0.0144115889380233,0.714170134113387,64.70381,-0.02085175,0.3990507,0.0,0
site12_116.png_X256_Y0,13.266456479616467,634.9396433012664,0.0604191931154019,0.0114460177175861,0.6445972566248003,66.267395,-0.011486658,0.42649528,0.0,0
site12_116.png_X0_Y256,13.6231124836196,835.3923360607423,0.0552740368892449,0.0103941612526152,0.7314546172875744,54.12059,0.052202374,0.25805745,0.0,0
site12_116.png_X256_Y256,13.142804410368509,618.6228021073753,0.0573241446716542,0.0120524184529429,0.5880807637453354,56.642822,0.035202824,0.3032721,0.0029449462890625,0
site12_117.png_X0_Y0,13.151642213502363,530.0334387315265,0.0649831878606238,0.0122284418152861,0.7257922592204606,63.173462,0.01123702,0.33016717,0.0108489990234375,0
site12_117.png_X256_Y0,14.21062812235132,1289.586658586784,0.0906919793155204,0.009288791529665,0.8572175484455614,-0.2964325,0.1723089,-0.18416198,0.757843017578125,2
site12_117.png_X0_Y256,13.418344699532469,685.2157951119217,0.0915182903798131,0.0135447650955928,0.8218956526627647,40.92807,0.059124153,0.16972601,0.2584075927734375,1
site12_117.png_X256_Y256,14.112252113293856,1492.4272824904615,0.1127591382758023,0.0117972826227854,0.870522729168734,1.659729,0.18718779,-0.19669545,0.8979034423828125,2
site12_118.png_X0_Y0,9.356961351089206,282.4193369587793,0.3894840041303491,0.0693498785810713,0.9356763252158098,-2.203308,0.13191089,-0.14897814,0.0867767333984375,1
site12_118.png_X256_Y0,13.113995496827332,1089.9946801862811,0.1862243574399603,0.0292210870635803,0.916052347198929,1.5331268,0.15568808,-0.15043005,0.5843658447265625,2
site12_118.png_X0_Y256,11.004386564698796,725.2592160768561,0.2866995145026512,0.056675955064495,0.8765752017121743,-1.7993774,0.16406631,-0.18284014,0.3479766845703125,1
site12_118.png_X256_Y256,13.130560988639315,915.3372558482362,0.169792968186869,0.0321051200569327,0.8967463831159224,11.523422,0.09749052,0.021426443,0.6032867431640625,2
site12_119.png_X0_Y0,13.753493003036198,932.4715638366138,0.044228542772926,0.0093816634092155,0.6851510852673596,-3.2634125,0.13629879,-0.1483882,1.0,2
site12_119.png_X256_Y0,13.872611766332446,1060.8319771391807,0.042600959698523,0.0090179609211875,0.6573678300855834,-3.3052368,0.13786629,-0.14847839,1.0,2
site12_119.png_X0_Y256,13.868649272187628,1018.3104641093514,0.0462374117933759,0.0091064796784635,0.6899164591481906,-3.1755066,0.13644278,-0.14833127,0.9957733154296876,2
site12_119.png_X256_Y256,13.873162878133083,1108.8442015240507,0.043301479109569,0.0091480523789374,0.648232891497342,-3.488556,0.13829324,-0.14956862,1.0,2
site12_120.png_X0_Y0,11.71309819371303,983.0852157675532,0.2547777256668498,0.0400890084524979,0.8102268906565065,0.47218323,0.16688067,-0.17546901,0.3511810302734375,1
site12_120.png_X256_Y0,11.152345971247064,512.8431837965672,0.3434853443586897,0.0937341162408418,0.9013285159991192,-1.7267151,0.12811787,-0.15437603,0.3361968994140625,1
site12_120.png_X0_Y256,9.57145079667402,203.12312756814612,0.3563683866554827,0.0621243208910102,0.8330809566209584,-1.9061737,0.15044937,-0.16021436,0.059967041015625,1
site12_120.png_X256_Y256,10.581069802920032,401.0767607410952,0.379717845176425,0.1231156772137193,0.894893772757309,-2.6485748,0.11869991,-0.15308739,0.30999755859375,1
site12_121.png_X0_Y0,14.126067992365298,1463.1178105627368,0.0382622365815873,0.008335380805575,0.5738051528115662,-3.141861,0.1353159,-0.14840844,1.0,2
site12_121.png_X256_Y0,14.002790964108993,1293.605782196245,0.0600263884125655,0.0093713404916634,0.6178240952542209,-2.416153,0.13368002,-0.14485016,0.87115478515625,2
site12_121.png_X0_Y256,13.978691569152698,1332.1862899035957,0.0398884638375162,0.0087806112678368,0.5587015622832272,-2.9856262,0.13359345,-0.1453404,1.0,2
site12_121.png_X256_Y256,13.91626052889909,1167.9452929012346,0.0615527516863064,0.0096448168958051,0.6331783008365338,-2.0157928,0.13292298,-0.14263868,0.8114166259765625,2
site12_122.png_X0_Y0,8.931975697665239,52.3055721056806,0.3492087183148557,0.0654078105308249,0.9702249549981516,-2.9958649,0.1280476,-0.14176252,0.0,0
site12_122.png_X256_Y0,12.576818193647677,649.9561367172254,0.2340437012173448,0.0352881437998058,0.933981039459436,-4.078903,0.11123416,-0.1407025,0.5904083251953125,2
site12_122.png_X0_Y256,8.333877364709569,25.674036938917716,0.3808167509998106,0.0734611716364817,0.9858465865855104,-3.0668793,0.12910214,-0.14347942,0.0,0
site12_122.png_X256_Y256,12.74137900450129,720.0738124759407,0.2031409540980802,0.0371352154572386,0.9194093335006002,-3.9681854,0.11778451,-0.13998926,0.649017333984375,2
site12_123.png_X0_Y0,13.041256900817414,870.310209099235,0.0696856260420747,0.0153811677515971,0.6733350662011139,-3.9458923,0.14053126,-0.14882942,1.0,2
site12_123.png_X256_Y0,13.186731326085686,610.4624871293502,0.1111511317433357,0.0137735736279894,0.8849411849272019,-1.9638367,0.14971912,-0.15461871,0.542022705078125,2
site12_123.png_X0_Y256,13.205861767833746,925.598615090922,0.0633928642528243,0.0136349527193813,0.6599144240325476,-3.7084656,0.14090201,-0.14891934,1.0,2
site12_123.png_X256_Y256,13.099098944763634,587.4439794039504,0.153631949920529,0.0197378294550673,0.9295890804410436,-1.3190918,0.14592764,-0.14780352,0.48388671875,2
site12_124.png_X0_Y0,11.287724698358346,199.76163963381657,0.2063976124912988,0.0328494144000263,0.9249519357535388,9.866913,0.070690215,-0.028129997,0.0,0
site12_124.png_X256_Y0,11.438874225736368,519.0160408256597,0.2533101260403025,0.0429269010619184,0.8445861290174093,-2.7060547,0.12662593,-0.14565739,0.2383880615234375,1
site12_124.png_X0_Y256,11.335331610051586,211.5022811689214,0.1856376312225635,0.0297164425008937,0.8712846550649136,11.619019,0.06777729,-0.01884413,0.0,0
site12_124.png_X256_Y256,11.933218925293446,636.0471813725627,0.2284463875395441,0.0351915139741429,0.847225498111852,-1.5561676,0.123863235,-0.13893741,0.29168701171875,1
site12_125.png_X0_Y0,14.185257846549932,1740.8585931341888,0.0357170578582969,0.0081848786109115,0.6474584822934384,-3.7601013,0.13913608,-0.15759209,1.0,2
site12_125.png_X256_Y0,14.260280777859924,1816.2320786925875,0.0359238888998348,0.0079546282763071,0.6457346451191895,-3.3693542,0.13609226,-0.1528584,1.0,2
site12_125.png_X0_Y256,14.211734048115606,1748.032094461791,0.0360471585796865,0.0080695419110618,0.6399775203291828,-3.6479492,0.13822553,-0.15569437,1.0,2
site12_125.png_X256_Y256,14.320680258083083,1903.6337753507328,0.0356106086581709,0.0077655512984956,0.6506955787745696,-3.0190582,0.1375252,-0.15344894,1.0,2
site12_126.png_X0_Y0,14.305977475775526,1552.8368389110713,0.0462187445140854,0.0078287613568179,0.7007777112303724,-3.276825,0.13571046,-0.1583061,0.9171905517578124,2
site12_126.png_X256_Y0,14.075268841737106,1129.893780366953,0.1013467166201757,0.0124370598870377,0.8299331119300708,-3.8921967,0.16711184,-0.19839953,0.334075927734375,1
site12_126.png_X0_Y256,14.35422323998291,1571.875123014549,0.0484002404955517,0.007675177415213,0.710319269889444,-4.375183,0.14891435,-0.1768739,0.86090087890625,2
site12_126.png_X256_Y256,13.828299131142677,945.8028869605783,0.1337326176918383,0.0259784898870158,0.8783255747397758,-0.6535187,0.118592836,-0.13141155,0.2987518310546875,1
site12_127.png_X0_Y0,12.024863645033347,338.9859616193303,0.1122265194494566,0.0202222532937102,0.7153935466057413,0.26644897,0.14023829,-0.14160335,0.017181396484375,0
site12_127.png_X256_Y0,12.994595589404256,535.5156389069382,0.2202706418977638,0.0188517983553343,0.9509785973287282,1.5940552,0.09141764,-0.10742159,0.581146240234375,2
site12_127.png_X0_Y256,12.362925652613152,439.7883882250792,0.094254957565496,0.0168848010332041,0.5568147135660411,-0.010864258,0.13592333,-0.13625687,0.0,0
site12_127.png_X256_Y256,12.641511363070094,567.5508720203838,0.1165592730870857,0.0184695330286887,0.7620753064191516,-0.4402771,0.12515128,-0.12743302,0.14739990234375,1
site12_132.png_X0_Y0,13.875960608019424,763.9254379776391,0.0657828636641062,0.0094150018053236,0.8403370452124146,36.015717,0.07698206,0.14110889,0.205596923828125,1
site12_132.png_X256_Y0,13.57873479104331,932.6052523518848,0.1094356835732706,0.0156902966621943,0.8329931295785467,8.707138,0.13993157,-0.09398559,0.4183349609375,2
site12_132.png_X0_Y256,11.087132496805822,325.9176849649282,0.2497960300397641,0.0429032203499287,0.9418862542383228,0.5783844,0.12946586,-0.11923134,0.0,0
site12_132.png_X256_Y256,9.422497921941329,138.5379511786382,0.2964741631364729,0.0581817896315453,0.953608337548775,-4.9680634,0.13521507,-0.14822735,0.0,0
site12_133.png_X0_Y0,11.262672483180705,313.5952792946424,0.2881022210688463,0.038068140492621,0.9507783540794787,-1.858429,0.15126279,-0.16360563,0.1759796142578125,1
site12_133.png_X256_Y0,9.491986412757328,24.392665290994035,0.3004176194259536,0.0485219890240022,0.9361808482463392,-4.152298,0.13794768,-0.1489898,0.0,0
site12_133.png_X0_Y256,9.758956297108371,25.904274317569733,0.3314821747600159,0.0510292960933202,0.9931101541215998,-5.1978607,0.13601488,-0.15412405,0.0,0
site12_133.png_X256_Y256,8.714138499369191,21.39983934964935,0.280995332596242,0.0619552067937355,0.8264721056674351,-4.8064423,0.13474956,-0.14600754,0.0,0
site12_134.png_X0_Y0,10.348873030012678,128.48325052263965,0.2965067741029582,0.0401081122429346,0.95982240843405,-3.1265259,0.11827558,-0.1263821,0.0,0
site12_134.png_X256_Y0,12.06694710671744,383.6977166985493,0.2415759024690516,0.0288401290394126,0.9651129846103822,9.303574,0.10010716,-0.018785104,0.0263519287109375,0
site12_134.png_X0_Y256,10.8825218777863,170.0407563196941,0.2584383560529822,0.0380214249332379,0.9450934158372036,0.40838623,0.12036928,-0.10916776,0.0,0
site12_134.png_X256_Y256,12.350095403313803,420.70351476899407,0.1785119128074746,0.0244625159785591,0.843237824723811,8.25293,0.127173,-0.088193744,0.0,0
site12_135.png_X0_Y0,11.744867646265511,190.2699038681143,0.268819198281653,0.0322294307156831,0.9774905977044672,1.0284271,0.14367783,-0.14704253,0.03265380859375,0
site12_135.png_X256_Y0,13.91651469160173,2005.41983099932,0.1154054271035603,0.0118276337241803,0.8309356842680096,0.25169373,0.19921292,-0.22025853,1.0,2
site12_135.png_X0_Y256,10.70636740759702,131.1172886780435,0.240407489586229,0.0441745578856558,0.9318107194564264,-1.3036652,0.1485249,-0.15333259,0.0207366943359375,0
site12_135.png_X256_Y256,10.11529727412991,372.5492564308773,0.2354496483559853,0.0561414602045235,0.8470936958279423,-0.38824463,0.16534397,-0.17077076,0.1831207275390625,1
site12_136.png_X0_Y0,10.51024412732129,379.34914573128,0.2901715663491786,0.0426041731741143,0.9135027820523371,-0.9061737,0.1585057,-0.16637468,0.1960296630859375,1
site12_136.png_X256_Y0,11.838850177364373,509.50146890628105,0.2480169718981696,0.0297264720982691,0.9029974020431422,-0.73731995,0.15793055,-0.1704871,0.30145263671875,1
site12_136.png_X0_Y256,9.190235426696823,44.07468442125709,0.2477043880063807,0.0546109580721106,0.7231662547498106,-3.2624817,0.15433785,-0.16560403,0.0015716552734375,0
site12_136.png_X256_Y256,10.177212412373336,98.70165257954388,0.2502966277335674,0.0456474158746225,0.9343020465066036,-3.257141,0.14862594,-0.15968487,0.0416259765625,0
site12_137.png_X0_Y0,12.052299852023928,364.3083265150321,0.2157676218427623,0.0257213132184305,0.9138099727560952,4.443878,0.13734418,-0.13110918,0.226287841796875,1
site12_137.png_X256_Y0,12.781831720328432,378.679155838501,0.1347379212074449,0.0166821972128202,0.8778312766211914,3.8832397,0.1379137,-0.12974542,0.16241455078125,1
site12_137.png_X0_Y256,11.232123602661463,102.64764440059686,0.2136383664974215,0.0324543900029671,0.9725849985869056,-1.6560059,0.13733497,-0.14373372,0.0188751220703125,0
site12_137.png_X256_Y256,10.703263869678327,69.3049280475078,0.2222735582446938,0.0368275266654818,0.973912568649037,-1.6410217,0.1315414,-0.13694862,0.0,0
site12_138.png_X0_Y0,10.019872319739722,39.51809212502546,0.2863571209392577,0.0478305502681885,0.9778191155738118,-2.311325,0.13150081,-0.13810086,0.0,0
site12_138.png_X256_Y0,12.88695039496973,432.488885780116,0.1495733881399671,0.0158263318427288,0.8720854927836718,-1.2728271,0.14035927,-0.14575222,0.2722930908203125,1
site12_138.png_X0_Y256,10.588315122685149,59.89371173346797,0.2138595968867825,0.0355110744948545,0.9736310320355308,-1.1910248,0.13070022,-0.13423443,0.0,0
site12_138.png_X256_Y256,11.009215749682118,86.0182770749244,0.2007141853147632,0.0299914381819537,0.908767617819517,-1.0085602,0.13598701,-0.13881907,0.0,0
site12_139.png_X0_Y0,12.814594397720358,587.6029408761065,0.1149668726526521,0.0159459868132602,0.7274022676245516,-0.9207916,0.1418873,-0.14412603,0.4571075439453125,2
site12_139.png_X256_Y0,13.09685938506632,437.3047566741049,0.159312347566158,0.0146851064800029,0.9385228977002608,2.5346985,0.13944644,-0.13372257,0.21368408203125,1
site12_139.png_X0_Y256,12.53059876314128,293.3096189716832,0.1924990400820347,0.0201031937180904,0.9682253124186126,11.90126,0.05708979,0.063091956,0.0,0
site12_139.png_X256_Y256,13.140728933373351,355.1161955738261,0.1572923670714629,0.0170620377585095,0.9450614352491123,9.325455,0.12697795,-0.056335263,0.0,0
site12_140.png_X0_Y0,13.264907803157008,324.09732403102623,0.1461192468968155,0.0133947296687645,0.9491331883516216,6.2433777,0.13310906,-0.109222986,0.0,0
site12_140.png_X256_Y0,11.992323172539995,540.6549964257302,0.2808936679408869,0.0397425420240732,0.9115196170101252,-1.2645264,0.08446449,-0.11246914,0.277374267578125,1
site12_140.png_X0_Y256,11.314033175566406,219.9663757929781,0.2342650383376463,0.0338610686481913,0.8590350237351817,21.270554,0.036419924,0.0341831,0.0,0
site12_140.png_X256_Y256,12.85163994103879,704.8640802816949,0.1784145752159939,0.0220590707637036,0.8644335711355388,-2.0819244,0.075573325,-0.09572643,0.4275970458984375,2
site12_141.png_X0_Y0,13.558250786907,1202.1947274936542,0.1098267227380811,0.0225581609837504,0.7690496802161197,-2.417328,0.13392092,-0.15952757,0.8849639892578125,2
site12_141.png_X256_Y0,13.85182194785419,1218.3340952999256,0.0894680819337261,0.0155414861105235,0.7744644828172141,-2.5902405,0.13265762,-0.16191223,0.9309844970703124,2
site12_141.png_X0_Y256,14.11975736525112,1319.990737727126,0.0395478090663993,0.0084591430931512,0.5843789105527128,-0.8111267,0.13950235,-0.14835452,1.0,2
site12_141.png_X256_Y256,14.062040533866089,1287.1249273717533,0.0394372672115173,0.0086811261729582,0.5868678103794607,-1.6610565,0.13732639,-0.15100251,1.0,2
site12_142.png_X0_Y0,13.64992713387171,983.2596426554844,0.1008814767834119,0.0134624405369416,0.801480690493882,-2.3394318,0.13245788,-0.16639338,0.7487030029296875,2
site12_142.png_X256_Y0,12.469547395194915,443.18426541173625,0.1330337724831874,0.0395376112617367,0.8602127198725098,-0.46646118,0.13088764,-0.13850506,0.0,0
site12_142.png_X0_Y256,13.659473407693776,917.8684538098285,0.0607875672174454,0.0103549673949482,0.7120913922875687,-1.8562927,0.13911289,-0.15782884,0.782073974609375,2
site12_142.png_X256_Y256,12.245591731051318,406.67724560564886,0.1580822591655895,0.0749343406793031,0.90040513795382,-3.0913696,0.1321089,-0.14789769,0.0,0
site12_143.png_X0_Y0,12.507385482603013,486.7513427077282,0.083066954509584,0.0152980500416862,0.5263867016553566,-0.7783203,0.1326149,-0.13483827,0.0,0
site12_143.png_X256_Y0,12.74833101939926,645.4640847119983,0.0738237702023556,0.0148897507064409,0.6532574627146974,-1.9300842,0.1265581,-0.13307676,0.0,0
site12_143.png_X0_Y256,12.409988347536974,469.4264374729636,0.0842347442045489,0.015509911248467,0.5002060436273006,-1.0456848,0.12920684,-0.1318654,0.0,0
site12_143.png_X256_Y256,12.996168879144204,599.0759998257695,0.1346348368237066,0.017568299703856,0.9074448526172484,-2.3644257,0.11262445,-0.13220486,0.0,0
site12_155.png_X0_Y0,12.988349164678732,631.2403212857262,0.1167018212544355,0.0154374064068865,0.8172749884702692,41.032883,-0.042694546,0.4231694,0.0,0
site12_155.png_X256_Y0,13.704635209282516,1352.3646758159907,0.0974771538388269,0.0136023755727044,0.7475519847383811,16.644272,0.12054648,0.0005483888,0.542633056640625,2
site12_155.png_X0_Y256,12.53949767226846,606.564743187788,0.1526183856822936,0.025049214853568,0.8651026191927966,34.543808,-0.05087104,0.40945166,0.0,0
site12_155.png_X256_Y256,13.747331533476686,1053.4179212323638,0.0886452435923571,0.0122150381515206,0.782040686472294,22.080032,0.11046587,0.01011296,0.3878173828125,1
site12_156.png_X0_Y0,13.162786711466753,689.5343661091749,0.0996649520456058,0.0147500090383639,0.701760886962918,21.170609,0.102974474,-0.041529737,0.0,0
site12_156.png_X256_Y0,13.709784190256004,815.7317659974702,0.0794331790139605,0.0102903996215736,0.7885868322541486,9.80426,0.12319225,-0.1001167,0.2236480712890625,1
site12_156.png_X0_Y256,11.692514596070003,183.7044546869093,0.1079219030179988,0.0222136304164607,0.7686503318551792,55.806213,0.05832537,0.17111278,0.0,0
site12_156.png_X256_Y256,11.292220212258236,107.47406814686951,0.2277809809965352,0.0434316236539848,0.967782701743958,38.549896,0.025225561,0.20690261,0.0,0
site12_157.png_X0_Y0,13.629214962496736,877.3076328966486,0.0639848726774008,0.010476908879123,0.7254256926099514,0.9633484,0.1403526,-0.14242786,0.5197906494140625,2
site12_157.png_X256_Y0,13.754722383475055,839.969253186908,0.0634085845569857,0.0098607336630657,0.7666531786157165,0.44786072,0.13752791,-0.14324275,0.5686798095703125,2
site12_157.png_X0_Y256,12.230400529502084,221.3545659872526,0.1163763073544528,0.0193731833360554,0.8856374650212748,48.70598,0.04884523,0.19780916,0.0,0
site12_157.png_X256_Y256,12.336664787756868,231.3574712099993,0.1874816188522535,0.0271065105113123,0.9423304447669344,33.605408,0.0661156,0.12074266,0.0,0
site12_158.png_X0_Y0,13.755940248922178,713.8235332714714,0.0718239997384294,0.0101380771942744,0.8268164234717115,1.6751404,0.13656506,-0.14218654,0.4571685791015625,2
site12_158.png_X256_Y0,12.810245867102513,534.435633740651,0.0966809874474638,0.0219882174937159,0.811277760662719,1.6125641,0.13194847,-0.13006476,0.0,0
site12_158.png_X0_Y256,12.580507970679983,283.22720442558386,0.1682734831195627,0.0195445989312146,0.917651237541971,23.747025,0.06595419,0.028959848,0.0,0
site12_158.png_X256_Y256,12.206291394261786,470.4475629115005,0.0798606616527625,0.0173270455121172,0.423585833763601,0.36787415,0.13679427,-0.13613217,0.0,0
site12_169.png_X0_Y0,12.783302400145974,533.8936815618233,0.1556670749148335,0.0223948335705127,0.9016335967477956,20.73114,0.0679443,0.16149166,0.0,0
site12_169.png_X256_Y0,12.982788326434932,617.0922827909212,0.1406461236297296,0.0196287349587214,0.8460416361963364,32.186325,0.019583805,0.28446412,0.0,0
site12_169.png_X0_Y256,10.489720652541862,103.83934134407544,0.1589909232795077,0.0342709060203212,0.7925576087905464,-0.3090515,0.1381076,-0.13579208,0.0,0
site12_169.png_X256_Y256,11.090775278622448,423.7451765097052,0.3311572899815846,0.0514609262584652,0.9346916155836664,-1.3525391,0.113619976,-0.13732328,0.1669464111328125,1
site12_170.png_X0_Y0,11.496057104135929,215.7209738141644,0.2776781388237455,0.0354059210039398,0.9626817772204644,-0.54190063,0.115579285,-0.12338565,0.0,0
site12_170.png_X256_Y0,10.1165841374216,113.64237551362662,0.3220866491933262,0.0458646842244168,0.9711726855301251,-1.7346191,0.119008005,-0.12957272,0.0,0
site12_170.png_X0_Y256,12.97988458553013,1059.504171292391,0.1987148984258471,0.0327487560426771,0.8082657787665185,-2.7202606,0.12846926,-0.16111219,0.5967559814453125,2
site12_170.png_X256_Y256,12.980686776264845,796.3222749363855,0.1844645809320729,0.0297767796877112,0.8584736077945173,5.1125793,0.080991596,-0.0308225,0.475677490234375,2
site12_171.png_X0_Y0,12.524661426335998,301.8168063665645,0.1566936837873905,0.0200337120134109,0.92249866854518,14.366928,0.08645229,0.0430009,0.0,0
site12_171.png_X256_Y0,12.986120120050153,536.9303740899413,0.1211736291280232,0.0207465371314985,0.8326626877195623,34.189804,0.06635238,0.13445139,0.0,0
site12_171.png_X0_Y256,12.769698498779682,673.6929411615406,0.2133795430048554,0.0265940826003269,0.8822356594476531,-1.6028137,0.104301065,-0.12011178,0.343048095703125,1
site12_171.png_X256_Y256,13.06979090392096,630.6247509672446,0.1515703517160831,0.0243492040067519,0.9050551638917244,26.171066,0.08749326,0.047142535,0.0672149658203125,1
site12_185.png_X0_Y0,8.401423062483731,34.544735588475966,0.3815842505590681,0.0718620988213229,0.7716285559627413,-1.1670837,0.13188112,-0.13437569,0.0,0
site12_185.png_X256_Y0,11.060820804545829,368.674254583589,0.2775921122933978,0.0445303275144567,0.8684332934164156,1.1380157,0.1376496,-0.1383154,0.12200927734375,1
site12_185.png_X0_Y256,10.905507804385422,129.4134033935343,0.1508483374790972,0.0288854474113594,0.8684938629351547,-1.8139801,0.12580475,-0.13010204,0.0,0
site12_185.png_X256_Y256,10.89469475592188,148.91219643587544,0.1729975633812056,0.0306778925448535,0.8868092695900297,-1.9559631,0.12633319,-0.13152517,0.0,0
site12_186.png_X0_Y0,12.348847350306324,654.4282277699826,0.1892847354376551,0.0298117215679616,0.7794242433114379,-1.5036621,0.13825658,-0.14690925,0.4801025390625,2
site12_186.png_X256_Y0,12.605468446818794,714.2373537221364,0.1458421040590317,0.0234087183879416,0.6779670578198002,-0.49645996,0.13557917,-0.13937272,0.6248321533203125,2
site12_186.png_X0_Y256,10.619812383529778,146.97654761691174,0.2289969599971583,0.0350581802955545,0.9202115453016876,-1.58107,0.12636036,-0.13120013,0.0,0
site12_186.png_X256_Y256,10.763509885122524,158.09904845793378,0.2422845489925235,0.0360022202161385,0.9290845078939186,-0.7524719,0.12759191,-0.13092867,0.0,0
site12_187.png_X0_Y0,13.59983028044698,1145.3435871269753,0.084853624746684,0.0156665734454547,0.6294017535071995,-1.1200867,0.13399017,-0.14041242,0.8248748779296875,2
site12_187.png_X256_Y0,13.919865241806429,809.4913322100117,0.1081602375916742,0.0107232529718537,0.8963531883789532,12.4758,0.11020337,-0.0429482,0.3322601318359375,1
site12_187.png_X0_Y256,10.47777937795558,165.53468311467662,0.2617030008742914,0.0424117695147709,0.924810359639256,-0.35531616,0.13003203,-0.13241887,0.0,0
site12_187.png_X256_Y256,11.601485605841813,290.46089714594063,0.2319879971368861,0.0335310540031058,0.9203103023276104,7.5592194,0.120988294,-0.08150454,0.0,0
site17_2.png_X0_Y0,7.939732477482675,361.6534354274953,0.5692536737168234,0.4280183538894124,0.972395888504502,0.73779297,0.07315574,-0.07119191,0.55120849609375,2
site17_2.png_X256_Y0,7.752457064855316,261.3795353800217,0.5825694300863419,0.4102201003333991,0.9792820746340614,0.766037,0.07760287,-0.07570248,0.5440216064453125,2
site17_2.png_X0_Y256,12.360788318089336,388.1009029579865,0.2354626033607188,0.0255353812033496,0.8917199497062166,0.8707733,0.13822341,-0.13647372,0.8717041015625,2
site17_2.png_X256_Y256,12.785258914584483,590.0017805050857,0.1989093379121774,0.0201844794644522,0.8010803846647382,1.2304993,0.13299198,-0.13009451,0.875457763671875,2
site17_3.png_X0_Y0,8.524065738556338,362.30070341034366,0.4857143972863298,0.3874167901590828,0.9750343386046172,0.61701965,0.080736585,-0.079458445,0.5865478515625,2
site17_3.png_X256_Y0,8.875952316867844,446.0196759659707,0.4675596347747333,0.369389169028515,0.9686692253210945,0.99702454,0.08234868,-0.08033026,0.611114501953125,2
site17_3.png_X0_Y256,13.076151983849387,637.5974262903619,0.1380374739090509,0.0158959181027296,0.8015342637155461,1.5731506,0.13097611,-0.12266535,0.86956787109375,2
site17_3.png_X256_Y256,13.15677644590624,650.5396778131931,0.1537082070613482,0.0166203320799707,0.8776760327073184,2.3397827,0.13652816,-0.122507036,0.7658233642578125,2
site17_4.png_X0_Y0,9.03618688590055,399.4694112991409,0.4439438529048789,0.3468341446700127,0.965199494866615,-0.033309937,0.082260005,-0.08230202,0.647186279296875,2
site17_4.png_X256_Y0,9.296112002249664,496.8923511239665,0.4743086399516502,0.3292135691586303,0.9648496150725234,1.1896515,0.09014187,-0.07734532,0.6497039794921875,2
site17_4.png_X0_Y256,13.491789747170792,727.2777577884384,0.1372953710574626,0.0132692722543932,0.8710683537239738,1.9377594,0.13759963,-0.124849655,0.81378173828125,2
site17_4.png_X256_Y256,13.431560180178082,796.7707512285194,0.155848529493959,0.0143270362018112,0.8974413517135369,4.116165,0.16562548,-0.13956645,0.630126953125,2
site17_5.png_X0_Y0,9.874336274918145,445.3680179048002,0.4386455089489461,0.3064489735741595,0.9723279887348828,0.69633484,0.093300186,-0.08795418,0.6702880859375,2
site17_5.png_X256_Y0,9.60182335828054,305.00678682783274,0.3993084593216977,0.2886377104064851,0.943068797653392,16.730942,0.061914448,0.085920855,0.07696533203125,1
site17_5.png_X0_Y256,12.996311897830292,414.3351210772673,0.159916734592638,0.0157613976595699,0.9438955955527636,10.768631,0.13672464,-0.043871325,0.117828369140625,1
site17_5.png_X256_Y256,12.33167253970868,221.20599838403476,0.1593922200165863,0.0212888575017931,0.9641334402409032,10.515228,0.13893515,-0.0580832,0.0,0
site17_6.png_X0_Y0,10.332416739827789,365.8702467350405,0.3450866880847022,0.2658336363335991,0.9584805579113918,0.3207245,0.117975816,-0.111879855,0.0,0
site17_6.png_X256_Y0,9.943986827716838,153.06084294502477,0.3514721175187109,0.2479421031731307,0.9531916475410132,5.1033936,0.16146469,-0.11630806,0.0,0
site17_6.png_X0_Y256,12.651535307961868,258.25954134227914,0.1174170285779245,0.0162642585162792,0.8750666921515398,0.038772583,0.17348549,-0.16584705,0.0,0
site17_6.png_X256_Y256,12.802738818428216,412.3261045181353,0.1064046318563056,0.0146219358418672,0.8114185767997608,10.6332245,0.17697383,-0.09759385,0.0,0
site17_7.png_X0_Y0,9.48927138675334,140.96304052228044,0.3308773985537713,0.225814604519017,0.9257815388071436,5.7432556,0.16708581,-0.1270946,0.0,0
site17_7.png_X256_Y0,10.33018905638762,306.5871597162524,0.307912229491275,0.207664022711692,0.9025771014422704,9.890625,0.13434245,-0.062179156,0.0175323486328125,0
site17_7.png_X0_Y256,11.594373047898811,391.9293023417121,0.1769616802505099,0.0266860625208521,0.9258883880508688,7.812729,0.19649747,-0.14348742,0.0904998779296875,1
site17_7.png_X256_Y256,12.352647107232862,555.7011646362905,0.245390746592003,0.0275898970443613,0.9545104880784382,6.490402,0.14225255,-0.08357018,0.655792236328125,2
site17_8.png_X0_Y0,10.973703952618203,416.1925999766381,0.3536310112776446,0.1853110189289902,0.9684000908413302,5.891678,0.10944194,-0.059048668,0.40380859375,2
site17_8.png_X256_Y0,10.786218954181166,435.8576309292857,0.346284706852451,0.1676361975135202,0.9680679260165924,5.115341,0.12345046,-0.078416064,0.359222412109375,1
site17_8.png_X0_Y256,12.097135618776164,450.3905555405553,0.2674236502449769,0.0280688806719282,0.9685953167278738,1.6682892,0.14604014,-0.12977451,1.0,2
site17_8.png_X256_Y256,12.64688177161122,407.974678323896,0.2203891215440498,0.0189694281541021,0.9703368838458226,-1.1446686,0.18480006,-0.19202314,1.0,2
site17_9.png_X0_Y0,10.881854272222638,332.2343728073868,0.3606528261029098,0.1474056074320128,0.9774105668994412,3.7842102,0.1256594,-0.08197591,0.6589202880859375,2
site17_9.png_X256_Y0,11.823551707900872,410.095632028597,0.2599412238619627,0.1268864595895946,0.9568255241801924,1.6739044,0.14269683,-0.12295229,0.8679656982421875,2
site17_9.png_X0_Y256,12.772037540306782,395.8275657950385,0.1989430976848967,0.0184933270304304,0.9650300036832882,3.3079681,0.1551713,-0.1177977,1.0,2
site17_9.png_X256_Y256,12.512182053168864,304.84303433477857,0.1488569701381269,0.0177938788863285,0.9502809053596748,2.408432,0.17084858,-0.14747152,1.0,2
site17_10.png_X0_Y0,11.631702836632,338.0761227953584,0.2570331671631801,0.1048675749950634,0.9641136219786064,3.7764435,0.13588122,-0.09861094,0.96734619140625,2
site17_10.png_X256_Y0,11.51096291558738,227.74174204334707,0.2725060988372145,0.0877738064013765,0.9791088810142526,3.9756317,0.1466502,-0.11083168,0.992950439453125,2
site17_10.png_X0_Y256,12.18911399180764,265.15942902071674,0.1798649129954393,0.0202800731710304,0.971266025851504,3.5740051,0.16611049,-0.12584242,1.0,2
site17_10.png_X256_Y256,12.1870262534031,263.9065635212678,0.2177662940479156,0.0205991105790856,0.975458608904774,3.4251099,0.15045385,-0.12372658,1.0,2
site17_11.png_X0_Y0,11.937561724204617,367.636943738628,0.2708137169179785,0.066625670259064,0.973933476844871,3.2624512,0.14094193,-0.11615941,0.9918060302734376,2
site17_11.png_X256_Y0,12.058742346852128,409.801283731072,0.2628433608912821,0.0492723931802899,0.9714669578817924,4.3612213,0.14100459,-0.097517624,0.9628143310546876,2
site17_11.png_X0_Y256,12.413947717771094,262.3636891159914,0.2193587156924891,0.0202913772968048,0.9771274277398084,1.9066315,0.16107532,-0.14681432,1.0,2
site17_11.png_X256_Y256,12.488163486941437,325.7407140433103,0.1920214443889514,0.0217833984574315,0.971908061216866,0.13920593,0.16957502,-0.1631016,1.0,2
site17_12.png_X0_Y0,12.07560432144257,208.23470968198848,0.1626371021316845,0.0291080581457531,0.9500968433906204,18.017563,0.10927968,0.036480617,0.1654510498046875,1
site17_12.png_X256_Y0,10.057420674770094,138.2393829897172,0.2953108655667444,0.1775680261279427,0.9139980345008468,2.230072,0.15297121,-0.13700688,0.0,0
site17_12.png_X0_Y256,12.25200120710771,311.73047652949253,0.167091308503048,0.020825597591426,0.9624679441138844,16.418106,0.12576084,-0.014046847,0.353485107421875,1
site17_12.png_X256_Y256,10.462237026813192,119.06399858227816,0.2352390880118066,0.0923369908322023,0.8777190488983737,2.6783752,0.17357475,-0.15235803,0.0,0
site17_19.png_X0_Y0,12.804151208833243,311.73736229757367,0.0991236872474048,0.0145943851021174,0.8660839368242229,18.890518,0.14892267,-0.026842978,0.0,0
site17_19.png_X256_Y0,12.60269664600732,478.4471586499921,0.1848597324462496,0.0208705494473335,0.9452800999894752,12.287567,0.14028445,-0.057038635,0.3119354248046875,1
site17_19.png_X0_Y256,13.100948882687394,397.7692407818136,0.0906877983816835,0.0129118123893894,0.8323700915292325,26.701553,0.108169615,0.06823228,0.0,0
site17_19.png_X256_Y256,12.668196989760398,325.98992963946176,0.1065103433657125,0.0157561580936726,0.8289812211236826,18.049744,0.13859755,-0.027593367,0.004302978515625,0
site17_20.png_X0_Y0,12.358131730794836,547.9551915729868,0.2596922583176881,0.0306685277644548,0.959169140034002,1.8905029,0.13983604,-0.118254855,0.9277801513671876,2
site17_20.png_X256_Y0,12.708508846861326,415.9297750113939,0.2533512602367889,0.0317907523862158,0.9579354523161716,0.21354675,0.13659728,-0.13233456,1.0,2
site17_20.png_X0_Y256,12.639773064561096,412.2766528799325,0.2384855694499587,0.0287552885196771,0.9683101821390384,-1.4147644,0.16118598,-0.15905508,0.76434326171875,2
site17_20.png_X256_Y256,12.262964419429974,358.4438987408462,0.2922733645686586,0.0560312363947078,0.9610602532165344,-2.3303986,0.14464432,-0.15237144,0.94744873046875,2
site17_21.png_X0_Y0,12.743016115064464,400.3554094879253,0.2323940434516137,0.0203004137415076,0.9631405794971084,-0.27781677,0.14750254,-0.1498693,1.0,2
site17_21.png_X256_Y0,13.202386312160645,436.2321251742061,0.1931854331575495,0.0159934805857218,0.9555105006815374,0.66638184,0.14442214,-0.13824573,0.9739227294921876,2
site17_21.png_X0_Y256,12.84468752358421,361.3251678141029,0.1560371225798175,0.0158164782006421,0.957923280150014,2.6270294,0.16287914,-0.13698515,0.3618011474609375,1
site17_21.png_X256_Y256,12.833897571747997,421.4601725448414,0.0977475248043402,0.014572623673944,0.7676522063190845,12.29184,0.13803492,-0.040917687,0.0300140380859375,0
site17_22.png_X0_Y0,13.041799123549618,445.5862275176513,0.2088602383870225,0.0193575052889577,0.9580346404983876,2.7514648,0.14112276,-0.12118666,0.9004669189453125,2
site17_22.png_X256_Y0,13.021131619492866,358.5443988189889,0.1906563077470983,0.0174278359977509,0.96492954899685,2.9487762,0.1493698,-0.123236015,0.71441650390625,2
site17_22.png_X0_Y256,13.055832904930162,554.337804930807,0.0816773895381333,0.0130307118306553,0.6412472785481987,27.851883,0.11698303,0.03662929,0.000152587890625,0
site17_22.png_X256_Y256,13.139017369361198,663.1972009864119,0.0776603759306295,0.0125130105508895,0.5760509272132845,35.828873,0.09487176,0.10627282,0.0,0
site17_23.png_X0_Y0,12.847115786256614,328.44988554584125,0.2091625729497542,0.0196017822929244,0.9713870475382728,9.760162,0.14139295,-0.07599597,0.6782073974609375,2
site17_23.png_X256_Y0,13.052353325938022,368.6215324785273,0.1511522068982981,0.0163788074457199,0.9586064273455274,17.40445,0.12991598,-0.007176399,0.8394622802734375,2
site17_23.png_X0_Y256,13.01061063453706,428.68476451367167,0.0874316187097122,0.0132281786792267,0.7628202048648918,17.570312,0.14578687,-0.043269336,0.0,0
site17_23.png_X256_Y256,12.762079128454335,326.59373384037565,0.134826990230609,0.0244807622164156,0.9392470910960924,4.239929,0.16238429,-0.1344072,0.1797637939453125,1
site17_24.png_X0_Y0,12.978121801667914,321.2641352935426,0.1463186989636106,0.0142467197955521,0.9508064126148882,-3.1258698,0.1836467,-0.19121107,1.0,2
site17_24.png_X256_Y0,13.249111326745314,418.17095546187096,0.1369839521693658,0.0138270242711884,0.9451793011693608,-4.379822,0.18992504,-0.20544298,1.0,2
site17_24.png_X0_Y256,13.114801903673436,411.5851087923236,0.1393302826958699,0.0172082677268349,0.9370220653272826,14.431808,0.14483769,-0.07100641,0.316253662109375,1
site17_24.png_X256_Y256,13.12931884509532,441.682560643772,0.1197420646380146,0.0141797805998189,0.910005459032927,5.4775543,0.16570728,-0.13634434,0.2231597900390625,1
site17_25.png_X0_Y0,12.769874533957395,335.60140010755833,0.1878634452196388,0.01946486958542,0.9696962528982822,3.0943909,0.15060529,-0.12193822,0.8500518798828125,2
site17_25.png_X256_Y0,10.361487829421623,173.5704455618101,0.2976530815304036,0.174586522669589,0.9568679132942568,5.1904907,0.13518175,-0.1026099,0.0536651611328125,1
site17_25.png_X0_Y256,13.028030108658086,437.0693738135877,0.1411133852513303,0.0190501266657712,0.9430942753630168,14.239212,0.13903433,-0.06980797,0.41229248046875,2
site17_25.png_X256_Y256,10.0903663057404,260.32897992960216,0.342650885840681,0.2425315135844296,0.9595042015552544,7.951004,0.1265662,-0.08773664,0.0775299072265625,1
site17_29.png_X0_Y0,12.408653682360246,256.87726554992275,0.1315779176949539,0.0179446582751093,0.8472249383779106,2.278061,0.1740065,-0.1651298,0.0,0
site17_29.png_X256_Y0,12.743348812204168,270.343866061144,0.1385831445420041,0.0157536004620063,0.8962773929305677,3.473053,0.17815158,-0.16356969,0.0,0
site17_29.png_X0_Y256,13.189056976358971,366.4885908665073,0.1019434566311453,0.0122967485019148,0.8889116502327674,7.7871704,0.16321447,-0.11968434,0.0,0
site17_29.png_X256_Y256,12.989961863964048,508.3183579933424,0.1105815553566673,0.0166073281954741,0.8063205540249265,4.234833,0.15383375,-0.13584015,0.0,0
site17_30.png_X0_Y0,13.31637282610508,482.51352293892216,0.1051721191139481,0.0125172835166431,0.8707173100593741,4.2555084,0.1742787,-0.14107962,0.138397216796875,1
site17_30.png_X256_Y0,13.3761547575002,454.676738198664,0.1001494867343976,0.0117000100668246,0.8882619159920553,8.601456,0.15837605,-0.099298865,0.194976806640625,1
site17_30.png_X0_Y256,12.62439965967872,307.5239133987145,0.1703942376434365,0.0172633008469577,0.9218868460181466,0.88612366,0.18694538,-0.1826902,0.120269775390625,1
site17_30.png_X256_Y256,13.055390984319796,371.7594518484602,0.1188148417221802,0.0132003463805641,0.8822358149249754,15.322708,0.15764686,-0.061649814,0.135162353515625,1
site17_31.png_X0_Y0,13.581173021756031,558.5676861663962,0.0929861407606877,0.0107861701026941,0.8725678079004593,12.572754,0.15720293,-0.06509961,0.1457672119140625,1
site17_31.png_X256_Y0,13.391151121768791,481.8904307688243,0.094610991609243,0.011419028657215,0.8515063760129937,7.4403687,0.16374555,-0.10392911,0.441070556640625,2
site17_31.png_X0_Y256,13.467848808752017,520.3177780931719,0.095015332160684,0.0116188879055078,0.8612136282083837,-0.6598053,0.1762804,-0.14691553,0.624542236328125,2
site17_31.png_X256_Y256,13.295807972952373,532.9739823175353,0.0996941072446833,0.0126318433853887,0.7985960084117337,0.008728027,0.18342063,-0.17209426,0.3240814208984375,1
site17_32.png_X0_Y0,12.914520569314153,402.97326788377705,0.0941599500214001,0.0138200654310925,0.7939967696575237,16.51242,0.15667401,-0.05145107,0.0,0
site17_32.png_X256_Y0,12.73253848989877,270.1801050227159,0.105522139860259,0.0144208125976943,0.8530734573771566,7.1995087,0.18249826,-0.13153146,0.0,0
site17_32.png_X0_Y256,13.572799552458328,638.8960507828153,0.0867467887732758,0.0111001360806184,0.8195124818563198,12.171249,0.15059695,-0.07598106,0.062225341796875,1
site17_32.png_X256_Y256,13.104971704123708,470.94372962023465,0.0906501755590918,0.0129630677337443,0.7909179865933016,21.488129,0.11080694,0.070588514,0.0,0
site17_33.png_X0_Y0,12.871462070286036,386.290883704596,0.0927783058551634,0.0136825336237384,0.7598298638763155,10.025558,0.16886237,-0.10297652,0.0,0
site17_33.png_X256_Y0,12.893070783168389,452.5202487925396,0.0857212587606715,0.0137708377207306,0.6904435527393754,14.293976,0.154415,-0.06606368,0.0,0
site17_33.png_X0_Y256,12.962898784074312,218.265681078203,0.1184641420828267,0.0132418957250562,0.9387891710836967,13.213333,0.1556431,-0.068269245,0.0,0
site17_33.png_X256_Y256,12.633796410251572,299.5204863063648,0.1025606901624283,0.0154062998699231,0.8064725748629735,11.903259,0.18238352,-0.12114632,0.0,0
site17_40.png_X0_Y0,4.658813978405758,98.22364224397552,0.7345517920015505,0.6966451746269028,0.9837776161092692,2.162445,0.04388147,-0.028445523,0.0,0
site17_40.png_X256_Y0,12.25081788285329,268.2094761930618,0.1227798151348346,0.019499673256045,0.7877303937411804,0.83044434,0.15402332,-0.15012138,0.0,0
site17_40.png_X0_Y256,5.318130202410371,95.98543985486782,0.6894091753627354,0.6431962269202297,0.9835212772879433,1.3066254,0.049321696,-0.039021235,0.1165771484375,1
site17_40.png_X256_Y256,12.089821410976883,238.60165343558236,0.1327531288550585,0.0208058563219125,0.8246888632505398,2.3321838,0.15234627,-0.14393422,0.0656890869140625,1
site17_42.png_X0_Y0,12.41497711644123,415.5582149894238,0.2627973011249454,0.0265340826614774,0.9690339498228656,2.718216,0.15089917,-0.1284253,0.5744171142578125,2
site17_42.png_X256_Y0,12.86189578417136,632.8265867094067,0.2276791725562504,0.0215164597604095,0.8915040416395348,0.095214844,0.13400333,-0.13189207,0.8083648681640625,2
site17_42.png_X0_Y256,12.802114683232483,506.4478637723795,0.2206986616799553,0.0198630996532731,0.956003303747764,3.7740479,0.15763342,-0.12698096,0.5039520263671875,2
site17_42.png_X256_Y256,13.853830937144506,862.1487239734099,0.1200016498955527,0.0104382647501101,0.8549617347512942,2.8351593,0.17149572,-0.15204132,0.1571502685546875,1
site17_43.png_X0_Y0,12.497131569456815,417.9994954014532,0.1299440739186642,0.0185194567510624,0.7553951593909758,3.265686,0.18681318,-0.17319766,0.098541259765625,1
site17_43.png_X256_Y0,12.492132433629184,286.762724943557,0.1380855966682829,0.0165759650970424,0.8419315987265517,4.137985,0.19636393,-0.18059878,0.0,0
site17_43.png_X0_Y256,12.78354670660664,345.2363635981611,0.1355680264331987,0.0153310163016472,0.8783128525452897,7.1957245,0.17621571,-0.12988038,0.0,0
site17_43.png_X256_Y256,13.047720145549166,505.2756058817745,0.1808878626919474,0.0169023958294313,0.902349323893301,3.116455,0.16679546,-0.1564289,0.0,0
site17_44.png_X0_Y0,13.063817561969394,446.8098478500091,0.1209543259602244,0.0152792719468604,0.8447727664219934,4.8211365,0.16471483,-0.13987392,0.0175628662109375,0
site17_44.png_X256_Y0,13.67692027846417,785.8103143773203,0.1067453521641398,0.0116940307528202,0.7979275520189641,7.2966766,0.14980933,-0.11304268,0.03863525390625,0
site17_44.png_X0_Y256,11.59258098335158,240.1758322820553,0.3065153943213471,0.0339029354234804,0.8762865157079012,0.8479309,0.12910256,-0.12756628,0.9221954345703124,2
site17_44.png_X256_Y256,11.830577834031564,327.1533084781097,0.2771363658436143,0.031588671919453,0.8660639676630527,0.5343933,0.12580296,-0.12481308,0.9836273193359376,2
site17_45.png_X0_Y0,13.76481961845973,829.1465635212392,0.0872300728645651,0.0106475238035357,0.7526505196247871,2.551651,0.13972256,-0.1319792,0.480072021484375,2
site17_45.png_X256_Y0,13.294518507155752,376.9344327452436,0.1179785039692299,0.0121943551633129,0.9237572541004284,8.300217,0.15271308,-0.102700785,0.127655029296875,1
site17_45.png_X0_Y256,13.368663901838373,508.9360805339432,0.1115584922205797,0.012747202039542,0.8367544477770394,4.2833557,0.14890483,-0.13486707,0.0,0
site17_45.png_X256_Y256,12.75076730532407,303.76394290957955,0.1279999833238009,0.0157886066238253,0.8723169483581771,3.644516,0.16052367,-0.14610234,0.0,0
site17_46.png_X0_Y0,12.061389195619649,95.9503076490986,0.2117958388335272,0.0225403866749851,0.9831747862979694,1.1352997,0.15221168,-0.14451745,0.6302947998046875,2
site17_46.png_X256_Y0,12.6517782869562,149.54553148128247,0.1607829715627447,0.0158635006280425,0.9659690608705174,1.3617554,0.1496349,-0.13442259,0.4795379638671875,2
site17_46.png_X0_Y256,12.807275060524413,206.850762387067,0.1287188717701342,0.0137426563406844,0.930946566479152,6.412262,0.17839801,-0.13660069,0.0,0
site17_46.png_X256_Y256,12.01502686228487,148.58125767433572,0.1383758728057513,0.0185215262392371,0.8711606617668831,5.9886475,0.20353949,-0.16241927,0.0,0
site17_47.png_X0_Y0,12.92643467430565,272.64468374543844,0.1249612065711681,0.0138657185952714,0.9001032695716942,-3.3220215,0.19611198,-0.20601746,0.0,0
site17_47.png_X256_Y0,12.62106832622719,248.0809753910776,0.1300995422025861,0.0155721922191844,0.8804814068635378,-2.1328583,0.18595329,-0.19036789,0.0,0
site17_47.png_X0_Y256,11.874710184898936,156.53118123136974,0.2667701759545197,0.0556006535584274,0.9818114290550954,-1.6834259,0.14441243,-0.14885175,0.609466552734375,2
site17_47.png_X256_Y256,13.189335940834058,326.53177942380233,0.1250175874458929,0.0126468047248824,0.944446216071894,0.52033997,0.17382924,-0.16925818,0.09912109375,1
site17_53.png_X0_Y0,5.883692766078991,100.02454119209366,0.6316995935896423,0.576391825163175,0.9806843167828982,-0.33314514,0.05587349,-0.057174362,0.4149322509765625,2
site17_53.png_X256_Y0,12.074982669298707,164.59905506596368,0.1261378130686962,0.0184268742137306,0.8554284701021138,4.781723,0.17781457,-0.1508719,0.343017578125,1
site17_53.png_X0_Y256,6.476629657360607,95.95652307706412,0.5931601137187997,0.5229341610992717,0.9826277957750992,3.0964203,0.07595065,-0.0659668,0.1771087646484375,1
site17_53.png_X256_Y256,11.9999277983009,158.6835240352318,0.1282841993285818,0.0185704912408887,0.8494135639538035,8.493561,0.18228102,-0.14305235,0.1619720458984375,1
site17_54.png_X0_Y0,11.464903204063798,150.44032244209592,0.1688697392762748,0.0274110579685415,0.8443576634439295,2.460556,0.1774426,-0.17024153,0.0,0
site17_54.png_X256_Y0,12.51532497358946,287.51758997442914,0.1325497215797373,0.0182201636983662,0.8548977667643723,4.18367,0.17352043,-0.15832293,0.00982666015625,0
site17_54.png_X0_Y256,11.812566628686524,148.86945895208984,0.176113559944224,0.0219460070475593,0.88101247001235,4.169464,0.19651863,-0.1831402,0.0,0
site17_54.png_X256_Y256,11.962235328863793,260.6681218461797,0.2144695481031815,0.02568149239732,0.9284163257664736,2.001114,0.16264686,-0.1583265,0.330902099609375,1
site17_55.png_X0_Y0,12.69856053414982,420.4091736351826,0.1579730546602922,0.0188315719847169,0.925473332545882,3.504486,0.17448023,-0.13969031,0.1170654296875,1
site17_55.png_X256_Y0,13.419492074303964,539.7908411278494,0.1218589875363059,0.0117423199262971,0.8909213063793193,1.3179016,0.18780103,-0.18065763,0.0,0
site17_55.png_X0_Y256,12.700063576708132,593.6074142607199,0.2223353692227826,0.0230342836610724,0.8496020322303999,2.0951385,0.13027641,-0.12554917,0.967559814453125,2
site17_55.png_X256_Y256,12.184078761286951,405.2820745025905,0.2471585988909727,0.026147393139232,0.8484035734344184,1.8553314,0.12859413,-0.12459044,0.726806640625,2
site17_56.png_X0_Y0,12.9095978915501,489.7283300593449,0.1752935220827556,0.0186322858927504,0.862542144663445,2.1463318,0.13845181,-0.13287875,0.9123382568359376,2
site17_56.png_X256_Y0,13.117842148686051,665.4828560980047,0.1530077410304136,0.0165898989892524,0.8040429125019495,3.0997314,0.13622817,-0.12842706,0.9157257080078124,2
site17_56.png_X0_Y256,13.282000546483792,717.6171582143753,0.1363327064567478,0.0146994829603482,0.7964183583597494,2.9344482,0.13880058,-0.1304434,0.9700164794921876,2
site17_56.png_X256_Y256,12.924270845713767,645.5494738501951,0.1503410271115481,0.0173223638696658,0.7521926241239905,4.1397095,0.13533565,-0.12634812,0.936737060546875,2
site17_57.png_X0_Y0,13.545185019760726,813.1569709066316,0.1275717913523392,0.0126528468203924,0.7582875824228336,2.411316,0.13760474,-0.13041614,0.372833251953125,1
site17_57.png_X256_Y0,11.846615589187008,330.91398144644046,0.2823202841426806,0.0287082901347007,0.8843198203301926,1.6968079,0.13184564,-0.12816924,0.01312255859375,0
site17_57.png_X0_Y256,12.479095692601836,420.2722629367322,0.2001533926626371,0.0207540076820256,0.7947915885589159,1.8630829,0.12868145,-0.12436548,0.956329345703125,2
site17_57.png_X256_Y256,12.479387380340588,428.2972138420279,0.2348052195633173,0.0230314743066251,0.8842923124703247,1.7356873,0.1352495,-0.12513837,0.929443359375,2
site17_58.png_X0_Y0,11.787392261081395,310.8476164065521,0.2760960478156113,0.0307367989588197,0.8668794991036098,0.22970581,0.12557164,-0.12479235,0.0,0
site17_58.png_X256_Y0,12.84473323775354,457.2918017259318,0.1757657571437171,0.0242788960287441,0.9277179766367334,4.9598083,0.16442734,-0.12841499,0.0,0
site17_58.png_X0_Y256,13.399874383931747,552.9375148380793,0.160081619282611,0.0143695713226752,0.9318568483303936,7.4564056,0.13959059,-0.073172584,0.0475311279296875,0
site17_58.png_X256_Y256,13.216305231236785,557.6062587406502,0.0911767616752426,0.0128195267368656,0.7911324075850981,4.3982697,0.17150104,-0.13886529,0.3170318603515625,1
site17_59.png_X0_Y0,12.527305747984704,201.04192176687175,0.1324518489767548,0.017188852513199,0.9349061123730338,6.596817,0.16417967,-0.11613764,0.0,0
site17_59.png_X256_Y0,12.678897875722956,184.38986121623927,0.161382038130817,0.0166127313686472,0.9521076534067152,8.8285675,0.16553476,-0.11658901,0.0,0
site17_59.png_X0_Y256,12.371558117442218,299.48311636451785,0.1173876962551812,0.0180657236374244,0.8306333279310917,8.797302,0.15041839,-0.064592674,0.0,0
site17_59.png_X256_Y256,12.864143685126908,297.357813521246,0.1133538422998389,0.0140910898410848,0.8849892976945848,25.431686,0.12772182,0.033196468,0.0,0
site17_60.png_X0_Y0,12.882459793423736,228.1536206176814,0.1550509075006938,0.0182872087721483,0.9707571766755676,10.387039,0.16052166,-0.09989308,0.1936492919921875,1
site17_60.png_X256_Y0,13.92601121373516,978.4944907157014,0.1238237083900956,0.011834687874333,0.8838199991444179,3.1973877,0.131171,-0.10908685,0.791259765625,2
site17_60.png_X0_Y256,12.56596886143598,169.11980443219036,0.1327672161460201,0.0155472279342328,0.9392099020155932,12.913345,0.15986414,-0.08550911,0.0,0
site17_60.png_X256_Y256,12.26526872716893,250.5814367370676,0.1852168389687909,0.0242227214675619,0.9351542782324316,5.5926514,0.14811185,-0.11831777,0.048187255859375,0
site17_61.png_X0_Y0,13.118655049874526,300.61202997347016,0.1338454778919027,0.014112065720618,0.9732137536402624,12.32222,0.09380512,0.023654085,0.2696990966796875,1
site17_61.png_X256_Y0,12.220228808209216,131.46237058763828,0.1948934233038777,0.0196797040818015,0.9637971340583628,4.98085,0.13537633,-0.0845477,0.138336181640625,1
site17_61.png_X0_Y256,13.895624300570535,681.189624167996,0.0917802097645744,0.0099798870295067,0.8709853907031865,3.903244,0.14611281,-0.1167912,0.8171234130859375,2
site17_61.png_X256_Y256,13.17203618813754,390.7625805579858,0.1163945260346174,0.0132755826297993,0.9020624009590684,4.1926727,0.14469615,-0.10613683,0.335662841796875,1
site17_62.png_X0_Y0,12.777841447992689,275.94914481510176,0.1281753501839122,0.0149354686507078,0.887999695919311,1.8276367,0.1674992,-0.16139331,0.0,0
site17_62.png_X256_Y0,12.498270691970944,249.93203820345929,0.1238489758691958,0.0172210119885748,0.8490692718248668,-0.42990112,0.16460136,-0.16441564,0.0,0
site17_62.png_X0_Y256,12.884123527405158,279.424318726575,0.1421705428087607,0.0152039843220745,0.9247448829362024,0.4447174,0.16836001,-0.16462937,0.0,0
site17_62.png_X256_Y256,12.271033009102908,182.2476626928384,0.1539047106109419,0.01924409745904,0.908122984419039,0.4217682,0.17140332,-0.16750364,0.0,0
site17_63.png_X0_Y0,13.000994102642638,343.9818787395652,0.1005519418888686,0.0135798192081375,0.858910515410562,12.49408,0.17273018,-0.113663904,0.0,0
site17_63.png_X256_Y0,12.8965558039599,363.5508841851891,0.0950508634506841,0.0139285703087436,0.8128218392524208,26.494064,0.11430792,0.042323217,0.0,0
site17_63.png_X0_Y256,13.566942816290652,358.8246094350856,0.1068310625405846,0.0107362929182084,0.9363329998806496,11.396042,0.15110359,-0.09136828,0.0142364501953125,0
site17_63.png_X256_Y256,13.839956991232924,588.834750786982,0.0980853853585906,0.0099320928230775,0.8995593339587471,13.768982,0.13630438,-0.056485407,0.258575439453125,1
site17_68.png_X0_Y0,13.544367157750976,720.5520986219475,0.134259729654637,0.0123628435172747,0.8811054881015505,1.8214569,0.18192497,-0.17734385,0.2045440673828125,1
site17_68.png_X256_Y0,13.85651975095639,960.2067219338516,0.0996355544995252,0.0107957213459383,0.7806144326039212,3.2301788,0.14963557,-0.13969311,0.9790496826171876,2
site17_68.png_X0_Y256,13.634301568105895,803.1462715061822,0.1006605117639848,0.011460513000466,0.7947996915744359,2.4583588,0.18839484,-0.18247294,0.4532012939453125,2
site17_68.png_X256_Y256,13.719176720153271,922.7041739054392,0.111961973436112,0.0117446671064551,0.7857319955755524,2.6551971,0.13781744,-0.13092077,1.0,2
site17_69.png_X0_Y0,12.651852410874667,523.578419402991,0.1578914718845046,0.0190722511527481,0.7233491100108991,2.2580109,0.12730835,-0.12209736,1.0,2
site17_69.png_X256_Y0,12.330114623581782,503.3313433985676,0.2182418986099609,0.0243010968289337,0.8023305704348213,2.6907349,0.127639,-0.12062485,0.9208984375,2
site17_69.png_X0_Y256,13.242805429286127,810.1623339130253,0.1362530067864953,0.0147221181916331,0.7260238345847527,2.2276,0.12972671,-0.124543875,1.0,2
site17_69.png_X256_Y256,12.456579876636573,650.0282208615648,0.1544775621450688,0.0231705078696728,0.6916160146472037,2.015442,0.12365943,-0.118120916,0.975250244140625,2
site17_70.png_X0_Y0,12.840263504402,601.5802690521435,0.2118941210002918,0.0220423255027912,0.8586916045960045,2.8856354,0.1371123,-0.1285531,0.62200927734375,2
site17_70.png_X256_Y0,12.520970579951342,429.5879989967816,0.1864223704035501,0.0200804644531706,0.794245045554063,1.4528198,0.13009042,-0.12709391,1.0,2
site17_70.png_X0_Y256,13.34420477310219,571.5072168607192,0.1197553970870271,0.0121856858572997,0.8183230368341122,4.281479,0.15963478,-0.14596522,0.035308837890625,0
site17_70.png_X256_Y256,13.462396187584414,709.9888700409538,0.1377477400803379,0.0142205344457573,0.8234398982223877,2.5621643,0.14143327,-0.13503286,0.333892822265625,1
site17_71.png_X0_Y0,13.90773816370304,830.3940125492842,0.123437071046714,0.0105533527784268,0.8607514369871689,2.177719,0.15553138,-0.1449162,0.4870758056640625,2
site17_71.png_X256_Y0,13.659079137960727,728.3739193159258,0.0839385414988806,0.0106219504501596,0.7992454507419416,3.2503662,0.16467902,-0.14071995,0.4854278564453125,2
site17_71.png_X0_Y256,12.195216450775783,396.2878930129036,0.2523588249196733,0.0256558991796504,0.8641629942088569,0.4449768,0.13073318,-0.12961964,0.97332763671875,2
site17_71.png_X256_Y256,12.717841737283315,409.630825719056,0.2199301393890874,0.02292876552381,0.9578436902536002,3.7486267,0.14284879,-0.11165735,0.681732177734375,2
site17_72.png_X0_Y0,12.977766900856132,381.4614232957542,0.101854051715718,0.0148359466244501,0.8911134178650799,7.611145,0.14317852,-0.07140719,0.192474365234375,1
site17_72.png_X256_Y0,12.86171602527658,285.9760167663911,0.109756309909051,0.0139473708377027,0.8918664373981872,16.600647,0.12793006,-0.0132570565,0.0,0
site17_72.png_X0_Y256,12.031869114379388,278.3237826947748,0.1102472393634495,0.0196623121918999,0.7395858306026675,9.528336,0.16413961,-0.07127762,0.0,0
site17_72.png_X256_Y256,12.680705554682282,310.9195622176707,0.1213446533430571,0.0163336399812065,0.9093835715828223,4.9883575,0.1540572,-0.10233154,0.0,0
site17_74.png_X0_Y0,13.624517850345686,530.7540520323018,0.0894510409052011,0.0105923728866743,0.8709506244767445,28.776718,0.12385896,0.030484328,0.0246124267578125,0
site17_74.png_X256_Y0,13.472839963777682,499.24599408881767,0.1034914408598563,0.0122765333712612,0.8757389355269601,9.216583,0.14768751,-0.10098791,0.7887420654296875,2
site17_74.png_X0_Y256,12.985101876763464,345.5038962928978,0.0970351160768003,0.0131834352195861,0.8258635380851447,20.238388,0.15971646,-0.06544548,0.0,0
site17_74.png_X256_Y256,13.825717665347923,678.0231895034595,0.0826443639346641,0.0097853268454614,0.8485198637802797,20.48938,0.1404089,-0.038778156,0.190216064453125,1
site17_75.png_X0_Y0,13.512409226022582,513.3597291756931,0.1046247576398976,0.011442665538632,0.8755776769060473,1.7282562,0.15854467,-0.14280567,0.7332763671875,2
site17_75.png_X256_Y0,13.562232056533745,618.1046451185052,0.0853035785163118,0.0109992004963512,0.8021928395839819,3.7244415,0.16669859,-0.14707142,0.050750732421875,1
site17_75.png_X0_Y256,13.75334668343081,705.4376546130322,0.0916819131731144,0.0105427850181506,0.8170841504339125,4.583252,0.15681434,-0.13416232,0.6090240478515625,2
site17_75.png_X256_Y256,14.1503824844653,907.4245153606612,0.0959545397547417,0.0092424967842033,0.8688383775502091,3.2821045,0.14520079,-0.11693334,0.41949462890625,2
site17_76.png_X0_Y0,14.048823628822696,893.9070819066278,0.0970885285748376,0.0093366117695488,0.8332764259949765,-9.736435,0.20150572,-0.22887725,0.8237152099609375,2
site17_76.png_X256_Y0,13.993805876736635,819.9245549788574,0.0972936247927981,0.0096848422733134,0.8629599665528264,1.2436676,0.15190083,-0.14143662,0.99993896484375,2
site17_76.png_X0_Y256,13.872971889180656,664.2163713325554,0.09677716901055,0.0099454020051753,0.8686268699181642,-3.0681305,0.16001081,-0.16819039,0.350341796875,1
site17_76.png_X256_Y256,13.977075157886064,902.239962634604,0.0803204218110304,0.0093792223201315,0.7906425478017987,5.694214,0.15543455,-0.12550235,0.27313232421875,1
site17_80.png_X0_Y0,12.63101819830965,212.32787685325647,0.1309488339252302,0.0157133868545895,0.9197840622171854,5.8345184,0.16521496,-0.12305752,0.0,0
site17_80.png_X256_Y0,11.257072233996343,98.13269005610844,0.182769629909812,0.0261347658094597,0.8699531573185808,0.85276794,0.1770662,-0.17549497,0.0,0
site17_80.png_X0_Y256,10.697884727552276,74.50057626573941,0.1891330574141856,0.0302969290234616,0.8191010341495357,1.9214325,0.15712214,-0.15276456,0.0,0
site17_80.png_X256_Y256,10.42397857220512,78.0448866271388,0.1963870800735749,0.03573607546103,0.7725555540809997,2.7066498,0.15592894,-0.1500827,0.0,0
site17_84.png_X0_Y0,12.56675674324587,471.15925447842346,0.2229126107662649,0.023182964851064,0.9088862862880336,0.5527649,0.13920635,-0.13637441,0.844940185546875,2
site17_84.png_X256_Y0,12.462068742924217,359.87992630536945,0.2248835182742032,0.0223713159179684,0.9651249527667216,1.4405365,0.14101586,-0.12355593,0.703887939453125,2
site17_84.png_X0_Y256,12.519370797481866,249.31827554307355,0.1489273236505847,0.0168653049908995,0.9245703574845492,6.938034,0.17724732,-0.13038835,0.0,0
site17_84.png_X256_Y256,12.232291744404638,158.334341764589,0.1447169518760519,0.0180143854582495,0.935556925333492,8.161255,0.17831236,-0.11702031,0.0,0
site17_85.png_X0_Y0,12.779199398922296,358.28376181941616,0.1523321182149667,0.0175230839650098,0.9637457171499308,9.841278,0.13976608,-0.05932557,0.235015869140625,1
site17_85.png_X256_Y0,12.450491848342253,304.19429248967475,0.0974515926149868,0.0159047116230663,0.723475644396388,23.68785,0.12315603,0.03783153,0.0,0
site17_85.png_X0_Y256,12.609104848225687,218.6170318657545,0.1222311137313923,0.0154169326724325,0.9275293895622184,13.172928,0.15246055,-0.0679661,0.0,0
site17_85.png_X256_Y256,12.669871136595624,208.8148633338181,0.1273927139223487,0.0150556430029003,0.9212868724372484,14.193405,0.15486597,-0.07487815,0.0,0
site7_2.png_X0_Y0,12.961558032628108,932.101437457948,0.1531289382035366,0.0953830650777579,0.7878013085671426,23.60344,0.14477426,-0.03608743,0.0,0
site7_2.png_X256_Y0,13.04285229876184,676.0308213337393,0.1429310381207638,0.077144307480591,0.8547260149786281,19.294296,0.1463821,-0.046477452,0.0,0
site7_2.png_X0_Y256,13.91061400811888,829.7766133218385,0.0735338124209081,0.0096604012020193,0.789161633933684,18.814331,0.16807663,-0.08615256,0.153656005859375,1
site7_2.png_X256_Y256,13.98621241817153,832.0097166204491,0.0858583458145684,0.0097299272015923,0.8417409691161857,10.390396,0.14036337,-0.10154678,0.44683837890625,2
site7_3.png_X0_Y0,13.274456070609304,773.1839828881906,0.1181081210287991,0.0545502849939779,0.7975360266296194,20.543701,0.14787427,-0.058175337,0.0,0
site7_3.png_X256_Y0,13.261017597971462,970.6137327740493,0.1231165374247733,0.063635505363099,0.720428742052381,14.994675,0.14678472,-0.074061304,0.0,0
site7_3.png_X0_Y256,13.82456400113186,807.0873152153051,0.084662035215555,0.0107655724934221,0.8460219215949639,1.7329865,0.1513095,-0.14543642,0.3499908447265625,1
site7_3.png_X256_Y256,13.332241683499864,594.9583332432222,0.0774275702626796,0.0122400428012761,0.757244955983535,4.9019775,0.163078,-0.146495,0.0001373291015625,0
site7_5.png_X0_Y0,12.30099629974684,1530.358929903858,0.2473242864250009,0.1995966859678923,0.8360972258185932,9.065155,0.12163588,-0.078844465,0.0,0
site7_5.png_X256_Y0,13.909717070242106,1251.249781229065,0.0643339557613299,0.0097955635946259,0.5703213500800177,35.56848,0.15311606,0.0061031813,0.0,0
site7_5.png_X0_Y256,7.501952785656192,989.714346570645,0.5681839450238502,0.5413553802737635,0.9137546322123226,-0.7539215,0.07378291,-0.076436795,0.0,0
site7_5.png_X256_Y256,14.529675233067332,2000.3007702867128,0.0577249196088851,0.0076455811086869,0.6066316353291369,11.7547,0.1632881,-0.11378136,0.0,0
site7_6.png_X0_Y0,14.536789481142474,1429.531226421412,0.0724565197064789,0.0078902331910889,0.8148391638259902,-0.9620514,0.14315726,-0.148532,0.6365814208984375,2
site7_6.png_X256_Y0,14.602030012156485,1606.9954148495776,0.0765633835999236,0.0079315556369347,0.8236262152140144,0.5595703,0.13114178,-0.13260484,1.0,2
site7_6.png_X0_Y256,14.425963144500413,1501.2206156587813,0.0604412443567127,0.0080613199966017,0.7086132466986279,9.952332,0.14025396,-0.097085424,0.1868438720703125,1
site7_6.png_X256_Y256,14.442767179972227,1627.6125228729547,0.0594864400181414,0.0079742642788102,0.673885746420314,-0.35498047,0.15087855,-0.15081552,0.208648681640625,1
site7_7.png_X0_Y0,14.581246841426797,1506.8820109453209,0.0750771312941836,0.0079277636471873,0.835708704391221,2.5564728,0.14727521,-0.14089361,0.8284912109375,2
site7_7.png_X256_Y0,14.077713793054372,966.0071267662464,0.0981462572473229,0.0106767371100975,0.8886717332007081,5.7328644,0.12674515,-0.107591495,0.54608154296875,2
site7_7.png_X0_Y256,14.488996595627007,1748.3879473341342,0.0659200795498367,0.0080402628016893,0.6879567629625335,-0.56700134,0.121906005,-0.13218482,0.12213134765625,1
site7_7.png_X256_Y256,14.149322424823502,1096.9951058638294,0.0666783160695803,0.0089385419592498,0.7782973783705445,5.0472717,0.14845797,-0.12724853,0.145233154296875,1
site10_12.png_X0_Y0,11.661353834368017,114.49615559521123,0.2412915080947255,0.0331237316895011,0.9509175642491488,-8.861465,0.19109133,-0.23074904,0.0,0
site10_12.png_X256_Y0,12.770482974474348,294.1920367467088,0.1528523771917791,0.0210057334366821,0.913626567469605,-6.2062225,0.17723851,-0.20737171,0.0,0
site10_12.png_X0_Y256,11.826563823247277,118.78035717933872,0.1957698492105534,0.0231869817356979,0.9370719021825488,-8.082535,0.1994208,-0.235899,0.0,0
site10_12.png_X256_Y256,12.67453481831893,193.667333132098,0.157583433539861,0.0157220368175061,0.932917847011498,14.148804,0.16435267,-0.089210205,0.0,0
site10_13.png_X0_Y0,12.868566291903448,394.7917110156118,0.1913562421662398,0.0814530671480976,0.9438434502094536,-8.578766,0.17650706,-0.20895089,0.1264190673828125,1
site10_13.png_X256_Y0,8.719530173448435,185.05984493645025,0.4813502472721541,0.3951015125057424,0.9785245174129548,-3.7234344,0.120155066,-0.1306622,0.0,0
site10_13.png_X0_Y256,12.07337472566925,144.41670304089877,0.216568297098473,0.0228537740002022,0.9566997275125946,-1.6739044,0.2001684,-0.20130315,0.0,0
site10_13.png_X256_Y256,11.688074684432232,99.1323473694054,0.2685683264273732,0.0275147724419606,0.9589307745468952,-5.218521,0.24233767,-0.25575334,0.0,0
site10_20.png_X0_Y0,10.993544188918396,52.02626844242549,0.2922443354727078,0.0365808160919435,0.9851728134661464,8.774399,0.16526288,-0.12473055,0.0,0
site10_20.png_X256_Y0,10.6576543713147,54.89029755682986,0.3304833278676297,0.042402850852994,0.9738703707060568,5.377548,0.1709992,-0.15871884,0.0,0
site10_20.png_X0_Y256,12.167421403312112,127.15085073950084,0.1813561176216037,0.0192741144086629,0.9466101795704346,9.448166,0.17827351,-0.15283431,0.0,0
site10_20.png_X256_Y256,13.197088915513383,341.665381854347,0.1364880057326148,0.0131178518956014,0.9261156449655186,2.924118,0.16048132,-0.15311368,0.0027313232421875,0
site10_21.png_X0_Y0,12.59718112559542,124.67992580978532,0.1978570133777175,0.0164844433124919,0.9768613552977332,-0.585907,0.17065038,-0.16649148,0.0119476318359375,0
site10_21.png_X256_Y0,12.335752136146088,97.66253900242783,0.2104962582062191,0.0178718682508089,0.9757051634341378,18.471573,0.15515357,-0.07413786,0.0,0
site10_21.png_X0_Y256,13.213455826129923,669.7497821451627,0.1268235754601355,0.0138010573957982,0.8018873972019771,34.25888,0.12014445,0.049064614,0.011077880859375,0
site10_21.png_X256_Y256,12.44915678997176,163.09246062212333,0.1433448311729309,0.0163511752162837,0.9230433959310672,45.381775,0.11176345,0.08749966,0.0,0
site10_22.png_X0_Y0,12.012190826315038,60.18677847762936,0.2630672154510566,0.0196525490051238,0.9874018817945892,16.3219,0.14027609,-0.056819506,0.0,0
site10_22.png_X256_Y0,10.528071931102716,36.98921334342714,0.3416178833795579,0.040359977058662,0.9794904260011122,0.76042175,0.081951104,-0.06968937,0.0,0
site10_22.png_X0_Y256,11.45583635093228,97.86229582673153,0.3039281892814484,0.0422754417073972,0.9828909755661688,5.070343,0.116936415,-0.07350283,0.0,0
site10_22.png_X256_Y256,8.791214861942493,38.35856104022693,0.4366523233261181,0.0874587213414966,0.9782206065890326,-0.8815155,0.1364526,-0.12527552,0.0639801025390625,1
site10_27.png_X0_Y0,12.50746380418455,130.23177410731734,0.1630166687799487,0.0166878806876538,0.9544053698511756,46.150513,0.11165533,0.07558929,0.0,0
site10_27.png_X256_Y0,13.032951338175108,235.5537992749264,0.131678302652843,0.0134011281126677,0.9317518305656072,34.820908,0.103750214,0.056721553,0.0331878662109375,0
site10_27.png_X0_Y256,12.794165684234692,241.0955527771837,0.1271699159757588,0.0145439598184454,0.8996167449962735,55.727264,0.028979551,0.24828246,0.0,0
site10_27.png_X256_Y256,12.763497747075188,234.4892011486006,0.1290321146227546,0.0145981472905258,0.9013769534747572,59.536392,0.022667572,0.2779117,0.0145416259765625,0
site10_28.png_X0_Y0,13.419536259885884,328.04974321775506,0.1735203755883676,0.0146101290845438,0.9644745167416412,-1.7222443,0.15552478,-0.16738617,0.899444580078125,2
site10_28.png_X256_Y0,13.396631426241484,406.0311739925857,0.1368896866137224,0.0125915371961887,0.9219906784574852,8.747925,0.15249598,-0.12491336,0.224945068359375,1
site10_28.png_X0_Y256,13.491910390072595,693.1994561286828,0.1309944515832344,0.012268761027317,0.8570753063022191,21.509933,0.13847385,-0.0510163,0.1841278076171875,1
site10_28.png_X256_Y256,12.588451153984614,120.11905688317552,0.1667068203557038,0.0154559068019238,0.9695556044010718,34.861465,0.118576646,0.055922404,0.0,0
site10_51.png_X0_Y0,12.925683672961537,261.31895283665614,0.1257212648626589,0.0140612223116911,0.9011597517212808,30.343094,0.12314455,0.02458453,0.0016021728515625,0
site10_51.png_X256_Y0,12.830090495198116,279.0421079182513,0.1310646202502108,0.0146660387408961,0.9002398568028547,42.625473,0.08260137,0.13924353,0.0,0
site10_51.png_X0_Y256,13.265028569686518,1809.1995153909124,0.2069548330199328,0.1145737159393959,0.8246790289841861,-4.201233,0.145609,-0.16092479,0.7474822998046875,2
site10_51.png_X256_Y256,14.510897282786146,2094.655541558789,0.0940246696286523,0.0087779669894327,0.7368658307453759,9.316803,0.1280953,-0.084212385,0.7479400634765625,2
site1_17.png_X0_Y0,12.162307839256693,157.62603148428633,0.1950986533732098,0.022075579569536,0.9490454247369788,7.867157,0.16441198,-0.13906066,0.0,0
site1_17.png_X256_Y0,12.490470460306469,270.38013991013503,0.1968275570726946,0.0221824160783632,0.9374432250915532,9.10527,0.15855393,-0.13030839,0.1491241455078125,1
site1_17.png_X0_Y256,13.543919148984342,378.0190142613453,0.112368081248375,0.0110923649999703,0.9279267565306122,33.866257,0.11339339,0.014535882,0.0,0
site1_17.png_X256_Y256,13.583321789405415,462.5948344837346,0.118597643862763,0.0115670847500624,0.9146873655377588,31.234772,0.11944239,-0.010822795,0.0,0
site1_32.png_X0_Y0,13.425079754679764,495.2391401444205,0.0977821778683459,0.0116080152518927,0.8418830808697817,18.113937,0.13594663,-0.07467343,0.0,0
site1_32.png_X256_Y0,13.31682018444468,393.8925906652553,0.1164882333512202,0.01272075551699,0.915636106779094,18.059189,0.10706165,-0.026489075,0.0,0
site1_32.png_X0_Y256,13.550251739025311,593.7382878130145,0.1223308233760965,0.0129483161547875,0.8978139875903532,9.322479,0.12623937,-0.10556303,0.1936187744140625,1
site1_32.png_X256_Y256,13.482272706615085,441.3803131908499,0.1044734164813586,0.0118154003118811,0.8953235790702718,32.5484,0.12014207,-0.024571994,0.1266937255859375,1
site1_33.png_X0_Y0,12.809006628800498,338.07751165418927,0.1457989816695235,0.0182398652921868,0.9198782859213788,17.67688,0.09900027,-0.011629138,0.0,0
site1_33.png_X256_Y0,13.177304476040607,391.3515492238523,0.1368875601058304,0.0139788658138811,0.8986078431579262,3.6784973,0.18876365,-0.17366561,0.0,0
site1_33.png_X0_Y256,12.293147209504667,268.87956502606005,0.2073054299560663,0.0295580805935818,0.9577132348429848,15.753754,0.14284226,-0.084630236,0.0,0
site1_33.png_X256_Y256,12.376250985449374,259.17095851054574,0.1744102605946635,0.0226026510116219,0.9215854717574258,11.87056,0.16485023,-0.13241439,0.0,0
site1_34.png_X0_Y0,13.712880544914045,742.0893274221673,0.0831553357593592,0.0106938062835772,0.7619151412390633,27.894775,0.11948596,-0.025078414,0.0,0
site1_34.png_X256_Y0,13.443320755063295,541.7124227610901,0.0937891448148569,0.0115212274313987,0.8096037861168361,10.952759,0.14573723,-0.10664509,0.0,0
site1_34.png_X0_Y256,13.85655225813927,681.5645167123403,0.0928376618185301,0.0103613445706921,0.8565429001441373,22.84253,0.11514749,-0.031206364,0.1812286376953125,1
site1_34.png_X256_Y256,13.562106668960972,631.9488451106647,0.0890431574189991,0.0111053039270326,0.7899741496984026,10.703354,0.14643188,-0.10392596,0.0,0
site1_35.png_X0_Y0,13.67640885654707,653.0788112144552,0.0907716541450836,0.0106998921820726,0.8251980290215084,8.031052,0.13195422,-0.086049005,0.0,0
site1_35.png_X256_Y0,13.3405130247711,427.489890682086,0.1002586862023183,0.0119281793626558,0.8621184242022434,18.039719,0.14018717,-0.06364476,0.0,0
site1_35.png_X0_Y256,13.741677714866343,750.7497780301084,0.084266804830999,0.0108627756611928,0.7738238952287892,6.206192,0.1467971,-0.12085388,0.0,0
site1_35.png_X256_Y256,13.859525044264696,649.9331079542881,0.1004038003507399,0.0102672870386355,0.8791058189485192,-2.7587128,0.16028845,-0.17027675,0.027740478515625,0
site1_37.png_X0_Y0,12.973444448599563,303.93397706110744,0.1282540768526082,0.014010251956236,0.9026348110891927,16.222687,0.15531437,-0.10161791,0.0,0
site1_37.png_X256_Y0,13.630092997409108,660.3645926146045,0.1003450975226802,0.0109106348083166,0.8247824681528397,2.4299927,0.1692625,-0.15691066,0.0,0
site1_37.png_X0_Y256,13.266725342171377,469.754501739119,0.0933167727884959,0.0123763989824005,0.8034745801162136,28.335114,0.11946506,-0.0070424452,0.0042724609375,0
site1_37.png_X256_Y256,13.687537984824775,770.4976832077676,0.0839482138247135,0.0107890399108554,0.7581125607987116,-5.6809998,0.17797606,-0.1921319,0.0,0
site1_41.png_X0_Y0,13.949664992397588,808.267557580022,0.0834175550218472,0.0099428908820295,0.8122814370550596,-4.412552,0.18024547,-0.19615105,0.0054779052734375,0
site1_41.png_X256_Y0,13.713610211218072,661.4614160119155,0.0959272096958626,0.0110547027678982,0.8620036583980635,1.9406433,0.16107668,-0.16106054,0.35955810546875,1
site1_41.png_X0_Y256,13.866530010314902,804.0753203095137,0.0878878708363506,0.0103711070570929,0.813657747173026,1.1214294,0.17427184,-0.17569101,0.0,0
site1_41.png_X256_Y256,13.878729760594414,629.9467678897795,0.0991129114369321,0.010086065778435,0.8906005475318178,-7.2615204,0.15803234,-0.18773165,0.2846527099609375,1
site1_42.png_X0_Y0,13.6141308684202,514.4226514892247,0.0914974372107909,0.0110812796684129,0.862923391297536,10.276733,0.14244518,-0.103933915,0.17559814453125,1
site1_42.png_X256_Y0,13.731819264694884,486.3791020130553,0.1015705473787432,0.0105750059285775,0.9076548081666748,30.562424,0.10756171,-0.007402955,0.2166595458984375,1
site1_42.png_X0_Y256,13.70445102956424,549.9783495230307,0.1235539111690671,0.013986879910167,0.9303204049537775,5.966522,0.10831698,-0.083071455,0.14599609375,1
site1_42.png_X256_Y256,13.881818360727523,617.8682930243294,0.1068935530349971,0.0104451737052479,0.9109916242719795,19.259766,0.091116115,-0.007945718,0.26275634765625,1
site1_44.png_X0_Y0,13.3676581739659,405.7146634858125,0.1304213164163007,0.0134991401969791,0.9275542385490269,11.581558,0.093154386,-0.017721772,0.0450286865234375,0
site1_44.png_X256_Y0,13.699622826772268,479.0880733221552,0.1097340833157682,0.0107314453044304,0.9257205797625278,-6.423691,0.17074353,-0.1905336,0.0847930908203125,1
site1_44.png_X0_Y256,13.18673555070938,292.2964013840914,0.1152683678089114,0.0127744883718542,0.9299591134378148,12.688248,0.16020784,-0.11937691,0.0736083984375,1
site1_44.png_X256_Y256,13.684184466444863,410.6010548527019,0.1055598720642342,0.010440929127735,0.9258595933732516,4.751114,0.17317964,-0.15566584,0.150421142578125,1
site1_45.png_X0_Y0,13.831314255700056,697.7678752913869,0.1220092801488675,0.0119658087998798,0.909690184466825,-7.10672,0.13343409,-0.16267258,0.6331939697265625,2
site1_45.png_X256_Y0,13.665152113957916,576.7411284271772,0.1192366785102392,0.0114677967905789,0.9001574425810522,-2.9919434,0.1567091,-0.1702388,0.3588409423828125,1
site1_45.png_X0_Y256,13.694721032642008,679.6321220654802,0.1058351795269154,0.0117613344488983,0.8789707632475813,5.313095,0.120979816,-0.08796375,0.3429107666015625,1
site1_45.png_X256_Y256,13.664640681920456,844.1638056577845,0.1062878348226808,0.0127787100107986,0.8519109972540322,-2.1508026,0.114669725,-0.1131345,0.7468719482421875,2
site1_47.png_X0_Y0,13.678236840562292,704.2049888714826,0.0828577995777445,0.0107682246739125,0.7724613968401995,37.16739,0.09601134,0.04541566,0.0,0
site1_47.png_X256_Y0,13.905669856729324,949.7697301068348,0.0747260010293286,0.0098561150421681,0.7222623865797396,23.051208,0.111879736,-0.025913363,0.0,0
site1_47.png_X0_Y256,13.372734920514278,540.8849789894599,0.0897180914182867,0.0120191661315666,0.7811461401344998,35.67418,0.11435002,0.015493341,0.0,0
site1_47.png_X256_Y256,13.877875348346,946.9557335370135,0.0747569338586846,0.009975455142423,0.7053266035242021,30.731552,0.102748,0.011276126,0.0,0
site1_48.png_X0_Y0,14.13025045174821,900.4825348724396,0.0927654730164504,0.0093427964791906,0.8625857113992408,13.79747,0.12186489,-0.06607948,0.0576934814453125,1
site1_48.png_X256_Y0,13.71176066700244,492.8303861796064,0.1130587308998812,0.0110851511433212,0.917830577473534,4.5088806,0.14175178,-0.129594,0.2757415771484375,1
site1_48.png_X0_Y256,14.0087012677572,896.5404369713808,0.0816535230862926,0.0094757293434519,0.7962191411624184,-3.1001892,0.15580606,-0.1624825,0.0526580810546875,1
site1_48.png_X256_Y256,13.79717600200447,603.163157709798,0.1004865830100979,0.0106999891061957,0.8844109068208152,5.5088043,0.13162327,-0.11173272,0.31414794921875,1
site1_50.png_X0_Y0,13.14488050335672,373.3923734411103,0.101078746790453,0.0128058360804221,0.8511467955012061,18.02652,0.12608376,-0.05425157,0.0057373046875,0
site1_50.png_X256_Y0,13.787578328025733,772.7021820333352,0.0849295671470644,0.0103100306911468,0.790732270981728,-1.6331787,0.17291912,-0.17364211,0.0,0
site1_50.png_X0_Y256,13.123325904810915,399.7221379547557,0.0988064093225748,0.0131227747626001,0.8233580772036109,17.6725,0.13291067,-0.06708045,0.0,0
site1_50.png_X256_Y256,13.719607504586907,694.8116069840842,0.0860115946996137,0.0105639136525813,0.800882471911778,0.3671112,0.16947226,-0.16485342,0.0,0
site1_55.png_X0_Y0,13.707068423270474,570.6299978824433,0.1151761698451712,0.0117047378706082,0.9168638431045704,24.000793,0.08996484,0.0023637451,0.04241943359375,0
site1_55.png_X256_Y0,14.001380495281635,735.163376856272,0.0977861231629906,0.0099273842825034,0.8793442645522009,17.111588,0.121179424,-0.06431871,0.2770843505859375,1
site1_55.png_X0_Y256,14.064933782856208,737.9305565017088,0.1046210788651403,0.0106204330408688,0.904083583376308,7.688751,0.13770422,-0.106981836,0.3668365478515625,1
site1_55.png_X256_Y256,14.049710583988023,818.6772120849188,0.111724647266114,0.0125220249725272,0.8798291674359192,-1.0462799,0.13877188,-0.14106157,0.6986846923828125,2
site1_56.png_X0_Y0,13.222023278529898,411.830429612443,0.1136853297599898,0.0127852996815555,0.8793828103793411,5.4144287,0.1613508,-0.13340233,0.0,0
site1_56.png_X256_Y0,13.34437210729076,354.8431219062505,0.1142549970270047,0.0119135445447286,0.917636018413174,-5.732605,0.19242918,-0.21298169,0.0,0
site1_56.png_X0_Y256,13.434242715756586,433.8591091167079,0.1221642007359216,0.0121062973069829,0.9037292975649436,0.5550232,0.14882356,-0.14401843,0.3180694580078125,1
site1_56.png_X256_Y256,12.379070159770963,166.6395129427467,0.1481071835727705,0.0168920532263019,0.9180222739602044,1.245285,0.1487762,-0.14252298,0.0,0
site1_61.png_X0_Y0,13.42160810470032,507.68330527922967,0.0945937725823709,0.0116787636939001,0.8255595417669964,-1.3766785,0.18106386,-0.18676615,0.0,0
site1_61.png_X256_Y0,12.71985629131066,223.9198794033524,0.1479952483090355,0.0163205245083144,0.9398840287388668,13.246841,0.16109344,-0.11814914,0.0,0
site1_61.png_X0_Y256,13.461311098026764,309.1157900356848,0.1351683151029651,0.0118078398375065,0.9577221115884064,6.547943,0.15020853,-0.12633404,0.140716552734375,1
site1_61.png_X256_Y256,12.601345933100225,192.397217746782,0.1344652669339076,0.0156956060289539,0.9169316895621086,38.202408,0.14203328,-0.018562768,0.0,0
site1_67.png_X0_Y0,13.169998747501598,404.731902618588,0.1012253100058573,0.013048321462544,0.8511166287393773,22.202133,0.14714864,-0.08147202,0.0,0
site1_67.png_X256_Y0,13.935838122241472,894.5554042165904,0.0936406951815429,0.0105265484100058,0.8428130077490602,-2.389328,0.19461235,-0.20665112,0.0,0
site1_67.png_X0_Y256,12.978652209173983,386.0584334300527,0.0982706993524701,0.013831377686409,0.8035026236912561,35.438477,0.13758318,-0.036986638,0.0,0
site1_67.png_X256_Y256,13.751159164998455,719.3700676422653,0.0859556402014843,0.0105837267198184,0.7985531116779452,15.704529,0.16919321,-0.12098174,0.0,0
site1_68.png_X0_Y0,13.887522438072864,558.6126038512857,0.1170786857264664,0.0136564611709416,0.9360502018983986,-1.145874,0.13658461,-0.14461154,0.636383056640625,2
site1_68.png_X256_Y0,13.828548014740312,667.1125998564463,0.0912614705850635,0.010299104749066,0.8390287238150755,-3.122589,0.15659133,-0.1674075,0.371978759765625,1
site1_68.png_X0_Y256,13.870424003912795,703.9183478860366,0.0864551787636987,0.0099714950940931,0.8348065441821002,-3.7605896,0.19166106,-0.20661396,0.0,0
site1_68.png_X256_Y256,13.22158873407557,391.6483938569386,0.1027988115085062,0.0125056672623286,0.851777196973986,-7.947937,0.20014684,-0.22984746,0.0,0
site1_69.png_X0_Y0,12.982633842180128,301.6512065521845,0.1630718025848502,0.0149526714735903,0.9174375651313448,-2.282669,0.13636045,-0.14194933,0.3058013916015625,1
site1_69.png_X256_Y0,8.94372869273026,37.95628313028757,0.4519366940578609,0.1123153763997523,0.980757279285602,-3.4593048,0.066600606,-0.10337043,0.0,0
site1_69.png_X0_Y256,12.673729491898346,288.64742833286783,0.124953042801978,0.0156136526143683,0.8602462443308145,7.756378,0.10775869,-0.057800315,0.00860595703125,0
site1_69.png_X256_Y256,11.119885482549249,77.44263550978098,0.2198033513750285,0.028353056226133,0.9211349720616692,7.540924,0.061281476,-0.007174775,0.0,0
site1_71.png_X0_Y0,13.077056134971356,292.0819133266184,0.1433731557173548,0.0141317261807485,0.9293308613546348,0.76524353,0.16777071,-0.16332251,0.0,0
site1_71.png_X256_Y0,12.061265798616262,116.6548874981948,0.2542225305450904,0.0483454028417436,0.9857395150218192,0.76828,0.1579937,-0.15847239,0.01153564453125,0
site1_71.png_X0_Y256,11.279861271129452,84.91879646650455,0.1906569522658977,0.0255166303587669,0.9054848354228644,0.18177795,0.11927943,-0.11654726,0.0,0
site1_71.png_X256_Y256,11.40863298198752,86.5456102070125,0.1995881139718351,0.0242135708738228,0.9206172228336365,1.6227722,0.11038653,-0.095198005,0.0,0
site1_72.png_X0_Y0,12.35362195384629,138.3932711427057,0.204807922243598,0.0223317906351422,0.976804394028134,3.0144806,0.16456111,-0.16005437,0.0,0
site1_72.png_X256_Y0,13.484995302926665,354.94500525638955,0.1120252760408755,0.011302748216809,0.9214260008395871,7.5442047,0.18814734,-0.16604808,0.0,0
site1_72.png_X0_Y256,11.500517995597122,74.95152647119139,0.2283576945065686,0.0242125284953811,0.9635059178772732,1.045517,0.100502715,-0.08227432,0.0167388916015625,0
site1_72.png_X256_Y256,11.319793664342058,109.5470617971526,0.2243953401757294,0.0298761274855655,0.9434926150645122,0.52104187,0.13296044,-0.11960636,0.0,0
site1_73.png_X0_Y0,13.247011199944025,231.65125132160372,0.1419749554352966,0.0124340299107566,0.9657261583340392,-1.2999268,0.18768969,-0.19449574,0.0,0
site1_73.png_X256_Y0,13.380721678245331,325.07231192629746,0.1276986011347912,0.011831702791216,0.9382888131909688,0.44914246,0.19491366,-0.19562696,0.0,0
site1_73.png_X0_Y256,11.230865527474702,85.76797716023407,0.2274136959909568,0.0293275253385445,0.9593188165853284,-0.20419312,0.12558594,-0.12121048,0.0,0
site1_73.png_X256_Y256,11.003414271236435,76.4204593335552,0.2318661664457242,0.0315054000199481,0.9539533091472244,0.06619263,0.13542989,-0.1334472,0.0,0
site1_74.png_X0_Y0,13.226394888576737,302.66627658232755,0.1284524304664531,0.0128973709502183,0.9354649913961725,6.923645,0.16848978,-0.14813563,0.0727386474609375,1
site1_74.png_X256_Y0,12.753598549131926,290.682100153795,0.1111606973277249,0.015275425345226,0.8442124555013661,25.952805,0.14261311,-0.057328295,0.0,0
site1_74.png_X0_Y256,13.25070823531161,299.0564143598629,0.1222654484707475,0.0124812597630608,0.9266316232187042,7.893036,0.1661408,-0.13933653,0.0,0
site1_74.png_X256_Y256,12.973237476238566,339.01778699899785,0.1065801106691325,0.0141500883159609,0.840942984966342,20.352371,0.14705737,-0.08428917,0.0,0
site1_83.png_X0_Y0,14.025446940834726,793.3910824112106,0.0835792542654784,0.0095223242177999,0.8362957320560269,36.32939,0.11902226,-0.009487931,0.0521392822265625,1
site1_83.png_X256_Y0,14.033512603020457,738.4661852111929,0.1038044154375808,0.0108573789351009,0.8952349546113629,17.468796,0.14106685,-0.09555428,0.128173828125,1
site1_83.png_X0_Y256,13.946005755377712,743.5480113868502,0.0864724941881764,0.0096941113090927,0.8556461750359771,13.961456,0.13197385,-0.07892704,0.0168304443359375,0
site1_83.png_X256_Y256,14.05151470834781,738.4941546971042,0.0947648395281924,0.0093216581490614,0.8816975342108422,1.0157471,0.1663658,-0.16239443,0.1207427978515625,1
site1_84.png_X0_Y0,13.900066476570004,579.2899314566474,0.0991793203225749,0.0099018500792309,0.9098862472205664,19.992569,0.14135507,-0.07991896,0.0,0
site1_84.png_X256_Y0,13.817643196764346,548.044827830647,0.1061563814037255,0.0104530911825018,0.9239270901936943,17.237015,0.13254885,-0.069918945,0.0,0
site1_84.png_X0_Y256,14.045958758990386,698.1814840896365,0.0893011351938452,0.0092943618009708,0.8847878284225728,-1.797699,0.17508587,-0.1828509,0.0,0
site1_84.png_X256_Y256,13.940114879311842,623.0760919027557,0.1007012907233979,0.0098815430877032,0.9105984988602038,-3.7384186,0.19070122,-0.20576385,0.0490875244140625,0
site1_85.png_X0_Y0,13.972983496272246,721.7705867935505,0.0946926243626558,0.0096981216128589,0.8687445552432697,21.927826,0.12215321,-0.039808698,0.0,0
site1_85.png_X256_Y0,13.969048182453754,783.3139564410595,0.0885300315945547,0.009938457907988,0.8636552758458629,35.75116,0.08705354,0.058510285,0.0,0
site1_85.png_X0_Y256,14.127073051575572,764.0235442498085,0.0979726177829658,0.0091306514408828,0.8893994141250707,-2.0704193,0.16258612,-0.17185012,0.8046722412109375,2
site1_85.png_X256_Y256,13.79934995502006,776.7449584144548,0.0862729910919033,0.0104198665808284,0.8138424615736253,31.223816,0.08795422,0.04409977,0.076324462890625,1
site1_86.png_X0_Y0,13.384419736317945,310.1877905733312,0.1427857177446326,0.0132246506768012,0.9592913821595026,15.344269,0.15057112,-0.10239576,0.5760040283203125,2
site1_86.png_X256_Y0,13.11879038270412,230.799161305148,0.1524918617420715,0.0140608335581476,0.9737411593798172,16.82814,0.14649314,-0.095226645,0.7050628662109375,2
site1_86.png_X0_Y256,12.99642721173234,397.459805678723,0.1005626059561313,0.0141594162891085,0.8092022025604658,34.13176,0.1334076,-0.012659386,0.0,0
site1_86.png_X256_Y256,11.85462331103241,200.8663338169312,0.1306923326786068,0.0210887020794116,0.7730124950576328,55.801804,0.1431531,0.03644625,0.0,0
site1_96.png_X0_Y0,13.93183777468008,764.6608806258487,0.0872686218622871,0.0097692128918352,0.8486801970578824,1.6821136,0.15617925,-0.15189067,0.0,0
site1_96.png_X256_Y0,13.948612344720429,765.3869770641202,0.089725448038122,0.0098852316622333,0.8645358309363597,-1.5106506,0.16167739,-0.1659497,0.0,0
site1_96.png_X0_Y256,13.951304066883855,686.8003149029229,0.1040814828202602,0.0108238302653837,0.8970778123643546,-2.2790833,0.1654411,-0.17415833,0.12896728515625,1
site1_96.png_X256_Y256,13.692694696456511,523.3686481161146,0.148508672361131,0.013262224026616,0.9405890904017477,-0.057373047,0.1363111,-0.14412786,0.42645263671875,2
site1_97.png_X0_Y0,13.820924884745942,614.6654770100549,0.089781585678053,0.0100878508670784,0.8629277457147408,1.270752,0.16989128,-0.15978326,0.0,0
site1_97.png_X256_Y0,13.668370365469684,442.1538965181727,0.1114834286201578,0.0107614013346015,0.925188648425168,0.60813904,0.17008102,-0.16831087,0.049530029296875,0
site1_97.png_X0_Y256,13.502086099838351,508.5214931456733,0.1706003710700973,0.0161467024462796,0.9498267411859422,-0.17982483,0.14148964,-0.14413694,0.6485443115234375,2
site1_97.png_X256_Y256,13.826847956365713,693.9734919862756,0.0934143244784247,0.0102290904976521,0.8365330347128115,3.0355682,0.1605897,-0.1516764,0.1170654296875,1
site1_98.png_X0_Y0,13.745413615527236,456.1587193627446,0.1202297031666005,0.0107108114401662,0.936267406753756,2.565689,0.15128526,-0.14367692,0.3214874267578125,1
site1_98.png_X256_Y0,13.794882188806064,687.6026996227605,0.1170150088355682,0.0145745326229485,0.9064639317042712,11.997253,0.12674466,-0.082803935,0.2566375732421875,1
site1_98.png_X0_Y256,13.655903826396043,532.1379899558,0.1439420994315591,0.016306277774358,0.9425793668385544,-1.2206116,0.13809451,-0.145025,0.8228912353515625,2
site1_98.png_X256_Y256,13.558429491252951,485.7591676729155,0.1442692067244882,0.0150359590987143,0.9519542299964922,-1.9997101,0.14435127,-0.15423983,0.7227020263671875,2
site1_99.png_X0_Y0,13.581342387286146,590.6086432502279,0.1445875295807485,0.0151833651301915,0.9209226826118398,11.013687,0.11086708,-0.07410097,0.268768310546875,1
site1_99.png_X256_Y0,12.841578330494473,429.4773744173396,0.1217222010963104,0.0162589562637886,0.8741074386790989,41.522675,0.14319345,-0.0018468658,0.1083526611328125,1
site1_99.png_X0_Y256,13.329110019832402,410.0106746804349,0.1370611763564465,0.0147771784980933,0.9352027140997664,12.66066,0.14009416,-0.095840216,0.08135986328125,1
site1_99.png_X256_Y256,11.859633725269305,197.4141626868394,0.1338129732695285,0.0212892439938904,0.8323085359141558,27.432785,0.17138669,-0.08144288,0.0,0
site1_109.png_X0_Y0,13.35611499655309,415.72539295284935,0.168525789240111,0.0199802808915231,0.9622614827283376,3.0269165,0.12055324,-0.100454554,0.4590606689453125,2
site1_109.png_X256_Y0,13.017011126416596,427.0318561070592,0.1462767450806557,0.0177659510085109,0.9262571250938454,1.7557068,0.115431525,-0.09958641,0.1313934326171875,1
site1_109.png_X0_Y256,13.225352859654548,304.18757492611064,0.1118378743640062,0.0126083848685845,0.9215323335167408,17.77118,0.14864789,-0.08754435,0.0,0
site1_109.png_X256_Y256,13.527102815077384,492.6786444366492,0.1116945582830985,0.0113159268653893,0.8908183339388595,4.5233765,0.15775368,-0.13674396,0.0,0
site1_110.png_X0_Y0,13.973161456268656,796.6753374904051,0.0902502454563436,0.009784595301322,0.8585619409272727,10.609528,0.1335359,-0.09953977,0.0291290283203125,0
site1_110.png_X256_Y0,13.867239698567673,641.9043845966904,0.1037062821368521,0.0105205334374221,0.9066906760609902,5.4524994,0.14769092,-0.13098064,0.227386474609375,1
site1_110.png_X0_Y256,13.562781366868643,407.587729944628,0.1420241473200151,0.0139759239301742,0.9522644197898952,-0.8796234,0.14091615,-0.15077594,0.54827880859375,2
site1_110.png_X256_Y256,13.322587085509358,474.33650032441824,0.1664505963582455,0.0265477456022643,0.9574483820958068,-0.003540039,0.14385085,-0.14645237,0.994110107421875,2
site1_111.png_X0_Y0,13.460024993965336,439.6677245230292,0.1566554909026012,0.0176254355359402,0.9571794634773174,-2.285675,0.15399072,-0.16659343,0.5841217041015625,2
site1_111.png_X256_Y0,13.619098485644503,506.0205914642317,0.1499285547507779,0.0192913202516323,0.950102771769876,-2.5548553,0.1550612,-0.16509661,0.6793365478515625,2
site1_111.png_X0_Y256,13.472712967841671,495.3488338620028,0.1666586628345861,0.0219210383270331,0.9563709291439598,-2.6020203,0.13005987,-0.14674184,1.0,2
site1_111.png_X256_Y256,13.784994882894384,602.7299654880642,0.1371289773648978,0.0121855039702047,0.9386346228416677,-2.4261932,0.12704161,-0.13844585,1.0,2
site1_123.png_X0_Y0,13.687205480198845,482.2917034013488,0.1141208926722451,0.0110003767967426,0.9072510666787094,12.186035,0.15280774,-0.11522521,0.3427581787109375,1
site1_123.png_X256_Y0,13.753016590984092,478.5837924716527,0.1303063814943145,0.0106581798634227,0.9387841985735448,4.219406,0.153723,-0.13878179,0.704345703125,2
site1_123.png_X0_Y256,12.80604789625843,341.38924271914897,0.1032298726359871,0.0145004551080118,0.7980795872475092,12.646942,0.17190564,-0.1368919,0.0,0
site1_123.png_X256_Y256,12.92980193524596,342.16643694733165,0.102371769831093,0.0139060630733226,0.825568859545106,17.359848,0.16642562,-0.11367659,0.0,0
site8_25.png_X0_Y0,12.497004369037397,292.4020490466441,0.0775999716032924,0.0151056910482212,0.7323785293165308,23.377197,0.1817459,-0.12605025,0.0,0
site8_25.png_X256_Y0,12.165360157361748,270.7190572886668,0.0798247517056929,0.0172366404359744,0.6440906662952082,23.308853,0.19034702,-0.13287148,0.0,0
site8_25.png_X0_Y256,13.088568959209956,505.5740235125898,0.0601441855001678,0.0125618424650728,0.7592598709305718,22.306625,0.17944232,-0.12637374,0.0,0
site8_25.png_X256_Y256,13.62728174435509,496.78236536126497,0.0720401347126753,0.0104591540001088,0.9123520877176512,33.394943,0.11936858,0.031884205,0.0,0
site8_26.png_X0_Y0,12.796902799571937,380.4426716737591,0.070772511950615,0.0137695480574505,0.7092747801079202,26.745407,0.18292323,-0.11896086,0.0,0
site8_26.png_X256_Y0,13.010337004283256,404.91154839785247,0.0701035274401481,0.0125779237381017,0.7656338971131942,22.040222,0.18445152,-0.13828257,0.0,0
site8_26.png_X0_Y256,14.024821968049942,835.2442614919745,0.0567290186848317,0.0089445950364466,0.8202876829244385,37.384323,0.11783763,0.023695648,0.0,0
site8_26.png_X256_Y256,13.565397929946364,683.0232317648105,0.1005366054831269,0.038976665402646,0.8967650650017456,32.888977,0.12138492,0.007868132,0.0,0
site8_35.png_X0_Y0,13.577587297969815,703.7512722120563,0.0784208646677217,0.012069812624572,0.8806305134831953,16.398727,0.1560992,-0.0662515,0.0,0
site8_35.png_X256_Y0,11.49650019762421,686.9390605628598,0.1742868655033219,0.0346045251070311,0.931653076251785,10.250351,0.028878003,0.18508731,0.2435150146484375,1
site8_35.png_X0_Y256,13.519051083756793,911.8398060692688,0.0856644959932861,0.0135513676538952,0.8385711901280627,17.932907,0.14675859,-0.024517378,0.0,0
site8_35.png_X256_Y256,10.871864341814424,701.9485682942549,0.1965881011573145,0.0405841719748436,0.9320223517982142,9.912277,0.03741108,0.18344483,0.1891937255859375,1
site8_36.png_X0_Y0,14.493267212168714,2414.640702884603,0.0355446672090996,0.007968238160782,0.6866658371633079,-3.693283,0.14216366,-0.15668908,1.0,2
site8_36.png_X256_Y0,14.471182742876184,2100.300335883379,0.0351589118964392,0.0076707913079537,0.7132565000229765,-3.068756,0.14262015,-0.1582408,1.0,2
site8_36.png_X0_Y256,14.401543959480366,2415.854471507233,0.0376776790018327,0.0088892201716351,0.675462591273709,-2.6549835,0.14840172,-0.15978849,1.0,2
site8_36.png_X256_Y256,14.41930020482255,2107.875226850783,0.0382495926508708,0.008233736068284,0.7163657882662932,-2.0213928,0.14527586,-0.15775691,1.0,2
site8_37.png_X0_Y0,14.208497294585731,1510.212028741938,0.0395881045917149,0.0081983362732564,0.7633983744556138,-4.6092224,0.14540905,-0.16609874,1.0,2
site8_37.png_X256_Y0,14.16920818333392,1419.9165652633396,0.0375472163988073,0.0082496596331488,0.7448905165916537,-7.4270782,0.14805204,-0.17510065,0.9995880126953124,2
site8_37.png_X0_Y256,14.277263485528756,1598.0169399238912,0.04231088250394,0.0081945440472932,0.757734560182595,-2.7837067,0.14323133,-0.15734032,1.0,2
site8_37.png_X256_Y256,14.085859451851912,1237.4443330990002,0.046782762197579,0.0086463588947957,0.7626793083033784,-5.2004395,0.14245103,-0.15800476,1.0,2
site8_45.png_X0_Y0,12.023134993846156,1197.8451520000322,0.1493790625433417,0.0322592621975426,0.5652519331341351,19.600372,0.06801261,0.13837692,0.0,0
site8_45.png_X256_Y0,12.038870115283226,711.2268415844834,0.1686758154043554,0.0332316895767331,0.8000780425069015,25.49585,0.016831607,0.25538117,0.034088134765625,0
site8_45.png_X0_Y256,12.879753500877523,1194.7793839211276,0.1118665214558285,0.0228403789969802,0.7733892975814243,31.39,0.080987036,0.13549763,0.0,0
site8_45.png_X256_Y256,13.55888169930616,1125.9949754602414,0.0768566703040761,0.0139567696421229,0.6851491159698488,48.302505,0.021987563,0.28206354,0.0,0
site8_46.png_X0_Y0,14.432994735431311,2130.1649262753194,0.0474034000789785,0.0094950549579506,0.7791363168729291,11.702911,0.12502848,-0.06544961,0.768218994140625,2
site8_46.png_X256_Y0,14.247912111600854,1649.781871050132,0.0688306438711606,0.0168972630914545,0.8345390984394292,9.880066,0.12214137,-0.062295172,0.772308349609375,2
site8_46.png_X0_Y256,14.354011273652423,2065.523770545067,0.0407959170552478,0.008181258240998,0.5486605578361263,55.86554,0.06625599,0.22074036,0.0,0
site8_46.png_X256_Y256,14.080337735914334,1678.156779378828,0.046844983782327,0.0092592784714596,0.5597150686198384,48.417435,0.07393981,0.20538509,0.0,0
site8_47.png_X0_Y0,14.250241821649812,1315.1174653829291,0.0466854575612472,0.0086784141510104,0.825496776532118,17.366287,0.1134124,-0.031850852,0.6968841552734375,2
site8_47.png_X256_Y0,14.244004738737504,1062.6472924626314,0.0511200910361718,0.0083746008949059,0.8615741088950977,14.911514,0.12103096,-0.035718977,0.6417999267578125,2
site8_47.png_X0_Y256,13.56335250959807,837.8261811112593,0.0588145071209926,0.0103117576990808,0.6586652785451167,39.36728,0.111772865,0.09879054,0.0,0
site8_47.png_X256_Y256,13.167664212469417,701.3928033689222,0.0858073999987738,0.0137845891270304,0.7015107358264636,34.28987,0.08467893,0.15797615,0.0,0
site8_48.png_X0_Y0,13.86662640810585,877.5743489583681,0.1335050415721763,0.013523694466507,0.9030173247809162,18.186127,0.10358543,0.016159914,0.06915283203125,1
site8_48.png_X256_Y0,6.4546413476858735,373.75419529153953,0.6270781180703595,0.5956959680336466,0.942734393971109,12.0802,0.0475149,0.01553864,0.0,0
site8_48.png_X0_Y256,13.757621303825136,801.0860423425056,0.0568425951672157,0.0095353187093297,0.7259322743939027,41.3945,0.09934917,0.115795255,0.0,0
site8_48.png_X256_Y256,12.612571198996884,479.3827080780303,0.1873877938827811,0.1005701379426332,0.936727004993612,12.207672,0.11852289,-0.061237954,0.0,0
site8_57.png_X0_Y0,14.067041314167753,2364.4880714602464,0.060493945283574,0.0118286871547935,0.5190127760222158,48.434006,0.034036994,0.32550782,0.0,0
site8_57.png_X256_Y0,13.889648336006816,2083.668849751608,0.0594161069262682,0.0118691492168015,0.5019811354403603,42.306747,0.0059705693,0.38964522,0.0025787353515625,0
site8_57.png_X0_Y256,14.783801695448936,2182.369532827211,0.0385535702355465,0.0066842650720929,0.6652175046306724,16.913803,0.18319009,-0.09649327,0.415252685546875,2
site8_57.png_X256_Y256,14.240524376471004,1899.380706999798,0.0740019253554316,0.0235870560931089,0.6981798252980123,-4.4718018,0.21771654,-0.23389894,0.45465087890625,2
site8_58.png_X0_Y0,14.375446529236926,1885.472764576964,0.0548077906123202,0.0105747616902893,0.7099164189562859,48.720184,0.035247896,0.3077817,0.06201171875,1
site8_58.png_X256_Y0,13.963217372887284,1207.955888255173,0.0726918300681189,0.0115863718462865,0.8098966423657714,29.827652,0.08790238,0.15956661,0.0,0
site8_58.png_X0_Y256,9.78164290719075,431.0893738435945,0.3790619150954487,0.2919397052555833,0.9018309329113696,3.0740356,0.16851264,-0.16167305,0.5357818603515625,2
site8_58.png_X256_Y256,12.667846216486137,352.0242354202735,0.0824647228635343,0.0160365493469119,0.8442828618458229,8.281784,0.20563892,-0.18890265,0.0026702880859375,0
site8_65.png_X0_Y0,14.701329989290777,2201.479483026572,0.0416016681347179,0.0071420224502585,0.6924703655403165,81.53024,0.035319474,0.29965463,0.0,0
site8_65.png_X256_Y0,14.225901805007812,1200.877708648801,0.0551938387791346,0.0082592140756439,0.7462929707927766,30.627441,0.16431335,-0.05104687,0.008575439453125,0
site8_65.png_X0_Y256,14.44258416076162,2065.2894258521733,0.0459193224940213,0.0083725740721907,0.642461742501455,54.144424,0.056300566,0.22542171,0.0,0
site8_65.png_X256_Y256,14.560755188960744,1860.628120089199,0.0406838760950431,0.007246382695595,0.6665499302131609,83.428314,0.034038834,0.31580174,0.0074005126953125,0
site8_93.png_X0_Y0,14.421132260395296,1478.824588034119,0.0424524233550324,0.0076020598687815,0.7200227121267133,73.13512,0.04120356,0.2315169,0.0,0
site8_93.png_X256_Y0,13.014846989467038,460.7272351829813,0.0666954425408564,0.0136682664614688,0.7955550505652165,35.082825,0.14927378,-0.075082324,0.1787872314453125,1
site8_93.png_X0_Y256,14.240250995244356,1583.31982045684,0.0441315539298046,0.0084822104786816,0.6423404903917775,67.02144,0.018811643,0.2784709,0.0,0
site8_93.png_X256_Y256,13.972198568112471,747.4624944132177,0.0553845944367419,0.0089181445012322,0.8247114957194139,61.3853,0.09001416,0.10490899,0.011505126953125,0
site8_103.png_X0_Y0,14.346831597649334,1523.1912934029183,0.0423144064727279,0.0078920909783001,0.671833207350869,73.52876,0.022193886,0.27210686,0.0,0
site8_103.png_X256_Y0,13.9659796549165,855.7950785154977,0.0508756374315735,0.0089139176872253,0.7857223223698686,72.02034,0.04857517,0.2138128,0.0,0
site8_103.png_X0_Y256,14.275564410866927,1223.2956835262346,0.0449260032488674,0.008035530945091,0.753625923067435,72.14346,0.033236876,0.23902416,0.0,0
site8_103.png_X256_Y256,13.79272317206456,646.9987633362252,0.0570524552886395,0.0094269576758149,0.841373957178335,52.17749,0.09728586,0.07174452,0.0,0
site8_104.png_X0_Y0,14.40101000666682,1438.1695425289224,0.0479109594439776,0.0081775158990641,0.7721360345524602,36.351517,0.13204913,-0.0025239252,0.12640380859375,1
site8_104.png_X256_Y0,14.130058587525395,1102.4362037437936,0.0492913093707555,0.0086075845740639,0.7684625132486234,28.077866,0.16431291,-0.057689123,0.0,0
site8_104.png_X0_Y256,13.824606972850912,1411.4842351952202,0.0541402985073997,0.0105828897025405,0.611829331528031,32.901962,0.08347055,0.09954067,0.1462860107421875,1
site8_104.png_X256_Y256,14.261958371106854,1341.2238649198275,0.0420604580158813,0.0079606257822727,0.6762890175000893,29.265762,0.17345141,-0.07328946,0.0,0
site8_113.png_X0_Y0,14.26524838743681,1296.7120731510674,0.0452106517013868,0.0081832209926682,0.7298122760337398,63.835373,0.031694945,0.23920818,0.0,0
site8_113.png_X256_Y0,14.236942318846776,872.2329556390503,0.049807380426138,0.0079586416486557,0.8490081167317781,42.74254,0.11679146,0.011403291,0.0,0
site8_113.png_X0_Y256,14.164876765648554,1219.0752435362474,0.0496109029312432,0.0087336552156885,0.7501324046555466,62.493546,0.030100867,0.24440376,0.0,0
site8_113.png_X256_Y256,14.450583106090123,1214.7810113598157,0.0445267194087663,0.0073435887467755,0.7881031177819458,53.171524,0.092423394,0.07602755,0.0,0
site8_114.png_X0_Y0,14.015249459576708,1192.96016144649,0.0563433296146737,0.0104070176921861,0.7947855931235195,39.05229,0.13188788,0.011852253,0.0,0
site8_114.png_X256_Y0,14.488452251365972,1462.0877768468113,0.0459346385644544,0.0075139820468265,0.7535544839436568,24.691925,0.17345071,-0.09383519,0.0,0
site8_114.png_X0_Y256,14.24502211583733,1136.1460380322956,0.0507132424614309,0.0083613293003403,0.7982950287256707,37.256973,0.16190198,-0.044310465,0.13763427734375,1
site8_114.png_X256_Y256,14.237067244703235,955.2445409067484,0.0529612662375046,0.008126763885884,0.8409170642852565,24.651672,0.18962005,-0.12210547,0.0,0
site8_123.png_X0_Y0,14.040440688695844,1260.0304585227027,0.0511515712376813,0.0092300022826337,0.7028760569392829,58.213745,0.021630209,0.26556793,0.0,0
site8_123.png_X256_Y0,14.404371009679654,1412.0924882858717,0.0463362669726756,0.0079075831529262,0.7721257724199003,67.00076,0.034341644,0.24278615,0.0,0
site8_123.png_X0_Y256,14.054425461723168,1142.358254187189,0.049269760222568,0.0089305144506531,0.7172831336566261,59.791275,0.02916586,0.25137532,0.0,0
site8_123.png_X256_Y256,14.35915472788427,1634.5400611845112,0.049240250155054,0.008522439463916,0.7185037728145715,55.747894,0.04914528,0.18170744,0.0,0
site8_124.png_X0_Y0,14.544831988143258,1613.7389836691077,0.0464890264738571,0.0082092217334648,0.7223463286851904,21.097244,0.16145189,-0.0989139,0.515533447265625,2
site8_124.png_X256_Y0,14.505028196196584,1444.253017529294,0.0547617894518835,0.0078017506802113,0.81353526380607,15.445038,0.16417237,-0.12012404,0.50921630859375,2
site8_124.png_X0_Y256,14.369118611736637,1300.1200121198,0.064030413072063,0.0184602086181125,0.8236217653940311,36.3938,0.12157299,0.016052343,0.1965179443359375,1
site8_124.png_X256_Y256,14.53432833881234,1575.6215609381898,0.0400017208629942,0.0073120290907423,0.6967337067934252,35.739075,0.1441568,-0.017941322,0.2459716796875,1
site8_133.png_X0_Y0,14.0135866454827,1174.2420804949818,0.0493821604309591,0.0090490274794075,0.6864526637683218,57.21982,0.027390344,0.2538019,0.0,0
site8_133.png_X256_Y0,14.717240578053246,1961.1549567775871,0.0371353661403967,0.0067150069790548,0.6818457242106941,73.76985,0.03463229,0.24152575,0.102142333984375,1
site8_133.png_X0_Y256,14.02584675247516,1311.1942761048958,0.0574562427044431,0.0098930765417106,0.7180571979420349,57.184006,0.021848958,0.26717016,0.0,0
site8_133.png_X256_Y256,14.54120220974626,1727.6549935421967,0.0367092822502078,0.0072248832861992,0.6375813391440888,44.72229,0.1194462,0.013963545,0.204437255859375,1
site8_134.png_X0_Y0,14.34126600167574,1297.7024623643445,0.0442915389638284,0.0079097199051361,0.7341479610698707,36.604675,0.1270348,0.008428289,0.197357177734375,1
site8_134.png_X256_Y0,13.638380571460369,997.2385522996684,0.0692956659708377,0.0118725450907814,0.7324412721023577,46.7554,0.07566632,0.16897911,0.0,0
site8_134.png_X0_Y256,14.103367265116752,1055.2277506098017,0.044124259452147,0.008413985200376,0.7139761414434973,38.01912,0.14099473,0.0032858416,0.0098114013671875,0
site8_134.png_X256_Y256,14.364537349578146,1189.836021662435,0.0530205237627395,0.0083161171870136,0.82107916836933,30.504608,0.12931946,-0.008233752,0.3274078369140625,1
site8_135.png_X0_Y0,14.430095599245618,1463.400676002096,0.0450723507129877,0.0078166354318439,0.7391951086880351,38.312546,0.13079178,0.032817706,0.1192626953125,1
site8_135.png_X256_Y0,12.810781476162608,503.9945597696813,0.060071642092816,0.0141959767138569,0.6125618208517297,9.59343,0.20403144,-0.18234783,0.0,0
site8_135.png_X0_Y256,14.14874754773594,1112.4286574875466,0.041746610037549,0.0082802836110131,0.6897209802307708,31.222855,0.16367121,-0.04154214,0.041046142578125,0
site8_135.png_X256_Y256,12.955556716578016,557.5326105193919,0.0568935951860544,0.0134241040195355,0.6112566470871296,6.3170776,0.21185099,-0.19667293,0.0,0
site8_143.png_X0_Y0,13.733846170231091,1132.0148694012887,0.0587572201320239,0.010594090420239,0.6486667439368958,48.48143,0.024333946,0.2589904,0.0,0
site8_143.png_X256_Y0,14.38558513189023,1324.657534707361,0.0446957919437748,0.0078361319087472,0.7643888812532643,49.723526,0.061547134,0.16156122,0.148529052734375,1
site8_143.png_X0_Y256,13.74643432790945,1245.2329139935214,0.0562979355678908,0.0105145848003815,0.5968856761580772,46.799057,0.027633563,0.2598498,0.0,0
site8_143.png_X256_Y256,14.31192078169889,1291.2157525801708,0.048453423576924,0.0087655045817073,0.7584126797146861,56.798035,0.098878965,0.08146063,0.230133056640625,1
site8_144.png_X0_Y0,14.521233081864274,1400.962158409729,0.0501495842075444,0.0079069894451691,0.7989954773310499,23.847488,0.14560215,-0.05387729,0.35272216796875,1
site8_144.png_X256_Y0,14.664545609349885,1692.1536148958448,0.0488888501983112,0.0075676043136096,0.7952318843595261,17.285004,0.13193646,-0.05587722,0.4524078369140625,2
site8_144.png_X0_Y256,13.88983061208966,1459.9518306059451,0.0942315593438564,0.0340375433967759,0.8012705681822349,4.876953,0.15573044,-0.13844147,0.8085174560546875,2
site8_144.png_X256_Y256,13.450480408523973,1679.8216518435029,0.1178344903707425,0.0486507629182161,0.7353062540519959,-5.5292206,0.16678444,-0.17964357,0.9324951171875,2
site8_145.png_X0_Y0,14.198134436872987,1308.9178523436112,0.0489493821854184,0.0085432407863012,0.729477683307568,33.21193,0.16099,0.004880541,0.0,0
site8_145.png_X256_Y0,13.841844358799378,817.5019610245954,0.0602474179541431,0.0097582250757834,0.8367878320097251,17.435516,0.18797696,-0.08735481,0.0,0
site8_145.png_X0_Y256,13.503342582328877,1053.7085036255903,0.1010817137076737,0.0175903495329369,0.8131222002598777,22.583115,0.099158294,0.08230979,0.0,0
site8_145.png_X256_Y256,13.74439305289294,1196.2671315120565,0.1399740855072601,0.0399958613619088,0.8749232478043093,17.996109,0.16650604,-0.08121822,0.2739410400390625,1
site8_146.png_X0_Y0,13.78699634762813,747.7882596086818,0.0656507051863151,0.010201401367256,0.8773181405789381,23.327133,0.17909625,-0.055004332,0.0,0
site8_146.png_X256_Y0,13.680135041269205,729.4951428687746,0.0823406591495729,0.0115118165848377,0.8831291133733128,24.468018,0.15531528,-0.003087081,0.026824951171875,0
site8_146.png_X0_Y256,13.996374758990278,794.3182906213763,0.081882092295796,0.0098148128718996,0.8892501574003805,3.481781,0.21422601,-0.1991993,0.2760162353515625,1
site8_146.png_X256_Y256,13.299218489381945,577.7828064175925,0.092016707513207,0.0136517274645818,0.9038367984132538,-2.5897064,0.21389031,-0.22178975,0.20770263671875,1
site8_147.png_X0_Y0,14.019827814166655,956.4233817673124,0.0685789195140163,0.010079616276697,0.8412933837151066,22.630081,0.14056505,0.0055906624,0.11492919921875,1
site8_147.png_X256_Y0,13.761531448115283,1233.283767105927,0.1297226183183411,0.0141093070607496,0.8777621998637132,4.1379395,0.17837323,-0.15562533,0.3232879638671875,1
site8_147.png_X0_Y256,13.076269283039656,525.6038997771302,0.0892905655583945,0.0148286252039336,0.8606996519301333,-4.4987793,0.18284084,-0.19624636,0.209747314453125,1
site8_147.png_X256_Y256,13.689207795059676,1092.620643637798,0.1289005654726843,0.0151624855494549,0.8571643385425217,-2.970398,0.19376358,-0.22738248,0.7272491455078125,2
site8_155.png_X0_Y0,12.418540929226252,470.5883965903034,0.1493786515666752,0.0267344998782218,0.9063551953135276,12.899719,0.1694293,-0.081313506,0.0,0
site8_155.png_X256_Y0,12.271909338966063,570.8568305310168,0.1666388516302359,0.0235441027834908,0.8658922350293543,4.5052795,0.14734232,-0.12964848,0.0,0
site8_155.png_X0_Y256,13.075350452708772,572.3645648458821,0.1112700851972482,0.016558545093146,0.8771438696236404,9.527512,0.16999984,-0.09647948,0.0,0
site8_155.png_X256_Y256,12.308885838489584,419.84877715307886,0.1768845261836805,0.0218405187490046,0.9382534471493562,3.5146332,0.10999745,-0.10175861,0.0,0
site8_156.png_X0_Y0,12.962051271776742,574.1145919989245,0.1709940993270331,0.0200389828696141,0.9583598180382714,-6.664139,0.18314955,-0.23137087,0.632110595703125,2
site8_156.png_X256_Y0,13.555106963308292,1112.3358629193222,0.1212828843865631,0.0203158107828442,0.8960737366468496,-7.4939117,0.18025398,-0.20513523,0.9527435302734376,2
site8_156.png_X0_Y256,13.775031258459132,1218.227605968968,0.0695731047011294,0.011662583622833,0.6883905785257003,-7.04805,0.12232576,-0.14597993,0.545166015625,2
site8_156.png_X256_Y256,14.290160579346622,1814.97716235944,0.0324300457042883,0.0078692673912452,0.4661466214615066,-8.254272,0.17854792,-0.20093378,1.0,2
site8_157.png_X0_Y0,14.012255574808204,1332.6016693850054,0.0602698447899053,0.0098822261307353,0.6732849299793934,-10.688019,0.20338896,-0.23823845,0.667724609375,2
site8_157.png_X256_Y0,12.971124907369198,706.5930361819486,0.1017959317443468,0.016557064067385,0.9070075281883104,-6.871887,0.21660599,-0.26022142,0.193115234375,1
site8_157.png_X0_Y256,14.331788632041883,1578.610135284546,0.050500240668768,0.0081560866556396,0.6649585373418396,-7.7780304,0.2019193,-0.23404142,0.819580078125,2
site8_157.png_X256_Y256,12.46402126503309,452.8471919303729,0.107608657537926,0.018226949507928,0.9189553386628584,-6.285904,0.19424775,-0.22703347,0.0911407470703125,1
site8_166.png_X0_Y0,13.56586609615402,1071.2577687519083,0.0777949502446263,0.0129264991537325,0.6987396369331116,-6.7725983,0.111117765,-0.13470441,0.4693450927734375,2
site8_166.png_X256_Y0,14.419245108755636,2031.274148374403,0.0353532225090157,0.0076400872696004,0.5233178143358959,-9.112579,0.18685547,-0.21539447,1.0,2
site8_166.png_X0_Y256,13.564256607636516,1296.1016793422668,0.0792352824366347,0.0130477399108407,0.6297362092404055,-6.0596313,0.10190348,-0.12362379,0.4200592041015625,2
site8_166.png_X256_Y256,14.61841575896219,2558.2165673658988,0.0312897228764725,0.0070209742158513,0.4678528877330639,-9.369904,0.19225964,-0.22297224,1.0,2
site8_167.png_X0_Y0,14.27990601779587,1857.4427086187045,0.0530702328010504,0.0087002917135646,0.5763430799812961,-9.386032,0.20352569,-0.24393198,0.8176727294921875,2
site8_167.png_X256_Y0,12.57162465901088,344.87975880669615,0.1134593656355309,0.0176317143387775,0.9494808209004366,-4.253723,0.16120747,-0.16746935,0.018035888671875,0
site8_167.png_X0_Y256,14.280321856511028,2100.0789127228845,0.0592016442112831,0.009378866474898,0.5098414540694753,-8.232025,0.17677632,-0.20514882,0.9846954345703124,2
site8_167.png_X256_Y256,11.788036297355829,255.1074284680198,0.12051177261506,0.0226668258230333,0.9074330032443796,-5.4606476,0.16351849,-0.17923348,0.0677490234375,1
site8_168.png_X0_Y0,13.872081217051164,822.7764221844571,0.0748756456468777,0.0098273537652582,0.8455132104502749,18.886856,0.15492089,-0.031075597,0.0689544677734375,1
site8_168.png_X256_Y0,12.572282531440097,396.6170936358666,0.0683518809047806,0.0150335703916488,0.6048881426851587,4.8922424,0.22756845,-0.21524343,0.0,0
site8_168.png_X0_Y256,13.825856444694535,1508.0493049399051,0.1276286782953706,0.0183614723675907,0.8919975912374403,1.4682617,0.14603537,-0.13141543,0.6064453125,2
site8_168.png_X256_Y256,13.364229458034464,778.2876897107171,0.0627104179895915,0.011684610007402,0.7076392775815777,4.200714,0.21942796,-0.21411715,0.0,0
site8_175.png_X0_Y0,13.21360854739958,629.0678667009473,0.1116377492610661,0.0189323896432236,0.8870122377524557,13.922913,0.16564226,-0.07449238,0.0,0
site8_175.png_X256_Y0,13.184463573276224,1099.189266658448,0.160298173601424,0.0173407861717241,0.8778754982110415,-5.4125366,0.16963968,-0.18219303,0.2310028076171875,1
site8_175.png_X0_Y256,12.907795977553215,732.2721356870613,0.1525615126393701,0.0413744733769594,0.9188968368989666,8.387604,0.17645653,-0.11881353,0.0,0
site8_175.png_X256_Y256,13.508141323655062,1656.315101749008,0.1329371137021491,0.0178722215946611,0.8501799293756408,-7.9759216,0.23028567,-0.25809804,0.53131103515625,2
site8_176.png_X0_Y0,13.892232087275088,985.4461750289206,0.1117953292645746,0.0110733634252605,0.8450035695933669,-6.920059,0.12688698,-0.15719706,0.51336669921875,2
site8_176.png_X256_Y0,14.438337087419148,1938.375575995401,0.0356775674064711,0.007474891171019,0.5261112455856055,-9.429352,0.18563703,-0.21249166,0.988494873046875,2
site8_176.png_X0_Y256,10.394577827258257,143.42719191537117,0.1509654539549368,0.0363668389499358,0.6699160687406132,-6.173477,0.16693279,-0.17796966,0.0121612548828125,0
site8_176.png_X256_Y256,10.049529064397127,109.350208603663,0.1622513604802591,0.0405819991729469,0.6426156651064345,-7.1172943,0.16740987,-0.18059005,0.0016632080078125,0
site8_177.png_X0_Y0,14.24825483769431,1504.1314503436492,0.0545255831501686,0.0083914786243985,0.6699967969284142,-7.9619293,0.18609464,-0.21348278,0.859100341796875,2
site8_177.png_X256_Y0,11.455264138161349,211.3032605548393,0.1234700272366012,0.0237851190630477,0.6847045269160513,-4.0845947,0.15955248,-0.1673452,0.02716064453125,0
site8_177.png_X0_Y256,10.318050650005938,96.8778812686233,0.1548457986456244,0.0355035631193838,0.5889618185743817,-6.4324646,0.16001901,-0.1715728,0.0,0
site8_177.png_X256_Y256,10.861719864361946,130.64381606533627,0.1263874625536666,0.0281817873514847,0.5694527297314363,-5.1655426,0.15841037,-0.16778947,0.0,0
site8_178.png_X0_Y0,13.929127155979732,1128.1047480085026,0.1024571123719036,0.0142857883161643,0.9044588449612742,-3.190567,0.16197827,-0.19038881,0.6176300048828125,2
site8_178.png_X256_Y0,13.939234236473885,1063.915953990076,0.0571361520621781,0.009593996166502,0.7289079273623599,8.161392,0.2066614,-0.18750261,0.0,0
site8_178.png_X0_Y256,12.71166736136654,1122.7925543511728,0.1828141293306774,0.0192919254549991,0.7744099073687433,-12.3307495,0.21269956,-0.2907653,0.0,0
site8_178.png_X256_Y256,13.641607328729384,1146.877333913098,0.1101347259887858,0.0137064892227985,0.7664576071389418,-4.931183,0.22482449,-0.26018816,0.0665130615234375,1
site8_179.png_X0_Y0,13.419091824547326,725.8182239252985,0.0523155285464121,0.0112253791535292,0.6250320981438109,4.1495056,0.2107416,-0.198904,0.0,0
site8_179.png_X256_Y0,13.198474896600192,565.8282442149697,0.058936683889664,0.0121274661844343,0.6787485781571583,3.924118,0.21249291,-0.20190331,0.0,0
site8_179.png_X0_Y256,13.725869359586923,943.227704398614,0.0632304456169652,0.0138959642119642,0.8041756920596931,12.781372,0.20320266,-0.15743649,0.10113525390625,1
site8_179.png_X256_Y256,13.496545593460864,688.2763034650216,0.0533074898957479,0.0106898674258522,0.67601292229279,4.4661407,0.2355792,-0.22138862,0.0,0
site8_185.png_X0_Y0,13.515332054842164,661.7924068717746,0.0736004388237145,0.011878957657714,0.8092919176799751,9.942184,0.20586899,-0.15824285,0.0,0
site8_185.png_X256_Y0,12.450891565530696,828.0464169431627,0.2121578988003147,0.0291216816166572,0.8773566348126837,-4.482544,0.23170716,-0.2719588,0.487152099609375,2
site8_185.png_X0_Y256,13.70706712522026,700.3527415687553,0.0563172034025161,0.0097625792263843,0.7817601440097539,12.342682,0.20632899,-0.16348505,0.0,0
site8_185.png_X256_Y256,10.82511704461505,358.29539693272693,0.271796351446766,0.0447681429697801,0.841797190580853,7.307495,0.091298565,0.003184747,0.043792724609375,0
site8_186.png_X0_Y0,12.874400491164153,689.3901510536427,0.1956827897006937,0.0171833078718207,0.9417669911658976,-6.3373413,0.18845472,-0.21994929,0.6285552978515625,2
site8_186.png_X256_Y0,12.377730737245342,762.7828108780024,0.1823472878628902,0.0253684465050031,0.8521796944090729,-5.4481506,0.16780329,-0.18296668,0.4000701904296875,2
site8_186.png_X0_Y256,13.842291756138431,1325.8681516573874,0.0822506716931229,0.0111016781886654,0.761306642813012,-16.093384,0.21153744,-0.27037522,0.1192779541015625,1
site8_186.png_X256_Y256,13.886747009419947,1364.933630649839,0.0591841701124664,0.0094639755592652,0.7111820655109252,-17.263092,0.2277585,-0.2962358,0.1270751953125,1
site8_187.png_X0_Y0,11.557562606024668,370.7768370488665,0.2016745140991711,0.0263026661964636,0.7746802547097389,-6.900467,0.16399382,-0.17773466,0.18121337890625,1
site8_187.png_X256_Y0,9.40870026130758,59.02642877739409,0.2348673457331732,0.054685452255273,0.7242373903633534,-7.227234,0.15153247,-0.1660749,0.0,0
site8_187.png_X0_Y256,13.289162864080504,942.9523571163096,0.1507911746121271,0.0151439598297955,0.8435402340236495,-11.965988,0.1914033,-0.24801683,0.0338134765625,0
site8_187.png_X256_Y256,10.516653081207036,99.57860231040752,0.2231847076249564,0.0376419331268608,0.9696044953230814,-6.687134,0.13140482,-0.15082416,0.0,0
site8_188.png_X0_Y0,13.239487614211018,648.7230045235065,0.1366648727811669,0.0195999330455363,0.8475847285146344,8.702377,0.18725742,-0.15791222,0.0,0
site8_188.png_X256_Y0,13.569037658739877,897.7135171568909,0.0509706982032532,0.0111134218007051,0.633489833013296,6.2085266,0.21431857,-0.19422328,0.0,0
site8_188.png_X0_Y256,13.500700253503435,1033.0992713591047,0.1345088222136547,0.0154414700210904,0.8490379554701968,7.5547028,0.14958024,-0.122784644,0.0,0
site8_188.png_X256_Y256,12.720973470089872,441.2495476199114,0.064878694873789,0.0142230966276932,0.6034023428310769,9.6176605,0.20659035,-0.1802935,0.000213623046875,0
site8_189.png_X0_Y0,13.295178991458524,796.0562682021707,0.0561478826613865,0.0124695971067055,0.5597991080966386,-1.6540833,0.20716864,-0.21421054,0.0,0
site8_189.png_X256_Y0,13.399061267914233,772.3157096880025,0.0575487811175958,0.0118336938216244,0.6254681577236089,-4.7782135,0.21558091,-0.23277614,0.0,0
site8_189.png_X0_Y256,12.517251318192605,343.66636335784784,0.0745091675235475,0.0156702161203582,0.6834150782434684,1.7533264,0.22264276,-0.21922079,0.0,0
site8_189.png_X256_Y256,12.467090956558936,312.91345229299344,0.0803711475189547,0.0162580197560609,0.7393013294288338,0.33207703,0.22179721,-0.2223691,0.0,0
site8_193.png_X0_Y0,13.62287496133154,1174.5220399457194,0.0591434408675645,0.0114834717704187,0.6426019319317217,46.052414,0.022467691,0.25858444,0.0,0
site8_193.png_X256_Y0,14.584959856339792,1663.7575029737673,0.040123906216651,0.0070985326066831,0.7194368886086834,60.222275,0.051562704,0.18535382,0.0,0
site8_193.png_X0_Y256,13.779447174031835,1294.0988738257488,0.0552532572488974,0.0108192621054339,0.6538902956473951,49.244705,0.026143756,0.25050938,0.0,0
site8_193.png_X256_Y256,14.514546658228966,1605.6060198902449,0.0402793246466691,0.0072360054765497,0.6995118608110815,59.69586,0.05788658,0.17386504,0.0,0
site8_194.png_X0_Y0,14.20467024301068,1301.36761287729,0.0368605007269533,0.0081937305838807,0.6230418141826324,32.519073,0.15276346,-0.062614836,0.0,0
site8_194.png_X256_Y0,13.512483591610732,692.4240338001027,0.0500715138085127,0.0104456847408868,0.6804489138911779,24.621323,0.1690873,-0.10173554,0.0,0
site8_194.png_X0_Y256,14.44788285745933,1453.914099114559,0.0377791839427927,0.007429126539777,0.6819516490270938,22.38655,0.1649951,-0.09595302,0.03253173828125,0
site8_194.png_X256_Y256,13.415221823019166,699.6717622278734,0.051913439368282,0.011332900980038,0.6668161794331393,20.65358,0.17649348,-0.12975289,0.0,0
site8_196.png_X0_Y0,13.278263226509829,1074.7679349138084,0.0679145769712496,0.0127756384507347,0.6857072052779001,-17.843323,0.21965107,-0.26880535,0.0,0
site8_196.png_X256_Y0,13.09843850214148,1061.5137711456655,0.0704528565872757,0.0135960155686967,0.6818201556288535,-19.010864,0.2305211,-0.2851554,0.0,0
site8_196.png_X0_Y256,12.769952766510672,725.2882149743876,0.1892985943377713,0.0665516508971304,0.9324582526322024,-3.640564,0.16149491,-0.15023701,0.0,0
site8_196.png_X256_Y256,12.148112767078484,690.3993722066043,0.1931360286500887,0.1039405602826877,0.855441327138269,-2.6308289,0.18570514,-0.1936486,0.0,0
site8_198.png_X0_Y0,13.589585441324806,878.3893390162611,0.1034214260970292,0.0127384096928145,0.8216007418747782,1.4115906,0.17286319,-0.17612806,0.0,0
site8_198.png_X256_Y0,12.946615542026528,612.9177731371426,0.0576010048970365,0.0134966296797272,0.5241402938156897,7.606018,0.21310006,-0.19631796,0.0,0
site8_198.png_X0_Y256,13.28491089553204,858.8342243218588,0.1366079593625308,0.0174659549290406,0.852772157190894,3.502365,0.14382605,-0.12994218,0.0,0
site8_198.png_X256_Y256,13.781869983874955,1092.1774373438757,0.051474781730028,0.0103827851566703,0.6307762054677813,6.778824,0.2120719,-0.19448975,0.1996612548828125,1
site8_199.png_X0_Y0,13.023419160146656,627.403284223629,0.0569645109252122,0.0131010893097151,0.5432669686653081,1.9416351,0.2128166,-0.20943579,0.015716552734375,0
site8_199.png_X256_Y0,12.86294836287162,513.6631375552724,0.0618841748072223,0.0137726775147647,0.5712484630028509,1.75914,0.20568794,-0.20249885,0.0,0
site8_199.png_X0_Y256,12.844528284699798,541.021853989457,0.0591027447007963,0.0137259839770801,0.5254644395963858,6.241623,0.20635995,-0.19361827,0.0,0
site8_199.png_X256_Y256,12.844863194739723,522.9808257791544,0.0605469198515687,0.013694065725645,0.5449086757779952,-0.59198,0.20607094,-0.20838551,0.0,0
site8_204.png_X0_Y0,14.27357137612242,1348.582392814773,0.0499652484586183,0.0083844710277635,0.7317582468053456,65.65018,0.037073568,0.24967518,0.0082550048828125,0
site8_204.png_X256_Y0,13.902594698213772,1042.8126846044956,0.0436812513853057,0.0091772832229852,0.6297269655675785,36.020416,0.15265274,-0.05395092,0.0,0
site8_204.png_X0_Y256,14.152499153121086,1247.555993338006,0.0581526342371044,0.009412232976769,0.7726642364548402,55.05983,0.070089884,0.17134303,0.0,0
site8_204.png_X256_Y256,14.440648175462758,1454.1324704591243,0.0407077277001176,0.0074885402110584,0.702185471970872,52.25981,0.09465197,0.099555865,0.0,0
site8_206.png_X0_Y0,12.40541926058654,753.0457701816388,0.2383037793025917,0.1285104033518319,0.9214596778573548,17.96347,0.0939043,0.007880207,0.1554718017578125,1
site8_206.png_X256_Y0,12.82806811540706,1034.1106737943978,0.2084359727170751,0.1191755204418319,0.9167322520196012,14.960449,0.1334472,-0.06966687,0.0395050048828125,0
site8_206.png_X0_Y256,13.7813480839519,995.2538456663852,0.0483842960093938,0.0096460545616311,0.6347401309254532,36.15007,0.14572385,0.020529648,0.0,0
site8_206.png_X256_Y256,13.987664482074862,1091.7780010543524,0.046948674078923,0.00894030125007,0.656389923656861,33.429306,0.1433739,0.028864734,0.0,0
site8_207.png_X0_Y0,13.546402376177602,612.8309436424762,0.1257610262223045,0.0114464739524289,0.8970995392579144,0.27172852,0.15725939,-0.16013679,0.02020263671875,0
site8_207.png_X256_Y0,11.128916015397303,116.0522902549513,0.1736929604555283,0.0285462229855046,0.8858932076851652,-5.5867767,0.14775217,-0.15976012,0.0,0
site8_207.png_X0_Y256,13.992697652664956,1022.7321985384692,0.048924565466712,0.0088268236381138,0.699776612855091,22.102448,0.17112306,-0.07292872,0.01654052734375,0
site8_207.png_X256_Y256,11.635576918166244,200.65371505250897,0.1591296935121819,0.0242312012040528,0.8302512314842715,2.224121,0.14521265,-0.13622637,0.0,0
site8_214.png_X0_Y0,14.18027082546558,1144.1012292598132,0.0492896451604191,0.0083150963199722,0.751074962547846,35.832535,0.1535002,0.0033328347,0.0,0
site8_214.png_X256_Y0,14.322989694841237,1245.265594107459,0.0391932699098087,0.0077677787942287,0.7006561171377467,22.05104,0.18763548,-0.12143973,0.001739501953125,0
site8_214.png_X0_Y256,13.171516869365604,672.8349271014408,0.1018558924727666,0.0188019072847907,0.8875761048315322,14.261276,0.14976034,-0.059601948,0.0,0
site8_214.png_X256_Y256,14.217707889390343,1128.4134781244384,0.0420958826016513,0.0081167852413114,0.7164043918694696,9.806595,0.20681377,-0.17051943,0.0676116943359375,1
site8_224.png_X0_Y0,14.02812534796011,843.1796083537605,0.0501681109403459,0.0087865455477365,0.8003553831583416,4.725891,0.19579375,-0.1792799,0.0,0
site8_224.png_X256_Y0,13.793015934688604,688.4055170337057,0.0579623092568966,0.010060853412967,0.8381161810610334,11.104645,0.18273659,-0.14284162,0.0,0
site8_224.png_X0_Y256,13.468081476395495,548.0508924451941,0.0747493801001012,0.0125726582129351,0.9020618548520496,11.0989685,0.16667028,-0.12273658,0.0112152099609375,0
site8_224.png_X256_Y256,13.10735465404549,444.6427692924471,0.0903926207070192,0.0136361010825024,0.927068346210764,3.9617462,0.1795116,-0.17225361,0.0147552490234375,0
site8_233.png_X0_Y0,13.345131194363196,939.769607542768,0.1475860320244973,0.0151265924755357,0.9258182133369914,-8.560699,0.16643088,-0.18165359,0.019317626953125,0
site8_233.png_X256_Y0,13.648062103453242,1898.340946105525,0.0808678298824883,0.0122732439714446,0.751781890883497,-24.509033,0.21461803,-0.28724614,0.0,0
site8_233.png_X0_Y256,12.962471260496368,611.3714483161107,0.1208837859558487,0.0168109970544426,0.9223062990234652,-0.5361328,0.15800934,-0.1581041,0.1154327392578125,1
site8_233.png_X256_Y256,13.275393426299749,970.1159147923826,0.1054735895782732,0.0135605055752999,0.8311828133911172,-11.163376,0.18425667,-0.2232377,0.0285797119140625,0
site8_234.png_X0_Y0,12.846326203176872,1680.1538173868933,0.0710988016411911,0.0152685801513504,0.5217208306745931,-31.773972,0.23780803,-0.3431716,0.0,0
site8_234.png_X256_Y0,13.144823539373828,1048.1979664973676,0.1510743862256811,0.0152294187539004,0.8278486423688194,-14.3641205,0.1724912,-0.22571915,0.0,0
site8_234.png_X0_Y256,13.26853929415821,1269.8717975658474,0.1429042191887111,0.0194948212743682,0.83411699909752,-18.105621,0.2023994,-0.26207745,0.140289306640625,1
site8_234.png_X256_Y256,13.050753120770024,482.2939441561073,0.1492718540631887,0.0147717350587779,0.9305252952075114,-0.28164673,0.13123187,-0.1351372,0.0,0
site8_235.png_X0_Y0,12.270184796156885,499.12830559462617,0.2060291904383064,0.0241182738356319,0.9174012971288844,-14.185684,0.20105508,-0.24790007,7.62939453125e-05,0
site8_235.png_X256_Y0,13.461932130123362,499.9561680453516,0.1050253527902608,0.0116537443741314,0.9071151455430017,4.8559265,0.19868632,-0.18760747,0.01416015625,0
site8_235.png_X0_Y256,13.670230178980832,743.271102385519,0.1260582881487962,0.0130219297874008,0.9087403287229744,3.3611298,0.13714914,-0.13091248,0.0654144287109375,1
site8_235.png_X256_Y256,13.070008025178824,376.28928760873606,0.092142658452502,0.0136685262158464,0.8642221806334034,11.424515,0.17682526,-0.15225488,0.0525360107421875,1
site8_236.png_X0_Y0,12.93463626228773,425.4797006860189,0.1121742712129127,0.0170978721475514,0.9410284025118236,12.861572,0.14786686,-0.094006814,0.0,0
site8_236.png_X256_Y0,13.038528744564228,383.6887237180522,0.1408952455691594,0.0157896385924227,0.9578209207106998,15.087357,0.08939363,-0.0069510452,0.0,0
site8_236.png_X0_Y256,12.963038698573095,660.3390229269801,0.1544888402694863,0.0168509971652743,0.8755312097353579,3.2961884,0.085849516,-0.074101195,0.163360595703125,1
site8_236.png_X256_Y256,13.80132168765338,679.7382645797541,0.0949337257509665,0.0100704562154995,0.8882409485976169,11.30986,0.12704937,-0.08619517,0.0433349609375,0
site8_244.png_X0_Y0,11.47575744358845,997.4092220841444,0.2060127043662863,0.0366324271988949,0.7167979901454986,-10.432327,0.13786834,-0.1748159,0.0560760498046875,1
site8_244.png_X256_Y0,14.287277219180034,1959.9843390911915,0.0445143143797972,0.0090849295379555,0.6212672294987787,-2.8082886,0.13585982,-0.1442809,0.979278564453125,2
site8_244.png_X0_Y256,11.163012167371388,1126.6280009492057,0.1925575147983497,0.0382076583625637,0.5808562838816156,-11.664627,0.14920515,-0.19051062,0.0195159912109375,0
site8_244.png_X256_Y256,14.139760155323865,1837.2444850837503,0.0446147073762301,0.0097339380367966,0.6027024575020706,-3.5141144,0.1373674,-0.14626664,0.9992523193359376,2
site8_246.png_X0_Y0,13.85394266774344,1187.404528336646,0.1094370484480526,0.0116835453392461,0.7799430289009808,27.620422,0.044985622,0.085015796,0.179718017578125,1
site8_246.png_X256_Y0,13.817672779210554,742.7542252829364,0.0836346909723842,0.0102436174452298,0.889809444380772,27.124786,0.09811029,-0.0021399166,0.0543365478515625,1
site8_246.png_X0_Y256,14.205091136487052,1140.1107529856683,0.0515041264348736,0.0082701100813197,0.7412996541380152,35.48752,0.077431366,0.0780198,0.0,0
site8_246.png_X256_Y256,14.07597549187117,884.8655441566847,0.0541601964231714,0.0088935149116531,0.8288542645917345,39.71988,0.081746906,0.08442426,0.0,0
site8_247.png_X0_Y0,13.137983330341088,720.3523953226954,0.1664780689100275,0.0426791385969542,0.8923803762221132,14.955872,0.13400947,-0.091673516,0.0,0
site8_247.png_X256_Y0,12.994672559909937,781.2074334691617,0.2057765656806825,0.0396477040288562,0.920443068735631,42.98079,0.0124703385,0.24284863,0.0022430419921875,0
site8_247.png_X0_Y256,12.018169484009988,695.497940065093,0.2419659065614047,0.147597497336515,0.909219369401038,17.033173,0.13775027,-0.08712954,0.0,0
site8_247.png_X256_Y256,8.835446504065267,426.0019969332585,0.5202464646946066,0.363563699547581,0.969330548719994,2.8283844,0.12368068,-0.12797311,0.1837615966796875,1
site8_254.png_X0_Y0,11.40825686432938,1004.5367114661452,0.1743677440432399,0.0406711563540071,0.653712636790857,-9.323807,0.13957325,-0.17634083,0.0,0
site8_254.png_X256_Y0,14.12469763157874,1625.3431632664467,0.0423537437758479,0.0088155043823988,0.6237596020441873,-3.9246674,0.13823003,-0.14829703,0.988037109375,2
site8_254.png_X0_Y256,11.742985632055625,818.7148325764072,0.154090145939456,0.0327692140653314,0.7236136726444544,-11.29483,0.14340462,-0.18828169,0.0,0
site8_254.png_X256_Y256,14.10790270204599,1319.9045871028488,0.0466045872392764,0.008574509208481,0.6930061892340291,-3.982605,0.13890114,-0.15040399,0.9662628173828124,2
site8_255.png_X0_Y0,13.511036735673567,1187.4357658563945,0.1432647246761326,0.0653418067741013,0.8487712891838608,25.565735,0.08763161,0.05900031,0.0,0
site8_255.png_X256_Y0,13.949123110646342,796.7190085544087,0.0780920514539854,0.0096571567413905,0.8541606260231318,16.706741,0.13516015,-0.06753441,0.0,0
site8_255.png_X0_Y256,12.614894605995785,1054.5753106828477,0.1921635636861267,0.1378925786823616,0.8588270930508405,25.364182,0.13469936,-0.046925128,0.0151214599609375,0
site8_255.png_X256_Y256,12.62557047567239,588.9394010867808,0.1713065983227101,0.0211952936289537,0.8066738396568425,13.4335785,0.07180321,0.04261549,0.0,0
site13_6.png_X0_Y0,10.506395835287634,264.87136205127234,0.3799153493711179,0.2598432819842177,0.973031095032596,4.549759,0.09435773,-0.06588298,0.3403778076171875,1
site13_6.png_X256_Y0,10.176694901237422,360.4190884215232,0.3901357270904421,0.2253205051620878,0.9767918242318764,2.0632172,0.10088212,-0.09954129,0.1902008056640625,1
site13_6.png_X0_Y256,12.427809610910789,198.1930670895796,0.2379488260039065,0.023574960752516,0.9747947123430054,19.947586,0.06596637,0.024868298,0.0,0
site13_6.png_X256_Y256,12.60789970680162,343.2421427906422,0.166242838057632,0.0184741723291154,0.8321545180904213,12.387756,0.087845504,-0.06445595,0.0,0
site13_7.png_X0_Y0,9.098941648431136,302.50500497102456,0.4335616466441533,0.1844640523192347,0.9799024885536486,1.3153381,0.10263285,-0.10222049,0.04638671875,0
site13_7.png_X256_Y0,9.401161029614666,381.6845457125522,0.4235989511270337,0.151315973690424,0.9720973366294964,0.495636,0.10618375,-0.10980633,0.060943603515625,1
site13_7.png_X0_Y256,10.402687661791854,78.19211536728756,0.2943847807982381,0.0406800346462067,0.895086268451188,4.5033417,0.12435815,-0.11699824,0.00946044921875,0
site13_7.png_X256_Y256,9.794182190893356,59.45804122813385,0.3395405470262613,0.0501098679379807,0.9602681465557612,3.4763184,0.12821567,-0.1208449,0.0034027099609375,0
site13_8.png_X0_Y0,11.126712575061,203.9945393598713,0.3378267310605164,0.0934299603282905,0.9769425572738212,-1.0223389,0.108223766,-0.11365443,0.0,0
site13_8.png_X256_Y0,11.017552303504546,139.40119886281968,0.2716625053496693,0.0586526112514299,0.9532175231208668,-4.879257,0.1280096,-0.14213821,0.0,0
site13_8.png_X0_Y256,13.028255219439082,346.5400472474512,0.1869893041355161,0.0164467239082621,0.9390133197592536,3.8736877,0.11403109,-0.09546408,0.0669097900390625,1
site13_8.png_X256_Y256,10.403147327534814,108.6941607644914,0.2731229044702886,0.0420640623275139,0.9024097082014072,-2.8017578,0.13718781,-0.1442028,0.0,0
site13_16.png_X0_Y0,12.722561839778658,277.14167983770653,0.1413017697539723,0.0167527820182463,0.9392045888775464,16.537308,0.07342074,0.040815525,0.32763671875,1
site13_16.png_X256_Y0,12.8621382355355,335.68198404763143,0.1131429945955788,0.0147921571458567,0.8701316668430308,13.898071,0.10868253,-0.05692885,0.082122802734375,1
site13_16.png_X0_Y256,12.587574495622931,241.37104343883772,0.1270470230782349,0.016210395166393,0.9345829208168306,35.612488,0.028224654,0.17120996,0.0,0
site13_16.png_X256_Y256,12.478147550311752,283.7136079572988,0.1670275510623551,0.0196089133123754,0.9135941185443456,2.605362,0.1338596,-0.12320535,0.0794525146484375,1
site13_17.png_X0_Y0,12.2198045141326,309.41610756683485,0.1588388686964317,0.0206365987137772,0.8361852307542984,-5.112015,0.19623518,-0.21858433,0.0461578369140625,0
site13_17.png_X256_Y0,12.213457848574937,271.3347126556245,0.1675213661413701,0.0201509711706055,0.89553433922608,6.425461,0.1118804,-0.0763365,0.3318634033203125,1
site13_17.png_X0_Y256,12.56978289781077,343.81569469979524,0.1825906116419703,0.0270803083266304,0.9330073197274212,-0.99760437,0.12805429,-0.13237572,0.4533233642578125,2
site13_17.png_X256_Y256,12.144836524886124,222.1607306685224,0.1624086680069992,0.0206132453580085,0.9711891135509804,17.911377,0.105443716,-0.014932955,0.0496826171875,0
site13_24.png_X0_Y0,7.579475492371424,116.26605084282522,0.5260506130167415,0.3080497867410197,0.9871461387893866,-0.95700073,0.080301724,-0.082726456,0.0,0
site13_24.png_X256_Y0,12.823281305746864,314.26156900293347,0.1781472411050873,0.0197858906799501,0.9490817782335104,7.765625,0.102054365,-0.0696755,0.0,0
site13_24.png_X0_Y256,11.439254096510124,118.33022638529278,0.2471417547825767,0.0281583016874515,0.9705784501043412,5.472458,0.10903993,-0.083387434,0.0,0
site13_24.png_X256_Y256,12.491305058722242,216.53148303839563,0.1476925295009183,0.0171383240394339,0.9680157119761684,23.496246,0.0580926,0.08075002,0.0,0
site13_25.png_X0_Y0,12.480032326951108,228.96327632402705,0.1101727312128583,0.0162201509790332,0.8750753072654724,32.27658,0.091272324,0.04310959,0.0135498046875,0
site13_25.png_X256_Y0,12.522859408315275,214.65191439291843,0.114508216999398,0.0166233616318852,0.9199983692692608,17.767624,0.117242396,-0.038830176,0.0,0
site13_25.png_X0_Y256,12.479998794576066,310.4641150188843,0.1183473195336468,0.0172022663018118,0.8035394974893217,10.279022,0.13495335,-0.10609736,0.0,0
site13_25.png_X256_Y256,12.078240193673636,175.51869476284256,0.1833744889893114,0.0201216059875084,0.9030617226513976,2.3035736,0.14191145,-0.13542631,0.0,0
site13_26.png_X0_Y0,12.533911557114102,269.0245512243062,0.1731133610631662,0.0215425361081009,0.9259693620996088,0.783844,0.13274935,-0.13165674,0.22369384765625,1
site13_26.png_X256_Y0,11.797995572590974,192.91286821776623,0.1701420826021139,0.022254247539595,0.8747944186363572,0.6481018,0.14899802,-0.1480051,0.0134124755859375,0
site13_26.png_X0_Y256,12.50148759741541,185.61170554895733,0.1736523263904647,0.0177395816013429,0.9528352784511878,12.55835,0.10821901,-0.047188617,0.29620361328125,1
site13_26.png_X256_Y256,12.821871154111708,233.3115077284045,0.1440036817977781,0.0151085701193088,0.9511320851724522,11.043976,0.11770783,-0.07872866,0.4134368896484375,2
site13_27.png_X0_Y0,10.528492844816473,102.85804399149832,0.2362052981747626,0.0407353805167257,0.7984321608549668,3.9904633,0.14233884,-0.124503925,0.0,0
site13_27.png_X256_Y0,11.76907502318315,182.6772509221375,0.178755111676173,0.0233628961824097,0.862074697329474,5.2585297,0.15283954,-0.12640275,0.0,0
site13_27.png_X0_Y256,13.146355017034136,268.69245443458783,0.1192366564294534,0.0128021496733568,0.9601203881159072,17.41626,0.08726145,0.008802287,0.5013885498046875,2
site13_27.png_X256_Y256,12.517679648164966,232.86030667293065,0.1308300386497778,0.0183400874094135,0.9220922703567797,23.770432,0.08622907,0.027954116,0.134552001953125,1
site13_31.png_X0_Y0,10.435815557173134,170.72967719747493,0.3070134848339512,0.0984767237283747,0.9646592677438816,-4.4817657,0.13118324,-0.14246759,0.0,0
site13_31.png_X256_Y0,12.476807973918842,261.29683898621954,0.1193371921057415,0.0158816654194016,0.8383032955727017,20.630066,0.15935737,-0.049694464,0.0,0
site13_31.png_X0_Y256,8.765200455788134,94.93947691392704,0.4000666159777208,0.1611361479929943,0.984722764454824,-4.1504517,0.11966868,-0.12903148,0.0,0
site13_31.png_X256_Y256,12.272121452914428,209.80022540910272,0.1263090454702726,0.0169666117452745,0.8606509293418187,24.821854,0.14793524,-0.0138833085,0.003265380859375,0
site13_32.png_X0_Y0,11.581817006916497,161.61007886090346,0.1555122321229876,0.0228012395099251,0.8237082705443188,22.817413,0.07170109,0.069478005,0.0400543212890625,0
site13_32.png_X256_Y0,13.030401889622896,445.7964482260952,0.1005393214749132,0.0145602798856505,0.8622399814202124,15.746414,0.085218646,0.013263591,0.2600250244140625,1
site13_32.png_X0_Y256,11.993751930028289,221.5545774912551,0.2398550655284701,0.0474709414141807,0.97358135763314,-2.526184,0.1401188,-0.15227833,0.3169403076171875,1
site13_32.png_X256_Y256,13.070789706996075,490.6169990959358,0.1745361116751303,0.018140372917708,0.9327390432775956,-2.4786377,0.12829,-0.13766429,0.458221435546875,2
site13_33.png_X0_Y0,13.135370152759934,487.34470474102966,0.1343914894795534,0.0157216218891333,0.932093846072386,8.120407,0.120546356,-0.044654854,0.1109161376953125,1
site13_33.png_X256_Y0,12.15036211076696,208.8375601481595,0.1805984643561567,0.0218119893107988,0.9238470448695524,4.1605377,0.1278398,-0.07853108,0.0,0
site13_33.png_X0_Y256,13.454616688163004,515.8446931318781,0.153039714253808,0.0128689254102494,0.9161686781753872,-5.3655853,0.15418229,-0.1743186,0.4516754150390625,2
site13_33.png_X256_Y256,11.80093944554062,124.2976297127373,0.2056003815000331,0.0225640032973183,0.9449190487588282,-3.917572,0.16239235,-0.17527103,0.0,0
site13_34.png_X0_Y0,12.101043436500529,174.96336975262915,0.25467971772406,0.040386667068719,0.9825893048185612,12.5,0.09584596,-0.035976946,0.0206756591796875,0
site13_34.png_X256_Y0,12.461296148625802,169.20154178982295,0.1911893675259638,0.019942081687266,0.9698555361681844,11.174515,0.103333645,-0.05389426,0.0,0
site13_34.png_X0_Y256,10.98326012963232,68.65676554690819,0.2649579571485634,0.0295392579222211,0.9546397992001084,-0.6983032,0.14592966,-0.14867933,0.0,0
site13_34.png_X256_Y256,10.763728384425786,71.48721785190823,0.2316564166147647,0.0337938169685404,0.9379823424836058,0.75779724,0.13757956,-0.1363514,0.0,0
site13_35.png_X0_Y0,11.62758427138174,156.01270825824926,0.1793473389508522,0.025950475636941,0.902289880764654,3.8725433,0.14124036,-0.13182704,0.02142333984375,0
site13_35.png_X256_Y0,11.774999891832348,125.2434341509327,0.2101565214849736,0.0230948023019045,0.9232973759246222,7.8749847,0.12223195,-0.10336801,0.0,0
site13_35.png_X0_Y256,10.27592261638221,62.12282552083504,0.2097171723619767,0.0365420674175623,0.8595144683162048,0.6915741,0.13515404,-0.13397084,0.0,0
site13_35.png_X256_Y256,12.387655528711562,231.9051147545503,0.1984525542409375,0.0184213008381007,0.9144514955985592,15.958099,0.10513164,-0.07206127,0.002899169921875,0
site13_36.png_X0_Y0,13.016956073655557,263.60608193062365,0.11953881991918,0.0132726015006714,0.9476936567082948,7.384094,0.09643945,-0.045837414,0.77764892578125,2
site13_36.png_X256_Y0,12.064541297966938,217.1362345462101,0.1446696020741779,0.0212965655525915,0.8531058047290868,2.2913818,0.124232955,-0.12087678,1.0,2
site13_36.png_X0_Y256,12.934316475570526,331.63067070056326,0.1193114894432912,0.0144326509613727,0.939612139834435,-1.6392059,0.14697927,-0.1545989,0.7136077880859375,2
site13_36.png_X256_Y256,12.550832750521362,298.2004160208822,0.1193859227871633,0.0165053649352568,0.8436360749002088,2.163269,0.12566419,-0.122560084,1.0,2
site13_37.png_X0_Y0,12.609220772199738,320.7086212634574,0.1090176070416742,0.0155566991138468,0.8127364091661184,2.5058746,0.12314473,-0.119465515,1.0,2
site13_37.png_X256_Y0,13.185259711475467,352.243516961628,0.1637706486872496,0.0145175651546665,0.949926092543258,7.2811737,0.104176044,-0.060756586,0.484100341796875,2
site13_37.png_X0_Y256,12.789697645886315,384.5800324694832,0.1011244954181535,0.0141460573026425,0.7973682059599984,2.1378174,0.12449751,-0.121521786,1.0,2
site13_37.png_X256_Y256,13.160692075865557,411.091248798543,0.1318149584975138,0.0145883300151848,0.8907559954987693,7.6396027,0.10853894,-0.06569072,0.3768463134765625,1
site13_42.png_X0_Y0,12.297584268131146,263.1665070976598,0.1524535816768772,0.0187569643331822,0.8706397764466829,-1.6734009,0.18293992,-0.18651295,0.0,0
site13_42.png_X256_Y0,13.195892568200248,387.4849968612085,0.1523237097276982,0.0147479040380183,0.9526595858225926,-3.98143,0.14705655,-0.16553542,0.5570526123046875,2
site13_42.png_X0_Y256,12.38992323340974,249.55260389636624,0.1319938337946954,0.0169577166902736,0.8815861465889351,3.515335,0.15579325,-0.13473997,0.0,0
site13_42.png_X256_Y256,10.837561442644596,164.51670655518882,0.2655756335587514,0.0502418004628692,0.971478099975586,-1.9246674,0.1467923,-0.15433776,0.3005828857421875,1
site13_43.png_X0_Y0,12.39561647628553,283.83594946957555,0.1826158197337284,0.020035098553776,0.9065317020808424,-3.204605,0.15482685,-0.16558489,0.2381134033203125,1
site13_43.png_X256_Y0,11.428230432231716,182.1050023578812,0.2408792529785267,0.050652510654007,0.9407870852557788,-2.351883,0.15077135,-0.15783727,0.13397216796875,1
site13_43.png_X0_Y256,12.87947877317481,385.01898939111857,0.1614257992324339,0.0159769627089318,0.913036716384804,-1.5201416,0.14812943,-0.15422508,0.2723541259765625,1
site13_43.png_X256_Y256,12.819266446298604,388.87027961001695,0.189511059590278,0.0173800715021433,0.9320555545296696,-6.275238,0.14670199,-0.1650824,0.372467041015625,1
site13_44.png_X0_Y0,10.760943242183403,74.44591213415764,0.2349405330658223,0.033252103261045,0.9636023145554928,-1.9329071,0.13454616,-0.14036909,0.0,0
site13_44.png_X256_Y0,10.444972679274024,73.16967737769343,0.1982782600674771,0.039568501545904,0.8825363597803935,-1.2833557,0.13119507,-0.13419065,0.0,0
site13_44.png_X0_Y256,12.284900899298552,188.76543360727808,0.1908556825374092,0.019807610610977,0.94164132504451,-3.5681915,0.14436197,-0.15520495,0.2401580810546875,1
site13_44.png_X256_Y256,10.534362493535813,60.18878686983379,0.2085024940605996,0.035079572245652,0.9023396121491584,-1.2566528,0.13215017,-0.13485712,0.0,0
site13_45.png_X0_Y0,11.9615139674255,216.30427355164693,0.1803815546908168,0.0257700364980875,0.9265879801906214,0.030303955,0.13716671,-0.13808969,0.1041259765625,1
site13_45.png_X256_Y0,13.25091741604216,561.2887163891724,0.1601457060772548,0.0141208261512657,0.9103299372112728,-2.1403198,0.13206227,-0.14219087,0.4480743408203125,2
site13_45.png_X0_Y256,12.102018950114326,224.34456654293217,0.1561996231141481,0.0222214721012588,0.9048400950780568,-0.6654968,0.13561371,-0.13849325,0.153350830078125,1
site13_45.png_X256_Y256,13.249513468461512,524.4889203071345,0.1638928972596583,0.016733758774163,0.9304656994101712,-3.313568,0.14141263,-0.15821886,0.523101806640625,2
site13_46.png_X0_Y0,13.083323786859168,366.2592690161189,0.1009601633634456,0.0130797212201746,0.8894958433344196,1.6105499,0.13230526,-0.12388089,0.6536407470703125,2
site13_46.png_X256_Y0,12.59805826010771,317.50975817594315,0.1104647747245003,0.0158569419059128,0.8243308332059953,1.9137878,0.12631078,-0.12369528,1.0,2
site13_46.png_X0_Y256,13.182206338814083,355.29399548851063,0.107522317488909,0.0124474782396327,0.932541607688978,6.4907074,0.10557571,-0.05933782,0.5844879150390625,2
site13_46.png_X256_Y256,12.58899957419518,346.6112139261322,0.1110847953384044,0.0168212976277131,0.8106180319664482,2.2972412,0.12588623,-0.12255368,1.0,2
site13_47.png_X0_Y0,12.62986008409217,387.1298545481305,0.1074299267717486,0.0164384424951895,0.7725672392690043,3.0567322,0.123196766,-0.118529975,1.0,2
site13_47.png_X256_Y0,13.429623834797056,416.796450373653,0.0975578253557673,0.0113263019721933,0.9271518220615166,10.150421,0.08971761,-0.02654139,0.4742279052734375,2
site13_47.png_X0_Y256,12.71575572961331,479.0686064554465,0.1020534238037904,0.0172532112372197,0.7113043958544865,2.8102112,0.123194054,-0.118961066,1.0,2
site13_47.png_X256_Y256,13.227102128164804,365.83703972029934,0.1058499820270279,0.0123071417390693,0.9216062485896284,17.164307,0.074950315,0.02460343,0.529022216796875,2
site13_52.png_X0_Y0,12.226367355569318,205.56485657561623,0.1337297339992266,0.0190968687440506,0.9466873565396308,21.792313,0.11107905,-0.0013448526,0.0,0
site13_52.png_X256_Y0,11.783447726132591,182.0450726583675,0.191765300036101,0.0250836819768638,0.925687091180862,1.9824524,0.14083742,-0.13584055,0.0349273681640625,0
site13_52.png_X0_Y256,11.900329991852034,221.4481479479293,0.2194401623487366,0.0580779184979982,0.9764737974559994,13.127167,0.12802197,-0.069988735,0.100616455078125,1
site13_52.png_X256_Y256,12.411448833687308,276.10324705343857,0.2105889046849726,0.0486150769380925,0.9677831029300316,17.455536,0.09174326,-0.015345834,0.17352294921875,1
site13_53.png_X0_Y0,12.920076902181655,435.57123687406136,0.1656259952661059,0.0170458118515857,0.8955169795043693,12.908981,0.12422863,-0.101213515,0.1430816650390625,1
site13_53.png_X256_Y0,12.200365999859768,196.45883009241,0.2345519195737073,0.020142666294255,0.9477172617120472,19.752396,0.12297806,-0.07838553,0.0088958740234375,0
site13_53.png_X0_Y256,11.69833692905816,282.619083075029,0.2823979969864874,0.0886132292526819,0.965288188598398,1.9794464,0.12445104,-0.11932794,0.4091033935546875,2
site13_53.png_X256_Y256,10.443809733951827,162.468496837171,0.3548516269682348,0.0990837017701286,0.9839917394648277,4.9726562,0.12614179,-0.119215965,0.3966827392578125,1
site13_54.png_X0_Y0,9.7897859963078,64.85878164348125,0.2953818476268279,0.048734810629141,0.959066283159402,2.1947784,0.13284796,-0.12915689,0.1267547607421875,1
site13_54.png_X256_Y0,10.486057269831292,60.74604169670471,0.2069626133524355,0.0355775579180181,0.874809914510469,-1.5388184,0.13682011,-0.14033175,0.0,0
site13_54.png_X0_Y256,11.497299330487998,92.6333239619394,0.2294924694485237,0.0270264643881241,0.9623839921356252,1.565628,0.134849,-0.13219228,0.0737152099609375,1
site13_54.png_X256_Y256,10.73827523698613,57.256885662966624,0.2344256421857254,0.0313573641829804,0.9312969288001804,1.8302612,0.13093129,-0.12800154,0.0041656494140625,0
site13_55.png_X0_Y0,11.95990519124424,180.72150484489515,0.1172735082851967,0.0194944179465001,0.8142923296297083,-0.32170105,0.1242304,-0.12571126,0.007232666015625,0
site13_55.png_X256_Y0,13.215118163286812,418.12565233326086,0.1643853475015637,0.015189485067052,0.9444401104180112,-4.1322174,0.12664145,-0.1484684,0.4951324462890625,2
site13_55.png_X0_Y256,11.323632089977444,98.12397124904038,0.1608969963651943,0.0253874421067229,0.8767443431936152,3.3504333,0.12402483,-0.11673392,0.0,0
site13_55.png_X256_Y256,12.684517832384888,353.40651364560205,0.1928571873726566,0.0266101673563566,0.9303733302798264,3.9488068,0.11554746,-0.11014961,0.3647308349609375,1
site13_56.png_X0_Y0,13.20865027867772,446.8900466016864,0.1670453453205737,0.014033629616437,0.9155251354152674,5.0893555,0.12482479,-0.10185091,0.29095458984375,1
site13_56.png_X256_Y0,13.478774497857582,480.2858842001884,0.121430870694051,0.0118257183816126,0.9044573089184962,7.35495,0.120515354,-0.07621597,0.621673583984375,2
site13_56.png_X0_Y256,12.879703022630911,415.0054655060962,0.1281502461501009,0.0156726063094576,0.8567014846869766,6.761963,0.11869143,-0.09201035,0.1070556640625,1
site13_56.png_X256_Y256,12.890294076080004,436.9411273308699,0.1373609247585093,0.0159286016725149,0.8288996191762552,7.744751,0.12572834,-0.09119786,0.1141815185546875,1
site13_57.png_X0_Y0,13.330345896217302,458.0476708477611,0.1277676845492671,0.0125686872664912,0.8943689784316219,13.000473,0.10740375,-0.03610571,0.6058349609375,2
site13_57.png_X256_Y0,12.85111021249278,325.99298038917505,0.1099522541714318,0.0146619629010063,0.8868902305280818,16.222687,0.08771773,-0.005385046,0.07196044921875,1
site13_57.png_X0_Y256,12.464133217674616,439.7719321144883,0.1433745028124063,0.0206224434731105,0.784040819078535,8.66835,0.12175791,-0.08750361,0.0843505859375,1
site13_57.png_X256_Y256,12.244336027036075,290.53318699540955,0.1851056400119644,0.0216101578121551,0.8759422770599632,10.559738,0.113024555,-0.06851208,0.0,0
site13_61.png_X0_Y0,5.045992255464355,60.84828835363898,0.6677998189027001,0.5160103546965116,0.992744722512896,-2.4318542,0.07461126,-0.08088993,0.0,0
site13_61.png_X256_Y0,11.8156398625458,147.57845742923726,0.1997958207940624,0.0229484046456056,0.9512315281374198,17.169327,0.098607436,0.034452446,0.0,0
site13_61.png_X0_Y256,4.804603686340936,53.83331326893612,0.7032328731728174,0.5777025925055586,0.9923995437859612,-2.3348846,0.07037531,-0.07696703,0.0,0
site13_61.png_X256_Y256,11.46178400610206,104.9537506608042,0.1983097519819476,0.025793411724602,0.955323065627656,14.715881,0.084746644,0.033422813,0.010009765625,0
site13_62.png_X0_Y0,12.413919484611077,299.3107838181625,0.1319356618604014,0.0172998527831998,0.8851702997793938,10.339127,0.12914927,-0.08237549,0.23712158203125,1
site13_62.png_X256_Y0,12.826502578095043,235.49865392819072,0.1496389929707247,0.0150481498366695,0.9464042219725184,2.7388306,0.12687242,-0.12087534,0.1797943115234375,1
site13_62.png_X0_Y256,12.801098148015503,265.57966180377355,0.1694136044543635,0.0179200758688338,0.9745362786567288,4.909622,0.14684594,-0.13393167,0.195648193359375,1
site13_62.png_X256_Y256,12.70152559071788,454.3655259695877,0.2172217268191458,0.0355024172573438,0.9544289542908913,4.4241486,0.12898633,-0.12473798,0.3690643310546875,1
site13_63.png_X0_Y0,12.906468282159956,436.0398580924461,0.1725575640310032,0.023726332495579,0.9277158031042896,7.357254,0.11686913,-0.102385886,0.42218017578125,2
site13_63.png_X256_Y0,12.483508295699329,203.0407153498778,0.1770913980829534,0.0175619859769967,0.9437144615985744,2.0630646,0.120566964,-0.120626114,0.319183349609375,1
site13_63.png_X0_Y256,12.598768814516486,377.2927026864904,0.147013477618612,0.0194178217120213,0.8808306129102502,0.5036926,0.14764136,-0.14933053,0.2660980224609375,1
site13_63.png_X256_Y256,11.985705437751268,176.74974408881488,0.2039011685067805,0.0226626079526222,0.940554117904589,-1.343399,0.14361534,-0.15037811,0.01177978515625,0
site13_64.png_X0_Y0,12.370356220620716,152.8339981467492,0.1686687307506031,0.018034172084586,0.9581872578250202,-0.6097717,0.1197552,-0.12508708,0.293304443359375,1
site13_64.png_X256_Y0,10.809938301761049,90.57495712286315,0.1693673088111963,0.0315553411975476,0.8212444010407115,-0.67578125,0.1374262,-0.1393738,0.001007080078125,0
site13_64.png_X0_Y256,12.666253175350588,261.1642953581711,0.1432883558717587,0.016273452412847,0.897705186753516,-5.5408173,0.16533136,-0.18761899,0.3682708740234375,1
site13_64.png_X256_Y256,13.055306819423834,487.10656792161353,0.0756577179829812,0.0131435983067529,0.7337518385791982,-6.3251953,0.18281698,-0.21350968,0.8629150390625,2
site13_65.png_X0_Y0,10.571183875191434,110.45216907259405,0.1931588108776157,0.0379622571836243,0.8417039625396715,0.6251221,0.12546712,-0.12476274,0.0,0
site13_65.png_X256_Y0,12.093948196347291,179.7471520118518,0.1777903400908297,0.0205765813677839,0.9350478716749194,0.6622467,0.120401606,-0.120440885,0.0,0
site13_65.png_X0_Y256,12.314615293946222,234.0454609555246,0.1342752655801628,0.0206608005742343,0.89052583984636,-1.0590363,0.14562282,-0.15067853,0.1000518798828125,1
site13_65.png_X256_Y256,10.843167651776398,86.66142427191738,0.1802601467906902,0.0318280704158698,0.8640835858026793,0.0546875,0.13153654,-0.13182676,0.0,0
site13_66.png_X0_Y0,12.945219913944008,318.1699271163866,0.1544625793697262,0.0156618791336676,0.929459868659395,0.42858887,0.1323117,-0.13587809,0.3951416015625,1
site13_66.png_X256_Y0,12.521577981472838,433.86730067759663,0.2088052275008367,0.0352532225956943,0.9429608698140316,0.5502014,0.11079539,-0.11253145,0.76507568359375,2
site13_66.png_X0_Y256,12.790313377712163,359.03492492369173,0.2015636910615363,0.0275955131177409,0.940040421247644,2.874054,0.13282745,-0.13283537,0.9157867431640624,2
site13_66.png_X256_Y256,12.045741371621355,430.1378045403044,0.2124478921904878,0.0554850228841512,0.889423043439843,1.7069702,0.1114202,-0.110016674,0.9866943359375,2
site13_67.png_X0_Y0,11.592656964286938,182.3047987853313,0.1576557565112736,0.0267924502050643,0.8755360637618785,-0.06440735,0.13415478,-0.1357846,0.0185546875,0
site13_67.png_X256_Y0,11.59523386601994,171.68801832529027,0.1436174566960866,0.0246477334087621,0.8171469457144371,-6.223694,0.15163256,-0.16694653,0.0,0
site13_67.png_X0_Y256,13.055558295213938,364.886923463944,0.1339005419429071,0.0149503740400457,0.9180492439803768,-2.4786682,0.13955687,-0.14843552,0.2576141357421875,1
site13_67.png_X256_Y256,12.201012815202654,198.13307245110812,0.1449552600149981,0.0184215997458819,0.8788408506864526,-6.7760468,0.1649108,-0.18375142,0.0,0
site13_71.png_X0_Y0,4.658989652686892,81.89178145125149,0.7475079741135536,0.6552230302910248,0.9768221212559682,-4.10289,0.1280656,-0.14820427,0.1326446533203125,1
site13_71.png_X256_Y0,11.839699327964668,212.7641964779393,0.178987447196803,0.0211386824228408,0.8584664137690928,13.025467,0.14064279,-0.033637874,0.36590576171875,1
site13_71.png_X0_Y256,3.9625519590528255,62.40128349072882,0.7843714215257085,0.717530273804643,0.9783064857352516,-2.585556,0.09492428,-0.10826662,0.125885009765625,1
site13_71.png_X256_Y256,11.695592194575818,240.0634151828905,0.1815589419313731,0.0235437565843665,0.8580434301939412,6.380768,0.21233559,-0.17468749,0.543609619140625,2
site13_72.png_X0_Y0,12.356369135702916,235.8493433865708,0.1412671726438759,0.0180798788658482,0.9033144729542948,-4.7209167,0.19112869,-0.2259006,0.6416778564453125,2
site13_72.png_X256_Y0,12.641638185374706,360.9421310313535,0.1118049949390875,0.0163474774122653,0.797228763472986,-4.9430237,0.17532688,-0.20329195,0.681640625,2
site13_72.png_X0_Y256,12.008576748412258,255.59579951221903,0.1141906218530931,0.0192936644426201,0.7409179419694669,-5.9589996,0.19851652,-0.24045928,1.0,2
site13_72.png_X256_Y256,12.65413537720574,492.59397022782696,0.0734478968028343,0.0153077570318701,0.5905605051465603,-4.1746216,0.17757136,-0.20007512,1.0,2
site13_73.png_X0_Y0,12.934835338254098,593.6670500829384,0.0637719070562331,0.0137173803730432,0.5715727808418173,-7.1809235,0.19842118,-0.23650241,0.9924468994140624,2
site13_73.png_X256_Y0,12.561821430972357,420.1596780535384,0.0772996286431353,0.015539731536023,0.6286058839603779,-5.328766,0.18928738,-0.2179931,1.0,2
site13_73.png_X0_Y256,13.19253728116749,708.0637713109566,0.0612004032535243,0.0123567058646064,0.5970952969137725,-6.357147,0.17934285,-0.21177855,1.0,2
site13_73.png_X256_Y256,12.998569228648268,584.0176212274419,0.065954632509902,0.0133262297626876,0.6154965355880324,-5.879898,0.17891026,-0.20562017,1.0,2
site13_74.png_X0_Y0,12.803616544339151,450.6799685067315,0.076503599989762,0.0142615228810543,0.7094346366330431,-5.840317,0.17754272,-0.20973252,1.0,2
site13_74.png_X256_Y0,13.142251884051262,594.9007062488347,0.0628609986780163,0.0124765317138398,0.6636862100282459,-5.809784,0.1938475,-0.22003402,1.0,2
site13_74.png_X0_Y256,12.772968922534956,410.4448739517487,0.0769047320732838,0.0141084711542559,0.7076609834965661,-6.0543976,0.1753163,-0.20401151,1.0,2
site13_74.png_X256_Y256,13.084815789369976,589.6331350322291,0.0603662767890673,0.0126607875198135,0.6138246687632135,-6.775757,0.19414972,-0.22105181,1.0,2
site13_75.png_X0_Y0,13.27441692259191,716.867632070647,0.0551639985492534,0.0118587055310497,0.6018662323808628,-6.5153046,0.19767398,-0.22498178,0.9820709228515624,2
site13_75.png_X256_Y0,12.654609837529446,273.4668924662407,0.1463328049371345,0.0170185712525021,0.897746065141292,-1.9235992,0.1517418,-0.15845734,0.18841552734375,1
site13_75.png_X0_Y256,13.197124515504717,681.4541104833784,0.05534298016299,0.0121070448510999,0.5619947519881955,-7.178833,0.19582266,-0.22360784,1.0,2
site13_75.png_X256_Y256,12.892321701709085,334.98732664419754,0.1088370114119349,0.0163199000440704,0.9178170528157488,-1.9154816,0.16098079,-0.16924986,0.43475341796875,2
site13_76.png_X0_Y0,12.382226709288176,289.452661536432,0.1612630719924994,0.0199325537555156,0.8640408715369708,2.3488007,0.14666913,-0.14475746,0.227630615234375,1
site13_76.png_X256_Y0,13.693152261990772,708.2558944125881,0.1247959885513259,0.0152272694330502,0.8975224781893016,0.27827454,0.14482649,-0.15082791,0.9602508544921876,2
site13_76.png_X0_Y256,10.68057062475519,81.54197257365,0.225535168002403,0.0338748339329835,0.84694866048915,8.294876,0.14676756,-0.13206187,0.0,0
site13_76.png_X256_Y256,12.825173330750484,393.1947078797763,0.1476269366642319,0.018149768547709,0.8937861949303184,4.7175903,0.14358816,-0.13938332,0.42303466796875,2
site13_77.png_X0_Y0,13.240169858815602,445.164587102928,0.1467083730676792,0.0156999248143845,0.9261894067519264,2.6134186,0.1344052,-0.13036749,0.4524383544921875,2
site13_77.png_X256_Y0,12.420356857132802,177.5544802630094,0.1992158771999979,0.0197873650035854,0.97259425976929,8.345627,0.12998049,-0.106130496,0.0375823974609375,0
site13_77.png_X0_Y256,12.72324850474945,399.6973930699641,0.173245228327961,0.0197960772469653,0.8989337766463343,6.2830505,0.12848479,-0.12021522,0.7220001220703125,2
site13_77.png_X256_Y256,12.26286595065142,90.1020910977753,0.2450606447728508,0.0190287624398297,0.9861885966006024,19.100677,0.13106507,-0.0949134,0.1180877685546875,1
site13_82.png_X0_Y0,12.285300925021016,286.6668348712216,0.1111957420183751,0.0177827493955958,0.7907209015901614,-6.4951324,0.19873601,-0.24245259,1.0,2
site13_82.png_X256_Y0,13.103667801068127,613.4080934016073,0.0645209904905243,0.0126857648468306,0.6272832652598512,-6.4510956,0.1770409,-0.20753762,1.0,2
site13_82.png_X0_Y256,12.458550080954762,279.8778064026007,0.1102362683876699,0.016518807910216,0.8323998936276706,-5.4433746,0.19780314,-0.23441486,0.9998016357421876,2
site13_82.png_X256_Y256,13.097271387960795,585.8340909746555,0.0645947802093305,0.0125725389812527,0.636131360150677,-5.3187866,0.17552873,-0.20096973,1.0,2
site13_83.png_X0_Y0,13.074860960495483,647.9859354425313,0.0583205228126854,0.0129854754142384,0.5529546957056037,-4.310379,0.18657592,-0.20328145,1.0,2
site13_83.png_X256_Y0,12.709673655761335,467.221131235604,0.0678985030269793,0.0147582287127668,0.5851832563235722,-3.9329224,0.18205833,-0.19571865,1.0,2
site13_83.png_X0_Y256,13.155414024097634,667.4477970762805,0.0561284753830951,0.0123948650035983,0.5723999063460988,-3.0344696,0.17284428,-0.18500924,1.0,2
site13_83.png_X256_Y256,12.977103667401847,541.3267100244119,0.0632541730262386,0.0134375668687368,0.6071651024549027,-2.993332,0.164123,-0.17425801,1.0,2
site13_84.png_X0_Y0,12.391506701773029,332.0711916690816,0.0815370178119131,0.0165829449579196,0.6617567622269299,-5.233551,0.17943041,-0.19701748,1.0,2
site13_84.png_X256_Y0,13.122370102519875,550.7004296574921,0.0644350500632711,0.012406728814777,0.6737193678222306,-5.9891205,0.18858966,-0.21479341,1.0,2
site13_84.png_X0_Y256,12.834334598197165,394.3245499477619,0.0755584927030332,0.0139440174894015,0.7443648787858363,-4.795456,0.17587349,-0.19537151,1.0,2
site13_84.png_X256_Y256,12.655060942446951,456.31031377658064,0.0777625380958978,0.015342113817581,0.6342732390546308,-5.707611,0.17449723,-0.20551257,1.0,2
site13_85.png_X0_Y0,13.222015353184997,463.81559245543554,0.0812013659789628,0.0118627352089715,0.8043563705011674,-6.2854614,0.1842947,-0.20799388,0.7451324462890625,2
site13_85.png_X256_Y0,11.719669541386972,178.07857376069433,0.1475543902590164,0.0252251639580813,0.9035929161131248,0.88139343,0.1371476,-0.13738307,0.0147552490234375,0
site13_85.png_X0_Y256,13.067884388968332,367.3777316116501,0.1099084910971547,0.0132277045582877,0.9259131364891,-4.2986755,0.16999629,-0.19409171,0.6164703369140625,2
site13_85.png_X256_Y256,10.71950822591432,76.86199475562354,0.1882372886692859,0.0324630768727433,0.8478994262210524,5.1665344,0.13204679,-0.123158574,0.0,0
site13_86.png_X0_Y0,12.062752923886556,162.20001332120034,0.1595320524424541,0.0221677791417243,0.9279919112468222,0.3502655,0.15505116,-0.15721172,0.0473175048828125,0
site13_86.png_X256_Y0,13.37048734976723,521.7986076719582,0.0774052520596843,0.0117446095325686,0.8197281635707394,-0.8513794,0.18713127,-0.19360255,0.1357574462890625,1
site13_86.png_X0_Y256,12.173587314647834,161.43852429053848,0.138937554258016,0.0207790714240531,0.9370011073178952,-1.3688354,0.1567826,-0.16180171,0.166900634765625,1
site13_86.png_X256_Y256,13.0873439932402,449.8263560890212,0.0745995637530032,0.0126966045805532,0.7634022650971067,-1.8782654,0.19377105,-0.20400017,0.9920196533203124,2
site13_87.png_X0_Y0,13.137415106208731,485.7574487577115,0.0695336885764704,0.0125236499662131,0.7470873021309679,-3.660736,0.19336933,-0.21425919,0.995086669921875,2
site13_87.png_X256_Y0,13.030767565503382,328.1318668000457,0.1117624565403505,0.0134776206759997,0.9268761619192918,-3.125229,0.18013838,-0.1957663,0.8031005859375,2
site13_87.png_X0_Y256,13.425886230222844,608.8721096003368,0.0675102296712367,0.0116925727521499,0.8002700860906935,2.9527283,0.18356082,-0.17676127,1.0,2
site13_87.png_X256_Y256,12.442560471412392,242.1474339196421,0.1780691237719106,0.0211658434273718,0.9423906311888336,-0.044296265,0.15591021,-0.15751827,0.4395904541015625,2
site13_92.png_X0_Y0,12.317589087533976,307.22818391666215,0.1108025696724154,0.0176673031338712,0.7760184114067192,-4.5894012,0.18860972,-0.22123004,0.95703125,2
site13_92.png_X256_Y0,13.173640206635676,652.2258180748213,0.0616051881750946,0.0124748318541058,0.622546575964139,-5.138855,0.16281092,-0.18985936,1.0,2
site13_92.png_X0_Y256,12.388972682926545,307.2710572856858,0.1093316997782207,0.0172374842077767,0.8108993427362043,-3.1195526,0.17411049,-0.19620326,0.902984619140625,2
site13_92.png_X256_Y256,12.914160188745292,543.7575061575185,0.0695562220480112,0.0137126183406004,0.6191339991601734,-5.0409393,0.16560292,-0.19212234,1.0,2
site13_93.png_X0_Y0,13.33974137549771,788.1341002108959,0.0521967558286766,0.0115771906849509,0.55273969380141,-3.2099762,0.17016655,-0.18799725,1.0,2
site13_93.png_X256_Y0,13.128102545327764,673.8731144271758,0.0574069062086838,0.0126306902723433,0.5666281355081138,-3.1643066,0.17105418,-0.18707663,1.0,2
site13_93.png_X0_Y256,13.574646014912744,906.2411777471996,0.0499314921764299,0.0105849340636173,0.5844434701369644,-4.692505,0.16708007,-0.19141617,1.0,2
site13_93.png_X256_Y256,13.382973779593192,717.0733938870013,0.0564370014515908,0.0113012594266687,0.6345798460952355,-5.304016,0.16341363,-0.18935138,1.0,2
site13_94.png_X0_Y0,13.02728059234558,536.3116340920848,0.0665972027857962,0.0129755546440737,0.6610462257319867,-5.7243958,0.17372991,-0.20071544,1.0,2
site13_94.png_X256_Y0,13.059070514245782,611.7719014471932,0.0618571779276415,0.0129769907918751,0.5984600759856182,-6.1816406,0.17314525,-0.20267238,1.0,2
site13_94.png_X0_Y256,13.130041052996305,579.0895880340814,0.0648269759545733,0.0125107484163627,0.6775113908982631,-6.1997986,0.16502377,-0.19515428,1.0,2
site13_94.png_X256_Y256,13.028643800094065,596.3209730332433,0.0652872842588183,0.0131229152458412,0.6103728294020176,-5.5703583,0.16923402,-0.19670528,1.0,2
site13_95.png_X0_Y0,13.238827623723203,445.88947425572,0.0843401557798775,0.0129608546033328,0.905370615375073,-4.867859,0.16883785,-0.19627249,0.7033843994140625,2
site13_95.png_X256_Y0,11.299241617479757,148.89434473820364,0.1570580915532895,0.0298343495298466,0.8461598275747446,5.025955,0.13486442,-0.12619668,0.0,0
site13_95.png_X0_Y256,12.91988164372968,431.4403238988898,0.0931127783126875,0.0147868275283709,0.8197730832204266,-4.7095337,0.16856414,-0.1926108,0.7627410888671875,2
site13_95.png_X256_Y256,11.743304637684831,195.4346032325318,0.1666055676785385,0.0273678352156527,0.9191777844833552,2.4054565,0.1353235,-0.13249356,0.0,0
site13_96.png_X0_Y0,11.432184397161269,115.44184138913025,0.1453088903056974,0.0235093439685805,0.8374903598778018,-1.4320679,0.15099156,-0.15453038,0.0,0
site13_96.png_X256_Y0,12.707255122015138,317.97414170632584,0.1251420357245297,0.0162160324172896,0.8528191561827609,-4.07489,0.16841075,-0.18022658,0.1858978271484375,1
site13_96.png_X0_Y256,11.114893661185862,73.39556301963208,0.1868575910167967,0.0282040165585717,0.9252149240810256,-2.262207,0.14936721,-0.1549464,0.0,0
site13_96.png_X256_Y256,10.676406018806762,57.513805312260544,0.2255989200314272,0.0346841943268121,0.9342349415196218,-6.3048553,0.16249076,-0.1774847,0.0,0
site13_97.png_X0_Y0,11.745654866638764,161.14131465362132,0.1985783893216929,0.0250687182654256,0.9057621781696265,-4.4630585,0.15854996,-0.17057914,0.2489166259765625,1
site13_97.png_X256_Y0,10.15786121733078,33.65672463715924,0.2959754173710057,0.0381919349777403,0.962399967906789,-0.28297424,0.12067412,-0.122028366,0.0218048095703125,0
site13_97.png_X0_Y256,9.56059244815564,28.189634155132925,0.2804256472284091,0.0490950942158625,0.8824914638454388,-4.7442627,0.13927001,-0.14918026,0.0,0
site13_97.png_X256_Y256,9.646397556436568,23.87298833381412,0.301542116031999,0.0441085816189026,0.921610801094215,-1.7063446,0.12567535,-0.12894595,0.0,0
site13_98.png_X0_Y0,10.874339506461936,76.12448353698213,0.339473874571034,0.0360333371664701,0.9770601643334712,60.54567,0.060030665,0.11564403,0.0,0
site13_98.png_X256_Y0,11.264106849568734,130.255933640315,0.2430101015189546,0.0347250481045127,0.966093285780156,63.906693,0.05576834,0.16466662,0.0,0
site13_98.png_X0_Y256,11.766909406967462,153.6739767006726,0.2612613209480292,0.0301437424959921,0.9469356856033496,50.592316,0.08591374,0.061548673,0.2272491455078125,1
site13_98.png_X256_Y256,11.264446888715089,110.53313757028889,0.2531930982052415,0.034462798308827,0.966621680611961,79.174805,0.0050516487,0.29457524,0.0,0
site13_102.png_X0_Y0,12.703404571418172,349.9312700944636,0.1102294154674437,0.0153730614496828,0.8897415620821781,1.8423767,0.15702105,-0.1556023,0.8307647705078125,2
site13_102.png_X256_Y0,12.476114613899682,391.6143639616,0.0791344465617319,0.0159975694687089,0.625362991762902,-5.5317383,0.178722,-0.208595,1.0,2
site13_102.png_X0_Y256,12.799332257929915,348.4555527771996,0.1123888907282668,0.0145459902510855,0.8676104488099367,-0.74012756,0.15523592,-0.16384454,0.771942138671875,2
site13_102.png_X256_Y256,12.485674351181082,340.99952145810965,0.0874206658264553,0.0157370777362946,0.7058355997843587,-5.889786,0.17970467,-0.21111944,1.0,2
site13_103.png_X0_Y0,13.3453429411667,791.9418864139262,0.0544234955833973,0.0116026497290926,0.56718157624015,-6.0053864,0.17767334,-0.20842403,1.0,2
site13_103.png_X256_Y0,13.142085585562551,633.0845525008742,0.0609448125514204,0.0124363509441025,0.6086839904238758,-5.489319,0.1751754,-0.2028632,1.0,2
site13_103.png_X0_Y256,12.857230870160787,579.0157767745991,0.0668608423111203,0.0140599093267659,0.5920221107328839,-6.276703,0.1817927,-0.21523526,1.0,2
site13_103.png_X256_Y256,12.78687113985623,476.9127846561663,0.0702627237180927,0.0141565942373319,0.6294968310366318,-5.5502167,0.17502034,-0.2032068,1.0,2
site13_104.png_X0_Y0,12.85267241123944,475.6770898362674,0.0720989785558169,0.0138611634273661,0.6643733163320599,-5.948944,0.17310804,-0.20218138,1.0,2
site13_104.png_X256_Y0,12.96210971365031,558.2327279622348,0.0660137063129688,0.0133404503481051,0.61294066276813,-5.7113953,0.17953819,-0.20823613,1.0,2
site13_104.png_X0_Y256,12.572772137259705,378.5987094957676,0.080451698857091,0.0152387027948687,0.6811724540777957,-6.350403,0.17926061,-0.21143349,1.0,2
site13_104.png_X256_Y256,12.616080538174588,435.92360058333696,0.0783817855208037,0.0152045817441325,0.6408242088239746,-7.38179,0.1862949,-0.22621885,1.0,2
site13_105.png_X0_Y0,12.800152092798792,408.8252439867183,0.0888233499487911,0.0143672425440283,0.7552182523928996,-4.6620483,0.1795795,-0.20631656,0.859954833984375,2
site13_105.png_X256_Y0,12.78019753097776,309.2476098135373,0.1472853547921541,0.0173763743328529,0.9391531900930908,3.126068,0.14889668,-0.14691085,0.0,0
site13_105.png_X0_Y256,12.692140672107186,399.1755843005375,0.0842996001192767,0.0149085350583892,0.7133091573178822,-5.5927734,0.1813491,-0.21305543,0.9531402587890624,2
site13_105.png_X256_Y256,11.473114312625302,130.0605308505157,0.1824575869167399,0.0257598764367683,0.8954807821110033,13.068054,0.10068314,-0.069986925,0.0013275146484375,0
site13_106.png_X0_Y0,10.481078357996108,42.75921221705626,0.2268955910115667,0.0322211066014735,0.92586916923462,-3.2754822,0.14896053,-0.1559645,0.0,0
site13_106.png_X256_Y0,9.717215897390645,32.488471861784326,0.258372989813823,0.0452826758182898,0.8874067483640102,-6.2136536,0.15483329,-0.167921,0.0,0
site13_106.png_X0_Y256,10.454848300565043,45.79070232903253,0.2218549259625566,0.0330169662569313,0.8941540214646977,-5.5137787,0.15824047,-0.17012358,0.0,0
site13_106.png_X256_Y256,10.731974332621675,149.30332858756873,0.2075321536453237,0.038003033079655,0.8116963024660607,-6.3796234,0.15019988,-0.16264084,0.21417236328125,1
site13_107.png_X0_Y0,9.861870727533557,75.3775826304836,0.2541888408256409,0.0466084389528161,0.8561754616317684,-5.5219116,0.14392096,-0.15527263,0.074737548828125,1
site13_107.png_X256_Y0,10.456476679395172,80.38270813809899,0.2594940875049956,0.0401157636931019,0.9016741244495358,-4.272522,0.13484274,-0.1434158,0.0,0
site13_107.png_X0_Y256,13.368585805804551,640.4516229034407,0.0910528801771237,0.0134781275426102,0.7704334137486062,-5.5335693,0.14356479,-0.15465143,0.974822998046875,2
site13_107.png_X256_Y256,12.914063235316162,353.84407214172086,0.1455384556968941,0.015512452249742,0.8736577614239844,-5.416565,0.14747408,-0.15879199,0.5428009033203125,2
site13_108.png_X0_Y0,12.136105400073296,164.03454306938332,0.2611195344422128,0.0258592283897378,0.9671086237262054,39.593964,0.07255203,0.06065236,0.1849365234375,1
site13_108.png_X256_Y0,10.883400134006102,72.28326238706354,0.276833343382661,0.0355204182815487,0.9694440454940044,75.27496,0.020568326,0.25600708,0.0,0
site13_108.png_X0_Y256,12.12370181179992,175.0703961667478,0.2728063037584205,0.0273666811195622,0.9811673481708648,27.38655,0.075275265,0.033618048,0.43743896484375,2
site13_108.png_X256_Y256,10.37546673377202,60.53076105043846,0.2989954383681886,0.0461701111154576,0.9669592143538892,76.29436,0.004182724,0.28753328,0.0,0
site13_112.png_X0_Y0,12.95246877354406,327.0165080437953,0.1427287932026232,0.0139814679539594,0.91661374888213,-2.5710144,0.15688562,-0.17366979,0.698638916015625,2
site13_112.png_X256_Y0,12.394199846253285,327.30025482989026,0.0839193144159356,0.0167941148877493,0.6773825574939731,-5.2516937,0.1661373,-0.18720064,1.0,2
site13_112.png_X0_Y256,12.446524348814568,227.46783711494345,0.1581254058880687,0.0169097367915426,0.8996718591365128,-2.5055695,0.14986023,-0.16429931,0.6398162841796875,2
site13_112.png_X256_Y256,12.391143880331132,327.12572847584295,0.0832263999067355,0.0167285963448418,0.6924125040361266,-6.28508,0.15625596,-0.17994948,1.0,2
site13_113.png_X0_Y0,12.781936043632776,514.0663032998424,0.0689654946547274,0.0144381272388064,0.6134474992878548,-6.6013184,0.17077392,-0.2003575,1.0,2
site13_113.png_X256_Y0,12.627786847320078,427.1715346111109,0.0734350622077446,0.0149670132914895,0.6267775563755926,-5.8842163,0.16795644,-0.19411556,1.0,2
site13_113.png_X0_Y256,12.994341005415803,616.9109807376108,0.0609558023533481,0.0131777252411306,0.5896877478555627,-7.9241943,0.15453577,-0.18710689,1.0,2
site13_113.png_X256_Y256,13.38499727884874,765.8111283671395,0.0531829664492331,0.0112836851423665,0.5996311604270639,-6.840271,0.15408525,-0.18122455,1.0,2
site13_114.png_X0_Y0,12.528590317231494,374.6817458129274,0.0810659523117937,0.0155069945565044,0.6769872685978728,-6.762558,0.1736449,-0.20530725,1.0,2
site13_114.png_X256_Y0,12.648136715895284,432.3385700812511,0.0772848557407484,0.0152129651045966,0.6815712299029905,-8.176743,0.18171471,-0.22281036,1.0,2
site13_114.png_X0_Y256,13.425046774940787,793.300664723349,0.0529414858315639,0.0110907136738506,0.5953137681598393,-7.694519,0.1582966,-0.19107038,1.0,2
site13_114.png_X256_Y256,13.14862976306007,572.173949968194,0.0626672702924322,0.0122684994884606,0.683945074487573,-8.404587,0.16441005,-0.20328502,1.0,2
site13_115.png_X0_Y0,12.311487308784248,363.307136618152,0.0865503954025035,0.0174497467499906,0.6790952376654307,-9.774933,0.19515868,-0.25000927,0.9884796142578124,2
site13_115.png_X256_Y0,12.403188204248814,186.7137391868538,0.1617833170478295,0.0181782249729848,0.9518611511427852,-5.998413,0.16385667,-0.18326417,0.0296173095703125,0
site13_115.png_X0_Y256,12.300031747295812,309.2303402687858,0.0924934174392542,0.0174589789323514,0.720272140115761,-9.387894,0.18666856,-0.23335204,0.9506683349609376,2
site13_115.png_X256_Y256,11.990123353231454,174.56388253617416,0.1914245555661871,0.0217978821417918,0.9269916928169994,-7.108032,0.16501993,-0.19034338,0.0,0
site13_116.png_X0_Y0,9.936495164701071,38.76303250252352,0.2853214189426205,0.0424097007365587,0.9008372092775732,-5.003311,0.1561247,-0.16627301,0.0,0
site13_116.png_X256_Y0,10.571866234532454,126.67311792640116,0.3090400770670684,0.0512126077956156,0.939652402730658,-7.050705,0.14279267,-0.15512387,0.4407806396484375,2
site13_116.png_X0_Y256,11.116203666671373,111.82249133446884,0.228828106861123,0.0305212034517832,0.9300528832995296,-6.9477997,0.16061844,-0.17639221,0.0,0
site13_116.png_X256_Y256,11.229110494893728,147.57147712118365,0.2416463243878457,0.0348041230043645,0.9268761161202914,-5.879883,0.15460944,-0.16625181,0.12750244140625,1
site13_117.png_X0_Y0,12.508451656788656,373.44351745722594,0.140751516313225,0.0179935751172016,0.7860088797711844,-5.858185,0.13846599,-0.14817826,0.9960784912109376,2
site13_117.png_X256_Y0,11.55208779911796,164.69230772118877,0.1544214037552713,0.0240415715198684,0.8260398611974352,-4.1878357,0.13295327,-0.13941479,0.9748687744140624,2
site13_117.png_X0_Y256,9.531759203863992,296.5305231461327,0.4219763149260338,0.2351868556904844,0.9023408257101648,-3.5547333,0.13596682,-0.14258535,0.8730010986328125,2
site13_117.png_X256_Y256,8.976910925980068,134.32798047926224,0.4311208046079006,0.2144854482422578,0.904939373458302,-2.0685425,0.13244237,-0.13597402,0.8977508544921875,2
site13_118.png_X0_Y0,12.829574720282125,173.09479630730957,0.1725691761288079,0.0150397638746118,0.9775890849595896,14.597504,0.09729846,-0.03569794,0.448883056640625,2
site13_118.png_X256_Y0,11.630586307020351,120.65400588115506,0.2581074532336605,0.0315540249452867,0.9603157789150708,42.825745,0.055858187,0.10954211,0.0,0
site13_118.png_X0_Y256,8.445319407746865,86.03035815551627,0.4873894377218546,0.1949940026714382,0.9369389442076604,-1.2558899,0.13205102,-0.13434556,0.82568359375,2
site13_118.png_X256_Y256,11.005972470611995,191.64324152668604,0.3474112556976176,0.0666115013503574,0.972857413945896,-3.2004547,0.13883641,-0.14670892,0.75531005859375,2
site13_119.png_X0_Y0,11.286569656029483,125.45108744232677,0.247164945071411,0.0327646315927437,0.9751221948394182,1.4705963,0.12928152,-0.11024849,0.0,0
site13_119.png_X256_Y0,10.256359482298368,56.51312328791795,0.2952950467623947,0.0387088641650791,0.969853904982681,-0.72795105,0.14730507,-0.15057713,0.0,0
site13_119.png_X0_Y256,11.597951297115156,262.51873870625553,0.2187834899934924,0.0350398007862353,0.942605994688157,-3.5855713,0.15758352,-0.1687999,0.1728668212890625,1
site13_119.png_X256_Y256,10.770297000729766,59.88922643934998,0.2658410325102873,0.0308658237197142,0.9751827833476469,-2.1761017,0.14565066,-0.15181515,0.0,0
site13_122.png_X0_Y0,12.13725883688188,185.130585501988,0.2031165399853313,0.0202836772428058,0.9490267929588048,0.17100525,0.14270389,-0.15095258,0.493743896484375,2
site13_122.png_X256_Y0,10.445056066728194,177.66200390176704,0.3310459281871829,0.0610710502989318,0.8821642800348634,-3.9832153,0.10417475,-0.12260221,0.5130615234375,2
site13_122.png_X0_Y256,12.04959747150716,244.5649965308077,0.1676746756025723,0.019836881932715,0.8870720500435987,21.18785,0.056374565,0.06692453,0.1397552490234375,1
site13_122.png_X256_Y256,6.814752350475064,21.58469187031495,0.5748741320245752,0.1262390764723775,0.72895762462227,-3.4679413,0.051471286,-0.06621276,0.0,0
site13_123.png_X0_Y0,11.954244007802131,284.50009554620567,0.1194232236136535,0.0219313599499403,0.7543730139417761,-6.814148,0.16351198,-0.1982966,0.95947265625,2
site13_123.png_X256_Y0,11.631031152917105,352.7238837076265,0.2090342730214061,0.0503572157932351,0.7966229638537927,-5.9413605,0.14116311,-0.16914265,0.7950439453125,2
site13_123.png_X0_Y256,7.7022816141562,128.1353779946544,0.4967776818997628,0.1466830105821326,0.8203852576191113,-6.120987,0.08268343,-0.109777495,0.1504058837890625,1
site13_123.png_X256_Y256,9.03166322995414,219.14338423025345,0.415050389835697,0.1130159636811836,0.7973460471275582,-6.0715637,0.09897603,-0.12694477,0.1526336669921875,1
site13_124.png_X0_Y0,12.291702221151349,305.4126873828818,0.1483756579758118,0.0187741134168221,0.8080747635483618,-6.8991394,0.15994677,-0.19427899,0.6799468994140625,2
site13_124.png_X256_Y0,11.142660031206304,157.5542252829541,0.2285975483657848,0.0340783812087118,0.7993777245090559,-7.296707,0.14796159,-0.18550804,0.4217681884765625,2
site13_124.png_X0_Y256,11.612580259382955,184.49808473605063,0.2038150098137138,0.0266457662038216,0.866316207968562,-6.454056,0.15611428,-0.17756936,0.0908050537109375,1
site13_124.png_X256_Y256,11.747616969135343,215.5179999129052,0.1813594745753834,0.029408094066974,0.897440946542841,-7.545822,0.16049416,-0.18272944,0.0,0
site13_126.png_X0_Y0,9.606878746072724,41.61202869689606,0.3330812118716711,0.0512332648581026,0.9260912568738566,-6.4073944,0.15680893,-0.17030035,0.0,0
site13_126.png_X256_Y0,11.445047114710984,273.07936439711585,0.2323500941850133,0.0345577120366995,0.8190606741807847,-5.1480255,0.16164911,-0.1727586,0.3923187255859375,1
site13_126.png_X0_Y256,11.95582227302796,205.8585772449374,0.2471192808307285,0.0260328477234243,0.9501718800036062,-5.6353455,0.15961091,-0.17708278,0.1373748779296875,1
site13_126.png_X256_Y256,13.776934366589844,759.7024602166307,0.116645927614691,0.0118454089676094,0.8548579458917652,-8.447327,0.19128029,-0.21632004,0.9719390869140624,2
site13_127.png_X0_Y0,11.14208587424371,306.6985449256247,0.3314016491376097,0.1242521542471039,0.9196337397904352,-4.7865906,0.15701692,-0.16785619,0.773468017578125,2
site13_127.png_X256_Y0,10.177742798234938,160.42420637495462,0.3889961283163803,0.086159535967184,0.9230782211777208,-4.466568,0.14132881,-0.14987448,0.41546630859375,2
site13_127.png_X0_Y256,13.787676024493184,725.8684124645541,0.1296100942828526,0.0133127033378388,0.8933027675712243,-5.1769104,0.18404603,-0.20473161,1.0,2
site13_127.png_X256_Y256,13.62206398809762,554.6675766682274,0.1424589923881309,0.0141856895534976,0.91954859614476,-7.2444305,0.17687859,-0.20197257,1.0,2
site13_128.png_X0_Y0,13.340693785220594,553.5170054185962,0.1113132982777657,0.0241623410797079,0.8654050655554639,-8.101425,0.19074783,-0.21191688,0.8277740478515625,2
site13_128.png_X256_Y0,13.77524944289463,724.4078074538837,0.0600244479825448,0.0097429196752528,0.7679508930024708,-10.402222,0.2083088,-0.23724532,1.0,2
site13_128.png_X0_Y256,13.804834039587444,568.3160148590878,0.0857910377344467,0.0097414502357915,0.8745861758832052,-9.747528,0.19486603,-0.22955823,0.9446563720703124,2
site13_128.png_X256_Y256,13.806453090925505,661.3342102346602,0.0669556184141926,0.0097194074013499,0.8183996626669828,-10.800888,0.20289466,-0.2359774,0.96044921875,2
site13_129.png_X0_Y0,11.722757549801326,225.47765258552977,0.2031877848368671,0.0343764911057373,0.9674101316817868,-2.4647217,0.15778238,-0.1604957,0.23138427734375,1
site13_129.png_X256_Y0,10.79836325763155,69.7339934910848,0.2498960711809483,0.030925743092099,0.9719272756869765,-2.400116,0.14470081,-0.15085268,0.0,0
site13_129.png_X0_Y256,11.81020496118028,175.91409427863354,0.1876229322650919,0.0293282748753702,0.9803396907649998,9.388397,0.10570297,-0.040273413,0.000396728515625,0
site13_129.png_X256_Y256,10.591286881112328,83.78503613393859,0.2541344592501584,0.0349358044640865,0.9597759415687324,-0.798996,0.1466273,-0.14934286,0.0,0
site13_131.png_X0_Y0,10.472224660489392,326.3399461145176,0.3569006405054635,0.2365174209352129,0.9712790790661764,11.618652,0.04417121,0.06211355,0.232025146484375,1
site13_131.png_X256_Y0,12.960400134511053,306.82093306964174,0.1449438374585122,0.0145790033602008,0.9546637487381142,15.473038,0.077009514,0.03529145,0.193695068359375,1
site13_131.png_X0_Y256,9.629325279450695,493.2495388492383,0.3686520794918675,0.3294009512022582,0.9608630606598424,-2.7572174,0.08941117,-0.0956364,0.6649627685546875,2
site13_131.png_X256_Y256,13.14009724454364,407.3203339911431,0.1435427041768012,0.0131044900240538,0.8971254203142963,-3.45932,0.1416685,-0.15314548,0.5680389404296875,2
site13_132.png_X0_Y0,12.93483081828234,358.7351261233946,0.1550458156245622,0.0150159464364974,0.926641283051754,17.219772,0.08488228,0.011942569,0.009124755859375,0
site13_132.png_X256_Y0,12.514433344873517,527.3716150339671,0.1855175524577891,0.0258258602647955,0.914669345249606,-7.03508,0.13713698,-0.17620409,0.3234710693359375,1
site13_132.png_X0_Y256,11.44965743770177,220.6385115850826,0.2831656509550603,0.0435424446529578,0.9408742853773924,1.5045929,0.12600482,-0.12534681,0.606719970703125,2
site13_132.png_X256_Y256,12.927925734962706,533.1822912161824,0.0839190702625101,0.0150152495581167,0.8384387364835755,-9.26886,0.18132034,-0.23461527,0.7409515380859375,2
site13_133.png_X0_Y0,11.73583742080383,362.9507111598016,0.1268905623956475,0.0242460640202744,0.6256583409800822,-7.6446075,0.16516057,-0.22696143,0.8577880859375,2
site13_133.png_X256_Y0,11.719955204294044,337.40776115258643,0.1201088625326783,0.0240413691517314,0.6244702245642387,-7.882675,0.16631041,-0.2265444,0.9344024658203124,2
site13_133.png_X0_Y256,12.334757588870277,510.2396215698662,0.0863032879826687,0.0187527457298233,0.5735603086766677,-8.273163,0.17167321,-0.23617002,1.0,2
site13_133.png_X256_Y256,12.512706038760676,430.9972329152504,0.0841397863503814,0.0160431235864808,0.6328951531252248,-8.742493,0.17721768,-0.23448147,1.0,2
site13_134.png_X0_Y0,11.793261451190808,343.88903151735235,0.1026883256400984,0.022516828019976,0.6323158355607724,-8.496262,0.17570117,-0.23663291,1.0,2
site13_134.png_X256_Y0,12.490797123135504,504.9699340548766,0.1318917778470247,0.0204710481354395,0.8223218445132874,-8.470261,0.15668651,-0.21082456,0.71539306640625,2
site13_134.png_X0_Y256,12.304632423824016,376.4022449298644,0.0875514959298629,0.0176972893706166,0.6666281797786837,-9.545105,0.1843659,-0.23898521,1.0,2
site13_134.png_X256_Y256,12.830708206865898,487.75657068500266,0.0853757631624609,0.0146182064895383,0.7730889608545679,-9.542572,0.1820207,-0.23628068,0.9058380126953124,2
site13_135.png_X0_Y0,13.12092421141099,408.4677130491039,0.1507062755842374,0.0155256962143908,0.9299501416749242,-7.7731323,0.15374362,-0.1879726,0.32904052734375,1
site13_135.png_X256_Y0,10.186641510942987,44.74482664419963,0.2728480455096643,0.0418572803108717,0.9286594028962344,-2.2815094,0.14272842,-0.14736871,0.0,0
site13_135.png_X0_Y256,12.784718217636287,351.12778255361394,0.1347102545534285,0.0177123647071615,0.9370765718198972,-8.028152,0.16309948,-0.19814311,0.545196533203125,2
site13_135.png_X256_Y256,10.193861823466287,91.11111201221038,0.2875158542424195,0.049489129886966,0.9320485151425546,-2.5762634,0.13432337,-0.13928407,0.0,0
site13_136.png_X0_Y0,13.027335433011377,313.4739563659561,0.1817340804741064,0.0150617200424195,0.9380116885410624,-3.1088715,0.18214682,-0.19947888,0.3823089599609375,1
site13_136.png_X256_Y0,13.910914082796769,729.8282043414782,0.1076805322145565,0.0104238138481058,0.876565433990239,-8.855942,0.20093267,-0.22990873,1.0,2
site13_136.png_X0_Y256,12.26144336725093,282.4115122789298,0.2032415411556086,0.0311931143586954,0.9274485508801008,-5.828659,0.16399544,-0.18065554,0.553955078125,2
site13_136.png_X256_Y256,13.56897546933146,567.5386159319933,0.1487880317178672,0.0163021297120679,0.9121913485579076,-11.782089,0.21646771,-0.25888234,1.0,2
site13_137.png_X0_Y0,13.783531413245488,642.940178056537,0.0989884666549319,0.0102228860998505,0.866297027096415,-9.533951,0.20718597,-0.24073358,1.0,2
site13_137.png_X256_Y0,13.760257785083317,563.0550262819709,0.1116203764976809,0.0102986080277243,0.8997757312424894,-9.293137,0.19384536,-0.2281764,1.0,2
site13_137.png_X0_Y256,13.809070931456668,650.4727242377006,0.1130948324349229,0.0130302986446303,0.8940155175449322,-9.053116,0.19574802,-0.22948356,1.0,2
site13_137.png_X256_Y256,13.939739184242166,694.3907087268146,0.0857945323018116,0.0094105274064818,0.8670186354535329,-10.52684,0.19065607,-0.22637086,1.0,2
site13_138.png_X0_Y0,13.783718754899564,551.3215647227155,0.0991857783779668,0.0115922029281989,0.8974664304850707,-11.187332,0.17065156,-0.20916785,1.0,2
site13_138.png_X256_Y0,13.618722806490773,527.7814763853091,0.107121653835542,0.0108496409126586,0.8833161646496566,-15.480576,0.19854644,-0.25308067,1.0,2
site13_138.png_X0_Y256,13.856293415621955,656.8566455810674,0.093960720591394,0.0098678429948256,0.8914369039072595,-10.212418,0.16854577,-0.20850462,1.0,2
site13_138.png_X256_Y256,13.76880325303879,624.2887722270609,0.0925867072103386,0.0100978506067291,0.8584645040758822,-12.191483,0.18105787,-0.22538263,1.0,2
site13_139.png_X0_Y0,12.889344421125262,323.9243857530692,0.1548882838038389,0.0178357182606453,0.9575662578396966,-0.19276428,0.15008035,-0.14271957,0.188507080078125,1
site13_139.png_X256_Y0,11.50775634293756,153.35446227112092,0.2081253368980672,0.0253830181083102,0.9241568227180575,2.9852142,0.146687,-0.14226197,0.0,0
site13_139.png_X0_Y256,13.140263312019153,408.9838294916575,0.1427008818909958,0.0157515605277198,0.9521478318520572,-4.1553345,0.18162853,-0.20352472,0.4083709716796875,2
site13_139.png_X256_Y256,10.666356964845647,115.50254977052134,0.2242679203414083,0.0346966637426734,0.8968905381937644,3.6815796,0.14416623,-0.13840416,0.0,0
site13_141.png_X0_Y0,8.202555377837882,425.8473320207386,0.4771623888236688,0.4458667960493764,0.971407521564804,-1.4966736,0.071417615,-0.07478566,0.5510711669921875,2
site13_141.png_X256_Y0,13.297033218387508,451.9869014021119,0.1303497152604075,0.0122417394632915,0.8990377523656852,-2.7913208,0.13693708,-0.1457795,0.639923095703125,2
site13_141.png_X0_Y256,6.94269713287777,340.2918966413321,0.5662639848240378,0.5391029642047643,0.9747407879461704,-1.433197,0.05955924,-0.06286972,0.459503173828125,2
site13_141.png_X256_Y256,12.567545477546489,364.9633948331242,0.1565106824896803,0.0190872502307009,0.8226051786733531,-3.2958221,0.13259098,-0.1398828,0.63299560546875,2
site13_142.png_X0_Y0,11.154883038340913,111.59750623258071,0.2845858314627235,0.0359553041210168,0.959312183641614,0.5573273,0.13029854,-0.13071615,0.5106048583984375,2
site13_142.png_X256_Y0,12.91286223375031,345.4918995248445,0.148891448340562,0.014903580621379,0.9108150042727252,-8.475967,0.16944861,-0.20620055,0.341278076171875,1
site13_142.png_X0_Y256,9.442219292784785,51.15721014754005,0.292787803427691,0.0518254985110613,0.8095167527437115,-0.7056885,0.13772993,-0.13922608,0.0,0
site13_142.png_X256_Y256,12.219090818410276,200.2213481143071,0.1702420804772392,0.0199185531718171,0.9355417473879551,-6.354538,0.15810609,-0.17695957,0.0,0
site13_143.png_X0_Y0,11.440655043018278,338.9544622110761,0.2018961186225365,0.0471502656470285,0.6665651764926745,-8.28862,0.1563184,-0.20038775,0.70550537109375,2
site13_143.png_X256_Y0,12.375488596203969,363.234478190518,0.1543994181256877,0.0188275907244288,0.8150550771175991,-8.744186,0.1707252,-0.21138462,0.6192474365234375,2
site13_143.png_X0_Y256,12.274735769119234,281.27922625913527,0.162493286383367,0.0210943256763531,0.9051688885701392,-6.56575,0.1512918,-0.1698105,0.0,0
site13_143.png_X256_Y256,12.049897552313997,143.2588149239503,0.2176613228049342,0.020828907395604,0.9475894063519976,-4.8857117,0.15389541,-0.17010854,0.0,0
site13_144.png_X0_Y0,9.8092679967728,39.927259842969306,0.3833780054112537,0.0492893364125642,0.9702867931930466,-3.4668427,0.12970692,-0.13882074,0.0,0
site13_144.png_X256_Y0,8.755362778485175,13.20631981990109,0.3797336670150385,0.0626861710238136,0.9197842089009012,-1.6986389,0.12294455,-0.12623784,0.0,0
site13_144.png_X0_Y256,10.469413019823923,102.05207366157596,0.2751511194324588,0.0388962565126566,0.8791907198701053,-0.8176727,0.12721716,-0.12927167,0.07110595703125,1
site13_144.png_X256_Y256,12.563448574590904,526.3282541570597,0.1588597410610293,0.0225415764417305,0.7259493534019248,-5.761322,0.14202705,-0.15492706,0.574005126953125,2
site13_145.png_X0_Y0,9.890374560306538,34.99824972666865,0.2872023225683472,0.0419335205301234,0.9298428661181836,-1.917038,0.12520802,-0.12891522,0.0,0
site13_145.png_X256_Y0,9.475407256201358,20.39618997200608,0.2962821621653213,0.0485834392580367,0.9204761670542192,-2.5569305,0.12775703,-0.13256752,0.0,0
site13_145.png_X0_Y256,12.914613515912542,490.93535998777145,0.1290068191064239,0.0173851171907117,0.8570132781404981,-5.2966614,0.14120977,-0.15454552,0.6415557861328125,2
site13_145.png_X256_Y256,12.928557941380156,373.05650173612656,0.1403696518979779,0.015309646762062,0.8499721556330161,-4.9553223,0.13686416,-0.14872605,0.5897979736328125,2
site13_146.png_X0_Y0,11.94352918876774,208.17832818207256,0.2178189087716801,0.026191933449021,0.9255508415785908,-7.4513702,0.15276022,-0.17416723,0.2187957763671875,1
site13_146.png_X256_Y0,13.820513411383905,631.2192904922547,0.1032538728711734,0.0104946354079469,0.8799584869948472,-8.524628,0.19093877,-0.22067612,0.9654083251953124,2
site13_146.png_X0_Y256,12.12281812038335,165.62461177792673,0.220087382242026,0.0212027352017205,0.9399635629019945,-1.4075317,0.1195251,-0.12176126,0.590545654296875,2
site13_146.png_X256_Y256,13.79498969265826,552.7699321925468,0.09565108675896,0.0097969565502579,0.890589559406633,-8.077316,0.13862526,-0.1617932,0.83477783203125,2
site13_147.png_X0_Y0,13.90633590464075,688.2234890727361,0.0829542958520064,0.0095082113522152,0.8534119545786515,-10.04393,0.19249207,-0.22561935,1.0,2
site13_147.png_X256_Y0,13.62343354643847,563.7201135981554,0.1060443279613406,0.0107630357017395,0.8664961965216236,-10.5841675,0.18657881,-0.22117159,1.0,2
site13_147.png_X0_Y256,13.876237941305249,675.498470209757,0.0898664716971902,0.0098732846966658,0.8679346598293565,-7.877548,0.1447369,-0.16604564,0.9578399658203124,2
site13_147.png_X256_Y256,13.706724568060988,532.7410054876707,0.1221952331834468,0.0108913347086377,0.90745262273533,-7.454712,0.13741161,-0.16042373,0.9712066650390624,2
site13_148.png_X0_Y0,13.324007822686688,418.2218779285725,0.1345231706837794,0.0132563458675355,0.897030053021149,-11.000534,0.17294857,-0.20796804,1.0,2
site13_148.png_X256_Y0,13.79845536239078,662.2981268622851,0.1012391531623961,0.0101309489896409,0.8614749390587318,-10.89003,0.16512832,-0.20162776,0.974273681640625,2
site13_148.png_X0_Y256,12.857928704835068,320.78416517985977,0.2074758299914821,0.0183736744164039,0.9217293683779086,-4.624878,0.15226278,-0.16606763,0.569732666015625,2
site13_148.png_X256_Y256,13.55013871706388,516.1626667778289,0.1348685921354253,0.0120453305997416,0.9248757978195654,-7.161728,0.12642863,-0.16377524,0.6270599365234375,2
site13_149.png_X0_Y0,13.294681466689417,448.73596349663296,0.1328142214431471,0.0144897375968028,0.949600552310958,-11.869934,0.22732651,-0.29048806,0.0,0
site13_149.png_X256_Y0,10.225052323019211,94.67617570465733,0.2250008112034909,0.0368523554441434,0.8239136451106204,3.336609,0.14026201,-0.13511437,0.0,0
site13_149.png_X0_Y256,12.854150622095275,353.8641683036775,0.1839023928201878,0.0197011098682616,0.9695099322072408,-6.1652374,0.16418275,-0.21000023,0.214752197265625,1
site13_149.png_X256_Y256,8.678598997509077,42.77375654796245,0.4302524635753832,0.0868905040739759,0.8720437907300943,1.1807861,0.12984157,-0.12787941,0.0,0
site13_151.png_X0_Y0,5.345615638132796,260.3784536746832,0.676899470727149,0.655623919230044,0.9792063628099492,-1.2245483,0.044769615,-0.04751459,0.345001220703125,1
site13_151.png_X256_Y0,13.218760990571573,448.0354865316244,0.100313346581492,0.0125763126722111,0.8384670333985194,-4.6657715,0.13339615,-0.14506644,0.865692138671875,2
site13_151.png_X0_Y256,3.995009286539525,209.36465276277207,0.7645698284252653,0.7488588158993387,0.9801303648911812,-1.0845642,0.03306146,-0.035392147,0.2514190673828125,1
site13_151.png_X256_Y256,13.1898194477956,427.569012669412,0.0949460555165648,0.0123350749288359,0.8489178449591597,-5.371704,0.14306442,-0.15679571,0.8647613525390625,2
site13_152.png_X0_Y0,13.343131850743186,365.7606174908712,0.1550301827070309,0.0126202828109434,0.9380996426528732,-10.996384,0.14771925,-0.1804379,0.6466217041015625,2
site13_152.png_X256_Y0,12.565670418260895,326.283426116172,0.1828568337184205,0.0207864719672965,0.9222746858419758,-17.141846,0.20011362,-0.25420615,0.0,0
site13_152.png_X0_Y256,13.237943998875195,328.5509473069264,0.1575783426576401,0.0132621839864931,0.936402342191406,-9.398376,0.15885954,-0.18592173,0.686309814453125,2
site13_152.png_X256_Y256,12.586025789449488,263.57202764562635,0.16760902213606,0.0192678579209225,0.960039171433342,-8.152527,0.17809126,-0.21686596,0.4016265869140625,2
site13_153.png_X0_Y0,12.882758492740908,322.7390479022615,0.1660523098716472,0.0159677486500244,0.9334316787701972,-7.3280945,0.15780984,-0.19088863,0.0519561767578125,1
site13_153.png_X256_Y0,13.042604158603678,340.2776266640355,0.1707008062432902,0.0142306214898282,0.9334888931417504,-2.66568,0.14049953,-0.1557231,0.0,0
site13_153.png_X0_Y256,12.188118585279035,288.39644143782255,0.1293279116898769,0.0207800025236319,0.9522927709711811,-8.401779,0.1946215,-0.25367314,0.80926513671875,2
site13_153.png_X256_Y256,11.663415048952434,152.46358729214333,0.2473160318727571,0.0266904297551503,0.982905660270181,9.362366,0.12196343,-0.07107502,0.0467529296875,0
site13_154.png_X0_Y0,11.102023270067594,59.327903765977794,0.3038784430456908,0.0327446589410296,0.9888317881335338,1.3849945,0.12580185,-0.124077104,0.0006103515625,0
site13_154.png_X256_Y0,12.328002462178627,366.2102492881347,0.1933089396452826,0.023611634955398,0.8523742346694575,-5.213089,0.13995427,-0.15101105,0.500732421875,2
site13_154.png_X0_Y256,11.634616841788432,172.22726164515328,0.2592932805156076,0.0369736842894594,0.9768862888046852,9.960907,0.1126324,-0.062275432,0.0,0
site13_154.png_X256_Y256,12.484845218075597,279.3030935667702,0.209349754510484,0.0245168722802599,0.958309927228344,8.42305,0.111403175,-0.0680282,0.154571533203125,1
site13_155.png_X0_Y0,13.370469487744106,636.4058747086672,0.0878735003826898,0.0124267974809806,0.7585590414902503,-10.044037,0.16571721,-0.1898121,1.0,2
site13_155.png_X256_Y0,13.899051068292502,797.712201151593,0.0744102468902711,0.0092790861219465,0.8062343421949736,-7.8950806,0.15401927,-0.1742891,0.9788665771484376,2
site13_155.png_X0_Y256,13.253676395714365,399.95745997634975,0.1563594115217629,0.0134025448440229,0.9242039622986322,14.482086,0.095852405,-0.015160702,0.4264068603515625,2
site13_155.png_X256_Y256,12.838285693781538,322.4328486639833,0.1997528115606607,0.0174977137726576,0.9244385762848422,7.224304,0.118943796,-0.0868009,0.1964263916015625,1
site13_156.png_X0_Y0,11.092791640274283,201.1205308054709,0.3197307032954382,0.0483788072119194,0.9150105023641336,-1.9656677,0.12835772,-0.13304584,0.4460906982421875,2
site13_156.png_X256_Y0,13.785871126259131,565.2668112775082,0.1074736529209016,0.0113282842029443,0.9086182393572064,-0.8506775,0.10457896,-0.11167335,1.0,2
site13_156.png_X0_Y256,10.159763049396744,128.3184091305073,0.3663285421357052,0.0676111784884685,0.9470535407654034,-5.8308563,0.13751018,-0.15417412,0.174957275390625,1
site13_156.png_X256_Y256,13.753990711913987,537.5587351469304,0.1256723181827281,0.0107709336830411,0.9184995954010337,-6.156372,0.13642752,-0.1576089,0.986236572265625,2
site13_157.png_X0_Y0,13.714877694558188,606.7389234609093,0.1213716860847713,0.0124457970743112,0.9082813124776722,-5.9417267,0.14002895,-0.15905233,1.0,2
site13_157.png_X256_Y0,13.570087920319963,544.4928257911461,0.1186406399453828,0.0119117792000966,0.9013792959005648,-5.0631866,0.12875901,-0.14246865,1.0,2
site13_157.png_X0_Y256,13.730055050183289,567.5984657493386,0.1025981850105527,0.010510835094622,0.8891099044589419,-8.904541,0.14130792,-0.16665173,1.0,2
site13_157.png_X256_Y256,13.545119524948223,548.1940633560321,0.1481292369135215,0.0138344896153049,0.9144055492158852,-7.200409,0.13982305,-0.15921837,0.999359130859375,2
site13_158.png_X0_Y0,13.453537276976755,428.78071850369145,0.1219468600090776,0.0122944359964154,0.9129952280128526,-4.249756,0.12988853,-0.14194217,1.0,2
site13_158.png_X256_Y0,13.854902318893856,557.8190383956895,0.1083784070271823,0.009802876052362,0.9158631964200528,-9.681702,0.16211925,-0.19531107,0.883941650390625,2
site13_158.png_X0_Y256,13.43949921695547,367.3909622951568,0.127608473937944,0.0115071714465508,0.9315197084520348,-5.1048737,0.12975498,-0.14464137,0.9755706787109376,2
site13_158.png_X256_Y256,13.733126735468892,578.7795427239613,0.0964344815528609,0.0102090740009825,0.872714708398359,-10.125107,0.1313644,-0.15907714,0.983734130859375,2
site13_159.png_X0_Y0,12.81357449446163,287.8953903096468,0.1696363967438997,0.0173899061265403,0.9725328066737744,6.8814697,0.13877371,-0.09899495,0.1072845458984375,1
site13_159.png_X256_Y0,9.521149376176458,60.71340271770465,0.4002740790203162,0.0668841008499444,0.9321112839501317,1.073349,0.12998646,-0.12843776,0.0,0
site13_159.png_X0_Y256,13.508344239334727,615.4173740118398,0.1327861410180544,0.0136593708735854,0.9361448767404584,-2.847931,0.12534247,-0.13715702,0.5010223388671875,2
site13_159.png_X256_Y256,7.441225184295304,14.81858796796906,0.444876050066204,0.1062820206026856,0.758543823110774,0.9814453,0.13547495,-0.13403448,0.0,0
site13_162.png_X0_Y0,12.96873623174289,323.67661616025487,0.1604753745371188,0.0162468324778697,0.9214246630888556,-6.955826,0.14105183,-0.15741225,0.6474761962890625,2
site13_162.png_X256_Y0,11.384694228746696,170.07134895533392,0.2634351955004376,0.0325880846978322,0.9513534415376732,-3.3181305,0.15005511,-0.15459543,0.092987060546875,1
site13_162.png_X0_Y256,12.604253943276426,239.9954748924704,0.1833993824733009,0.0188943165957246,0.9532442090810158,5.126053,0.11090092,-0.06589482,0.212615966796875,1
site13_162.png_X256_Y256,10.969254877598566,72.81610318146794,0.2951961941046365,0.0352152108221533,0.9755008526788468,-5.470001,0.16458695,-0.18395355,0.0,0
site13_163.png_X0_Y0,12.368179924759993,260.5357251868575,0.1635255952289986,0.0185404595491889,0.9105489753660072,-6.6086426,0.2069403,-0.22718346,0.0,0
site13_163.png_X256_Y0,12.135514556306816,162.40485421773477,0.213288486309987,0.0204338484720586,0.9484605496493748,-1.7444916,0.15468709,-0.15211003,0.0316009521484375,0
site13_163.png_X0_Y256,12.712665781888251,311.69142146352874,0.2299672980321952,0.0179332378038856,0.933750203545824,-4.9634094,0.16660644,-0.18250099,0.2267608642578125,1
site13_163.png_X256_Y256,12.58235528254584,260.6169094969657,0.1766348285041851,0.0172603104920248,0.9253444232893406,-5.2522125,0.1406342,-0.1595599,0.2016754150390625,1
site13_165.png_X0_Y0,9.864768584325734,55.87526110750811,0.2923000653951139,0.0494691558227052,0.9127696050964798,-6.1457367,0.14226559,-0.15649545,0.03948974609375,0
site13_165.png_X256_Y0,10.94223737382714,198.4682593233499,0.2867118694390432,0.0441237357398398,0.915820728436434,-7.376053,0.13369972,-0.15208721,0.24017333984375,1
site13_165.png_X0_Y256,12.751952813965724,255.00336407571905,0.1955178454943751,0.0169641979771392,0.9656284783173206,-4.9085083,0.12584841,-0.14959651,0.406524658203125,2
site13_165.png_X256_Y256,13.63248295383654,620.4494298768035,0.128955192611393,0.011844074512501,0.929373042044678,-15.10585,0.12165594,-0.19044557,0.9896392822265624,2
site13_166.png_X0_Y0,8.189145283495638,23.1164252631208,0.4329230549456222,0.0927898725518979,0.903174579627436,-6.5886383,0.1380863,-0.15256464,0.0015411376953125,0
site13_166.png_X256_Y0,12.790482519650832,322.37871437669054,0.1878174932901637,0.0196933854558171,0.9172371403611272,-7.554535,0.15206021,-0.17078118,0.6140594482421875,2
site13_166.png_X0_Y256,11.193917115075044,168.0104061689093,0.2897024194389681,0.043556955517077,0.9232651999108386,-9.592926,0.14488105,-0.17182477,0.146148681640625,1
site13_166.png_X256_Y256,9.578048923368009,61.13660000060448,0.3582806709129854,0.0657488560967269,0.9332757184820764,-6.106064,0.14184734,-0.15576202,0.0600128173828125,1
site13_167.png_X0_Y0,13.7833853556364,481.9655538434856,0.1029649219391077,0.0098953768911742,0.9243352521781494,-16.171173,0.15691233,-0.21899135,0.973052978515625,2
site13_167.png_X256_Y0,12.539429040487532,352.13382971693767,0.0949163144381565,0.0158271905796029,0.7068063367300907,-7.978485,0.15043315,-0.17067835,0.9323272705078124,2
site13_167.png_X0_Y256,13.267950657936016,456.2280738928444,0.1852061963000011,0.0178068409269786,0.9273038116403444,-4.8374023,0.13047415,-0.14309767,0.881561279296875,2
site13_167.png_X256_Y256,12.648928722347318,323.8388334414714,0.1039920321692155,0.0155678790278618,0.7870017390610771,-8.122253,0.1480571,-0.16685984,0.90643310546875,2
site13_168.png_X0_Y0,12.30679274286016,316.8046542946279,0.0791944388609789,0.0164298890328872,0.6223162017289422,-5.7324066,0.14424817,-0.15781076,1.0,2
site13_168.png_X256_Y0,12.742939662620673,388.2461787834223,0.0973366114487195,0.0161065308596836,0.78270749531967,-7.036316,0.14568725,-0.16465795,0.9270782470703124,2
site13_168.png_X0_Y256,12.604531182508044,342.7489865075969,0.0757560391945911,0.0143836832596791,0.703141200238703,-6.7999115,0.14496222,-0.1601206,1.0,2
site13_168.png_X256_Y256,12.87752415547319,392.4384017865798,0.0955530820066706,0.0146876504052406,0.7998846996665732,-7.063141,0.14541286,-0.16226646,0.915924072265625,2
site13_169.png_X0_Y0,13.615835772515844,613.1070107650811,0.1313462446384341,0.0139606037205114,0.8972199678390588,-6.3478394,0.12954494,-0.14691152,0.7952423095703125,2
site13_169.png_X256_Y0,7.614601200379921,17.764487231473463,0.4344245111619171,0.094250933183779,0.8111644493848733,1.0146637,0.1367573,-0.1352677,0.0,0
site13_169.png_X0_Y256,13.460463474214832,529.6079901359949,0.1535244720793806,0.0151192779083993,0.9304523851630524,-3.8197327,0.11254582,-0.122685276,0.76416015625,2
site13_169.png_X256_Y256,8.389748240511368,78.89337427311617,0.4094090282911571,0.0856761350786001,0.9288375723238796,0.8582306,0.1374428,-0.13632986,0.0,0
site13_172.png_X0_Y0,12.90657620915285,321.8694100826614,0.1339036761547167,0.014609197650835,0.8998114916534963,-3.6632385,0.13747634,-0.14561024,0.725738525390625,2
site13_172.png_X256_Y0,9.7540239386847,34.072598024197944,0.3443783236964263,0.0458271045785628,0.922528264545383,-1.1308899,0.1585754,-0.16143203,0.012481689453125,0
site13_172.png_X0_Y256,12.877594911484255,324.36873341984153,0.1210948314142343,0.014243734781442,0.88256655846693,-4.719391,0.13923821,-0.14988339,0.7204742431640625,2
site13_172.png_X256_Y256,10.49939722860261,57.95340929570362,0.2850452518068431,0.0414825910163819,0.9666850050881196,-0.18412781,0.1576185,-0.16004731,0.0,0
site13_173.png_X0_Y0,11.844393658951246,113.34339346645211,0.2080763228284866,0.0260534591420328,0.9783574405780846,9.861588,0.13263912,-0.094159946,0.0,0
site13_173.png_X256_Y0,11.392668818806325,215.6508129986105,0.2054617665698264,0.031415256747385,0.8582235523216211,1.8798065,0.13350973,-0.13093889,0.0223236083984375,0
site13_173.png_X0_Y256,11.762932311529749,157.0904493614217,0.1970518162813941,0.0264235671301312,0.951479182014522,1.9035034,0.14539464,-0.1380293,0.0,0
site13_173.png_X256_Y256,12.753810343307432,301.7966708267302,0.1746388684208165,0.016517783637639,0.9163690333176312,4.0957336,0.12535325,-0.11195892,0.0,0
site13_175.png_X0_Y0,11.320145480426955,214.83642595394755,0.2725251950502465,0.051405171527423,0.975375938391957,-2.6315613,0.1489456,-0.16137311,0.0486602783203125,0
site13_175.png_X256_Y0,13.486705447086427,362.6363233191681,0.1369004204912796,0.0116644541800815,0.9442056941539972,-9.305542,0.15834245,-0.19104405,0.7140045166015625,2
site13_175.png_X0_Y256,12.182530961394551,227.5317265294783,0.2595590756208436,0.026739944145397,0.9685299634585448,1.6733246,0.116471946,-0.09217863,0.0,0
site13_175.png_X256_Y256,13.68847511435063,696.66016171666,0.1414362975574934,0.012702860004111,0.8975363891761561,-9.537216,0.1829399,-0.2132507,0.7873382568359375,2
site13_176.png_X0_Y0,10.976032280998783,65.46988348832281,0.2778433717999142,0.0314250204329033,0.9587323203130304,-6.7304077,0.15813331,-0.17425513,0.0,0
site13_176.png_X256_Y0,10.09932849411986,38.742841154844754,0.3253620542159534,0.0451934997201661,0.939461029631132,-6.7323303,0.14024037,-0.15443769,0.0,0
site13_176.png_X0_Y256,11.58833579363282,142.70677301098726,0.2399488947286989,0.0256736517411293,0.9311816038284424,-7.6078644,0.15823823,-0.17655247,0.0833587646484375,1
site13_176.png_X256_Y256,10.317096756032534,53.12424464148517,0.3050987020685184,0.0371379328841862,0.9203003383107324,-6.8657837,0.1414567,-0.15529561,0.0,0
site13_177.png_X0_Y0,13.771373192138432,667.658471456268,0.1146285615997112,0.0135354979557689,0.8954428291376457,-0.90579224,0.122364044,-0.12571573,0.9993133544921876,2
site13_177.png_X256_Y0,12.545639086513674,319.9715159884499,0.1096698923685504,0.0167758034039846,0.8071546750285383,-5.479416,0.14764899,-0.1605519,0.9131927490234376,2
site13_177.png_X0_Y256,11.645600187230809,260.7529402002901,0.3064919586289787,0.0687312480263435,0.9303952518027512,-5.4445953,0.13571975,-0.14752278,0.601104736328125,2
site13_177.png_X256_Y256,11.950728174846418,242.395183763463,0.1827044045364108,0.0235847331920254,0.8140470910164938,-4.1658173,0.1490106,-0.15876564,0.44598388671875,2
site13_178.png_X0_Y0,11.81389221681259,211.5002678206713,0.1031578943252134,0.0201011998812475,0.6742866000022278,-5.450348,0.14013235,-0.15089664,1.0,2
site13_178.png_X256_Y0,12.053577949564914,237.43914244221187,0.1165465719486286,0.0194302697967611,0.8208268528294406,-5.680954,0.14110982,-0.15350366,0.923583984375,2
site13_178.png_X0_Y256,11.856889479333264,161.127798863421,0.203762636130664,0.0223790219013018,0.9194248562274152,-4.3380127,0.14292136,-0.15224513,0.396881103515625,1
site13_178.png_X256_Y256,12.19511525788971,205.72225602833575,0.2033203113118658,0.022108484993035,0.9090651834388956,-3.5335846,0.14677975,-0.15635806,0.5265350341796875,2
site13_179.png_X0_Y0,12.796634113995104,248.61136137543,0.2030578605599653,0.0191311486943464,0.9655913885308918,-1.6901703,0.12645337,-0.12488271,0.645599365234375,2
site13_179.png_X256_Y0,8.57312318797656,117.87676386485978,0.4220079392711297,0.0834816074756446,0.9517034557925258,2.1579895,0.1328668,-0.12901652,0.0,0
site13_179.png_X0_Y256,11.555671075738708,112.47228322640282,0.2777590971759149,0.029660048263593,0.9750611745219432,1.3762512,0.13967058,-0.13098799,0.0535430908203125,1
site13_179.png_X256_Y256,9.025121411885143,142.33972720828257,0.3967547103484374,0.0799868918961302,0.9609777600239175,2.9722748,0.12942268,-0.124272004,0.0,0
site13_182.png_X0_Y0,12.826284430741229,355.7199246834169,0.1213925672879095,0.0141027274418954,0.8488732499783767,-5.5536194,0.13702695,-0.14895613,0.754241943359375,2
site13_182.png_X256_Y0,11.301949195140034,83.8395887399085,0.2466964461908973,0.0273291987516268,0.9643643088379174,0.98854065,0.15546447,-0.15609524,0.0,0
site13_182.png_X0_Y256,12.899632385440372,404.9151020641118,0.1077293600352184,0.0138895780766488,0.8304651398583912,-5.7301483,0.13729289,-0.14947319,0.77935791015625,2
site13_182.png_X256_Y256,11.938460320522776,100.49301766448303,0.2684530091161858,0.0225065348273747,0.9801255956854216,2.9895325,0.15914649,-0.156744,0.0,0
site13_185.png_X0_Y0,11.525579223622625,223.83262690434017,0.2854194388195931,0.0403362032125052,0.9387803078314548,3.329483,0.11391289,-0.08659805,0.0,0
site13_185.png_X256_Y0,12.662161001585618,214.91952507750165,0.1830408233191392,0.0168259550622058,0.9613103129959608,-2.5704498,0.14010252,-0.14840272,0.5478057861328125,2
site13_185.png_X0_Y256,12.569630857486263,405.37405198725446,0.2052764322471689,0.0210849957455828,0.9127611398625136,2.5399628,0.10765019,-0.079293534,0.0,0
site13_185.png_X256_Y256,9.692642998867194,132.69729195200918,0.4127134326041976,0.0839610623322809,0.982926683356836,-0.50823975,0.1381129,-0.13928677,0.0,0
site13_186.png_X0_Y0,12.343090889235286,189.2896504799905,0.2069020157897639,0.0198278126799117,0.9403136440595778,-5.0074005,0.1398509,-0.1520544,0.3294525146484375,1
site13_186.png_X256_Y0,10.305347311856648,60.92427308607333,0.2927110738444622,0.0411421904180264,0.9342555884050796,-5.651352,0.13485499,-0.14605862,0.0,0
site13_186.png_X0_Y256,10.01783606756776,55.981356719771554,0.3088342899195592,0.0448935415105388,0.9001302650787097,-1.5082397,0.14192876,-0.14495748,0.0,0
site13_186.png_X256_Y256,10.835696890051278,105.74071213595732,0.2487492834742473,0.0343089737075259,0.8775913618321138,-4.110153,0.1375356,-0.145102,0.0,0
site13_187.png_X0_Y0,10.010492406887504,59.37782425930087,0.3638458284001393,0.0514234949724933,0.9135797554444068,-3.95224,0.13668959,-0.14437225,0.0,0
site13_187.png_X256_Y0,12.465186597032496,350.51148389445234,0.146637071889996,0.0180246340482456,0.8487095220146594,12.977127,0.052914426,0.030951431,0.1377410888671875,1
site13_187.png_X0_Y256,10.1280199992718,86.00636919994972,0.3476577779122484,0.0499869351250729,0.8732776101676877,-3.3315125,0.13462812,-0.14103541,0.0,0
site13_187.png_X256_Y256,12.78434589196704,300.37744272037,0.1782529495063173,0.0154255199997438,0.944753890146534,9.182419,0.10677773,-0.05880482,0.015960693359375,0
site13_188.png_X0_Y0,12.594225131009418,306.0631249549742,0.1624145820750802,0.0185563595164775,0.8991092125574001,6.904846,0.11628944,-0.085575655,0.3339080810546875,1
site13_188.png_X256_Y0,11.243321033815237,91.04487483780716,0.2341044428547078,0.0292107637395184,0.9213992835691748,16.628311,0.10952096,-0.053114906,0.0869293212890625,1
site13_188.png_X0_Y256,9.070627313797274,62.73513866361653,0.2964581679328154,0.0667797479546346,0.7400600587187514,-9.542297,0.12169106,-0.15054287,0.0,0
site13_188.png_X256_Y256,9.575070352242813,57.941445687957575,0.3281063387875598,0.0569432047531856,0.8746102115347822,-7.450226,0.11811751,-0.13946196,0.0,0
site13_189.png_X0_Y0,12.00938799716478,179.07916471430804,0.2009082998951127,0.0237461563743096,0.9123128812489568,11.890274,0.11016023,-0.05661557,0.059722900390625,1
site13_189.png_X256_Y0,11.883436401900711,198.48612392170844,0.1621463380801998,0.0219856660539119,0.8902366081592885,17.063995,0.08029552,0.039522268,0.010223388671875,0
site13_189.png_X0_Y256,9.204055638535248,42.84399452734536,0.3301622653318789,0.056633584793607,0.827013422985213,-7.2023773,0.113340735,-0.13335598,0.0,0
site13_189.png_X256_Y256,11.307388205505816,198.9653091509492,0.1901178676571257,0.0293715435136565,0.8946240693836378,13.582382,0.11407948,-0.021207558,0.0294036865234375,0
site13_192.png_X0_Y0,12.728076097790211,401.43950178417225,0.1053945073607767,0.0149591475171067,0.771285755168535,-4.0533752,0.13290231,-0.1411456,0.809814453125,2
site13_192.png_X256_Y0,12.239499476168398,146.2052445423686,0.2395383537893352,0.0193370916690957,0.9540689931673008,-2.1054382,0.15514779,-0.16454622,0.0792388916015625,1
site13_192.png_X0_Y256,12.598151882627825,332.8327073571501,0.1126254550192024,0.0156718052176016,0.7966504781325194,-2.1311493,0.12907648,-0.13339132,0.8358001708984375,2
site13_192.png_X256_Y256,11.74626355414945,106.49269941248748,0.2237132260688095,0.0225680031887855,0.9448890861025192,2.2078247,0.14552216,-0.140654,0.0,0
site13_195.png_X0_Y0,11.763968278087384,259.0182648801143,0.2680748903761822,0.0329775980124387,0.9343822585663986,-0.2706604,0.11764108,-0.11697498,0.0,0
site13_195.png_X256_Y0,10.160985813905976,186.3813406652423,0.3891665272301566,0.0701568340723381,0.9678195156556736,0.560318,0.1294582,-0.1275875,0.0,0
site13_195.png_X0_Y256,10.679787857142047,235.27497419865136,0.3472383586543833,0.0505220435359852,0.9498936759607698,4.5596466,0.111147806,-0.103032574,0.0,0
site13_195.png_X256_Y256,12.411716454036974,280.1390252997781,0.2595356409476075,0.0223378994860529,0.962258857218694,5.485977,0.11139335,-0.079415075,0.0087127685546875,0
site13_199.png_X0_Y0,8.9280563648899,85.46871098255482,0.3192755697792031,0.0742624518140984,0.6700169196566774,-5.4176483,0.10912394,-0.12254576,0.0,0
site13_199.png_X256_Y0,11.897547327064464,212.4354556991534,0.1735486079570509,0.0217066379438675,0.9201378830424716,22.866837,0.069630966,0.051100895,0.0,0
site13_199.png_X0_Y256,8.727471232622829,79.14024942329891,0.332481999112996,0.0810486936720442,0.6937354367311532,-5.0470123,0.10853693,-0.12072818,0.0,0
site13_199.png_X256_Y256,11.70826875632725,140.5520498426195,0.1832341680135671,0.0247729512549694,0.9402187146109438,22.404526,0.07826909,0.04020258,0.0,0
site13_202.png_X0_Y0,12.244759579341729,276.6378927726172,0.2109357677494047,0.02122990831121,0.8731346076180682,-1.0996399,0.13196196,-0.13462506,0.372039794921875,1
site13_202.png_X256_Y0,11.460051222997732,86.44938955269747,0.2593134903696893,0.0247132889337645,0.95434284130261,2.4955292,0.14504579,-0.14006265,0.0,0
site13_202.png_X0_Y256,10.06968690954584,81.21138273140173,0.3178471521762209,0.0518151169669944,0.9278394688081488,20.961472,0.021336682,0.018323533,0.0,0
site13_202.png_X256_Y256,11.467011990423533,124.35895082420537,0.207511762658049,0.024825317822877,0.8939110707468874,-0.13214111,0.14301139,-0.1434993,0.0,0
site13_209.png_X0_Y0,8.033988212704873,39.94497211108716,0.3687277203199566,0.1027564224500585,0.7445804990909541,-4.636673,0.10675373,-0.11760673,0.0,0
site13_209.png_X256_Y0,11.458224265118998,120.98542420583918,0.1961651201047592,0.0290142720383262,0.9356066753952204,22.370834,0.09147579,0.008369943,0.0,0
site13_209.png_X0_Y256,8.590989230612946,49.75410016580249,0.3683645857467688,0.0914138365429206,0.8561489122637063,-3.4135437,0.10976836,-0.11788973,0.0,0
site13_209.png_X256_Y256,11.743632356706064,250.90272009264788,0.2672343618283986,0.0544763224080959,0.952985751306064,9.251572,0.104055345,-0.06874403,0.0,0
site13_210.png_X0_Y0,13.041966012178667,340.0988330810452,0.1480579753175015,0.0141529761230293,0.9381161492918628,-3.8675995,0.14638469,-0.16398747,0.509521484375,2
site13_210.png_X256_Y0,10.48374807814417,166.37652022359333,0.2784308593327967,0.1521843112633995,0.9766002616735542,-1.2920227,0.113271296,-0.11687221,0.074951171875,1
site13_210.png_X0_Y256,12.705562867401394,373.1950629265399,0.1717048258527859,0.0166177543451603,0.9313813317191604,-10.354889,0.19581215,-0.23887163,0.8609161376953125,2
site13_210.png_X256_Y256,12.124770526798583,476.29810914073937,0.228435374285958,0.076521177638412,0.9110233441989802,-14.253204,0.21898115,-0.2682957,0.9033966064453124,2
site13_219.png_X0_Y0,11.926987233199023,65.34664580630078,0.1854427755446988,0.019179049669734,0.9784254062842124,16.644852,0.12739077,-0.084994964,0.0,0
site13_219.png_X256_Y0,12.659726168334188,142.37343132749805,0.1743055441090967,0.0157282089689902,0.97065493706729,20.908417,0.103051834,-0.033995014,0.0,0
site13_219.png_X0_Y256,9.094564858427637,44.261718825092245,0.3973623307105209,0.0742486217145758,0.9682632315354428,6.493515,0.11403557,-0.10089418,0.0,0
site13_219.png_X256_Y256,8.963333492051891,53.63017937812451,0.3873394414310231,0.075222823131166,0.9726606903897016,13.977432,0.098432034,-0.06099142,0.0,0
site2_36.png_X0_Y0,14.449159954445651,2049.654453140418,0.0588382751304264,0.0088162369539687,0.6941816370169687,-7.2722015,0.20982942,-0.26331532,0.2410125732421875,1
site2_36.png_X256_Y0,14.701128731275324,2430.3176343837013,0.0305183611529361,0.0067982885228377,0.5277137582948481,-9.484619,0.24940601,-0.30011985,0.0,0
site2_36.png_X0_Y256,14.84077160597587,2356.468354779669,0.0461028085158008,0.0076492418619018,0.7224242374697233,-10.711807,0.2279132,-0.27672166,0.131011962890625,1
site2_36.png_X256_Y256,15.032084828338578,3342.9361281720903,0.0378821020750027,0.006492886051426,0.6297181708679914,-9.021179,0.24260119,-0.29443794,0.00787353515625,0
site2_37.png_X0_Y0,13.60630334163042,1281.4890950297795,0.0807917853324734,0.014310551764455,0.7554086323620528,-6.5506744,0.18261561,-0.21172363,0.0,0
site2_37.png_X256_Y0,12.979748322927213,1185.088127388105,0.0795031662762715,0.016655746367405,0.5424971136119668,-3.5892181,0.17071187,-0.20165339,0.0,0
site2_37.png_X0_Y256,14.233411991864418,1823.7603823352945,0.0718822878709961,0.0119685467247034,0.779712984409971,-9.097214,0.20134693,-0.25495887,0.144989013671875,1
site2_37.png_X256_Y256,14.472861979188124,1899.924826434292,0.0454362391804798,0.0080279716062162,0.6940132167244195,-7.6901093,0.22186944,-0.26876932,0.15234375,1
site2_49.png_X0_Y0,14.17399937582254,1803.493193633774,0.0509584904822962,0.0102446260773597,0.6611565949968483,-3.9669952,0.23578015,-0.26373556,0.0,0
site2_49.png_X256_Y0,14.542118159046344,2258.8181237838016,0.0368909866174865,0.0075061095708908,0.5528047463732229,-9.777512,0.25553322,-0.3133382,0.0,0
site2_49.png_X0_Y256,13.021963374511747,1202.388068982099,0.0846427980646664,0.0187915509648566,0.6632037937686296,-1.2175293,0.18045026,-0.19176492,0.0052032470703125,0
site2_49.png_X256_Y256,12.461530214144236,1274.3323688908918,0.1308974326091877,0.0302487643528715,0.7138498138659427,-4.057892,0.17573446,-0.22100958,0.0029296875,0
site2_50.png_X0_Y0,14.735805344045486,2791.9635772753654,0.0576158743179269,0.0090522893606129,0.7618939001644536,-6.2545166,0.15036136,-0.18959233,0.50689697265625,2
site2_50.png_X256_Y0,14.262706712565407,2153.75078562048,0.0327867212437688,0.0083197166657871,0.3019983049061285,-3.2534637,0.19757909,-0.20983888,0.0,0
site2_50.png_X0_Y256,14.658153540628122,2271.429913675493,0.0451221695008297,0.0077505192936142,0.6990214373217716,-9.086533,0.2114104,-0.2636912,0.071014404296875,1
site2_50.png_X256_Y256,14.005029619149212,1556.3320546785808,0.0391137413089127,0.0093153521190008,0.4194995881812856,-0.60206604,0.1856457,-0.18886796,0.00311279296875,0
site2_51.png_X0_Y0,14.232401137353616,2000.2238274645897,0.0854579339579773,0.0120297005051562,0.7898725056431076,-5.2236176,0.17562322,-0.21729442,0.2673187255859375,1
site2_51.png_X256_Y0,14.718596594076734,1949.2252648771607,0.0331062817780001,0.0067226584538793,0.6737064568262797,-9.129044,0.20885569,-0.243156,0.014678955078125,0
site2_51.png_X0_Y256,14.405891085685267,3306.8445348852824,0.076884738548722,0.0118691284099787,0.7200306952284504,-14.793625,0.24629107,-0.34820634,0.9724273681640624,2
site2_51.png_X256_Y256,13.08519809337953,1299.5094966933368,0.0873693853592778,0.0164670314936084,0.7388992163910633,-8.012009,0.15294114,-0.2183336,0.3070831298828125,1
site2_63.png_X0_Y0,14.46068495946021,2389.3246361229094,0.0358926633240724,0.007742852950204,0.5047348992619104,-8.733307,0.25252187,-0.3004367,0.040313720703125,0
site2_63.png_X256_Y0,14.388363835613752,2270.5736041579803,0.0840567177487211,0.0109243223659133,0.7100232956630822,-12.867172,0.25049457,-0.30818513,0.4175567626953125,2
site2_63.png_X0_Y256,13.66491534908215,2116.950382050177,0.0590164633633522,0.0134897488501928,0.5723857714094311,-7.44368,0.21915908,-0.28046054,0.0105743408203125,0
site2_63.png_X256_Y256,14.378440012298148,2693.8399644521187,0.0978902906252652,0.0471610202874787,0.7406719391483614,-5.9305267,0.20618048,-0.24372418,0.4546661376953125,2
site2_64.png_X0_Y0,14.54670118129402,1964.9404061088649,0.0534539853580709,0.008935889332088,0.684555913330531,-0.1458435,0.19399741,-0.20221226,0.1089324951171875,1
site2_64.png_X256_Y0,13.021189545787363,934.8543224961804,0.0706873923386376,0.0153858748982172,0.7406785431691457,4.051758,0.17705555,-0.17527398,0.068359375,1
site2_64.png_X0_Y256,13.71222985546286,948.4373189548544,0.0576785924365803,0.0111244910727316,0.7477595264796899,2.8636475,0.15749957,-0.15244007,0.0405731201171875,0
site2_64.png_X256_Y256,14.507546603518506,2558.3480693724537,0.0697467815205163,0.0148377480147841,0.7763901748403382,-5.3217316,0.16041273,-0.19812259,0.628509521484375,2
site2_65.png_X0_Y0,14.792731063060202,2765.310950686368,0.0547891405003783,0.0129807135391669,0.699794618612478,-8.673813,0.1884715,-0.23069862,0.520172119140625,2
site2_65.png_X256_Y0,14.434934737270762,1936.126353491145,0.0506881889455339,0.0094660661222882,0.7447687662664713,-7.7409363,0.19908877,-0.24260707,0.0,0
site2_65.png_X0_Y256,14.551645612114903,2716.881862355335,0.0477645602555962,0.0086601720010254,0.7061368010225043,-11.514664,0.21608508,-0.28466564,0.4871063232421875,2
site2_65.png_X256_Y256,14.62991118093844,1583.4372083004018,0.0421283257357372,0.0071733928682733,0.8026189977735242,-4.7180786,0.19726568,-0.22186828,0.0,0
site2_66.png_X0_Y0,12.420765006287686,742.4420705529035,0.1012992288434184,0.0209979633181944,0.6813669410778553,-2.4246368,0.10234511,-0.12290533,0.0680084228515625,1
site2_66.png_X256_Y0,11.810302180807938,599.9987732783842,0.1140410137622323,0.0251134534607558,0.5872884950208564,-1.4920807,0.084265806,-0.101358294,0.0,0
site2_66.png_X0_Y256,14.15305005332361,1738.4994855497173,0.0501045027324191,0.0101165153962136,0.6546145399268652,-8.314453,0.18844196,-0.23794633,0.0,0
site2_66.png_X256_Y256,14.615516266590229,2521.410398359796,0.0321095283349621,0.0072470534198963,0.5127959099836614,-4.3399353,0.17395769,-0.19910139,0.0,0
site2_77.png_X0_Y0,14.91082185289607,3179.698405736826,0.0336094470806638,0.0063692746026537,0.5122388295698084,-10.577774,0.24160543,-0.29465747,0.0561981201171875,1
site2_77.png_X256_Y0,14.514932177697446,1477.993820991374,0.0524642203295465,0.0076012686107948,0.7637324576321691,-9.068161,0.2213457,-0.26264077,0.14556884765625,1
site2_77.png_X0_Y256,14.782781699347366,2336.038701731679,0.0358552435173245,0.0067196713131204,0.6490336010465473,-6.415573,0.21615687,-0.25191638,0.0107879638671875,0
site2_77.png_X256_Y256,14.402986712403504,1823.096845999692,0.0402791006517308,0.0082959707136859,0.6422715012582054,4.8054657,0.18462612,-0.1813817,0.0,0
site2_78.png_X0_Y0,12.023631737435904,634.4517219189701,0.1385893283215047,0.0274952702461353,0.8049319428206091,-2.8063354,0.09893529,-0.12872733,0.06793212890625,1
site2_78.png_X256_Y0,12.628666557817656,1105.0113867415523,0.1067900992747827,0.0238797667378172,0.8014896852224788,-6.76857,0.12735233,-0.19360542,0.389892578125,1
site2_78.png_X0_Y256,13.056933078323867,1011.2921844814888,0.0875904262985261,0.0187963514485255,0.7379741493579492,-6.7959595,0.1712654,-0.22815484,0.0,0
site2_78.png_X256_Y256,12.177147596375391,796.3974589101329,0.0995570160402805,0.0231596305508794,0.5520477675738784,-5.398712,0.1340201,-0.19324,0.0,0
site2_79.png_X0_Y0,14.994061703784595,3089.301188500602,0.0384411398529915,0.0066569923402568,0.6328188929856239,-3.0530243,0.21094993,-0.23851745,0.0367431640625,0
site2_79.png_X256_Y0,13.329474422261464,1209.351581303068,0.0767731361137275,0.0150812739010766,0.6756321556591006,-0.35876465,0.16724244,-0.18657677,0.0,0
site2_79.png_X0_Y256,13.809457007288476,1665.6371598217554,0.0684783043464832,0.014586864646721,0.736169883285248,-4.2740326,0.20040272,-0.24616474,0.112518310546875,1
site2_79.png_X256_Y256,14.773809449896069,2276.5966104684467,0.0285922497477929,0.0066018812354962,0.5641897711762034,7.0696106,0.20976758,-0.20105593,0.0,0
site2_88.png_X0_Y0,14.65614828860045,3119.0882908016747,0.0219281253944961,0.0067926153006258,0.2114346213962111,50.221207,0.13853015,0.015407087,0.0,0
site2_88.png_X256_Y0,13.87144652542041,1400.6850536153695,0.0388504670449043,0.0096916457266021,0.4955117272302575,30.829987,0.090866745,0.058073826,0.0,0
site2_88.png_X0_Y256,14.65155789035594,3004.104833823014,0.0225309033379433,0.0068132067195965,0.2356944226205587,47.994812,0.1382826,0.010944547,0.0,0
site2_88.png_X256_Y256,13.739142969156966,1274.36891838487,0.0436652074636457,0.0100596729696172,0.4742097719525151,33.436157,0.076792315,0.098304376,0.0,0
site2_90.png_X0_Y0,14.57662998801089,1613.37296095559,0.0337116657081075,0.007006507460102,0.6751495084644369,8.883118,0.18728048,-0.16853732,0.0,0
site2_90.png_X256_Y0,14.80492266502913,2196.263787861138,0.0312736620125961,0.0064749564854134,0.6267676533076945,-2.9155426,0.20221893,-0.21953738,0.0,0
site2_90.png_X0_Y256,14.254073956424977,1267.6165927168845,0.0418859629404674,0.0083292155402231,0.7432000464241508,9.676941,0.17229639,-0.14403762,0.0,0
site2_90.png_X256_Y256,14.635058683031088,1919.6261274062208,0.0334580696899298,0.0071279827077202,0.6788140750742062,-9.900162,0.22372364,-0.27134466,0.0,0
site2_91.png_X0_Y0,14.687073222037354,1931.3287181014173,0.0324567461572582,0.0068251081198074,0.6379437465880311,2.420227,0.19869493,-0.20079717,0.0,0
site2_91.png_X256_Y0,14.651521281551178,1842.307096984956,0.0490244262203177,0.0078295908037559,0.8132168215303285,4.431015,0.19192055,-0.19813994,0.0,0
site2_91.png_X0_Y256,14.75584751291411,1854.688427768156,0.036465950467596,0.006621338390281,0.7399807889017117,-1.511795,0.19435936,-0.21191974,0.0615234375,1
site2_91.png_X256_Y256,14.641031233854305,1797.1358917696484,0.0387160043210778,0.0071625126914274,0.7302266412349059,3.669159,0.17700143,-0.1780178,0.0,0
site2_93.png_X0_Y0,11.852134843285953,859.5464018347864,0.1200103902968726,0.0295972482564618,0.6299548548007526,-4.5478516,0.14363208,-0.2062244,0.0,0
site2_93.png_X256_Y0,11.835945413917996,867.9510482598156,0.1118425477795632,0.0282828747797186,0.5321335688238147,1.0487518,0.13549194,-0.14399016,0.0,0
site2_93.png_X0_Y256,13.019976021373996,1371.5582886693492,0.0845043884366953,0.0186996470461275,0.6584845729602831,4.0898285,0.090491265,-0.07944447,0.0,0
site2_93.png_X256_Y256,14.181653630870546,2071.092818988361,0.0446103483203244,0.0094948000224175,0.5833270859453729,14.612045,0.14179754,-0.08009726,0.0,0
site2_94.png_X0_Y0,15.031920068096657,2868.8229315950684,0.030860634214114,0.006027801937719,0.6419726911630085,3.3062897,0.1813879,-0.18090788,0.0049285888671875,0
site2_94.png_X256_Y0,14.81914054721146,2575.192410281152,0.0284597436375279,0.0064441179394866,0.5370155106833115,-3.956253,0.20114884,-0.22305137,0.0,0
site2_94.png_X0_Y256,15.042747292402776,2920.419235075117,0.0285730907860231,0.0059281873833617,0.6055948786130364,3.83107,0.17127231,-0.1663535,0.1886749267578125,1
site2_94.png_X256_Y256,14.58712946905418,2646.9641162958237,0.0290051153831541,0.007203837527059,0.4357752779094092,-2.5826416,0.20240551,-0.22219792,0.0,0
site2_103.png_X0_Y0,13.881510598730438,2072.4282019239417,0.0512522980309996,0.0112323227928539,0.4780544187882891,-2.7727203,0.14335889,-0.1731688,0.0,0
site2_103.png_X256_Y0,13.80236669717979,1766.2507622222788,0.064582857930658,0.0134033059471212,0.6928717529582942,0.76538086,0.15308478,-0.15588394,0.0,0
site2_103.png_X0_Y256,14.622945513073,2470.2535327762366,0.0332955206272788,0.0071479960747945,0.5204813819904771,6.5491333,0.13736233,-0.108252004,0.0309906005859375,0
site2_103.png_X256_Y256,14.729179656847352,2831.781602133644,0.0410819581481261,0.0075917885504656,0.6013304373369475,15.530441,0.14150576,-0.08346632,0.0,0
site2_104.png_X0_Y0,12.001666901775138,938.5204684047208,0.0915714731608074,0.0217142658082906,0.4975589971225612,3.254486,0.07856864,-0.050930455,0.0,0
site2_104.png_X256_Y0,14.722245928561334,2379.2091401297066,0.0408943720660936,0.0073817029673907,0.657426782371608,-3.4665527,0.1934993,-0.21824732,0.0,0
site2_104.png_X0_Y256,14.32743606902448,3870.66833016568,0.0573192312206084,0.0112412068982966,0.5613033695787223,17.438126,0.091082424,-0.014415771,0.0,0
site2_104.png_X256_Y256,14.818519090120404,2359.913061938621,0.0319761151186133,0.0065129945680909,0.6193831978391513,7.092514,0.1833974,-0.16552207,0.0,0
site2_105.png_X0_Y0,14.675535540944978,1975.9919007862975,0.0397179469975206,0.0069898111148866,0.7146486022968412,13.104095,0.16478744,-0.13996693,0.0476226806640625,0
site2_105.png_X256_Y0,14.198209957717786,2040.92464921886,0.0488995677442809,0.0099058515232736,0.6162917464267326,9.379471,0.12960656,-0.08477698,0.0,0
site2_105.png_X0_Y256,14.655809314893537,1891.011356059038,0.0456516768797066,0.0076723045093724,0.7985926340727834,6.3467865,0.17954981,-0.17527565,0.0,0
site2_105.png_X256_Y256,14.646895757317836,2779.053078954489,0.0368245366463605,0.0078197150015919,0.5723721777878926,4.3883057,0.1809245,-0.17606285,0.0,0
site2_107.png_X0_Y0,14.801620695546054,3421.934399465388,0.0264052498682301,0.0067021950285327,0.3927855026660884,0.5203247,0.21177353,-0.22636521,0.0,0
site2_107.png_X256_Y0,13.985849273291326,1820.96130140785,0.0520178263660177,0.0106127336204558,0.5930522481048524,-1.3925629,0.17334627,-0.19457628,0.0,0
site2_107.png_X0_Y256,14.673224071085492,2715.61338682886,0.0335406218292982,0.0072983338528816,0.5456587435292405,-7.0454865,0.22162628,-0.27003154,0.0,0
site2_107.png_X256_Y256,14.601847269965932,2572.9631795618543,0.0447602139451316,0.0089514160589763,0.6912784479982301,4.651001,0.19567162,-0.20610455,0.0,0
site2_108.png_X0_Y0,14.920905006556184,2673.9568510762983,0.0308662090208627,0.0063220003873055,0.6250189156382688,-3.4397583,0.18520018,-0.20733154,0.244049072265625,1
site2_108.png_X256_Y0,14.559045743179036,2366.697520350139,0.0351660102775408,0.0075612381534876,0.5695528962194546,-5.58992,0.19580866,-0.22615795,0.0,0
site2_108.png_X0_Y256,14.78380535664873,2512.59351323735,0.0284679079109498,0.0065389161609745,0.5236489170734929,-7.1997223,0.22612554,-0.26431292,0.0,0
site2_108.png_X256_Y256,14.586584260459734,1759.9073128126488,0.0359919985829437,0.007198982986367,0.6919708613301517,-8.441071,0.21025115,-0.2549546,0.240753173828125,1
site2_116.png_X0_Y0,14.48275282852672,2168.219659776478,0.0316576752881921,0.0073299114818411,0.4625153627463308,36.573334,0.13060309,0.017704962,0.0,0
site2_116.png_X256_Y0,13.750895134194806,1455.238839959597,0.0479017106340235,0.0104930414449087,0.5188290586226362,-0.95991516,0.15837562,-0.1666225,0.0,0
site2_116.png_X0_Y256,14.43927357025014,2110.718367214604,0.0293664052431501,0.0073712312979221,0.4162479054539075,19.956772,0.15944302,-0.09219503,0.0,0
site2_116.png_X256_Y256,14.365987769612186,2103.774184974101,0.0311563387220446,0.0076790588428838,0.4079618029123852,-0.5428314,0.17528835,-0.17798707,0.0,0
site2_117.png_X0_Y0,14.260525005584412,1642.9499177751973,0.0541637200014121,0.00899636626227,0.6762445860190098,-6.82843,0.18139514,-0.22148868,0.0849609375,1
site2_117.png_X256_Y0,14.4082163599671,2216.1333417590427,0.0675348071447246,0.0108943654915032,0.7754833981578549,11.506973,0.1547454,-0.10640181,0.317047119140625,1
site2_117.png_X0_Y256,14.59366352866692,2117.663534623291,0.0312196566479374,0.0070283558362104,0.5437164523851266,-11.348755,0.22957213,-0.27631885,0.0041656494140625,0
site2_117.png_X256_Y256,14.859710796729033,2494.7858357064497,0.041631777420108,0.0069349334613076,0.6870779177415358,-2.5612946,0.19094086,-0.20665686,0.3590545654296875,1
site2_118.png_X0_Y0,14.74094899714476,3171.964463968645,0.0647444353736548,0.0211612015649944,0.675397151045741,57.334213,0.05019927,0.21418473,0.08251953125,1
site2_118.png_X256_Y0,14.749684614377747,2102.5383915440616,0.0350276493095967,0.0068524407496901,0.6503131673948538,7.2427063,0.18720084,-0.16919121,0.0105743408203125,0
site2_118.png_X0_Y256,14.622191227534447,2419.055628153885,0.0366796887232502,0.007739779535903,0.4787270549820954,6.8635254,0.1824222,-0.1630037,0.00970458984375,0
site2_118.png_X256_Y256,14.0809959552986,1347.0648195255912,0.065030972211782,0.0102049258123813,0.679957397551453,2.0538635,0.18814427,-0.18602446,0.0,0
site2_130.png_X0_Y0,14.599811446400423,2279.62710706226,0.0298991762873964,0.0069895840044746,0.4824388037253962,15.969284,0.17789975,-0.12087932,0.0,0
site2_130.png_X256_Y0,14.212632573919514,1631.023682928641,0.0381801116903361,0.0082121824294457,0.5403817301277329,-7.783142,0.20135958,-0.2386364,0.1947479248046875,1
site2_130.png_X0_Y256,14.467958956763638,1593.9830837147729,0.04801819283986,0.0081805704423372,0.7693179044605919,1.1289215,0.18691134,-0.18463326,0.0,0
site2_130.png_X256_Y256,14.566728775479358,1505.3154918781763,0.0419825059985009,0.0071110193201412,0.7573861414822678,-5.1314697,0.19508913,-0.21780343,0.0,0
site2_131.png_X0_Y0,14.697500166022984,2460.145387080814,0.0265825794738457,0.0067683944432107,0.461102311694481,7.5147095,0.21503225,-0.19555797,0.0,0
site2_131.png_X256_Y0,14.15043608225516,1693.1090930020855,0.0328904778867591,0.0085175919165882,0.4590945517852398,2.5390015,0.17069164,-0.16383442,0.140289306640625,1
site2_131.png_X0_Y256,14.557688799659696,1813.323480782718,0.0590874683969716,0.0077909537245902,0.76375701730787,4.243149,0.18260537,-0.17371196,0.0,0
site2_131.png_X256_Y256,14.752286234028665,2442.5157364506003,0.0403758626770213,0.0072442369325153,0.6739994411129159,6.6670685,0.16160357,-0.13896939,0.0,0
site2_132.png_X0_Y0,14.505674218458552,1480.3384484182932,0.0463139807254042,0.0075014984904826,0.75296548729728,-2.437271,0.18554595,-0.19433594,0.0,0
site2_132.png_X256_Y0,14.377041165889434,1674.5426570161628,0.0478578072483507,0.0081304390414277,0.6750114492398858,-1.16008,0.19774544,-0.2080122,0.520538330078125,2
site2_132.png_X0_Y256,14.488707053867842,2129.002706531509,0.03962832092052,0.0078155780934189,0.6050558056734953,3.2454987,0.18331896,-0.17416382,0.0405731201171875,0
site2_132.png_X256_Y256,14.635559358432207,1937.8787489640592,0.0426567503188721,0.007403137567016,0.7178400922832381,0.8617401,0.19704875,-0.19953853,0.4286956787109375,2
site2_133.png_X0_Y0,14.682673544880888,2512.13660261403,0.0278361517492951,0.0067943032427791,0.4729255616346958,-1.4654694,0.23208348,-0.24538808,0.0,0
site2_133.png_X256_Y0,14.808742726268529,2892.2738927189016,0.0279316450512808,0.0065331974058952,0.4808058056901839,3.9368896,0.21528724,-0.20948055,0.0,0
site2_133.png_X0_Y256,14.19535652607762,1663.5757970795128,0.0454372650143019,0.008940089056309,0.6382937838773677,-8.455078,0.24253055,-0.29563397,0.06134033203125,1
site2_133.png_X256_Y256,14.563084263138787,2752.8759213107514,0.0325082514836696,0.0075316196064264,0.4683590366579012,3.7902832,0.20395213,-0.19962582,0.0,0
site2_165.png_X0_Y0,13.714449527515864,1463.5460737156957,0.1194797124755958,0.0606843029615282,0.7904027957124904,1.2308044,0.19096148,-0.19467789,0.0,0
site2_165.png_X256_Y0,14.263454499996682,1571.6075243447658,0.0697311724789832,0.0102327737165179,0.7794205750156469,2.321518,0.17451704,-0.17238972,0.07061767578125,1
site2_165.png_X0_Y256,14.044362841750589,1679.5241160855053,0.0816040046126607,0.0128474362427359,0.8110079680466694,2.0868835,0.1757636,-0.18099475,0.0,0
site2_165.png_X256_Y256,14.277280677458684,1982.935275780691,0.0786482454398054,0.0114103578289403,0.7848068675990032,0.56944275,0.18285167,-0.18977709,0.18243408203125,1
site11_323.png_X0_Y0,13.33651353524526,461.3632098531816,0.0644956026749404,0.0112885390227566,0.8105816178057387,91.98334,0.033339165,0.2416719,0.0,0
site11_323.png_X256_Y0,13.309709624881286,377.82230977869705,0.088763842734917,0.0119385146762534,0.9063808459805692,74.63649,0.047194023,0.19229002,0.047821044921875,0
site11_323.png_X0_Y256,13.614008877248208,496.7791426975115,0.070201753095108,0.0100350141353767,0.8726513470033231,82.84396,-0.009288315,0.32526493,0.0,0
site11_323.png_X256_Y256,13.890901982186843,670.892421634706,0.0962673732335795,0.0122255873718036,0.912599563759756,56.21898,0.03368252,0.17519572,0.3657379150390625,1
site11_324.png_X0_Y0,13.207073701931115,335.1478091209025,0.1245663548665954,0.0171059793035448,0.935776318515431,44.79387,0.10358222,0.069490984,0.099334716796875,1
site11_324.png_X256_Y0,13.415672959856238,364.6753605284128,0.0751244930086503,0.0110112740498612,0.8915247298490719,61.305405,0.11814639,0.090560496,0.0,0
site11_324.png_X0_Y256,13.602398052590187,707.6857794027524,0.1341383458834534,0.0162499234594283,0.9463489975180516,-2.9546814,0.12412259,-0.14456409,0.867645263671875,2
site11_324.png_X256_Y256,12.69013485044927,406.1519406749182,0.1907860610939684,0.0267263369275161,0.9694367456072744,9.812241,0.09522607,-0.057590827,0.618377685546875,2
site11_325.png_X0_Y0,13.846692268567542,602.8328535148503,0.0595816978028223,0.0090863172773622,0.865729040431005,70.722824,0.15679649,0.049639214,0.0,0
site11_325.png_X256_Y0,13.609012717632702,744.0159154531791,0.0484268711919292,0.0097971186467997,0.6945584715305212,82.9671,0.1731381,0.03483827,0.0,0
site11_325.png_X0_Y256,13.740044769786028,481.8354462526498,0.0800119264092996,0.0100062633759568,0.90432882715241,52.821808,0.081977926,0.103225924,0.0,0
site11_325.png_X256_Y256,11.412766658135954,250.53934532393652,0.2780825750113901,0.0567572960844316,0.9488440273868868,26.303223,0.04672472,0.11982082,0.005279541015625,0
site11_357.png_X0_Y0,13.22928636889318,402.7917751285591,0.10875979468681,0.0311912886851103,0.9118971032817342,73.25769,0.059807003,0.1460852,0.0,0
site11_357.png_X256_Y0,13.68489377171235,393.8296455540019,0.1031429878096098,0.0111716600145142,0.9450704692511732,37.641983,0.07981011,0.06968094,0.0971527099609375,1
site11_357.png_X0_Y256,13.45541662066282,382.1435045415252,0.0921774291819593,0.0111847614598874,0.9220638986564362,77.74255,0.02784435,0.23553883,0.0,0
site11_357.png_X256_Y256,13.46492456470994,377.2196434364399,0.0864693602774765,0.0116381772632793,0.9177262476665669,44.235107,0.09586018,0.05252763,0.1583709716796875,1
site11_358.png_X0_Y0,13.939069952141278,498.2616541263981,0.0670837243751778,0.0090050382666717,0.9211133172334603,34.186142,0.08880781,0.0350151,0.5008392333984375,2
site11_358.png_X256_Y0,13.616819162517128,518.7217924145557,0.0822930786406371,0.0136580974101942,0.8973338367988857,18.795288,0.11886813,-0.0611576,0.734161376953125,2
site11_358.png_X0_Y256,13.706895787282123,468.8504457270088,0.0956875669552637,0.0139595088305227,0.9294743727969303,32.609512,0.10223331,-0.002920188,0.501861572265625,2
site11_358.png_X256_Y256,13.733151949096351,817.2091810541116,0.1061219673621293,0.0240749545688668,0.8966181961155617,8.131088,0.12783226,-0.10426858,0.8188018798828125,2
site11_359.png_X0_Y0,13.288001278459603,386.3512708453632,0.114468530734399,0.015213067742905,0.928620120748456,60.44316,0.020249637,0.23465718,0.0238189697265625,0
site11_359.png_X256_Y0,13.124173777314567,638.994520737207,0.1878376567789441,0.0282520154287773,0.9525090665341732,-0.020202637,0.10888799,-0.12472732,0.209808349609375,1
site11_359.png_X0_Y256,12.918214118193015,294.2171183709536,0.1169738473338882,0.0268088059950789,0.925927998886673,59.955048,0.07439531,0.106590696,0.0450897216796875,0
site11_359.png_X256_Y256,13.396128143095764,432.58407532557794,0.1143072861772147,0.0150386636781459,0.9341202040948442,17.290894,0.14930767,-0.104584664,0.233245849609375,1
site11_360.png_X0_Y0,12.779667866172549,504.9625303218351,0.2088336110987861,0.0402556962976437,0.9665695463279314,9.051315,0.1039826,-0.071403526,0.4527587890625,2
site11_360.png_X256_Y0,10.654624273323837,510.9602329183452,0.372178573360762,0.1005369686988947,0.9581927532165648,-0.7425232,0.09494014,-0.0427234,0.0,0
site11_360.png_X0_Y256,13.341199720828351,566.3072521385639,0.1162981375463389,0.0137139747357536,0.9198685499356288,2.227417,0.17506056,-0.1733956,0.0655059814453125,1
site11_360.png_X256_Y256,12.523436357572592,360.4123467986923,0.1004836035348133,0.0185130559849511,0.9280262247717336,8.678436,0.18396625,-0.16527341,0.0,0
site11_361.png_X0_Y0,9.149056351614796,172.47814733218783,0.4432377043399141,0.0947856381363153,0.961653347936998,13.659653,0.020597102,0.11579066,0.0,0
site11_361.png_X256_Y0,12.149226993932356,228.7485742863446,0.20901665440783,0.0361080703674181,0.9582654201554112,36.67949,0.039846037,0.18179028,0.0,0
site11_361.png_X0_Y256,13.326846881788548,757.430941975377,0.0908698584001284,0.0135451138496151,0.9055744439196892,-2.8008728,0.19146448,-0.20592499,0.0,0
site11_361.png_X256_Y256,13.157548583124374,808.0661343293334,0.1692107855628906,0.0256067221360297,0.9431674253590366,1.9379883,0.13730425,-0.107364185,0.0,0
site11_362.png_X0_Y0,13.642868975764614,460.2907991817895,0.0791376896078505,0.01016224181634,0.9181068452777544,74.99837,0.09955145,0.16041765,0.0,0
site11_362.png_X256_Y0,13.66528179906838,745.2843243433855,0.0488299631457733,0.0095981317497573,0.7146237020441941,87.922745,0.1504744,0.08759567,0.0,0
site11_362.png_X0_Y256,13.41479501099103,526.0824506499941,0.1371764354509014,0.0411481842582657,0.9513850385750816,40.643845,0.07249259,0.08743735,0.2563629150390625,1
site11_362.png_X256_Y256,13.746521852334126,651.2665237829128,0.055063500803603,0.0095339032455759,0.7946609903439722,83.146225,0.10529435,0.14609793,0.0,0
site11_390.png_X0_Y0,13.684677476347163,696.7437746449579,0.0536682481044374,0.0099339883335472,0.7673044696805601,99.085754,-0.015376769,0.314688,0.0,0
site11_390.png_X256_Y0,13.699545110447778,596.132340866501,0.0662546608172675,0.0100591887150013,0.8441611010940908,90.23009,-0.0047554076,0.27508825,0.101959228515625,1
site11_390.png_X0_Y256,13.594594525065062,414.8476366661785,0.0875220483753742,0.0107533465532518,0.9123650582998112,35.90422,0.10454597,-0.004141261,0.3266143798828125,1
site11_390.png_X256_Y256,11.3752733748697,222.95520451871133,0.3131403869274841,0.0551540972185816,0.986392260081953,5.296097,0.071808346,-0.037724786,0.52911376953125,2
site11_391.png_X0_Y0,12.596362015399368,352.0423128274244,0.1796612757594884,0.0309515272686272,0.9445012879800228,37.405167,0.03029949,0.14892896,0.0,0
site11_391.png_X256_Y0,12.949173189649308,333.75265919358685,0.1246225287933863,0.0183082732672339,0.924200109375194,48.868256,0.07207061,0.11511655,0.034027099609375,0
site11_391.png_X0_Y256,13.951458386149252,1142.5032620565876,0.0785873895590386,0.013007446917852,0.8441007743309206,-14.550629,0.19672821,-0.23083217,0.0,0
site11_391.png_X256_Y256,12.680963383166617,967.9351642997414,0.1949773307151176,0.0491071518792212,0.9178656205257424,-10.714264,0.16241498,-0.17389598,0.0,0
site11_392.png_X0_Y0,13.280629778092122,403.2031875360629,0.1315243215376185,0.0416722480014351,0.9393922311687682,20.887253,0.119621105,-0.055648774,0.3951568603515625,1
site11_392.png_X256_Y0,13.508227617447377,365.41702872693975,0.1106057087774019,0.0114896826425212,0.942651958009884,35.534958,0.11374004,-0.008529831,0.40643310546875,2
site11_392.png_X0_Y256,12.004737970228632,481.568446961533,0.2707882219666426,0.0643087568831538,0.957354234664516,5.561554,0.11556114,-0.062217526,0.0,0
site11_392.png_X256_Y256,13.22058166897902,303.6600768484573,0.117177965940464,0.0139470246842229,0.9422229079072716,35.5932,0.06655777,0.08217218,0.0371551513671875,0
site11_393.png_X0_Y0,12.646454387226486,243.84937825896836,0.0918938226653617,0.0152895878610486,0.8645458807440937,44.448166,0.12055673,-0.005901619,0.0,0
site11_393.png_X256_Y0,12.758716405379545,232.89951238707224,0.2035995805559396,0.0395873492850318,0.9694236318268517,26.21547,0.09527257,-0.012554822,0.4891510009765625,2
site11_393.png_X0_Y256,13.5576043730157,387.9339246774159,0.0814130114103196,0.0107805898822372,0.9136974433815972,33.23851,0.1229375,-0.029092245,0.2201690673828125,1
site11_393.png_X256_Y256,13.011558158184611,229.12867941417568,0.1142085929091622,0.0132354395216975,0.94044461763813,36.973724,0.112122245,0.0014623138,0.097137451171875,1
site11_394.png_X0_Y0,13.212198673105194,266.0220940263463,0.1281849793283635,0.0127332021692991,0.9513862899030636,43.506012,0.08003782,0.07403604,0.208709716796875,1
site11_394.png_X256_Y0,12.63263648634079,233.02424811070895,0.1524497857291641,0.0222759013227477,0.9487587321516702,36.150925,0.058315307,0.13886058,0.0,0
site11_394.png_X0_Y256,12.759125411648384,225.8252749393292,0.0939218964967848,0.0142567855780812,0.8874749827396086,45.512436,0.09557452,0.057876743,0.00030517578125,0
site11_394.png_X256_Y256,13.086647713802655,307.28000806480856,0.0868569437021963,0.0126510320215532,0.8921756618857855,48.663864,0.087036565,0.09351945,0.0,0
site11_395.png_X0_Y0,13.867572636305333,568.1129358600219,0.0993219142917713,0.0103256783424601,0.937817228501477,26.680817,0.093403354,0.024109803,0.05645751953125,1
site11_395.png_X256_Y0,13.24007566367413,693.0369169309183,0.1265300512975065,0.0158015895994507,0.9410404185591474,2.9205475,0.16040619,-0.16382167,0.3095245361328125,1
site11_395.png_X0_Y256,13.433134573756728,654.315846549415,0.1386714407365841,0.0206625396586908,0.9322964258783856,29.924576,0.07172868,0.06750364,0.3830413818359375,1
site11_395.png_X256_Y256,13.757728889568437,1205.2143582695417,0.0509316445583116,0.0102887067160569,0.7634030667174581,-0.09611511,0.146487,-0.15094179,1.0,2
site11_396.png_X0_Y0,14.066604761730652,924.5985833573002,0.0700072653261762,0.0141608389664647,0.8641502020046,31.651901,0.10405661,0.0032682782,0.598114013671875,2
site11_396.png_X256_Y0,13.69112089244402,710.8381721122771,0.050957991643841,0.0096970461452138,0.7386655690527489,87.25676,0.10870075,0.14210294,0.0,0
site11_396.png_X0_Y256,14.06353893665253,743.4659018015816,0.0567056344896841,0.0086376067918322,0.8494775956082057,61.14995,0.07460053,0.112706125,0.2508087158203125,1
site11_396.png_X256_Y256,13.72644028407695,771.2653836865479,0.0484215393595179,0.009416668338436,0.7178066320186068,83.69258,0.13833511,0.1011115,0.0,0
site11_421.png_X0_Y0,12.70109713962465,501.3807869419789,0.1395185023145123,0.0226291747406112,0.9023383695176814,30.347488,0.08373186,0.103137,0.0,0
site11_421.png_X256_Y0,13.594002922656305,509.5309493644352,0.0767358216253601,0.0106223322378078,0.8669618775141756,79.971924,-0.005153565,0.33535793,0.0,0
site11_421.png_X0_Y256,13.771655022008703,592.6955170787755,0.0599982078368888,0.0093783675113247,0.8450481374887042,55.123703,0.11692914,0.0653423,0.0,0
site11_421.png_X256_Y256,13.593108420163547,450.08766053021645,0.0837299414088849,0.0132661387416625,0.9012959357666248,51.99826,0.08303097,0.090826415,0.1134185791015625,1
site11_422.png_X0_Y0,13.27478772541431,396.3535957924802,0.0668021698269009,0.0112328464181489,0.8400194577678224,78.30504,0.016376536,0.2742903,0.0,0
site11_422.png_X256_Y0,13.38631089640795,434.3395877036462,0.0656034661676834,0.0107492995240926,0.8420113837632921,77.34308,0.03828402,0.23109114,0.0,0
site11_422.png_X0_Y256,13.489188432280432,449.7097700253648,0.1296506668436722,0.0235136435590675,0.9487455274604272,35.165085,0.068026155,0.07216042,0.4606475830078125,2
site11_422.png_X256_Y256,13.241298737624646,407.0794082654602,0.1491937343234919,0.0399862375598174,0.9524404470561716,41.787445,0.08015081,0.057564303,0.430450439453125,2
site11_423.png_X0_Y0,13.51433491482236,499.8737335850399,0.0614493665775976,0.0104941573709853,0.8255504881163179,91.525116,0.0066116164,0.2968885,0.0,0
site11_423.png_X256_Y0,13.80688039590677,674.8696038332582,0.0539898767792033,0.0093500316050213,0.80542983949903,97.52916,0.0004825294,0.32498366,0.0,0
site11_423.png_X0_Y256,13.677312076179277,559.8198490514618,0.0806329244977602,0.0132353220081249,0.8756894994049433,74.03291,0.03329978,0.21619786,0.1357269287109375,1
site11_423.png_X256_Y256,13.783809319680412,737.4334561376667,0.0531344500509014,0.009593478795388,0.7735066560326046,90.79758,0.013975436,0.28500775,0.026885986328125,0
site11_424.png_X0_Y0,13.578101747213886,488.5962212400336,0.0843394567765978,0.0121660541006984,0.8961108472555184,72.54968,0.037288606,0.2028293,0.0865020751953125,1
site11_424.png_X256_Y0,10.599646780193844,222.58914094041685,0.3672610388925584,0.0874586069323909,0.9817029938104046,20.090424,0.05326026,0.06524748,0.0962677001953125,1
site11_424.png_X0_Y256,13.60710812792628,590.0506151930971,0.0739521181343409,0.0149717136844954,0.8547558530309829,73.03798,0.04168137,0.19876516,0.12054443359375,1
site11_424.png_X256_Y256,12.01910928686076,360.00632348437534,0.2342882430036557,0.0455011687295053,0.9786801461740716,18.982224,0.072039895,0.043534327,0.0,0
site11_426.png_X0_Y0,13.91730410966692,1158.3757496064384,0.0692364117204852,0.0104335563362171,0.8523193084407817,-18.075134,0.23791626,-0.29041725,0.0,0
site11_426.png_X256_Y0,11.980300213892736,360.66827016656765,0.2575039696172898,0.0560000539146158,0.9629025722410792,14.056824,0.0823715,-0.008394761,0.0,0
site11_426.png_X0_Y256,12.651348148426546,715.8520670234753,0.1008956620794665,0.0195601094762412,0.7988887042719579,-3.230713,0.21747893,-0.23338623,0.0,0
site11_426.png_X256_Y256,14.024407056259976,1169.4017210627126,0.0751113830717703,0.0100770568317556,0.8588054152093876,-10.967712,0.21146497,-0.24768917,0.313720703125,1
site11_427.png_X0_Y0,13.656025331997732,558.6808348651889,0.1387251022373322,0.0245191324145717,0.9450837201389576,4.369522,0.13404952,-0.12834585,0.6336822509765625,2
site11_427.png_X256_Y0,13.85192416197252,480.9085806240414,0.0876068783666946,0.0099836024399925,0.9277944787332136,19.601913,0.12920326,-0.07022831,0.4401397705078125,2
site11_427.png_X0_Y256,13.29959672172117,390.2587452242075,0.1519601356092331,0.0192453650358102,0.958736152975302,1.9953461,0.15284306,-0.15816827,0.401031494140625,2
site11_427.png_X256_Y256,12.892583492326487,300.4516519037223,0.1816740122889909,0.0273208470606169,0.9649689286479354,14.491592,0.12639591,-0.07279226,0.0741119384765625,1
site11_428.png_X0_Y0,13.460962367746047,726.2941945254918,0.1251117108669881,0.0309914976556616,0.8949030118770518,1.9063873,0.14260446,-0.14089051,0.9525146484375,2
site11_428.png_X256_Y0,13.50889520655171,460.26266542619845,0.0769639788499302,0.0113148787907043,0.8971703863934275,44.53795,0.08587375,0.07395835,0.2282867431640625,1
site11_428.png_X0_Y256,14.116150910582736,801.4565085994428,0.0883615447433802,0.022410677183751,0.9058065406595236,7.945648,0.12775782,-0.09252775,0.73052978515625,2
site11_428.png_X256_Y256,13.985282150409564,762.6397987252454,0.1039899387659497,0.0212570638128169,0.9265843144872394,12.202011,0.11040852,-0.045929644,0.66961669921875,2
site11_429.png_X0_Y0,11.179127239579593,377.2716036801504,0.3346057342521489,0.061693040430916,0.9624746565682109,10.503021,-0.0017049722,0.100950986,0.27349853515625,1
site11_429.png_X256_Y0,13.41650765221832,774.949653498664,0.1106296324381366,0.0157696519253033,0.9398410572089764,-5.399002,0.115014195,-0.15161061,0.55743408203125,2
site11_429.png_X0_Y256,13.38489206100868,470.9789195862188,0.1682157333799587,0.016495565706919,0.955352653582408,4.2058716,0.13887097,-0.133705,0.1509552001953125,1
site11_429.png_X256_Y256,13.758851582709388,621.2180014897782,0.1024816327574428,0.0117833658506839,0.9464613269701077,16.42038,0.13608062,-0.06456359,0.0834808349609375,1
site11_455.png_X0_Y0,13.76854489402396,689.737491064139,0.0548390197770109,0.0097006753969088,0.7864583856627951,72.788376,0.09071709,0.11747439,0.0068817138671875,0
site11_455.png_X256_Y0,13.844742986998805,499.8587977580544,0.0839104468629716,0.0114138376987632,0.9265420505954804,49.93448,0.07648811,0.081701465,0.3429107666015625,1
site11_455.png_X0_Y256,13.52085451283772,487.0708571823281,0.0628093078694306,0.010361830858392,0.8420753250137261,84.61578,0.017284812,0.272753,6.103515625e-05,0
site11_455.png_X256_Y256,13.530110371750212,447.2373036963164,0.0924958138793713,0.0152621261049579,0.9260786506459874,69.47809,0.017835956,0.25588864,0.1988983154296875,1
site11_456.png_X0_Y0,13.681913145546094,491.38233326725407,0.0675658720116053,0.0099193414241394,0.8785187338872598,75.21588,0.025283441,0.22834226,0.0015106201171875,0
site11_456.png_X256_Y0,13.411739293099377,299.38389823025074,0.088441682344812,0.011214036294802,0.9287642279117164,64.79387,0.07181422,0.122340634,0.0026397705078125,0
site11_456.png_X0_Y256,13.272881346032442,450.3231102971084,0.1285476585489578,0.0398490005550394,0.9245789021393742,30.25853,0.108649045,-0.035335995,0.6809844970703125,2
site11_456.png_X256_Y256,13.778250216708276,525.226336324961,0.1066180076630352,0.029740372703036,0.9419890410564824,31.427155,0.08669199,0.026681434,0.4983367919921875,2
site11_457.png_X0_Y0,13.377198456988776,279.4305828137006,0.1039791776361952,0.0146736906928335,0.9494184022878964,51.27768,0.079944275,0.071510196,0.1370849609375,1
site11_457.png_X256_Y0,13.08572115579832,229.01689063401855,0.1232937798687593,0.0181290261284156,0.9603149819473656,52.76686,0.07154902,0.09841141,0.1643524169921875,1
site11_457.png_X0_Y256,13.780805623761912,500.0180805609576,0.09756294016638,0.015354189431958,0.9303498056741536,45.935577,0.06406431,0.09511023,0.266815185546875,1
site11_457.png_X256_Y256,12.425282987550576,326.21965901035924,0.241497747324058,0.0878692846247259,0.9753143895678752,14.106796,0.08822926,-0.033610027,0.4815673828125,2
site11_458.png_X0_Y0,7.621243150987626,21.664992986472903,0.4971851674611863,0.1110936307802671,0.9396939114328996,6.8842773,-0.036363572,0.17590907,0.0782012939453125,1
site11_458.png_X256_Y0,11.037551864446442,223.7294840025799,0.2666820316522569,0.0507456761099846,0.9532583464747608,24.012802,-0.017485464,0.23281881,0.0,0
site11_458.png_X0_Y256,8.143923181846322,37.362324826991866,0.4786757342757701,0.097868726379021,0.887371582892851,4.956009,-0.011155101,0.11080135,0.0,0
site11_458.png_X256_Y256,7.803854658321919,35.83700131860553,0.4805352202134024,0.1209705883127983,0.9135416231446996,7.346344,-0.012213998,0.15466532,0.0,0
site11_459.png_X0_Y0,13.58809166242403,497.7385597636993,0.1145818812310812,0.0135846661147082,0.9347040637586032,25.107498,0.13277963,-0.037930265,0.0487213134765625,0
site11_459.png_X256_Y0,11.470598144567282,308.65164974107086,0.1496750498002861,0.0307554685905009,0.9471273910208418,19.0289,0.1926551,-0.16726214,0.0,0
site11_459.png_X0_Y256,12.817730438820938,370.70726113455294,0.1801123012581659,0.0857163364617176,0.9684855277339997,27.947113,0.08252047,0.044952597,0.3523101806640625,1
site11_459.png_X256_Y256,13.54883707080575,533.6988364000658,0.0698174380079294,0.0104306032050567,0.8840263673947939,65.91072,0.042267274,0.20058906,0.0,0
site11_460.png_X0_Y0,9.684271864679356,52.17981790357083,0.1861426100266625,0.0414549712152135,0.6673822083259948,20.886276,0.17735276,-0.14618476,0.0,0
site11_460.png_X256_Y0,13.14175671761343,509.90008790186334,0.1006715286795676,0.015969070979682,0.9071920898599788,2.4719238,0.18099517,-0.18381786,0.66717529296875,2
site11_460.png_X0_Y256,13.671795203578512,448.0229272395245,0.0813616555899921,0.0106190315906966,0.9321623070903796,42.178406,0.11779095,0.011464698,0.0,0
site11_460.png_X256_Y256,13.53758735493078,349.8248255779022,0.0896428572861644,0.0105812569765874,0.9341763020399338,23.767258,0.15577516,-0.090943575,0.0598297119140625,1
site11_461.png_X0_Y0,13.515935824188691,504.21495317303794,0.1142947127335058,0.012664259803135,0.9556127067093187,-2.3336945,0.16962638,-0.19698901,0.845001220703125,2
site11_461.png_X256_Y0,13.897545725770376,526.246393965064,0.0708097592720421,0.0092615945334888,0.9016429380020702,48.573822,0.098708704,0.07986913,0.136444091796875,1
site11_461.png_X0_Y256,13.254514761893642,306.62190710904923,0.0858853744145624,0.0118366421237038,0.9126244472443388,24.296402,0.1463482,-0.08118999,0.180755615234375,1
site11_461.png_X256_Y256,13.541467729187447,417.7216718179318,0.0798036298944584,0.0107838184214135,0.8989761204583913,5.8872833,0.14967866,-0.13482004,0.357818603515625,1
site11_462.png_X0_Y0,14.041072618083655,690.4869822904828,0.0677431559841389,0.0091298430764716,0.8752551415415201,16.768127,0.1347003,-0.079484336,0.4623260498046875,2
site11_462.png_X256_Y0,13.907046248814703,644.8297622608808,0.105620409374794,0.0200277419787912,0.9343133700254111,2.506073,0.13859195,-0.12915282,0.7317047119140625,2
site11_462.png_X0_Y256,13.772102250906594,517.3555257443176,0.0826285961271511,0.0113827712500774,0.9058283736929208,21.256882,0.13154447,-0.058584213,0.46014404296875,2
site11_462.png_X256_Y256,13.678776461946736,552.135697643327,0.1042045082392053,0.0198195785937182,0.9175675605772649,8.729691,0.138749,-0.11137337,0.727752685546875,2
site11_463.png_X0_Y0,11.429749848170951,329.4969931186595,0.3309735463634742,0.0898418100752557,0.9723014894442932,8.871475,0.13057911,-0.12631558,0.095611572265625,1
site11_463.png_X256_Y0,13.21715287203481,325.37649574383005,0.0949503462419808,0.0124462891997893,0.9261489849244164,21.617737,0.14359245,-0.08924459,0.0,0
site11_463.png_X0_Y256,13.517186826879586,414.7311255586929,0.1274531406459305,0.015836412377623,0.9564668611425484,13.355972,0.1293684,-0.051340364,0.3774566650390625,1
site11_463.png_X256_Y256,13.502720811863572,406.0203414401888,0.0731647865698553,0.0109307923456839,0.9037289965827716,78.47615,0.03301695,0.2261121,0.0,0
site11_490.png_X0_Y0,12.3336039930557,241.5524588950233,0.1903365147592345,0.0292340834424604,0.9426543700949171,48.84366,-0.03081091,0.30406702,0.0444183349609375,0
site11_490.png_X256_Y0,9.516830798718784,90.15018661693551,0.3507984819505603,0.0730291864295174,0.9258615703300516,8.3155365,-0.016872982,0.15920451,0.115570068359375,1
site11_490.png_X0_Y256,11.245674473403716,171.65089603458927,0.2618053264597046,0.0528605565517173,0.951165167858902,36.538803,-0.04495439,0.313555,0.0,0
site11_490.png_X256_Y256,8.290280390103575,117.82296906539912,0.4833735003235793,0.1272394986542638,0.9289720343930694,10.4127655,-0.014438358,0.15724868,0.0,0
site11_491.png_X0_Y0,13.417953954117266,453.2368194924885,0.1375324813035418,0.0186689229142817,0.9598780807096418,37.81491,0.05745607,0.07670314,0.2762298583984375,1
site11_491.png_X256_Y0,13.32919142390195,422.8819291558393,0.1465236887330231,0.02365516617241,0.9533103285747948,21.064514,0.11905692,-0.0699702,0.4321746826171875,2
site11_491.png_X0_Y256,11.64401712601996,206.49354875529716,0.2403606897719834,0.0467245397647803,0.971086379087571,36.986435,0.009745124,0.19003442,0.0,0
site11_491.png_X256_Y256,11.527845629418534,175.73271082637677,0.2905398000282925,0.0498288586698878,0.9778266281286924,29.221237,0.06291607,0.048807975,0.0,0
site11_492.png_X0_Y0,12.920395281320328,455.7838495561098,0.1212024341237175,0.0164797648331552,0.8673322352291525,24.847961,0.036598176,0.10749869,0.278045654296875,1
site11_492.png_X256_Y0,13.61749251901352,813.3823159813071,0.0895228344032957,0.0135213721692384,0.8311910110164616,48.77768,0.045387797,0.21592617,0.0,0
site11_492.png_X0_Y256,13.586658729234069,712.8400325596265,0.0966290218144401,0.0138083461493497,0.8315869409135149,46.268402,0.059892528,0.14877228,0.0,0
site11_492.png_X256_Y256,13.932250901553951,835.1827347054209,0.046370361914706,0.0088675806897741,0.7526985834771808,62.535477,0.07220036,0.17599162,0.0,0
site11_493.png_X0_Y0,13.866787147301867,586.553584393642,0.0860455418093064,0.009396967228083,0.8985669143593116,46.624725,0.076703794,0.096737005,0.1749420166015625,1
site11_493.png_X256_Y0,13.152776867549589,264.61088882581737,0.0998572321464088,0.0123729835567748,0.9305058007790162,46.662155,0.10143761,0.045958225,0.0785675048828125,1
site11_493.png_X0_Y256,14.001450158373553,825.8026478247755,0.060083793486691,0.0089830686809013,0.8139455498198855,61.656647,0.055571172,0.18350644,0.0,0
site11_493.png_X256_Y256,12.234615705887324,338.4812119887925,0.240970549276851,0.1083208719852523,0.9732692709585312,35.4429,0.06536701,0.08348633,0.420745849609375,2
site11_494.png_X0_Y0,12.38962757680926,266.48247410852497,0.2363817822676323,0.0337156531764531,0.9703706881190912,24.242752,0.09977788,0.0108808465,0.3795318603515625,1
site11_494.png_X256_Y0,12.667556873258864,766.698824130174,0.2152156233844357,0.0395249377474714,0.9492862363123632,10.3051605,0.10447849,-0.045714628,0.479583740234375,2
site11_494.png_X0_Y256,12.794461280322007,465.4240425857992,0.2007266853908875,0.0322476097443492,0.9563907910113648,25.807175,0.09162234,-0.0153281195,0.2234954833984375,1
site11_494.png_X256_Y256,13.26288960754701,1074.854000669739,0.0691301303675983,0.0139218127300758,0.7878427078576533,0.4643402,0.1386972,-0.13939363,0.9496917724609376,2
site11_495.png_X0_Y0,13.512698752128795,343.5210061334588,0.0988799849446925,0.0114910638034378,0.9429887769976254,12.402267,0.14430737,-0.11183527,0.16064453125,1
site11_495.png_X256_Y0,13.430508840903912,285.34874234069423,0.0869611078411378,0.0109527103400405,0.9378605314987686,16.510529,0.1519362,-0.095474,0.0,0
site11_495.png_X0_Y256,13.759674229150717,441.7166257268853,0.102627017058169,0.0103159467256486,0.9439745868001064,19.506653,0.13482784,-0.079249576,0.1338958740234375,1
site11_495.png_X256_Y256,13.387209153987962,336.46861114116075,0.0900089915585935,0.0113277367750032,0.9263099405647728,35.395187,0.088140085,0.07783193,0.0,0
site11_496.png_X0_Y0,13.334549650162108,300.08485714629114,0.0842356753591118,0.0111909561592933,0.922500623878644,32.89328,0.15529153,-0.06185004,0.0,0
site11_496.png_X256_Y0,13.03716023132848,240.01083205678896,0.1177607935079039,0.0129961811216745,0.9423113579572036,45.65065,0.07020275,0.12136946,0.0616912841796875,1
site11_496.png_X0_Y256,13.367074455958535,316.66918504902264,0.0805167911921018,0.0108593737084496,0.9148343112628264,38.149277,0.12576805,0.013981514,0.0,0
site11_496.png_X256_Y256,13.262875801798238,320.83417383039216,0.0896136252036278,0.0117649468955638,0.9050353707782888,46.659424,0.09023115,0.07109385,0.2825775146484375,1
site11_526.png_X0_Y0,13.639179493066084,640.636555951988,0.1096354741426827,0.0134609878707595,0.9335546365511646,19.996628,0.15269703,-0.08866972,0.0,0
site11_526.png_X256_Y0,14.084250667973134,893.5540428411114,0.0590961103034904,0.0085600401462241,0.8062346980962485,57.057007,0.104485154,0.076850176,0.0,0
site11_526.png_X0_Y256,11.953389173687045,418.9809677167422,0.1267438127520314,0.032827730210644,0.6965381573770072,4.748535,0.1808005,-0.1747004,0.0,0
site11_526.png_X256_Y256,13.332088175523609,404.12351606051743,0.1340190516144203,0.0283902513933452,0.9595589948663702,37.650375,0.10245176,0.030069618,0.0,0
site11_527.png_X0_Y0,13.678840844387905,469.7798197958925,0.0875421218090446,0.0117822936142894,0.9216876031540424,58.26642,0.05502619,0.18126768,0.0920257568359375,1
site11_527.png_X256_Y0,13.00231741115965,377.17717670186585,0.1484713495123121,0.0388265157690682,0.9410093639456416,36.834106,0.10832068,-0.0049909353,0.500701904296875,2
site11_527.png_X0_Y256,13.579011600134338,525.2914944973218,0.0726438886849406,0.0103682332718313,0.856693745719092,65.343994,0.038361084,0.24086908,0.0233917236328125,0
site11_527.png_X256_Y256,13.073527806707949,436.247869118861,0.1642486463839713,0.0686505362632863,0.9556233845859698,44.922028,0.056455698,0.12579744,0.3090362548828125,1
site11_528.png_X0_Y0,12.975960168025722,338.02930412881415,0.1413284260453574,0.0230392548828043,0.9360674170633648,26.282028,0.12752646,-0.063921094,0.4950103759765625,2
site11_528.png_X256_Y0,13.636498106667544,558.98953336757,0.0859015465799142,0.0115336427983317,0.8834562649487542,16.37764,0.1333246,-0.09119356,0.5169219970703125,2
site11_528.png_X0_Y256,13.118106169141262,271.5132173623279,0.1035137708479959,0.0134660327963437,0.9384444477390612,46.184235,0.11113711,0.03543872,0.0820770263671875,1
site11_528.png_X256_Y256,13.303305053300232,217.7151509034996,0.1039332071975458,0.0115200624980436,0.9594500385872587,40.96202,0.09459237,0.033449996,0.0565185546875,1
site11_529.png_X0_Y0,13.614983473547047,395.4197751916364,0.0799415994493871,0.0101692217592815,0.9156084480969088,40.797897,0.098702,0.04212157,0.1701202392578125,1
site11_529.png_X256_Y0,13.46241687873147,451.9317187349831,0.0677390788162479,0.0104548892842391,0.8563221006768929,56.087067,0.06817284,0.1486864,0.0,0
site11_529.png_X0_Y256,13.140898755233009,344.6309564680886,0.1541212820214671,0.0212463759232874,0.955453652485406,20.517776,0.081583306,0.009175491,0.3402252197265625,1
site11_529.png_X256_Y256,13.200126099039045,297.19073180988426,0.0981547056026438,0.0121756957372074,0.9286094381914646,44.50255,0.10213702,0.0401858,0.0,0
site11_560.png_X0_Y0,11.596827356561432,246.68842482458436,0.1258068468248463,0.0261435095509557,0.944072184111691,15.404037,0.16107155,-0.122235544,0.0480804443359375,0
site11_560.png_X256_Y0,13.46291539719721,433.1038630124529,0.1119691572058857,0.0143879501961286,0.9357143499776664,47.058105,0.046867207,0.19263162,0.2613067626953125,1
site11_560.png_X0_Y256,13.602985794406774,518.0423754685748,0.0637786345876538,0.0101981769907073,0.8386574488911807,85.76935,0.06678828,0.17586353,0.0,0
site11_560.png_X256_Y256,13.375918742092647,371.49678365894806,0.07806430201804,0.0112345197541135,0.8953994878423173,86.68346,0.01819693,0.30935887,0.0,0
site11_561.png_X0_Y0,13.301498398198182,423.4933088535816,0.1421589336733409,0.0215812397143338,0.9494616245893334,53.40721,0.015703537,0.25126976,0.22796630859375,1
site11_561.png_X256_Y0,12.831300433790748,404.9421904135381,0.1611489144993638,0.0293835541013525,0.9308812199243434,68.7529,-0.011749294,0.32882893,0.0,0
site11_561.png_X0_Y256,13.254686724716608,412.2920165170958,0.0751697613132056,0.01176403224306,0.8362934493596615,90.98053,-0.032016046,0.45423144,0.0,0
site11_561.png_X256_Y256,12.58584456946402,389.523169529166,0.1621150996223562,0.0295627175637985,0.89601603516572,56.410553,-0.039059915,0.40007865,0.0,0
site11_562.png_X0_Y0,12.783927570849915,304.81252981125465,0.1597244300962649,0.0277576602326277,0.9471532085372102,52.172394,0.03970741,0.18203196,0.0405120849609375,0
site11_562.png_X256_Y0,13.123737117486634,342.6166047613943,0.081802531124796,0.0124124555597538,0.8641497691848008,72.748764,0.03714627,0.215489,0.0,0
site11_562.png_X0_Y256,12.453554937007906,329.67964604960423,0.1644386855869955,0.0324599666686915,0.8987019635557072,56.563614,-0.022336014,0.36060622,0.0,0
site11_562.png_X256_Y256,11.931246026349235,301.83595017543274,0.2032176079090816,0.0382553190424711,0.9072135553857242,42.676224,-0.04231116,0.37235153,0.0,0
site11_563.png_X0_Y0,13.055907931519773,261.6578558727451,0.0864596700316747,0.0123324108847448,0.906873778896056,41.258698,0.11181194,0.04155936,0.0,0
site11_563.png_X256_Y0,13.25451662536404,413.07190131200014,0.0672707331142539,0.0116392454637352,0.8189520719509878,57.37889,0.08658151,0.095971435,0.0,0
site11_563.png_X0_Y256,11.746115919037807,280.841085730258,0.2745857078876938,0.0655699883766756,0.9716926430453008,20.114548,0.095233455,-0.009669466,0.1314697265625,1
site11_563.png_X256_Y256,13.171280188035626,338.9469932087381,0.1656354639476368,0.0227931622205272,0.963360828132788,27.670807,0.11657292,-0.03419129,0.0,0
site11_564.png_X0_Y0,13.097405179580267,344.45763032849067,0.1223566636263813,0.027463799092805,0.9322873799045278,61.462433,0.05787784,0.16024187,0.1136627197265625,1
site11_564.png_X256_Y0,12.683194698076145,558.5374697231398,0.1689020406759108,0.0335008513446345,0.9593358311757404,26.42627,0.1437804,-0.029564599,0.0,0
site11_564.png_X0_Y256,12.332516905714565,306.2836915939963,0.2258734014387421,0.0398506727529111,0.9661647976794712,37.23056,0.033472534,0.16675948,0.12091064453125,1
site11_564.png_X256_Y256,13.798411829805309,557.0850891633901,0.0717553872203325,0.0101731169910047,0.9289388992747706,33.356308,0.15766507,-0.042660695,0.0,0
site16_303.png_X0_Y0,12.687387240068762,268.42813995819125,0.0835664196531912,0.0140087458992009,0.8241042860071793,20.407394,0.11672578,-0.05970574,0.0,0
site16_303.png_X256_Y0,12.501602861651929,272.1879287413536,0.0848821602573388,0.0155213757985845,0.7795953365693316,20.71408,0.12888184,-0.07794204,0.0105743408203125,0
site16_303.png_X0_Y256,13.116674816213342,414.0431901041746,0.0724762235555262,0.0122045143161774,0.7899326849665418,21.584473,0.10821673,-0.044552766,0.0,0
site16_303.png_X256_Y256,12.896587758919289,344.4607724042537,0.0773968748941994,0.0136999011480295,0.8064097503060633,12.60965,0.13360101,-0.101880275,0.137481689453125,1
site16_304.png_X0_Y0,13.18843715209902,379.93576246215054,0.1201087186274569,0.0191597064168457,0.91906187937105,-2.5339355,0.14350417,-0.14922956,0.5457611083984375,2
site16_304.png_X256_Y0,12.837489230961538,219.3245722798948,0.0957311444133434,0.0134176884476548,0.9029543065027332,-7.379532,0.15540317,-0.1769916,0.0,0
site16_304.png_X0_Y256,13.077385172531894,381.9875720125625,0.1316434834009805,0.0395164472590546,0.93424408095391,-5.337784,0.13450696,-0.14455919,0.594268798828125,2
site16_304.png_X256_Y256,12.466292426136482,152.25579895654107,0.1251607552835818,0.0163368679675742,0.9424687456591292,-2.2363129,0.13608429,-0.14248866,0.088165283203125,1
site16_329.png_X0_Y0,13.131162658344875,487.33788655505725,0.0668890164823642,0.0122090989308886,0.7193195769442651,20.84401,0.11815524,-0.06326102,0.0,0
site16_329.png_X256_Y0,13.07170691092241,352.4218768622736,0.0817810930456578,0.0125246045179761,0.8379973676951115,5.467621,0.12855425,-0.11451401,0.19390869140625,1
site16_329.png_X0_Y256,12.958374458869358,386.07121398621126,0.0743810832025409,0.0129797601124281,0.768715568582498,24.98729,0.114961326,-0.050697796,0.0,0
site16_329.png_X256_Y256,13.14888328374491,368.32992210028704,0.084585237843545,0.0126665696639951,0.8531094869560715,-0.2273407,0.12638463,-0.12643068,0.7421722412109375,2
site16_330.png_X0_Y0,11.754485616821505,124.54329960231958,0.1207170315374561,0.0205482557064209,0.8560968992972432,7.438095,0.1308623,-0.11235096,0.0706939697265625,1
site16_330.png_X256_Y0,11.623989105273925,105.79216121804322,0.1383134817397904,0.0215863197072805,0.8825941337861549,13.370239,0.118269965,-0.084603064,0.0,0
site16_330.png_X0_Y256,11.526072788896842,103.81783254938506,0.1390442955217622,0.0228767814681648,0.8947176191065436,23.186157,0.08881591,-0.01824268,0.1133270263671875,1
site16_330.png_X256_Y256,11.813863105668108,118.83361285323096,0.1265759166562718,0.0194661549799194,0.8785906672692152,24.644241,0.10457096,-0.04270832,0.0,0
site16_355.png_X0_Y0,13.0756504244728,438.4717321763329,0.0710037246639136,0.0124985817450762,0.7523817372839767,14.415344,0.12826253,-0.09356257,0.1261138916015625,1
site16_355.png_X256_Y0,13.444883091222849,463.97095013036665,0.0754724943234184,0.0111109705668091,0.8464035956542658,-1.7977753,0.14158985,-0.14777891,0.9825286865234376,2
site16_355.png_X0_Y256,13.454575995755974,478.6621050797853,0.0704894785097316,0.0108728004122927,0.8323426779477947,6.4973297,0.12327891,-0.10974729,0.280914306640625,1
site16_355.png_X256_Y256,13.169137064943172,310.24606933031885,0.088638645048898,0.0124497406927549,0.8937709684029949,-3.893509,0.1418269,-0.15456277,0.5121917724609375,2
site16_380.png_X0_Y0,12.733747991581916,340.1965195477866,0.0872898371499307,0.0150141457880792,0.7834159389771199,33.96826,0.07660638,0.022979785,0.0,0
site16_380.png_X256_Y0,13.281455301500776,465.7937310619766,0.0701303890387727,0.0113795047751626,0.7980696992290867,36.376038,0.097757585,0.0034213837,0.0,0
site16_380.png_X0_Y256,12.90074520472964,366.83352344952056,0.0771974884600602,0.0132201670296099,0.7774167116581394,28.262024,0.07810623,0.0080878325,0.0,0
site16_380.png_X256_Y256,13.37938724730894,488.33477106161297,0.070178423060196,0.0109168680590791,0.8108354552494729,25.023987,0.094292626,-0.020885317,0.0,0
site16_381.png_X0_Y0,13.682284313027846,525.4257990016104,0.0762112536706279,0.0102334869560682,0.8766290735693553,0.58529663,0.12557778,-0.1253764,0.4123687744140625,2
site16_381.png_X256_Y0,13.082470699258154,289.2602447526345,0.0978501814222376,0.0129563193109694,0.9102860855954602,4.547348,0.120703906,-0.107267566,0.4810791015625,2
site16_381.png_X0_Y256,13.030280276107264,279.98840843966804,0.0976663591978111,0.0127191105342527,0.8990292928482762,-4.338135,0.12809297,-0.13805667,0.4332427978515625,2
site16_381.png_X256_Y256,12.760551124681708,271.2290480374292,0.1011442713421581,0.014578205380349,0.8716102112623673,2.6110992,0.10831259,-0.099313796,0.092529296875,1
site16_406.png_X0_Y0,13.032491067677109,391.5807665321048,0.0714542254481256,0.0123443812408436,0.7805915910948595,23.918335,0.10612729,-0.041764565,0.0,0
site16_406.png_X256_Y0,13.591866139613543,617.0031112432766,0.0608232553764286,0.0102268451290564,0.7804622748987342,13.583084,0.1181925,-0.08220959,0.0223541259765625,0
site16_406.png_X0_Y256,13.136697915468176,423.1301008626516,0.0704652629233365,0.0120288920492197,0.7860142722917455,26.873993,0.10530945,-0.034208596,0.0,0
site16_406.png_X256_Y256,13.813845770613495,532.3734951400814,0.0711238895061863,0.0093936441006373,0.8939864606082387,4.076126,0.114373386,-0.102201335,0.2334747314453125,1
site16_407.png_X0_Y0,12.44494331825613,226.3685004265232,0.0910596735792398,0.0155940417778817,0.8250616506918931,-8.167084,0.13468976,-0.15336433,0.99578857421875,2
site16_407.png_X256_Y0,12.378994915653502,228.5455615478482,0.0985196262024612,0.0163830658064206,0.8163279418338164,5.3228455,0.13156602,-0.11911274,0.0370635986328125,0
site16_407.png_X0_Y256,13.04203630733094,262.81094431829,0.0896939295656451,0.0122530160008069,0.9183868502382496,-2.420578,0.10932261,-0.115066305,0.9949188232421876,2
site16_407.png_X256_Y256,12.58738116981695,185.88147483840777,0.1152676062799243,0.0162139597448611,0.9282746664033814,13.718567,0.10656251,-0.06841688,0.1681671142578125,1
site16_432.png_X0_Y0,13.069135175204757,425.3257131572001,0.0697746486695659,0.0123302713477024,0.7639326000156367,11.574783,0.119878516,-0.09187324,0.0,0
site16_432.png_X256_Y0,13.725582582347815,433.2704037809775,0.0771196054643983,0.0099299671989534,0.932907807252738,-2.3288574,0.11686053,-0.12310986,0.6064300537109375,2
site16_432.png_X0_Y256,13.098537793022532,293.323009599682,0.0961491616587715,0.0125539609944268,0.9085698153919192,17.320541,0.10139145,-0.047621917,0.0,0
site16_432.png_X256_Y256,11.51216038491632,283.3050674770318,0.2642078780387055,0.1024398792542617,0.9704029746862572,1.6737823,0.10784204,-0.09922861,0.4520416259765625,2
site16_433.png_X0_Y0,12.416945149928228,270.7606330798195,0.0987664141370706,0.0167418418425652,0.8888248658727667,2.2531586,0.100585416,-0.097376496,0.9952392578125,2
site16_433.png_X256_Y0,12.496357637699324,164.13750486591965,0.1178211870791689,0.0154807686604291,0.920959073114563,16.768372,0.08899866,-0.036549218,0.0798492431640625,1
site16_433.png_X0_Y256,12.424870444742451,205.85102229310445,0.138019645773945,0.0244985458649938,0.9446981492352524,6.74617,0.110054836,-0.09586924,0.6892242431640625,2
site16_433.png_X256_Y256,12.19492533612279,139.03867402261534,0.1373668583572686,0.0178327040992717,0.913444630770714,44.491943,0.017983608,0.14598352,0.0,0
site16_458.png_X0_Y0,13.006170798356266,293.6382928441132,0.0941646871331378,0.0130863177076085,0.8831735006707486,15.767044,0.115981534,-0.06912794,0.0,0
site16_458.png_X256_Y0,12.50761423601481,284.10986091588023,0.1703318070196406,0.050505553382639,0.9467232024216272,16.195175,0.118013844,-0.07187665,0.0,0
site16_458.png_X0_Y256,13.319432852582183,446.7893123588306,0.071092423997435,0.0114427928014489,0.8172686859496234,13.965408,0.13647744,-0.096266866,0.0,0
site16_458.png_X256_Y256,12.554072353380905,212.70305234165056,0.0967371025311532,0.0149681303404755,0.8646215565887164,30.063507,0.11502584,-0.033895947,0.0,0
site16_459.png_X0_Y0,11.971759533069092,134.60425567990853,0.1588155899109072,0.0267680970065281,0.9326496882452358,16.218964,0.12256486,-0.087917894,0.0,0
site16_459.png_X256_Y0,12.230719405883164,132.1342535773532,0.1299997222972051,0.0171968002925292,0.920638207270538,23.839584,0.10558916,-0.04620375,0.0,0
site16_459.png_X0_Y256,11.93075732374232,128.38713574707018,0.1304536968962601,0.0194987753453145,0.8949106890125482,19.104065,0.12759784,-0.090387516,0.0610198974609375,1
site16_459.png_X256_Y256,12.25460243434745,160.0706230025744,0.1244525505993253,0.0169427665209325,0.8979072967081175,8.741898,0.13366157,-0.11668593,0.0,0
site16_484.png_X0_Y0,12.567263529789944,243.37665493741335,0.10083486445465,0.0152112824801596,0.8447558328679563,22.868134,0.107522845,-0.03788957,0.0,0
site16_484.png_X256_Y0,12.554060420714702,174.32947311431894,0.1231969093030177,0.0157507858120239,0.9251476241931674,12.124954,0.13537943,-0.10019991,0.16058349609375,1
site16_484.png_X0_Y256,12.73514226942358,220.86231368344932,0.1229537126972011,0.0146175208060706,0.9131078061194564,17.804611,0.08919312,-0.017350856,0.0182952880859375,0
site16_484.png_X256_Y256,13.024381110435666,297.86860696609045,0.0978267796097709,0.0131077571193965,0.8898831861209735,9.244247,0.106900565,-0.07282795,0.3512725830078125,1
site16_485.png_X0_Y0,12.657882109765724,274.4607318249021,0.1002598181169035,0.0154761476020434,0.8388544742878713,4.1617584,0.1532427,-0.1462344,0.2857513427734375,1
site16_485.png_X256_Y0,12.984255662127207,378.3378358834529,0.0859725481690024,0.0135906584928963,0.8167413505164558,-6.9000397,0.15357816,-0.17163286,0.0,0
site16_485.png_X0_Y256,13.171689858625982,364.9242432598194,0.089866211502756,0.0127408287394125,0.8621495714929979,7.0607147,0.11543296,-0.09134039,0.157073974609375,1
site16_485.png_X256_Y256,13.251369685610474,437.2356255256477,0.0829038253714071,0.0122785097184934,0.8265249612267738,-6.4672394,0.14085183,-0.15533623,0.213623046875,1
site16_486.png_X0_Y0,12.858479138906503,347.94075065780635,0.0761126977458271,0.0136636050241882,0.7791925619782979,-9.328293,0.1555137,-0.17858528,0.0,0
site16_486.png_X256_Y0,13.028381057393895,368.6580896620368,0.0755547573227014,0.012685256508864,0.8070636967232163,-4.4524536,0.13717619,-0.14893241,0.0,0
site16_486.png_X0_Y256,13.492422298946613,430.99604375421984,0.0780254359578872,0.0109212341689169,0.8743090749596673,-7.233078,0.1424338,-0.1602876,0.1077423095703125,1
site16_486.png_X256_Y256,13.129076412520329,367.7846903234496,0.079831547596194,0.0125475332319848,0.8401951848679223,-10.271957,0.15237892,-0.17876759,0.0,0
site16_487.png_X0_Y0,11.917872051737952,126.79733110462531,0.1249257124362218,0.0195626033359278,0.888846074155571,-3.830902,0.14599748,-0.15639119,0.0,0
site16_487.png_X256_Y0,11.812383160072836,124.65363393887164,0.1226817229928736,0.0195070935005527,0.8656830752650764,4.7026825,0.12511848,-0.11285209,0.0,0
site16_487.png_X0_Y256,11.83766659785757,141.51757710376003,0.1150475039859072,0.0198210757391531,0.8370014820702381,-4.024292,0.13863932,-0.14841685,0.0,0
site16_487.png_X256_Y256,11.42622776743799,108.4714128580364,0.1341540867067427,0.0230478411546068,0.831634524306406,-6.560913,0.14355117,-0.15905318,0.0,0
site16_509.png_X0_Y0,12.766123345409142,291.9934698793789,0.0893705240072375,0.014232743567039,0.8304357523508711,9.627426,0.12209057,-0.0932764,0.0,0
site16_509.png_X256_Y0,12.708890550511716,259.1380173941548,0.0943335066857744,0.0144093674044008,0.8470778061942124,17.627487,0.13391316,-0.09181078,0.0,0
site16_509.png_X0_Y256,12.906061066980367,301.3682698661621,0.0848267593346786,0.0131457239362614,0.8437267715747117,22.743439,0.10255745,-0.036085103,0.0,0
site16_509.png_X256_Y256,12.67620440906274,249.26163428729643,0.0996710917318966,0.0148343261762635,0.861720482529669,12.807556,0.14253864,-0.11377619,0.0,0
site16_510.png_X0_Y0,13.701967294058312,555.3050498906672,0.0664796337592142,0.0098434241130023,0.8771160417574931,-6.863495,0.10602537,-0.12275227,0.389678955078125,1
site16_510.png_X256_Y0,13.193931639930792,495.3053947399793,0.1087103412389351,0.032365189056675,0.9068407788170494,-7.5640106,0.14122985,-0.15925667,0.0,0
site16_510.png_X0_Y256,13.657650649255029,506.1866394385627,0.0671201426800681,0.0098739750163735,0.8759699072075888,-4.880371,0.12090709,-0.13457784,0.1374053955078125,1
site16_510.png_X256_Y256,12.4305602473081,427.4627431907082,0.1202909340603027,0.0386369403035411,0.8466827471240921,-7.21521,0.15453343,-0.16819002,0.0,0
site16_511.png_X0_Y0,12.524804259300527,335.081284812332,0.1700269233196695,0.0396594227788791,0.9334098184349248,-5.416809,0.13750492,-0.15039131,0.0,0
site16_511.png_X256_Y0,12.708083835402944,290.9494803681299,0.1160660592955955,0.0158542513509466,0.8571861539310169,-0.5070648,0.14106658,-0.14270382,0.066192626953125,1
site16_511.png_X0_Y256,13.142452318904288,429.4590422703918,0.1126812182034016,0.0197705472401541,0.8829818104379158,-4.2589264,0.1455407,-0.15516171,0.1083984375,1
site16_511.png_X256_Y256,13.03719371861236,369.3969788662973,0.0871781341786901,0.0131300714982379,0.8372835911646379,4.913727,0.14391074,-0.13287199,0.0,0
site16_512.png_X0_Y0,11.726381982893248,313.3625330101334,0.19523542801047,0.0668996386857013,0.9063497507096014,-1.3143005,0.13521072,-0.13884497,0.035247802734375,0
site16_512.png_X256_Y0,12.595622932267473,309.5195792934209,0.1625099488086485,0.0461357670445535,0.9324189644203276,1.6711578,0.13882187,-0.1360049,0.133697509765625,1
site16_512.png_X0_Y256,12.795719240726728,250.73296511558652,0.1228890434291487,0.018574536751715,0.928943851008762,7.654358,0.14080034,-0.123312846,0.0632171630859375,1
site16_512.png_X256_Y256,12.715711330244154,212.3822821150592,0.1234227661658396,0.0150127397492691,0.9178066562509702,11.418137,0.1362524,-0.11185844,0.1076507568359375,1
site16_513.png_X0_Y0,12.745372498597424,258.8258736573644,0.1435190120801763,0.033860969415872,0.9636044021224996,5.980774,0.11335921,-0.09495306,0.157684326171875,1
site16_513.png_X256_Y0,12.180772255093768,152.37046082036275,0.1280196534353589,0.0179213311628423,0.8918560350478224,13.015884,0.10557135,-0.0664913,0.0392913818359375,0
site16_513.png_X0_Y256,12.142923793983694,161.70694579609244,0.155724267734051,0.0209871568122506,0.9186537687085944,14.1175995,0.12523209,-0.09449653,0.0,0
site16_513.png_X256_Y256,11.8392046141493,162.2410577512335,0.1461642874945993,0.024122228916472,0.9022199663812784,25.699173,0.09682368,-0.033695146,0.001068115234375,0
site16_514.png_X0_Y0,12.19003729566598,148.01211745483243,0.133328226089517,0.0183482512285348,0.9122763667982458,8.047623,0.118241556,-0.093627825,0.0941925048828125,1
site16_514.png_X256_Y0,12.058524221889536,89.56325828707769,0.1567812628350638,0.0180129703992833,0.9549977335605871,48.946198,0.06859033,0.042339038,0.0,0
site16_514.png_X0_Y256,11.9808854735109,147.75988836926126,0.1275426148957202,0.0193087798619274,0.8661005181032252,11.495102,0.117705554,-0.08387978,0.0,0
site16_514.png_X256_Y256,12.240954165315944,134.37879346285405,0.1458757243279692,0.0175475242669201,0.940585807579924,38.975754,0.053070683,0.05593798,0.0,0
site16_535.png_X0_Y0,12.719664083054976,266.42257306384994,0.0934538026995754,0.0142736418933291,0.8443179806310626,13.745712,0.118292935,-0.078342505,0.0,0
site16_535.png_X256_Y0,11.644391861175633,113.87694172614007,0.1662838307025128,0.0225691505197958,0.9082568201594036,10.820557,0.14683554,-0.12650305,0.0,0
site16_535.png_X0_Y256,12.881062711014646,318.9644240646658,0.0837743987875118,0.0133215054536004,0.8256098252318594,13.030334,0.12516901,-0.0906115,0.0,0
site16_535.png_X256_Y256,11.736928016210058,112.5977629097,0.1664723729349048,0.0226318692161683,0.9152592605223208,2.33461,0.15131275,-0.14718477,0.0367279052734375,0
site16_536.png_X0_Y0,12.226670959570642,209.81873535720104,0.2427896148555476,0.0339116530686804,0.9494694288843996,7.258728,0.105445534,-0.09062155,0.1236572265625,1
site16_536.png_X256_Y0,11.804674296874442,114.5153739547309,0.2354152306718823,0.0249057184222969,0.9584794907314904,-0.8118744,0.119495526,-0.12318375,0.0144500732421875,0
site16_536.png_X0_Y256,12.208295574539822,146.04627284277922,0.176651916411097,0.0210926261867865,0.9350308601073416,2.3742676,0.14381036,-0.14000548,0.0995025634765625,1
site16_536.png_X256_Y256,9.712486413653355,98.91823161464316,0.3269969735701512,0.1476059038243312,0.9001795105568441,-0.3957367,0.13340957,-0.134209,0.8531341552734375,2
site16_537.png_X0_Y0,13.355641765124949,419.38570733012057,0.1088359962605494,0.012165705607757,0.8922462346399769,-2.0091095,0.14118207,-0.14825359,0.22564697265625,1
site16_537.png_X256_Y0,12.920572578442483,292.82386164576604,0.0954659952679142,0.0136881035950389,0.8839660923613486,-6.5767517,0.16649392,-0.18651739,0.1382598876953125,1
site16_537.png_X0_Y256,13.022659374946937,373.822392304032,0.1408453709357103,0.0218211872996446,0.9245581434877554,3.4767456,0.13471985,-0.12848684,0.5941009521484375,2
site16_537.png_X256_Y256,12.350738908859608,247.7922265324709,0.0949563374454319,0.0169357225384271,0.7832527648570334,1.7262726,0.15613669,-0.15321597,0.0099639892578125,0
site16_538.png_X0_Y0,11.911760593096377,172.10890117383093,0.1122827802224515,0.0198654997711107,0.8007413764375311,15.052795,0.12960765,-0.090752944,0.0494537353515625,0
site16_538.png_X256_Y0,11.984599355751568,148.45049115724885,0.1264340469205699,0.0196004367477294,0.870725277805652,24.263199,0.12838161,-0.06839751,0.0,0
site16_538.png_X0_Y256,11.768112444187272,141.60051776961126,0.1217571442178701,0.0210083978185483,0.8327979004662434,25.107117,0.11765952,-0.053336643,0.033447265625,0
site16_538.png_X256_Y256,11.69209505636646,120.37882970192015,0.1328058514726395,0.0210050273736397,0.8631511496302268,23.251526,0.11551083,-0.05194962,0.0,0
site16_561.png_X0_Y0,12.750235323602332,211.3475100021646,0.1017485406675035,0.0139664978669563,0.9085917129969764,19.303833,0.12129171,-0.07358703,0.0,0
site16_561.png_X256_Y0,12.532563883219732,234.49031467764772,0.126091434729127,0.0171282457043787,0.8722598691863114,0.8403168,0.14324363,-0.14267907,0.0485382080078125,0
site16_561.png_X0_Y256,12.059631191720433,153.38028277886113,0.1282529569615141,0.0197475646462211,0.8930988818512255,14.303925,0.13459447,-0.10350983,0.0,0
site16_561.png_X256_Y256,12.670296295380368,295.0429791576549,0.1421657928125944,0.0313172345492585,0.9068852842351296,-0.7771759,0.13485332,-0.1365762,0.237396240234375,1
site16_562.png_X0_Y0,11.782899602221525,151.0149984080632,0.1584436408057539,0.0251599484977539,0.9101993761469888,1.8353882,0.1357712,-0.13336274,0.7212066650390625,2
site16_562.png_X256_Y0,11.57795000218232,217.72659109476575,0.2043104812394889,0.0589099283318043,0.9180820566647542,1.8197937,0.13893627,-0.13570368,0.7522735595703125,2
site16_562.png_X0_Y256,11.03117826132093,188.4196636960514,0.2174542207363368,0.0648489107433224,0.8905515768265762,-1.8740845,0.14384122,-0.14728382,0.9679412841796876,2
site16_562.png_X256_Y256,12.357456215488982,258.7880792093217,0.1813727981489378,0.0730572710696156,0.9411235463063488,1.9906921,0.14063007,-0.1366733,0.248443603515625,1
site16_563.png_X0_Y0,12.428653178699308,230.48568241482556,0.1047582610879478,0.016665005702986,0.8551806067761866,7.158951,0.13996783,-0.12371382,0.135894775390625,1
site16_563.png_X256_Y0,12.134771223758127,157.507835598094,0.1189405933816103,0.0179242099395852,0.8802850790667623,24.013138,0.12225737,-0.06410104,0.0,0
site16_563.png_X0_Y256,11.689669022233783,132.71788509828193,0.1312089144850105,0.0217875812892214,0.8448368150804596,5.2924194,0.1486205,-0.13790618,0.0,0
site16_563.png_X256_Y256,12.068010085194178,160.75611902574195,0.1167787507261116,0.0179808414217329,0.8600264742567083,-1.0395508,0.15863544,-0.16201901,0.0155487060546875,0
site16_587.png_X0_Y0,12.029649412052356,173.5651186592927,0.1425380718938213,0.0203266554271347,0.8646723449626923,6.861252,0.13802928,-0.12565306,0.235107421875,1
site16_587.png_X256_Y0,12.47640754257472,239.356522251055,0.1451537545107807,0.0388044513474892,0.9319438133860504,10.39444,0.12993862,-0.10523612,0.560394287109375,2
site16_587.png_X0_Y256,12.813639068963983,242.9302588397501,0.1172774705486446,0.0144290508277389,0.90383759534802,3.1815643,0.14089474,-0.13429427,0.2041473388671875,1
site16_587.png_X256_Y256,12.207986345067557,167.60124226560143,0.1134630918084528,0.0181772575395297,0.8898121382918713,22.125961,0.13050395,-0.077576384,0.0725860595703125,1
site16_588.png_X0_Y0,12.188216215278786,182.77074295344124,0.1097911484476067,0.0177613208398487,0.8735542742236346,4.221588,0.14899197,-0.13873288,0.02490234375,0
site16_588.png_X256_Y0,12.410825487815508,235.75993429510925,0.1039925346703779,0.0164222795874658,0.816585753686498,0.33699036,0.1488908,-0.14806697,0.1841888427734375,1
site16_588.png_X0_Y256,12.13288496187726,162.4348958783909,0.1116472605281453,0.0177100960093811,0.8579798565936383,7.618042,0.14094019,-0.121111624,0.0,0
site16_588.png_X256_Y256,12.2821299809276,197.79090563125212,0.1038363823022066,0.0169190031089144,0.8324947260450422,1.460968,0.14163549,-0.13771653,0.0,0
site16_613.png_X0_Y0,12.559371940612586,182.84641003460416,0.1203691971176958,0.0155733626535195,0.9173967902066338,11.295181,0.13226157,-0.10767069,0.2168426513671875,1
site16_613.png_X256_Y0,11.437384347986471,113.99805020905588,0.1277449210662264,0.0228064421793058,0.8132929629691814,30.616974,0.11651821,-0.044008385,0.0,0
site16_613.png_X0_Y256,12.037195581832504,125.02991561238684,0.1233857957854789,0.018057311420117,0.9020845772956356,18.637695,0.12822936,-0.07910313,0.0,0
site16_613.png_X256_Y256,11.503921093414998,117.95744437236011,0.134856994726422,0.0228070939654789,0.8336999022120098,46.995224,0.09662625,0.022602785,0.0,0
site16_638.png_X0_Y0,12.684181240649243,232.98902758254437,0.097452704328018,0.0147119794931824,0.8724483690419715,20.317383,0.1256281,-0.07946259,0.0,0
site16_638.png_X256_Y0,13.051092585669013,245.0497972834972,0.1078508046271414,0.0130857341919517,0.92860874763822,9.513016,0.13823368,-0.11795664,0.0,0
site16_638.png_X0_Y256,12.45856128839448,238.26891167159565,0.1268475117806257,0.0175870997302355,0.8778353718518348,13.440201,0.13440414,-0.10745475,0.02020263671875,0
site16_638.png_X256_Y256,13.064711053951076,275.5349467001953,0.0909923584247491,0.0124657722949437,0.9003181927453274,4.3271484,0.14918816,-0.1422107,0.0205230712890625,0
site16_664.png_X0_Y0,12.985066810728696,353.298853580954,0.1102449670009484,0.0151695094613833,0.8731890657322834,8.536316,0.13444142,-0.11653719,0.3704833984375,1
site16_664.png_X256_Y0,12.39766894505122,193.2814394553913,0.1266513657651761,0.0182512434103786,0.9369223824342444,4.63237,0.14046842,-0.12696846,0.0967559814453125,1
site16_664.png_X0_Y256,12.88721189480517,261.7305341995906,0.0969033773938463,0.0133376970960051,0.8825512494208226,34.05754,0.09993671,-0.017144524,0.0158843994140625,0
site16_664.png_X256_Y256,12.182947449042445,190.1681844272724,0.1049576631566857,0.0176411053926093,0.8356442397833128,30.886368,0.101147294,-0.015737716,0.0,0
site16_667.png_X0_Y0,12.294187695351011,194.82884284290344,0.108101365109958,0.0169855873922074,0.8535122671043436,-3.3509827,0.15093869,-0.16099024,0.0234527587890625,0
site16_667.png_X256_Y0,12.808884745237048,232.4326878033849,0.1695912157124202,0.01846796913786,0.959695713775265,2.6142578,0.08039422,-0.07463494,0.4732208251953125,2
site16_667.png_X0_Y256,12.005973703157691,116.58642290525508,0.1342572579037996,0.0180509912534166,0.9168955019109593,-3.649292,0.14137354,-0.1513435,0.0032196044921875,0
site16_667.png_X256_Y256,10.409830644455996,125.02489608864076,0.345216548044466,0.0562954130040176,0.963297628374356,0.2622528,0.11451146,-0.11576901,0.2255859375,1
site16_668.png_X0_Y0,12.424604514459135,177.32909492443588,0.1250340769758505,0.0168013539255451,0.9276592936675953,-17.622406,0.18694904,-0.23946606,0.0967559814453125,1
site16_668.png_X256_Y0,12.553016409543954,242.0988475436201,0.0895158657809675,0.0151507131254649,0.8330846625775464,-14.744446,0.17451222,-0.21653286,0.0,0
site16_668.png_X0_Y256,11.524260475645669,113.78717054438113,0.2932764497947181,0.0334060122162265,0.9675240187117008,-1.1764526,0.11063877,-0.11370489,0.1452789306640625,1
site16_668.png_X256_Y256,11.831173357064698,107.81106746804102,0.2162033916551247,0.025605940455316,0.9650187425668284,-1.2088928,0.11773302,-0.12135569,0.0052032470703125,0
site16_689.png_X0_Y0,12.595501978298149,217.30782541570903,0.0960092442130458,0.0147327056413885,0.8757931918041562,17.206223,0.107751586,-0.059026852,0.0,0
site16_689.png_X256_Y0,12.324156117530832,171.36552460291983,0.1181196436802596,0.0169067901905105,0.8935331900546557,12.776932,0.14083892,-0.115043715,0.0,0
site16_689.png_X0_Y256,12.52540972446186,228.537833210186,0.0925137280437799,0.0148193312069675,0.8413060298274888,19.714676,0.107925445,-0.05165176,0.0,0
site16_689.png_X256_Y256,12.287892038415425,193.65725602833572,0.1164239006153564,0.0178557032304908,0.8592465724523194,7.199646,0.1400094,-0.12530534,0.028778076171875,0
site16_690.png_X0_Y0,12.819387026780191,249.78199745891345,0.1039921451298077,0.0158967545884421,0.9089374549792296,5.589981,0.14221227,-0.13007158,0.170654296875,1
site16_690.png_X256_Y0,12.269422337467802,131.32549049644527,0.1211370284340788,0.016356295181556,0.9208609632444826,4.378647,0.1390276,-0.12929045,0.0,0
site16_690.png_X0_Y256,13.055067088143108,258.6783980620488,0.105972534208165,0.0155136296870128,0.9307060607726289,14.792511,0.13058858,-0.09357788,0.16107177734375,1
site16_690.png_X256_Y256,12.224443430892126,146.36756800269242,0.1114464102101345,0.0168528466042406,0.8964297565890478,29.820831,0.1199428,-0.05439482,0.0,0
site16_693.png_X0_Y0,12.54449160884273,159.60394492202812,0.1618826541479724,0.0168346228403131,0.963823809691001,-2.586258,0.12985164,-0.13845241,0.0896759033203125,1
site16_693.png_X256_Y0,10.990720856081722,105.68014138191498,0.3636934734841525,0.0513372898680253,0.9861806326448764,-0.25627136,0.10284805,-0.10574219,0.10626220703125,1
site16_693.png_X0_Y256,12.063249624672151,136.1414592794861,0.2040347209643566,0.0241653792020943,0.9734637348063132,-6.95282,0.13592488,-0.15539673,0.1125030517578125,1
site16_693.png_X256_Y256,12.562671715767276,252.19745242213605,0.2216432410769087,0.0221438016954344,0.9593916537016288,1.4354858,0.11476475,-0.116932765,0.3970184326171875,1
site16_694.png_X0_Y0,13.211122911840462,403.0458084030008,0.1051277837516147,0.0140495136630241,0.9111920542625688,-4.9753723,0.111446135,-0.12494149,0.8922576904296875,2
site16_694.png_X256_Y0,10.759418397460454,226.1021167489604,0.3215222495497735,0.0615905692635804,0.9368166029579328,25.191345,0.033790573,0.003393529,0.2596588134765625,1
site16_694.png_X0_Y256,13.458855201740128,394.079360357181,0.1334667695113871,0.0155728304074269,0.9445429531809016,0.5748291,0.10271228,-0.09908111,0.6685943603515625,2
site16_694.png_X256_Y256,13.08786335503666,391.5041288957445,0.1587636628814275,0.0179121956249997,0.9298963912367566,4.1414337,0.09173253,-0.09464577,0.2411956787109375,1
site16_696.png_X0_Y0,12.310567675605558,152.7490464154511,0.1702307250503289,0.0185827162316829,0.9598019057093614,2.156311,0.10769999,-0.101764396,0.0,0
site16_696.png_X256_Y0,12.19582129446766,135.49743533137212,0.1745302480570723,0.0185236750629215,0.9735835255805146,11.728241,0.075749926,-0.042527825,0.000152587890625,0
site16_696.png_X0_Y256,11.680733061902163,115.32952317017734,0.1351666282052563,0.0217446573491804,0.8805614815146221,-1.0319672,0.1113512,-0.113698505,0.0,0
site16_696.png_X256_Y256,12.473411465818067,221.7929785269019,0.15560054431891,0.0256708109238635,0.9409146557481768,18.911575,0.05264817,-0.009791844,0.40582275390625,2
site16_697.png_X0_Y0,12.457429893386925,189.52036160972068,0.1539028454660548,0.0184670041874791,0.9439657484108392,4.7665253,0.08982849,-0.08132419,0.0172882080078125,0
site16_697.png_X256_Y0,12.308469612608745,132.21792306444792,0.1349660207017269,0.0167002067246698,0.9442745180990338,2.5933685,0.08849269,-0.08389031,0.0355682373046875,0
site16_697.png_X0_Y256,11.914285114505434,293.3664776918743,0.2768258460866561,0.0668124126522685,0.9414824843567016,0.98431396,0.11036265,-0.11270407,0.402984619140625,2
site16_697.png_X256_Y256,12.462298233268347,237.2119458561824,0.1348928785577307,0.0173954448704292,0.9167719744751348,-0.06329346,0.08273117,-0.08532697,0.140411376953125,1
site16_698.png_X0_Y0,12.153003302372776,102.53758615977053,0.1492665670898445,0.0177759326115845,0.9608906190796378,3.9442291,0.09210334,-0.08530355,0.018341064453125,0
site16_698.png_X256_Y0,12.097235439321077,90.4029998828581,0.1607465409148954,0.0179836248710728,0.97318010311126,6.975937,0.09763204,-0.082084,0.0,0
site16_698.png_X0_Y256,12.758151769780882,165.23660662365958,0.1291588211990832,0.0141991994501204,0.9525818248166208,20.82576,0.04835637,0.0119431475,0.085174560546875,1
site16_698.png_X256_Y256,11.449389888871048,90.00224162581668,0.2390304062835055,0.0290757480853164,0.9683271163213704,12.979904,0.0857912,-0.060660064,0.0,0
site16_715.png_X0_Y0,12.268630568695254,186.61835908965517,0.1004400612331813,0.0168247098882559,0.8463501833816757,9.109879,0.14020103,-0.117888756,0.0,0
site16_715.png_X256_Y0,12.673548222473467,245.776742734172,0.1166625171681614,0.0157578783123089,0.8904278649774551,0.45863342,0.14671949,-0.14571485,0.152435302734375,1
site16_715.png_X0_Y256,12.35994945470551,206.44872290705783,0.1015452166171834,0.0163450469204592,0.8471318622485783,8.603973,0.14047514,-0.119993486,0.0,0
site16_715.png_X256_Y256,12.928293119319822,326.4194743458156,0.0890074399382585,0.0136252106523678,0.840815369164386,-3.6649017,0.1544574,-0.16406107,0.0643310546875,1
site16_719.png_X0_Y0,12.9578721420689,244.82948648056413,0.1488165115402502,0.0150559541258452,0.9558039102394232,-8.370926,0.13613752,-0.15934831,0.4248809814453125,2
site16_719.png_X256_Y0,12.808989618460782,244.6150854989689,0.0990892852599626,0.0137662838704694,0.8850045033926373,-8.475128,0.12675837,-0.15007111,0.0,0
site16_719.png_X0_Y256,12.982689293804604,235.4173417675929,0.1060567082809041,0.0129972220775591,0.9236483928727104,-8.028366,0.14566357,-0.16547143,0.070648193359375,1
site16_719.png_X256_Y256,12.73560870000685,229.46533684460533,0.0998301626902739,0.0138395280156026,0.8842277573593408,-9.637619,0.14354533,-0.16518839,0.0,0
site16_720.png_X0_Y0,13.30352339293307,351.3308543589092,0.1545477911653284,0.0137511480154854,0.9580736500536554,-4.997574,0.11012672,-0.1279452,0.5160369873046875,2
site16_720.png_X256_Y0,12.872959543666273,279.9185627222868,0.1178688661968877,0.0143783268788418,0.89463810563216,-3.6542969,0.11405851,-0.12411785,0.2518463134765625,1
site16_720.png_X0_Y256,12.84104973284777,235.65372942499764,0.1094358678650623,0.0140043783307351,0.9103146887694304,-12.002853,0.13568094,-0.17139578,0.0,0
site16_720.png_X256_Y256,13.361807300368229,315.3329509533645,0.0890704016637167,0.0113713642232443,0.9193259375052032,-12.225845,0.1397872,-0.17508183,0.0,0
site16_722.png_X0_Y0,12.35915799188723,203.28242229552845,0.1256414618744658,0.0184887844952448,0.9017301321527744,-0.40812683,0.09705095,-0.096638575,0.2164306640625,1
site16_722.png_X256_Y0,12.632547371288842,284.94582014731907,0.1249147900522398,0.0167911365194234,0.911201827071746,3.185852,0.10968447,-0.10406848,0.0016021728515625,0
site16_722.png_X0_Y256,12.806735551194857,301.174614301009,0.0977780242710721,0.0144070741595383,0.8467440646772623,-5.789276,0.1057588,-0.12614295,0.0845794677734375,1
site16_722.png_X256_Y256,12.66985527731941,370.6996862234827,0.1166600890345807,0.0173845484025313,0.8884541493035011,-1.1873322,0.11867069,-0.12492235,0.0785675048828125,1
site16_723.png_X0_Y0,12.836583010281192,283.02185866014145,0.1177227302264316,0.0153033055199028,0.9117000371980544,0.06918335,0.11285256,-0.114083156,0.0,0
site16_723.png_X256_Y0,12.340668885506693,319.16239511249563,0.1516345057165536,0.0196189543577888,0.91275302663502,3.400467,0.07829876,-0.069784716,0.0,0
site16_723.png_X0_Y256,12.44711964453182,250.353374873861,0.1077283934952048,0.0171287327811235,0.8497897653827068,-6.901535,0.11842285,-0.13850002,0.0,0
site16_723.png_X256_Y256,12.327818249197144,330.0242137039014,0.1414644950177964,0.0184819200623221,0.8770899155086824,6.8638,0.06754361,-0.045290954,0.0,0
site16_724.png_X0_Y0,12.160809131730996,136.35337757713825,0.1828333292595446,0.018698583163325,0.9532313300649292,3.917633,0.07489661,-0.068844646,0.3042755126953125,1
site16_724.png_X256_Y0,11.35240176642685,79.061538350635,0.2650248318769667,0.0288991937431506,0.9688649667320206,15.549927,0.027939424,0.0064566582,0.38818359375,1
site16_724.png_X0_Y256,12.54736910007512,151.6143624747697,0.1652189590512066,0.0167587764642234,0.9566094131467584,6.200012,0.0829605,-0.07359354,0.7076873779296875,2
site16_724.png_X256_Y256,10.631888853580886,256.1880001081272,0.300435159221657,0.1314616285427153,0.9704922439654944,8.675217,0.06611487,-0.05101656,0.0407867431640625,0
site16_741.png_X0_Y0,12.10979609970752,186.4238725790601,0.1124749044913355,0.0182200243668278,0.8233336476336509,12.19455,0.1374402,-0.11018993,0.0,0
site16_741.png_X256_Y0,12.86481006321665,287.60485327158773,0.0910916299250476,0.0135374201995608,0.8609293710600521,-4.8433075,0.16145432,-0.17495339,0.0,0
site16_741.png_X0_Y256,12.455591206833068,205.6303805177141,0.1137521281661194,0.0167711279260743,0.8842763683737154,15.830704,0.12960134,-0.09320912,0.0,0
site16_741.png_X256_Y256,12.918237032858151,273.6592992178546,0.0870896646618098,0.013219914312477,0.8745890612064225,6.294647,0.1535255,-0.13972145,0.0,0
site16_745.png_X0_Y0,13.048147306511474,305.0814357308584,0.1054505107644704,0.0130213891349249,0.9122073583932522,-6.95697,0.15778346,-0.17608637,0.21478271484375,1
site16_745.png_X256_Y0,12.15069469864186,183.1130954440623,0.1649440446955625,0.0218267201789051,0.9136122469632096,-5.98024,0.13615276,-0.14785314,0.0,0
site16_745.png_X0_Y256,12.405941338675431,210.51341404148664,0.1038668738397727,0.0162318946044543,0.8608109401778358,-6.758667,0.15865648,-0.17638019,0.0,0
site16_745.png_X256_Y256,11.065888379034286,118.3535250714859,0.3085071531827512,0.0557685879189907,0.9779240741448004,-3.9472656,0.1305242,-0.1415319,0.0,0
site16_746.png_X0_Y0,13.003929394311143,288.3273394848243,0.1002326000803015,0.0135957519114484,0.900587354869917,-8.184586,0.14160877,-0.1636777,0.002227783203125,0
site16_746.png_X256_Y0,13.526781890023956,481.1417714640849,0.0970439229252319,0.0131279499136249,0.9144893347049372,-5.3737335,0.13745524,-0.1441339,0.0,0
site16_746.png_X0_Y256,12.884736405029765,240.73384342862045,0.1141468164113731,0.0140253460600464,0.917043092002492,-4.8558197,0.14418143,-0.15774654,0.012542724609375,0
site16_746.png_X256_Y256,13.09692839348815,332.48905751395466,0.1253213997669764,0.0136453693838781,0.9330527306156748,10.846405,0.115230486,-0.07819617,0.0411224365234375,0
site16_747.png_X0_Y0,12.289432055455176,207.70147817246735,0.1540827911686602,0.0196047281590131,0.9038712044229664,-1.0743866,0.15142342,-0.15514576,0.078704833984375,1
site16_747.png_X256_Y0,11.17972055616572,61.475801149198176,0.1982480190180315,0.0265446902243598,0.9326132955836124,-0.69763184,0.14593509,-0.148757,0.0,0
site16_747.png_X0_Y256,12.068589993316342,203.2501748125906,0.1407051777571658,0.0203325273893002,0.869554259021923,14.97197,0.10084,-0.05860652,0.1785430908203125,1
site16_747.png_X256_Y256,11.333688246500795,95.99877318819944,0.1905248299766323,0.025547512912167,0.8791929472827642,1.7495575,0.12963283,-0.12524587,0.0064239501953125,0
site16_749.png_X0_Y0,12.61919831462613,277.2827914143836,0.10390016888422,0.0152827995844131,0.8580508783501395,11.109177,0.08625744,-0.056175888,0.0,0
site16_749.png_X256_Y0,11.84943125069058,154.17010916775462,0.136141892841078,0.0213718709229105,0.8602642200214279,8.025864,0.09289269,-0.072790824,0.0,0
site16_749.png_X0_Y256,12.15348017686589,124.53033460688266,0.1269028827521486,0.0171717627968083,0.9182008709704252,11.931595,0.107474,-0.07512127,0.0253143310546875,0
site16_749.png_X256_Y256,12.085442824334471,165.33724183607572,0.1162831271056889,0.0185037316390424,0.8503127225630498,11.781952,0.11370576,-0.08291006,0.05535888671875,1
site16_750.png_X0_Y0,11.559321133912864,95.54552703587908,0.2128239732552652,0.0271851544249509,0.9505164953035632,3.3998413,0.04542485,-0.04079823,0.145660400390625,1
site16_750.png_X256_Y0,12.6816922494309,177.6578252655236,0.1673365034894362,0.0155427112562737,0.9627061782517012,9.915817,0.07470057,-0.05767534,0.0,0
site16_750.png_X0_Y256,11.711828648224996,128.02462295151196,0.125474447269156,0.0211308627855453,0.8428524031472054,32.144745,0.07041867,0.019485101,0.0,0
site16_750.png_X256_Y256,11.589240912100635,108.0475862648993,0.1359376019432055,0.0222919531838885,0.8663341694967672,21.636002,0.07931468,-0.020932447,0.0,0
site16_767.png_X0_Y0,12.818961235863032,317.4407293769257,0.1137926608536428,0.0163563335074688,0.8738342791663014,3.3817902,0.13376635,-0.12634258,0.343414306640625,1
site16_767.png_X256_Y0,12.560379740023029,210.33212574491355,0.0957521567443221,0.0151185628643616,0.8710343048229566,-2.1526642,0.1628334,-0.16935626,0.0502777099609375,1
site16_767.png_X0_Y256,12.722047896894216,282.6814155463121,0.104788845129959,0.0148177133600048,0.8414020479631592,-0.64302063,0.14051291,-0.14246319,0.1614837646484375,1
site16_767.png_X256_Y256,12.527057514972377,161.29445549788667,0.1097006067107559,0.0151199352090477,0.9211592438519642,16.9944,0.14815462,-0.11340311,0.0,0
site16_792.png_X0_Y0,13.039337617914091,316.1282009473591,0.0841783930639769,0.0125533145003046,0.8645874018931077,43.29312,0.10501281,0.012107005,0.0,0
site16_792.png_X256_Y0,12.955524980484771,229.7785145436883,0.1147559648493627,0.0131859625993337,0.9310938963566272,29.71901,0.100462385,-0.018913664,0.0,0
site16_792.png_X0_Y256,12.884090106528138,333.3256073986013,0.1340537541386253,0.0397404701985151,0.906566230414571,14.846451,0.13945162,-0.107282326,0.0,0
site16_792.png_X256_Y256,12.567012144241822,242.5444639531672,0.1256117351385429,0.0207557009660565,0.8997623353734838,12.917618,0.13919625,-0.111244716,0.0458526611328125,0
site16_793.png_X0_Y0,13.29452029571895,333.062728728137,0.0897116528408892,0.0117887242457745,0.9047604987635496,-8.273514,0.15776218,-0.17773531,0.3650360107421875,1
site16_793.png_X256_Y0,12.24976796732766,171.6450167003097,0.1046295421612495,0.0169146492165146,0.8674632634637316,21.294998,0.14867742,-0.10446111,0.0,0
site16_793.png_X0_Y256,12.902220349066866,265.24194472980525,0.0952237066446676,0.0138887994107098,0.8925080902950672,-7.310623,0.16396758,-0.18494236,0.106201171875,1
site16_793.png_X256_Y256,12.18875732605156,140.66262409590158,0.1175097893866526,0.0170016834882534,0.902428746174848,28.098999,0.13701436,-0.07906483,0.0,0
site16_818.png_X0_Y0,12.465085633444758,284.6415103866409,0.091750399326558,0.0165012729691585,0.772956228558862,10.952972,0.15807648,-0.1324937,0.0,0
site16_818.png_X256_Y0,12.349006219324597,236.8914733215532,0.1585438604916608,0.0304090589721579,0.9393352590615602,-4.412689,0.14470324,-0.15400806,0.333221435546875,1
site16_818.png_X0_Y256,12.497504719824304,199.40849390859583,0.1221534690471921,0.0158144471352678,0.8906797908278841,23.828827,0.12458305,-0.05986148,0.0,0
site16_818.png_X256_Y256,12.370743568382528,180.6849126087417,0.1317782796589357,0.016623027103219,0.9105822777367814,-7.064499,0.1463061,-0.16284025,0.0,0
site16_823.png_X0_Y0,12.416632733863356,198.81383582937303,0.1044103972148573,0.0160510298246391,0.8654778399513855,-5.78273,0.15854387,-0.17705044,0.0,0
site16_823.png_X256_Y0,12.591861680510045,192.41434111880832,0.1082847451740251,0.0155226429087007,0.9042550467294812,-6.6611633,0.13998011,-0.15777996,0.077056884765625,1
site16_823.png_X0_Y256,12.060514905015754,173.59271922157623,0.1052228399711605,0.0178821911773898,0.8190761141344847,-5.244629,0.15541834,-0.16894759,0.0,0
site16_823.png_X256_Y256,12.748355978805929,218.82142882245168,0.0960591379842789,0.0142467090345577,0.8990276294879174,-5.446396,0.1376191,-0.14880502,0.5145111083984375,2
site16_849.png_X0_Y0,11.880157921228015,173.25623679894989,0.1045762128717693,0.019160891252469,0.7718774134145985,-3.34935,0.1524154,-0.16094226,0.0,0
site16_849.png_X256_Y0,12.779995713791958,267.289249192026,0.0986853289147645,0.0149569153075954,0.8911916869418587,-9.148972,0.14241922,-0.16475773,0.4296417236328125,2
site16_849.png_X0_Y256,11.699296260711009,141.1024133145916,0.1132157845171821,0.0206110294547542,0.8004419433416168,-0.27069092,0.14741766,-0.14851132,0.0,0
site16_849.png_X256_Y256,11.897542815314502,155.8159867148487,0.1118106136834454,0.0196580377331434,0.8227666973800885,-3.7168274,0.14023872,-0.15017788,0.0382232666015625,0
site16_850.png_X0_Y0,11.865634875528816,107.45391595179898,0.1904806870947942,0.0220594858163173,0.9458940894530078,-4.9018707,0.12777665,-0.13746089,0.14642333984375,1
site16_850.png_X256_Y0,11.843629531146338,115.5556080293652,0.142808540212221,0.020433300155188,0.9307829642621612,-4.3971863,0.1367594,-0.14777151,0.0,0
site16_850.png_X0_Y256,12.6870185448627,227.8190535491212,0.1071570189578963,0.0146206502174722,0.8847250518282139,-8.863541,0.13818207,-0.15855022,0.734344482421875,2
site16_850.png_X256_Y256,11.985976055690005,102.22665773080128,0.173878642675997,0.0196399829168559,0.9514957960913476,-4.0331726,0.12454328,-0.13353454,0.03765869140625,0
site16_851.png_X0_Y0,11.489354952115953,110.89029569456645,0.1302696159785672,0.0225475789981566,0.8310453911819189,-3.568985,0.13162772,-0.1414729,0.0,0
site16_851.png_X256_Y0,11.57575146904114,125.85312932526205,0.1225106488413309,0.0219394107944666,0.8181521894085898,-5.1464996,0.13370278,-0.14749351,0.0,0
site16_851.png_X0_Y256,12.04283728976036,105.71443134852058,0.1454397850131296,0.0180335804155219,0.9525599323976924,0.13804626,0.12559763,-0.12587543,0.0,0
site16_851.png_X256_Y256,12.125607585254748,118.55710100982851,0.1420658392331477,0.0178437357067653,0.955013553693798,-1.1598511,0.12984963,-0.13413712,0.0,0
site16_875.png_X0_Y0,12.176932071376342,131.53865712706877,0.1296386274368748,0.0171219581804584,0.9188376694620772,-11.588974,0.15572663,-0.19392642,0.0,0
site16_875.png_X256_Y0,12.2288316812553,169.0997002655302,0.1384169588428854,0.0175813693561244,0.9001473734725611,-4.204132,0.12582883,-0.14079507,0.1041717529296875,1
site16_875.png_X0_Y256,12.2440513495496,164.1348490814878,0.120418743302245,0.017194774391931,0.8860277718844283,-12.133041,0.1518286,-0.19658974,0.0,0
site16_875.png_X256_Y256,12.663148586648855,282.3110954771128,0.1186565475479462,0.0151512492225677,0.8523303584281798,-5.878937,0.12339221,-0.14748555,0.11199951171875,1
site16_877.png_X0_Y0,12.947204733066735,159.2709980085855,0.1324881616374411,0.0135726530757199,0.975907577787398,2.4008942,0.11198049,-0.10947796,0.2438201904296875,1
site16_877.png_X256_Y0,12.16327809677604,91.73231563581685,0.1773887092715377,0.0187220920865329,0.9828705274886496,-2.783432,0.11858667,-0.1305889,0.0685882568359375,1
site16_877.png_X0_Y256,11.73058957061732,110.09858125480756,0.1385952353153048,0.0205925868362617,0.8868434729893111,-9.587067,0.118457556,-0.15292856,0.0,0
site16_877.png_X256_Y256,11.414774052458837,87.60926928645381,0.149484883013444,0.0226165147233142,0.8850307577174582,-5.4233704,0.10607011,-0.12511373,0.0,0
site16_1004.png_X0_Y0,12.456390055000451,284.87934966419505,0.0836961541014479,0.0157191812880678,0.7316609289758029,-4.47316,0.13655664,-0.14710914,0.0,0
site16_1004.png_X256_Y0,12.70240356198886,366.8568371239492,0.080793923166045,0.0151124043943147,0.7192479829712489,-5.5749054,0.12969723,-0.14388052,0.0,0
site16_1004.png_X0_Y256,12.044521728384067,208.43548758290416,0.1021141647125478,0.0189881919501266,0.7562466979701972,-5.186783,0.13002415,-0.14180642,0.0,0
site16_1004.png_X256_Y256,11.846950546229422,173.54573747176914,0.1094060606090247,0.0199527159883183,0.7638618583211187,-2.194519,0.12502894,-0.1306873,0.0,0
site16_1005.png_X0_Y0,12.719974958723622,350.3540488484131,0.0863353150830858,0.0152013996370694,0.7557984663898514,-1.0920105,0.10952628,-0.11383928,0.0,0
site16_1005.png_X256_Y0,12.774270108466045,327.52338724890285,0.0856363512364837,0.0142095519212255,0.7897910342823007,4.43248,0.09678948,-0.08414862,0.0,0
site16_1005.png_X0_Y256,12.395286766684508,296.0785699911326,0.1157398457174453,0.0176643093058861,0.8928822522920354,-2.6882172,0.097722024,-0.10788728,0.0823822021484375,1
site16_1005.png_X256_Y256,13.250875411458864,421.7623840740563,0.0770464081025427,0.012012813366354,0.8330969198133202,4.7226105,0.09192276,-0.08066356,0.0021209716796875,0
