Grid_ID,image_file,Y_Target
site3_26.png_X0_Y0,site3_26.png,0
site3_26.png_X256_Y0,site3_26.png,0
site3_26.png_X0_Y256,site3_26.png,0
site3_26.png_X256_Y256,site3_26.png,0
site3_56.png_X0_Y0,site3_56.png,0
site3_56.png_X256_Y0,site3_56.png,0
site3_56.png_X0_Y256,site3_56.png,0
site3_56.png_X256_Y256,site3_56.png,0
site3_81.png_X0_Y0,site3_81.png,0
site3_81.png_X256_Y0,site3_81.png,0
site3_81.png_X0_Y256,site3_81.png,0
site3_81.png_X256_Y256,site3_81.png,0
site3_82.png_X0_Y0,site3_82.png,0
site3_82.png_X256_Y0,site3_82.png,0
site3_82.png_X0_Y256,site3_82.png,1
site3_82.png_X256_Y256,site3_82.png,0
site3_112.png_X0_Y0,site3_112.png,0
site3_112.png_X256_Y0,site3_112.png,1
site3_112.png_X0_Y256,site3_112.png,1
site3_112.png_X256_Y256,site3_112.png,1
site3_113.png_X0_Y0,site3_113.png,2
site3_113.png_X256_Y0,site3_113.png,1
site3_113.png_X0_Y256,site3_113.png,1
site3_113.png_X256_Y256,site3_113.png,0
site3_117.png_X0_Y0,site3_117.png,0
site3_117.png_X256_Y0,site3_117.png,1
site3_117.png_X0_Y256,site3_117.png,0
site3_117.png_X256_Y256,site3_117.png,0
site3_143.png_X0_Y0,site3_143.png,0
site3_143.png_X256_Y0,site3_143.png,2
site3_143.png_X0_Y256,site3_143.png,0
site3_143.png_X256_Y256,site3_143.png,0
site3_144.png_X0_Y0,site3_144.png,0
site3_144.png_X256_Y0,site3_144.png,1
site3_144.png_X0_Y256,site3_144.png,0
site3_144.png_X256_Y256,site3_144.png,0
site3_206.png_X0_Y0,site3_206.png,0
site3_206.png_X256_Y0,site3_206.png,0
site3_206.png_X0_Y256,site3_206.png,1
site3_206.png_X256_Y256,site3_206.png,1
site3_236.png_X0_Y0,site3_236.png,0
site3_236.png_X256_Y0,site3_236.png,0
site3_236.png_X0_Y256,site3_236.png,1
site3_236.png_X256_Y256,site3_236.png,0
site3_237.png_X0_Y0,site3_237.png,0
site3_237.png_X256_Y0,site3_237.png,1
site3_237.png_X0_Y256,site3_237.png,0
site3_237.png_X256_Y256,site3_237.png,1
site3_266.png_X0_Y0,site3_266.png,0
site3_266.png_X256_Y0,site3_266.png,0
site3_266.png_X0_Y256,site3_266.png,0
site3_266.png_X256_Y256,site3_266.png,0
site3_267.png_X0_Y0,site3_267.png,1
site3_267.png_X256_Y0,site3_267.png,0
site3_267.png_X0_Y256,site3_267.png,1
site3_267.png_X256_Y256,site3_267.png,0
site3_268.png_X0_Y0,site3_268.png,0
site3_268.png_X256_Y0,site3_268.png,0
site3_268.png_X0_Y256,site3_268.png,0
site3_268.png_X256_Y256,site3_268.png,0
site3_292.png_X0_Y0,site3_292.png,0
site3_292.png_X256_Y0,site3_292.png,0
site3_292.png_X0_Y256,site3_292.png,0
site3_292.png_X256_Y256,site3_292.png,0
site3_294.png_X0_Y0,site3_294.png,0
site3_294.png_X256_Y0,site3_294.png,0
site3_294.png_X0_Y256,site3_294.png,0
site3_294.png_X256_Y256,site3_294.png,0
site3_298.png_X0_Y0,site3_298.png,1
site3_298.png_X256_Y0,site3_298.png,1
site3_298.png_X0_Y256,site3_298.png,2
site3_298.png_X256_Y256,site3_298.png,1
site3_299.png_X0_Y0,site3_299.png,1
site3_299.png_X256_Y0,site3_299.png,0
site3_299.png_X0_Y256,site3_299.png,0
site3_299.png_X256_Y256,site3_299.png,1
site3_320.png_X0_Y0,site3_320.png,0
site3_320.png_X256_Y0,site3_320.png,1
site3_320.png_X0_Y256,site3_320.png,0
site3_320.png_X256_Y256,site3_320.png,1
site3_321.png_X0_Y0,site3_321.png,0
site3_321.png_X256_Y0,site3_321.png,1
site3_321.png_X0_Y256,site3_321.png,0
site3_321.png_X256_Y256,site3_321.png,0
site3_322.png_X0_Y0,site3_322.png,1
site3_322.png_X256_Y0,site3_322.png,0
site3_322.png_X0_Y256,site3_322.png,1
site3_322.png_X256_Y256,site3_322.png,1
site3_323.png_X0_Y0,site3_323.png,2
site3_323.png_X256_Y0,site3_323.png,2
site3_323.png_X0_Y256,site3_323.png,1
site3_323.png_X256_Y256,site3_323.png,1
site3_324.png_X0_Y0,site3_324.png,0
site3_324.png_X256_Y0,site3_324.png,0
site3_324.png_X0_Y256,site3_324.png,1
site3_324.png_X256_Y256,site3_324.png,1
site3_325.png_X0_Y0,site3_325.png,0
site3_325.png_X256_Y0,site3_325.png,1
site3_325.png_X0_Y256,site3_325.png,0
site3_325.png_X256_Y256,site3_325.png,0
site3_326.png_X0_Y0,site3_326.png,0
site3_326.png_X256_Y0,site3_326.png,0
site3_326.png_X0_Y256,site3_326.png,0
site3_326.png_X256_Y256,site3_326.png,1
site3_328.png_X0_Y0,site3_328.png,0
site3_328.png_X256_Y0,site3_328.png,0
site3_328.png_X0_Y256,site3_328.png,0
site3_328.png_X256_Y256,site3_328.png,1
site3_330.png_X0_Y0,site3_330.png,0
site3_330.png_X256_Y0,site3_330.png,1
site3_330.png_X0_Y256,site3_330.png,0
site3_330.png_X256_Y256,site3_330.png,0
site3_351.png_X0_Y0,site3_351.png,0
site3_351.png_X256_Y0,site3_351.png,0
site3_351.png_X0_Y256,site3_351.png,0
site3_351.png_X256_Y256,site3_351.png,1
site3_352.png_X0_Y0,site3_352.png,1
site3_352.png_X256_Y0,site3_352.png,1
site3_352.png_X0_Y256,site3_352.png,1
site3_352.png_X256_Y256,site3_352.png,2
site3_353.png_X0_Y0,site3_353.png,1
site3_353.png_X256_Y0,site3_353.png,1
site3_353.png_X0_Y256,site3_353.png,1
site3_353.png_X256_Y256,site3_353.png,1
site3_354.png_X0_Y0,site3_354.png,0
site3_354.png_X256_Y0,site3_354.png,1
site3_354.png_X0_Y256,site3_354.png,0
site3_354.png_X256_Y256,site3_354.png,0
site3_358.png_X0_Y0,site3_358.png,0
site3_358.png_X256_Y0,site3_358.png,0
site3_358.png_X0_Y256,site3_358.png,0
site3_358.png_X256_Y256,site3_358.png,0
site3_359.png_X0_Y0,site3_359.png,1
site3_359.png_X256_Y0,site3_359.png,0
site3_359.png_X0_Y256,site3_359.png,0
site3_359.png_X256_Y256,site3_359.png,0
site3_360.png_X0_Y0,site3_360.png,0
site3_360.png_X256_Y0,site3_360.png,0
site3_360.png_X0_Y256,site3_360.png,0
site3_360.png_X256_Y256,site3_360.png,0
site3_361.png_X0_Y0,site3_361.png,1
site3_361.png_X256_Y0,site3_361.png,1
site3_361.png_X0_Y256,site3_361.png,1
site3_361.png_X256_Y256,site3_361.png,2
site3_383.png_X0_Y0,site3_383.png,0
site3_383.png_X256_Y0,site3_383.png,0
site3_383.png_X0_Y256,site3_383.png,0
site3_383.png_X256_Y256,site3_383.png,1
site3_384.png_X0_Y0,site3_384.png,1
site3_384.png_X256_Y0,site3_384.png,0
site3_384.png_X0_Y256,site3_384.png,1
site3_384.png_X256_Y256,site3_384.png,0
site3_385.png_X0_Y0,site3_385.png,0
site3_385.png_X256_Y0,site3_385.png,0
site3_385.png_X0_Y256,site3_385.png,0
site3_385.png_X256_Y256,site3_385.png,0
site3_390.png_X0_Y0,site3_390.png,0
site3_390.png_X256_Y0,site3_390.png,0
site3_390.png_X0_Y256,site3_390.png,0
site3_390.png_X256_Y256,site3_390.png,0
site3_391.png_X0_Y0,site3_391.png,0
site3_391.png_X256_Y0,site3_391.png,0
site3_391.png_X0_Y256,site3_391.png,1
site3_391.png_X256_Y256,site3_391.png,1
site3_392.png_X0_Y0,site3_392.png,0
site3_392.png_X256_Y0,site3_392.png,1
site3_392.png_X0_Y256,site3_392.png,0
site3_392.png_X256_Y256,site3_392.png,0
site3_393.png_X0_Y0,site3_393.png,1
site3_393.png_X256_Y0,site3_393.png,0
site3_393.png_X0_Y256,site3_393.png,1
site3_393.png_X256_Y256,site3_393.png,1
site3_415.png_X0_Y0,site3_415.png,0
site3_415.png_X256_Y0,site3_415.png,0
site3_415.png_X0_Y256,site3_415.png,0
site3_415.png_X256_Y256,site3_415.png,0
site3_416.png_X0_Y0,site3_416.png,2
site3_416.png_X256_Y0,site3_416.png,1
site3_416.png_X0_Y256,site3_416.png,1
site3_416.png_X256_Y256,site3_416.png,1
site3_421.png_X0_Y0,site3_421.png,0
site3_421.png_X256_Y0,site3_421.png,0
site3_421.png_X0_Y256,site3_421.png,0
site3_421.png_X256_Y256,site3_421.png,0
site3_422.png_X0_Y0,site3_422.png,0
site3_422.png_X256_Y0,site3_422.png,1
site3_422.png_X0_Y256,site3_422.png,0
site3_422.png_X256_Y256,site3_422.png,0
site3_423.png_X0_Y0,site3_423.png,0
site3_423.png_X256_Y0,site3_423.png,0
site3_423.png_X0_Y256,site3_423.png,0
site3_423.png_X256_Y256,site3_423.png,1
site3_424.png_X0_Y0,site3_424.png,1
site3_424.png_X256_Y0,site3_424.png,0
site3_424.png_X0_Y256,site3_424.png,0
site3_424.png_X256_Y256,site3_424.png,0
site3_445.png_X0_Y0,site3_445.png,0
site3_445.png_X256_Y0,site3_445.png,0
site3_445.png_X0_Y256,site3_445.png,0
site3_445.png_X256_Y256,site3_445.png,0
site3_446.png_X0_Y0,site3_446.png,1
site3_446.png_X256_Y0,site3_446.png,0
site3_446.png_X0_Y256,site3_446.png,2
site3_446.png_X256_Y256,site3_446.png,0
site3_447.png_X0_Y0,site3_447.png,1
site3_447.png_X256_Y0,site3_447.png,1
site3_447.png_X0_Y256,site3_447.png,1
site3_447.png_X256_Y256,site3_447.png,1
site3_453.png_X0_Y0,site3_453.png,0
site3_453.png_X256_Y0,site3_453.png,0
site3_453.png_X0_Y256,site3_453.png,0
site3_453.png_X256_Y256,site3_453.png,0
site3_454.png_X0_Y0,site3_454.png,0
site3_454.png_X256_Y0,site3_454.png,0
site3_454.png_X0_Y256,site3_454.png,0
site3_454.png_X256_Y256,site3_454.png,1
site3_478.png_X0_Y0,site3_478.png,1
site3_478.png_X256_Y0,site3_478.png,1
site3_478.png_X0_Y256,site3_478.png,0
site3_478.png_X256_Y256,site3_478.png,2
site3_484.png_X0_Y0,site3_484.png,0
site3_484.png_X256_Y0,site3_484.png,0
site3_484.png_X0_Y256,site3_484.png,0
site3_484.png_X256_Y256,site3_484.png,0
site3_486.png_X0_Y0,site3_486.png,0
site3_486.png_X256_Y0,site3_486.png,0
site3_486.png_X0_Y256,site3_486.png,0
site3_486.png_X256_Y256,site3_486.png,0
site3_508.png_X0_Y0,site3_508.png,0
site3_508.png_X256_Y0,site3_508.png,0
site3_508.png_X0_Y256,site3_508.png,1
site3_508.png_X256_Y256,site3_508.png,1
site3_509.png_X0_Y0,site3_509.png,1
site3_509.png_X256_Y0,site3_509.png,1
site3_509.png_X0_Y256,site3_509.png,0
site3_509.png_X256_Y256,site3_509.png,1
site3_515.png_X0_Y0,site3_515.png,0
site3_515.png_X256_Y0,site3_515.png,0
site3_515.png_X0_Y256,site3_515.png,0
site3_515.png_X256_Y256,site3_515.png,0
site3_516.png_X0_Y0,site3_516.png,0
site3_516.png_X256_Y0,site3_516.png,0
site3_516.png_X0_Y256,site3_516.png,1
site3_516.png_X256_Y256,site3_516.png,0
site3_517.png_X0_Y0,site3_517.png,0
site3_517.png_X256_Y0,site3_517.png,1
site3_517.png_X0_Y256,site3_517.png,0
site3_517.png_X256_Y256,site3_517.png,1
site3_519.png_X0_Y0,site3_519.png,0
site3_519.png_X256_Y0,site3_519.png,0
site3_519.png_X0_Y256,site3_519.png,0
site3_519.png_X256_Y256,site3_519.png,1
site3_539.png_X0_Y0,site3_539.png,0
site3_539.png_X256_Y0,site3_539.png,1
site3_539.png_X0_Y256,site3_539.png,0
site3_539.png_X256_Y256,site3_539.png,2
site3_540.png_X0_Y0,site3_540.png,1
site3_540.png_X256_Y0,site3_540.png,1
site3_540.png_X0_Y256,site3_540.png,1
site3_540.png_X256_Y256,site3_540.png,0
site3_544.png_X0_Y0,site3_544.png,0
site3_544.png_X256_Y0,site3_544.png,0
site3_544.png_X0_Y256,site3_544.png,0
site3_544.png_X256_Y256,site3_544.png,0
site3_545.png_X0_Y0,site3_545.png,0
site3_545.png_X256_Y0,site3_545.png,0
site3_545.png_X0_Y256,site3_545.png,0
site3_545.png_X256_Y256,site3_545.png,0
site3_546.png_X0_Y0,site3_546.png,1
site3_546.png_X256_Y0,site3_546.png,0
site3_546.png_X0_Y256,site3_546.png,1
site3_546.png_X256_Y256,site3_546.png,0
site3_549.png_X0_Y0,site3_549.png,0
site3_549.png_X256_Y0,site3_549.png,0
site3_549.png_X0_Y256,site3_549.png,0
site3_549.png_X256_Y256,site3_549.png,1
site3_550.png_X0_Y0,site3_550.png,0
site3_550.png_X256_Y0,site3_550.png,0
site3_550.png_X0_Y256,site3_550.png,0
site3_550.png_X256_Y256,site3_550.png,0
site3_551.png_X0_Y0,site3_551.png,0
site3_551.png_X256_Y0,site3_551.png,0
site3_551.png_X0_Y256,site3_551.png,0
site3_551.png_X256_Y256,site3_551.png,0
site3_569.png_X0_Y0,site3_569.png,0
site3_569.png_X256_Y0,site3_569.png,0
site3_569.png_X0_Y256,site3_569.png,0
site3_569.png_X256_Y256,site3_569.png,0
site3_570.png_X0_Y0,site3_570.png,0
site3_570.png_X256_Y0,site3_570.png,0
site3_570.png_X0_Y256,site3_570.png,0
site3_570.png_X256_Y256,site3_570.png,0
site3_571.png_X0_Y0,site3_571.png,0
site3_571.png_X256_Y0,site3_571.png,0
site3_571.png_X0_Y256,site3_571.png,1
site3_571.png_X256_Y256,site3_571.png,0
site3_572.png_X0_Y0,site3_572.png,0
site3_572.png_X256_Y0,site3_572.png,0
site3_572.png_X0_Y256,site3_572.png,0
site3_572.png_X256_Y256,site3_572.png,1
site3_574.png_X0_Y0,site3_574.png,0
site3_574.png_X256_Y0,site3_574.png,0
site3_574.png_X0_Y256,site3_574.png,0
site3_574.png_X256_Y256,site3_574.png,0
site3_575.png_X0_Y0,site3_575.png,1
site3_575.png_X256_Y0,site3_575.png,0
site3_575.png_X0_Y256,site3_575.png,1
site3_575.png_X256_Y256,site3_575.png,1
site3_576.png_X0_Y0,site3_576.png,0
site3_576.png_X256_Y0,site3_576.png,1
site3_576.png_X0_Y256,site3_576.png,0
site3_576.png_X256_Y256,site3_576.png,0
site3_577.png_X0_Y0,site3_577.png,0
site3_577.png_X256_Y0,site3_577.png,0
site3_577.png_X0_Y256,site3_577.png,0
site3_577.png_X256_Y256,site3_577.png,1
site3_578.png_X0_Y0,site3_578.png,0
site3_578.png_X256_Y0,site3_578.png,1
site3_578.png_X0_Y256,site3_578.png,1
site3_578.png_X256_Y256,site3_578.png,1
site3_579.png_X0_Y0,site3_579.png,1
site3_579.png_X256_Y0,site3_579.png,0
site3_579.png_X0_Y256,site3_579.png,1
site3_579.png_X256_Y256,site3_579.png,1
site3_582.png_X0_Y0,site3_582.png,0
site3_582.png_X256_Y0,site3_582.png,0
site3_582.png_X0_Y256,site3_582.png,0
site3_582.png_X256_Y256,site3_582.png,0
site3_583.png_X0_Y0,site3_583.png,0
site3_583.png_X256_Y0,site3_583.png,0
site3_583.png_X0_Y256,site3_583.png,0
site3_583.png_X256_Y256,site3_583.png,0
site3_600.png_X0_Y0,site3_600.png,0
site3_600.png_X256_Y0,site3_600.png,0
site3_600.png_X0_Y256,site3_600.png,0
site3_600.png_X256_Y256,site3_600.png,1
site3_601.png_X0_Y0,site3_601.png,1
site3_601.png_X256_Y0,site3_601.png,1
site3_601.png_X0_Y256,site3_601.png,1
site3_601.png_X256_Y256,site3_601.png,0
site3_602.png_X0_Y0,site3_602.png,1
site3_602.png_X256_Y0,site3_602.png,1
site3_602.png_X0_Y256,site3_602.png,0
site3_602.png_X256_Y256,site3_602.png,0
site3_603.png_X0_Y0,site3_603.png,1
site3_603.png_X256_Y0,site3_603.png,0
site3_603.png_X0_Y256,site3_603.png,0
site3_603.png_X256_Y256,site3_603.png,0
site3_604.png_X0_Y0,site3_604.png,0
site3_604.png_X256_Y0,site3_604.png,1
site3_604.png_X0_Y256,site3_604.png,0
site3_604.png_X256_Y256,site3_604.png,0
site3_608.png_X0_Y0,site3_608.png,0
site3_608.png_X256_Y0,site3_608.png,0
site3_608.png_X0_Y256,site3_608.png,0
site3_608.png_X256_Y256,site3_608.png,1
site3_609.png_X0_Y0,site3_609.png,0
site3_609.png_X256_Y0,site3_609.png,0
site3_609.png_X0_Y256,site3_609.png,1
site3_609.png_X256_Y256,site3_609.png,0
site3_610.png_X0_Y0,site3_610.png,0
site3_610.png_X256_Y0,site3_610.png,1
site3_610.png_X0_Y256,site3_610.png,0
site3_610.png_X256_Y256,site3_610.png,1
site3_611.png_X0_Y0,site3_611.png,0
site3_611.png_X256_Y0,site3_611.png,0
site3_611.png_X0_Y256,site3_611.png,1
site3_611.png_X256_Y256,site3_611.png,0
site3_632.png_X0_Y0,site3_632.png,0
site3_632.png_X256_Y0,site3_632.png,0
site3_632.png_X0_Y256,site3_632.png,0
site3_632.png_X256_Y256,site3_632.png,0
site3_635.png_X0_Y0,site3_635.png,0
site3_635.png_X256_Y0,site3_635.png,0
site3_635.png_X0_Y256,site3_635.png,0
site3_635.png_X256_Y256,site3_635.png,1
site3_638.png_X0_Y0,site3_638.png,0
site3_638.png_X256_Y0,site3_638.png,0
site3_638.png_X0_Y256,site3_638.png,0
site3_638.png_X256_Y256,site3_638.png,0
site3_639.png_X0_Y0,site3_639.png,0
site3_639.png_X256_Y0,site3_639.png,0
site3_639.png_X0_Y256,site3_639.png,1
site3_639.png_X256_Y256,site3_639.png,0
site3_640.png_X0_Y0,site3_640.png,1
site3_640.png_X256_Y0,site3_640.png,0
site3_640.png_X0_Y256,site3_640.png,0
site3_640.png_X256_Y256,site3_640.png,0
site3_641.png_X0_Y0,site3_641.png,0
site3_641.png_X256_Y0,site3_641.png,0
site3_641.png_X0_Y256,site3_641.png,0
site3_641.png_X256_Y256,site3_641.png,0
site3_642.png_X0_Y0,site3_642.png,1
site3_642.png_X256_Y0,site3_642.png,0
site3_642.png_X0_Y256,site3_642.png,0
site3_642.png_X256_Y256,site3_642.png,0
site3_643.png_X0_Y0,site3_643.png,0
site3_643.png_X256_Y0,site3_643.png,1
site3_643.png_X0_Y256,site3_643.png,0
site3_643.png_X256_Y256,site3_643.png,1
site3_644.png_X0_Y0,site3_644.png,1
site3_644.png_X256_Y0,site3_644.png,0
site3_644.png_X0_Y256,site3_644.png,1
site3_644.png_X256_Y256,site3_644.png,0
site3_663.png_X0_Y0,site3_663.png,0
site3_663.png_X256_Y0,site3_663.png,0
site3_663.png_X0_Y256,site3_663.png,0
site3_663.png_X256_Y256,site3_663.png,0
site3_665.png_X0_Y0,site3_665.png,0
site3_665.png_X256_Y0,site3_665.png,1
site3_665.png_X0_Y256,site3_665.png,0
site3_665.png_X256_Y256,site3_665.png,1
site3_666.png_X0_Y0,site3_666.png,0
site3_666.png_X256_Y0,site3_666.png,1
site3_666.png_X0_Y256,site3_666.png,1
site3_666.png_X256_Y256,site3_666.png,0
site3_667.png_X0_Y0,site3_667.png,0
site3_667.png_X256_Y0,site3_667.png,0
site3_667.png_X0_Y256,site3_667.png,0
site3_667.png_X256_Y256,site3_667.png,0
site3_668.png_X0_Y0,site3_668.png,0
site3_668.png_X256_Y0,site3_668.png,1
site3_668.png_X0_Y256,site3_668.png,0
site3_668.png_X256_Y256,site3_668.png,0
site3_669.png_X0_Y0,site3_669.png,0
site3_669.png_X256_Y0,site3_669.png,0
site3_669.png_X0_Y256,site3_669.png,0
site3_669.png_X256_Y256,site3_669.png,0
site3_670.png_X0_Y0,site3_670.png,0
site3_670.png_X256_Y0,site3_670.png,1
site3_670.png_X0_Y256,site3_670.png,0
site3_670.png_X256_Y256,site3_670.png,0
site3_671.png_X0_Y0,site3_671.png,0
site3_671.png_X256_Y0,site3_671.png,0
site3_671.png_X0_Y256,site3_671.png,0
site3_671.png_X256_Y256,site3_671.png,1
site3_674.png_X0_Y0,site3_674.png,0
site3_674.png_X256_Y0,site3_674.png,0
site3_674.png_X0_Y256,site3_674.png,0
site3_674.png_X256_Y256,site3_674.png,0
site3_696.png_X0_Y0,site3_696.png,0
site3_696.png_X256_Y0,site3_696.png,1
site3_696.png_X0_Y256,site3_696.png,0
site3_696.png_X256_Y256,site3_696.png,0
site3_697.png_X0_Y0,site3_697.png,1
site3_697.png_X256_Y0,site3_697.png,1
site3_697.png_X0_Y256,site3_697.png,0
site3_697.png_X256_Y256,site3_697.png,0
site3_699.png_X0_Y0,site3_699.png,0
site3_699.png_X256_Y0,site3_699.png,0
site3_699.png_X0_Y256,site3_699.png,0
site3_699.png_X256_Y256,site3_699.png,1
site3_700.png_X0_Y0,site3_700.png,0
site3_700.png_X256_Y0,site3_700.png,0
site3_700.png_X0_Y256,site3_700.png,1
site3_700.png_X256_Y256,site3_700.png,0
site3_731.png_X0_Y0,site3_731.png,1
site3_731.png_X256_Y0,site3_731.png,1
site3_731.png_X0_Y256,site3_731.png,1
site3_731.png_X256_Y256,site3_731.png,1
site3_766.png_X0_Y0,site3_766.png,0
site3_766.png_X256_Y0,site3_766.png,0
site3_766.png_X0_Y256,site3_766.png,0
site3_766.png_X256_Y256,site3_766.png,0
site4_59.png_X0_Y0,site4_59.png,0
site4_59.png_X256_Y0,site4_59.png,0
site4_59.png_X0_Y256,site4_59.png,0
site4_59.png_X256_Y256,site4_59.png,0
site4_60.png_X0_Y0,site4_60.png,0
site4_60.png_X256_Y0,site4_60.png,0
site4_60.png_X0_Y256,site4_60.png,0
site4_60.png_X256_Y256,site4_60.png,0
site4_76.png_X0_Y0,site4_76.png,0
site4_76.png_X256_Y0,site4_76.png,1
site4_76.png_X0_Y256,site4_76.png,0
site4_76.png_X256_Y256,site4_76.png,1
site4_77.png_X0_Y0,site4_77.png,2
site4_77.png_X256_Y0,site4_77.png,2
site4_77.png_X0_Y256,site4_77.png,2
site4_77.png_X256_Y256,site4_77.png,2
site4_78.png_X0_Y0,site4_78.png,2
site4_78.png_X256_Y0,site4_78.png,2
site4_78.png_X0_Y256,site4_78.png,2
site4_78.png_X256_Y256,site4_78.png,2
site4_79.png_X0_Y0,site4_79.png,1
site4_79.png_X256_Y0,site4_79.png,0
site4_79.png_X0_Y256,site4_79.png,2
site4_79.png_X256_Y256,site4_79.png,2
site4_80.png_X0_Y0,site4_80.png,0
site4_80.png_X256_Y0,site4_80.png,0
site4_80.png_X0_Y256,site4_80.png,2
site4_80.png_X256_Y256,site4_80.png,1
site4_81.png_X0_Y0,site4_81.png,0
site4_81.png_X256_Y0,site4_81.png,0
site4_81.png_X0_Y256,site4_81.png,0
site4_81.png_X256_Y256,site4_81.png,0
site4_94.png_X0_Y0,site4_94.png,0
site4_94.png_X256_Y0,site4_94.png,1
site4_94.png_X0_Y256,site4_94.png,0
site4_94.png_X256_Y256,site4_94.png,1
site4_95.png_X0_Y0,site4_95.png,2
site4_95.png_X256_Y0,site4_95.png,2
site4_95.png_X0_Y256,site4_95.png,2
site4_95.png_X256_Y256,site4_95.png,2
site4_96.png_X0_Y0,site4_96.png,2
site4_96.png_X256_Y0,site4_96.png,2
site4_96.png_X0_Y256,site4_96.png,2
site4_96.png_X256_Y256,site4_96.png,2
site4_97.png_X0_Y0,site4_97.png,1
site4_97.png_X256_Y0,site4_97.png,1
site4_97.png_X0_Y256,site4_97.png,1
site4_97.png_X256_Y256,site4_97.png,1
site4_98.png_X0_Y0,site4_98.png,2
site4_98.png_X256_Y0,site4_98.png,1
site4_98.png_X0_Y256,site4_98.png,1
site4_98.png_X256_Y256,site4_98.png,0
site4_99.png_X0_Y0,site4_99.png,0
site4_99.png_X256_Y0,site4_99.png,0
site4_99.png_X0_Y256,site4_99.png,0
site4_99.png_X256_Y256,site4_99.png,0
site4_112.png_X0_Y0,site4_112.png,0
site4_112.png_X256_Y0,site4_112.png,2
site4_112.png_X0_Y256,site4_112.png,0
site4_112.png_X256_Y256,site4_112.png,2
site4_113.png_X0_Y0,site4_113.png,2
site4_113.png_X256_Y0,site4_113.png,2
site4_113.png_X0_Y256,site4_113.png,2
site4_113.png_X256_Y256,site4_113.png,2
site4_114.png_X0_Y0,site4_114.png,2
site4_114.png_X256_Y0,site4_114.png,2
site4_114.png_X0_Y256,site4_114.png,2
site4_114.png_X256_Y256,site4_114.png,2
site4_115.png_X0_Y0,site4_115.png,1
site4_115.png_X256_Y0,site4_115.png,1
site4_115.png_X0_Y256,site4_115.png,0
site4_115.png_X256_Y256,site4_115.png,0
site4_116.png_X0_Y0,site4_116.png,2
site4_116.png_X256_Y0,site4_116.png,2
site4_116.png_X0_Y256,site4_116.png,0
site4_116.png_X256_Y256,site4_116.png,0
site4_117.png_X0_Y0,site4_117.png,2
site4_117.png_X256_Y0,site4_117.png,1
site4_117.png_X0_Y256,site4_117.png,1
site4_117.png_X256_Y256,site4_117.png,0
site4_118.png_X0_Y0,site4_118.png,1
site4_118.png_X256_Y0,site4_118.png,1
site4_118.png_X0_Y256,site4_118.png,1
site4_118.png_X256_Y256,site4_118.png,2
site4_119.png_X0_Y0,site4_119.png,1
site4_119.png_X256_Y0,site4_119.png,0
site4_119.png_X0_Y256,site4_119.png,2
site4_119.png_X256_Y256,site4_119.png,2
site4_120.png_X0_Y0,site4_120.png,0
site4_120.png_X256_Y0,site4_120.png,0
site4_120.png_X0_Y256,site4_120.png,1
site4_120.png_X256_Y256,site4_120.png,1
site4_130.png_X0_Y0,site4_130.png,0
site4_130.png_X256_Y0,site4_130.png,1
site4_130.png_X0_Y256,site4_130.png,0
site4_130.png_X256_Y256,site4_130.png,0
site4_131.png_X0_Y0,site4_131.png,2
site4_131.png_X256_Y0,site4_131.png,2
site4_131.png_X0_Y256,site4_131.png,0
site4_131.png_X256_Y256,site4_131.png,1
site4_132.png_X0_Y0,site4_132.png,2
site4_132.png_X256_Y0,site4_132.png,2
site4_132.png_X0_Y256,site4_132.png,1
site4_132.png_X256_Y256,site4_132.png,1
site4_137.png_X0_Y0,site4_137.png,0
site4_137.png_X256_Y0,site4_137.png,0
site4_137.png_X0_Y256,site4_137.png,0
site4_137.png_X256_Y256,site4_137.png,0
site4_138.png_X0_Y0,site4_138.png,1
site4_138.png_X256_Y0,site4_138.png,1
site4_138.png_X0_Y256,site4_138.png,0
site4_138.png_X256_Y256,site4_138.png,0
site4_140.png_X0_Y0,site4_140.png,0
site4_140.png_X256_Y0,site4_140.png,0
site4_140.png_X0_Y256,site4_140.png,0
site4_140.png_X256_Y256,site4_140.png,1
site4_141.png_X0_Y0,site4_141.png,1
site4_141.png_X256_Y0,site4_141.png,0
site4_141.png_X0_Y256,site4_141.png,1
site4_141.png_X256_Y256,site4_141.png,0
site4_148.png_X0_Y0,site4_148.png,0
site4_148.png_X256_Y0,site4_148.png,0
site4_148.png_X0_Y256,site4_148.png,0
site4_148.png_X256_Y256,site4_148.png,1
site4_149.png_X0_Y0,site4_149.png,0
site4_149.png_X256_Y0,site4_149.png,1
site4_149.png_X0_Y256,site4_149.png,0
site4_149.png_X256_Y256,site4_149.png,0
site4_158.png_X0_Y0,site4_158.png,0
site4_158.png_X256_Y0,site4_158.png,1
site4_158.png_X0_Y256,site4_158.png,0
site4_158.png_X256_Y256,site4_158.png,1
site4_159.png_X0_Y0,site4_159.png,1
site4_159.png_X256_Y0,site4_159.png,0
site4_159.png_X0_Y256,site4_159.png,1
site4_159.png_X256_Y256,site4_159.png,0
site4_166.png_X0_Y0,site4_166.png,1
site4_166.png_X256_Y0,site4_166.png,0
site4_166.png_X0_Y256,site4_166.png,0
site4_166.png_X256_Y256,site4_166.png,0
site4_174.png_X0_Y0,site4_174.png,0
site4_174.png_X256_Y0,site4_174.png,0
site4_174.png_X0_Y256,site4_174.png,0
site4_174.png_X256_Y256,site4_174.png,1
site4_175.png_X0_Y0,site4_175.png,1
site4_175.png_X256_Y0,site4_175.png,1
site4_175.png_X0_Y256,site4_175.png,0
site4_175.png_X256_Y256,site4_175.png,1
site4_176.png_X0_Y0,site4_176.png,0
site4_176.png_X256_Y0,site4_176.png,1
site4_176.png_X0_Y256,site4_176.png,0
site4_176.png_X256_Y256,site4_176.png,1
site4_177.png_X0_Y0,site4_177.png,1
site4_177.png_X256_Y0,site4_177.png,0
site4_177.png_X0_Y256,site4_177.png,0
site4_177.png_X256_Y256,site4_177.png,0
site4_184.png_X0_Y0,site4_184.png,0
site4_184.png_X256_Y0,site4_184.png,0
site4_184.png_X0_Y256,site4_184.png,1
site4_184.png_X256_Y256,site4_184.png,0
site4_193.png_X0_Y0,site4_193.png,1
site4_193.png_X256_Y0,site4_193.png,1
site4_193.png_X0_Y256,site4_193.png,1
site4_193.png_X256_Y256,site4_193.png,0
site4_194.png_X0_Y0,site4_194.png,0
site4_194.png_X256_Y0,site4_194.png,1
site4_194.png_X0_Y256,site4_194.png,1
site4_194.png_X256_Y256,site4_194.png,0
site4_211.png_X0_Y0,site4_211.png,1
site4_211.png_X256_Y0,site4_211.png,0
site4_211.png_X0_Y256,site4_211.png,0
site4_211.png_X256_Y256,site4_211.png,0
site5_27.png_X0_Y0,site5_27.png,0
site5_27.png_X256_Y0,site5_27.png,0
site5_27.png_X0_Y256,site5_27.png,1
site5_27.png_X256_Y256,site5_27.png,0
site5_28.png_X0_Y0,site5_28.png,0
site5_28.png_X256_Y0,site5_28.png,1
site5_28.png_X0_Y256,site5_28.png,0
site5_28.png_X256_Y256,site5_28.png,0
site5_29.png_X0_Y0,site5_29.png,0
site5_29.png_X256_Y0,site5_29.png,0
site5_29.png_X0_Y256,site5_29.png,0
site5_29.png_X256_Y256,site5_29.png,0
site5_31.png_X0_Y0,site5_31.png,0
site5_31.png_X256_Y0,site5_31.png,0
site5_31.png_X0_Y256,site5_31.png,0
site5_31.png_X256_Y256,site5_31.png,0
site5_32.png_X0_Y0,site5_32.png,0
site5_32.png_X256_Y0,site5_32.png,0
site5_32.png_X0_Y256,site5_32.png,0
site5_32.png_X256_Y256,site5_32.png,0
site5_45.png_X0_Y0,site5_45.png,1
site5_45.png_X256_Y0,site5_45.png,0
site5_45.png_X0_Y256,site5_45.png,0
site5_45.png_X256_Y256,site5_45.png,0
site5_46.png_X0_Y0,site5_46.png,0
site5_46.png_X256_Y0,site5_46.png,0
site5_46.png_X0_Y256,site5_46.png,0
site5_46.png_X256_Y256,site5_46.png,1
site5_47.png_X0_Y0,site5_47.png,0
site5_47.png_X256_Y0,site5_47.png,0
site5_47.png_X0_Y256,site5_47.png,1
site5_47.png_X256_Y256,site5_47.png,1
site5_48.png_X0_Y0,site5_48.png,0
site5_48.png_X256_Y0,site5_48.png,1
site5_48.png_X0_Y256,site5_48.png,2
site5_48.png_X256_Y256,site5_48.png,0
site5_49.png_X0_Y0,site5_49.png,1
site5_49.png_X256_Y0,site5_49.png,1
site5_49.png_X0_Y256,site5_49.png,0
site5_49.png_X256_Y256,site5_49.png,0
site5_61.png_X0_Y0,site5_61.png,0
site5_61.png_X256_Y0,site5_61.png,0
site5_61.png_X0_Y256,site5_61.png,0
site5_61.png_X256_Y256,site5_61.png,0
site5_62.png_X0_Y0,site5_62.png,0
site5_62.png_X256_Y0,site5_62.png,0
site5_62.png_X0_Y256,site5_62.png,2
site5_62.png_X256_Y256,site5_62.png,2
site5_63.png_X0_Y0,site5_63.png,0
site5_63.png_X256_Y0,site5_63.png,1
site5_63.png_X0_Y256,site5_63.png,2
site5_63.png_X256_Y256,site5_63.png,2
site5_64.png_X0_Y0,site5_64.png,2
site5_64.png_X256_Y0,site5_64.png,2
site5_64.png_X0_Y256,site5_64.png,2
site5_64.png_X256_Y256,site5_64.png,2
site5_65.png_X0_Y0,site5_65.png,2
site5_65.png_X256_Y0,site5_65.png,0
site5_65.png_X0_Y256,site5_65.png,0
site5_65.png_X256_Y256,site5_65.png,0
site5_66.png_X0_Y0,site5_66.png,2
site5_66.png_X256_Y0,site5_66.png,1
site5_66.png_X0_Y256,site5_66.png,2
site5_66.png_X256_Y256,site5_66.png,1
site5_67.png_X0_Y0,site5_67.png,0
site5_67.png_X256_Y0,site5_67.png,0
site5_67.png_X0_Y256,site5_67.png,0
site5_67.png_X256_Y256,site5_67.png,0
site5_76.png_X0_Y0,site5_76.png,0
site5_76.png_X256_Y0,site5_76.png,0
site5_76.png_X0_Y256,site5_76.png,0
site5_76.png_X256_Y256,site5_76.png,1
site5_77.png_X0_Y0,site5_77.png,0
site5_77.png_X256_Y0,site5_77.png,0
site5_77.png_X0_Y256,site5_77.png,0
site5_77.png_X256_Y256,site5_77.png,0
site5_78.png_X0_Y0,site5_78.png,0
site5_78.png_X256_Y0,site5_78.png,2
site5_78.png_X0_Y256,site5_78.png,1
site5_78.png_X256_Y256,site5_78.png,2
site5_79.png_X0_Y0,site5_79.png,2
site5_79.png_X256_Y0,site5_79.png,2
site5_79.png_X0_Y256,site5_79.png,2
site5_79.png_X256_Y256,site5_79.png,2
site5_80.png_X0_Y0,site5_80.png,2
site5_80.png_X256_Y0,site5_80.png,2
site5_80.png_X0_Y256,site5_80.png,2
site5_80.png_X256_Y256,site5_80.png,1
site5_81.png_X0_Y0,site5_81.png,2
site5_81.png_X256_Y0,site5_81.png,1
site5_81.png_X0_Y256,site5_81.png,0
site5_81.png_X256_Y256,site5_81.png,0
site5_82.png_X0_Y0,site5_82.png,1
site5_82.png_X256_Y0,site5_82.png,0
site5_82.png_X0_Y256,site5_82.png,0
site5_82.png_X256_Y256,site5_82.png,0
site5_83.png_X0_Y0,site5_83.png,0
site5_83.png_X256_Y0,site5_83.png,1
site5_83.png_X0_Y256,site5_83.png,0
site5_83.png_X256_Y256,site5_83.png,0
site5_84.png_X0_Y0,site5_84.png,1
site5_84.png_X256_Y0,site5_84.png,1
site5_84.png_X0_Y256,site5_84.png,1
site5_84.png_X256_Y256,site5_84.png,0
site5_85.png_X0_Y0,site5_85.png,1
site5_85.png_X256_Y0,site5_85.png,0
site5_85.png_X0_Y256,site5_85.png,0
site5_85.png_X256_Y256,site5_85.png,0
site5_91.png_X0_Y0,site5_91.png,0
site5_91.png_X256_Y0,site5_91.png,0
site5_91.png_X0_Y256,site5_91.png,0
site5_91.png_X256_Y256,site5_91.png,0
site5_92.png_X0_Y0,site5_92.png,0
site5_92.png_X256_Y0,site5_92.png,0
site5_92.png_X0_Y256,site5_92.png,0
site5_92.png_X256_Y256,site5_92.png,0
site5_93.png_X0_Y0,site5_93.png,1
site5_93.png_X256_Y0,site5_93.png,0
site5_93.png_X0_Y256,site5_93.png,0
site5_93.png_X256_Y256,site5_93.png,0
site5_94.png_X0_Y0,site5_94.png,0
site5_94.png_X256_Y0,site5_94.png,1
site5_94.png_X0_Y256,site5_94.png,0
site5_94.png_X256_Y256,site5_94.png,1
site5_95.png_X0_Y0,site5_95.png,2
site5_95.png_X256_Y0,site5_95.png,1
site5_95.png_X0_Y256,site5_95.png,1
site5_95.png_X256_Y256,site5_95.png,1
site5_96.png_X0_Y0,site5_96.png,0
site5_96.png_X256_Y0,site5_96.png,0
site5_96.png_X0_Y256,site5_96.png,0
site5_96.png_X256_Y256,site5_96.png,0
site5_99.png_X0_Y0,site5_99.png,0
site5_99.png_X256_Y0,site5_99.png,1
site5_99.png_X0_Y256,site5_99.png,0
site5_99.png_X256_Y256,site5_99.png,0
site5_102.png_X0_Y0,site5_102.png,0
site5_102.png_X256_Y0,site5_102.png,0
site5_102.png_X0_Y256,site5_102.png,0
site5_102.png_X256_Y256,site5_102.png,0
site5_103.png_X0_Y0,site5_103.png,0
site5_103.png_X256_Y0,site5_103.png,0
site5_103.png_X0_Y256,site5_103.png,1
site5_103.png_X256_Y256,site5_103.png,1
site5_104.png_X0_Y0,site5_104.png,0
site5_104.png_X256_Y0,site5_104.png,0
site5_104.png_X0_Y256,site5_104.png,0
site5_104.png_X256_Y256,site5_104.png,0
site5_105.png_X0_Y0,site5_105.png,0
site5_105.png_X256_Y0,site5_105.png,0
site5_105.png_X0_Y256,site5_105.png,0
site5_105.png_X256_Y256,site5_105.png,0
site5_109.png_X0_Y0,site5_109.png,2
site5_109.png_X256_Y0,site5_109.png,2
site5_109.png_X0_Y256,site5_109.png,2
site5_109.png_X256_Y256,site5_109.png,2
site5_110.png_X0_Y0,site5_110.png,1
site5_110.png_X256_Y0,site5_110.png,0
site5_110.png_X0_Y256,site5_110.png,1
site5_110.png_X256_Y256,site5_110.png,0
site5_113.png_X0_Y0,site5_113.png,0
site5_113.png_X256_Y0,site5_113.png,1
site5_113.png_X0_Y256,site5_113.png,0
site5_113.png_X256_Y256,site5_113.png,0
site5_118.png_X0_Y0,site5_118.png,0
site5_118.png_X256_Y0,site5_118.png,0
site5_118.png_X0_Y256,site5_118.png,0
site5_118.png_X256_Y256,site5_118.png,0
site5_119.png_X0_Y0,site5_119.png,0
site5_119.png_X256_Y0,site5_119.png,0
site5_119.png_X0_Y256,site5_119.png,1
site5_119.png_X256_Y256,site5_119.png,0
site5_120.png_X0_Y0,site5_120.png,0
site5_120.png_X256_Y0,site5_120.png,0
site5_120.png_X0_Y256,site5_120.png,2
site5_120.png_X256_Y256,site5_120.png,0
site5_121.png_X0_Y0,site5_121.png,0
site5_121.png_X256_Y0,site5_121.png,1
site5_121.png_X0_Y256,site5_121.png,0
site5_121.png_X256_Y256,site5_121.png,0
site5_122.png_X0_Y0,site5_122.png,0
site5_122.png_X256_Y0,site5_122.png,0
site5_122.png_X0_Y256,site5_122.png,0
site5_122.png_X256_Y256,site5_122.png,0
site5_127.png_X0_Y0,site5_127.png,2
site5_127.png_X256_Y0,site5_127.png,2
site5_127.png_X0_Y256,site5_127.png,2
site5_127.png_X256_Y256,site5_127.png,2
site5_128.png_X0_Y0,site5_128.png,2
site5_128.png_X256_Y0,site5_128.png,0
site5_128.png_X0_Y256,site5_128.png,2
site5_128.png_X256_Y256,site5_128.png,0
site5_131.png_X0_Y0,site5_131.png,0
site5_131.png_X256_Y0,site5_131.png,0
site5_131.png_X0_Y256,site5_131.png,0
site5_131.png_X256_Y256,site5_131.png,0
site5_132.png_X0_Y0,site5_132.png,0
site5_132.png_X256_Y0,site5_132.png,0
site5_132.png_X0_Y256,site5_132.png,0
site5_132.png_X256_Y256,site5_132.png,0
site5_134.png_X0_Y0,site5_134.png,0
site5_134.png_X256_Y0,site5_134.png,0
site5_134.png_X0_Y256,site5_134.png,1
site5_134.png_X256_Y256,site5_134.png,2
site5_135.png_X0_Y0,site5_135.png,1
site5_135.png_X256_Y0,site5_135.png,2
site5_135.png_X0_Y256,site5_135.png,2
site5_135.png_X256_Y256,site5_135.png,2
site5_136.png_X0_Y0,site5_136.png,2
site5_136.png_X256_Y0,site5_136.png,2
site5_136.png_X0_Y256,site5_136.png,2
site5_136.png_X256_Y256,site5_136.png,2
site5_137.png_X0_Y0,site5_137.png,1
site5_137.png_X256_Y0,site5_137.png,0
site5_137.png_X0_Y256,site5_137.png,1
site5_137.png_X256_Y256,site5_137.png,2
site5_138.png_X0_Y0,site5_138.png,2
site5_138.png_X256_Y0,site5_138.png,0
site5_138.png_X0_Y256,site5_138.png,2
site5_138.png_X256_Y256,site5_138.png,1
site5_139.png_X0_Y0,site5_139.png,0
site5_139.png_X256_Y0,site5_139.png,0
site5_139.png_X0_Y256,site5_139.png,0
site5_139.png_X256_Y256,site5_139.png,1
site5_140.png_X0_Y0,site5_140.png,0
site5_140.png_X256_Y0,site5_140.png,0
site5_140.png_X0_Y256,site5_140.png,1
site5_140.png_X256_Y256,site5_140.png,0
site5_142.png_X0_Y0,site5_142.png,0
site5_142.png_X256_Y0,site5_142.png,0
site5_142.png_X0_Y256,site5_142.png,0
site5_142.png_X256_Y256,site5_142.png,0
site5_145.png_X0_Y0,site5_145.png,1
site5_145.png_X256_Y0,site5_145.png,2
site5_145.png_X0_Y256,site5_145.png,0
site5_145.png_X256_Y256,site5_145.png,2
site5_146.png_X0_Y0,site5_146.png,2
site5_146.png_X256_Y0,site5_146.png,1
site5_146.png_X0_Y256,site5_146.png,2
site5_146.png_X256_Y256,site5_146.png,2
site5_148.png_X0_Y0,site5_148.png,1
site5_148.png_X256_Y0,site5_148.png,1
site5_148.png_X0_Y256,site5_148.png,0
site5_148.png_X256_Y256,site5_148.png,0
site5_149.png_X0_Y0,site5_149.png,1
site5_149.png_X256_Y0,site5_149.png,1
site5_149.png_X0_Y256,site5_149.png,1
site5_149.png_X256_Y256,site5_149.png,2
site5_150.png_X0_Y0,site5_150.png,0
site5_150.png_X256_Y0,site5_150.png,2
site5_150.png_X0_Y256,site5_150.png,0
site5_150.png_X256_Y256,site5_150.png,2
site5_151.png_X0_Y0,site5_151.png,1
site5_151.png_X256_Y0,site5_151.png,0
site5_151.png_X0_Y256,site5_151.png,2
site5_151.png_X256_Y256,site5_151.png,0
site5_152.png_X0_Y0,site5_152.png,0
site5_152.png_X256_Y0,site5_152.png,0
site5_152.png_X0_Y256,site5_152.png,0
site5_152.png_X256_Y256,site5_152.png,1
site5_153.png_X0_Y0,site5_153.png,0
site5_153.png_X256_Y0,site5_153.png,1
site5_153.png_X0_Y256,site5_153.png,2
site5_153.png_X256_Y256,site5_153.png,2
site5_154.png_X0_Y0,site5_154.png,1
site5_154.png_X256_Y0,site5_154.png,1
site5_154.png_X0_Y256,site5_154.png,2
site5_154.png_X256_Y256,site5_154.png,0
site5_155.png_X0_Y0,site5_155.png,1
site5_155.png_X256_Y0,site5_155.png,2
site5_155.png_X0_Y256,site5_155.png,1
site5_155.png_X256_Y256,site5_155.png,2
site5_156.png_X0_Y0,site5_156.png,2
site5_156.png_X256_Y0,site5_156.png,2
site5_156.png_X0_Y256,site5_156.png,2
site5_156.png_X256_Y256,site5_156.png,2
site5_157.png_X0_Y0,site5_157.png,0
site5_157.png_X256_Y0,site5_157.png,0
site5_157.png_X0_Y256,site5_157.png,0
site5_157.png_X256_Y256,site5_157.png,0
site5_158.png_X0_Y0,site5_158.png,0
site5_158.png_X256_Y0,site5_158.png,0
site5_158.png_X0_Y256,site5_158.png,1
site5_158.png_X256_Y256,site5_158.png,0
site5_159.png_X0_Y0,site5_159.png,0
site5_159.png_X256_Y0,site5_159.png,0
site5_159.png_X0_Y256,site5_159.png,1
site5_159.png_X256_Y256,site5_159.png,1
site5_160.png_X0_Y0,site5_160.png,0
site5_160.png_X256_Y0,site5_160.png,0
site5_160.png_X0_Y256,site5_160.png,0
site5_160.png_X256_Y256,site5_160.png,0
site5_161.png_X0_Y0,site5_161.png,1
site5_161.png_X256_Y0,site5_161.png,0
site5_161.png_X0_Y256,site5_161.png,0
site5_161.png_X256_Y256,site5_161.png,0
site5_163.png_X0_Y0,site5_163.png,0
site5_163.png_X256_Y0,site5_163.png,1
site5_163.png_X0_Y256,site5_163.png,0
site5_163.png_X256_Y256,site5_163.png,0
site5_164.png_X0_Y0,site5_164.png,0
site5_164.png_X256_Y0,site5_164.png,0
site5_164.png_X0_Y256,site5_164.png,0
site5_164.png_X256_Y256,site5_164.png,0
site5_165.png_X0_Y0,site5_165.png,0
site5_165.png_X256_Y0,site5_165.png,0
site5_165.png_X0_Y256,site5_165.png,1
site5_165.png_X256_Y256,site5_165.png,1
site5_167.png_X0_Y0,site5_167.png,2
site5_167.png_X256_Y0,site5_167.png,2
site5_167.png_X0_Y256,site5_167.png,0
site5_167.png_X256_Y256,site5_167.png,2
site5_168.png_X0_Y0,site5_168.png,0
site5_168.png_X256_Y0,site5_168.png,1
site5_168.png_X0_Y256,site5_168.png,1
site5_168.png_X256_Y256,site5_168.png,0
site5_169.png_X0_Y0,site5_169.png,2
site5_169.png_X256_Y0,site5_169.png,1
site5_169.png_X0_Y256,site5_169.png,2
site5_169.png_X256_Y256,site5_169.png,1
site5_170.png_X0_Y0,site5_170.png,0
site5_170.png_X256_Y0,site5_170.png,1
site5_170.png_X0_Y256,site5_170.png,2
site5_170.png_X256_Y256,site5_170.png,1
site5_171.png_X0_Y0,site5_171.png,2
site5_171.png_X256_Y0,site5_171.png,2
site5_171.png_X0_Y256,site5_171.png,2
site5_171.png_X256_Y256,site5_171.png,2
site5_172.png_X0_Y0,site5_172.png,2
site5_172.png_X256_Y0,site5_172.png,2
site5_172.png_X0_Y256,site5_172.png,2
site5_172.png_X256_Y256,site5_172.png,2
site5_173.png_X0_Y0,site5_173.png,2
site5_173.png_X256_Y0,site5_173.png,2
site5_173.png_X0_Y256,site5_173.png,2
site5_173.png_X256_Y256,site5_173.png,2
site5_174.png_X0_Y0,site5_174.png,2
site5_174.png_X256_Y0,site5_174.png,2
site5_174.png_X0_Y256,site5_174.png,2
site5_174.png_X256_Y256,site5_174.png,2
site5_176.png_X0_Y0,site5_176.png,1
site5_176.png_X256_Y0,site5_176.png,2
site5_176.png_X0_Y256,site5_176.png,0
site5_176.png_X256_Y256,site5_176.png,1
site5_177.png_X0_Y0,site5_177.png,2
site5_177.png_X256_Y0,site5_177.png,2
site5_177.png_X0_Y256,site5_177.png,2
site5_177.png_X256_Y256,site5_177.png,2
site5_178.png_X0_Y0,site5_178.png,0
site5_178.png_X256_Y0,site5_178.png,0
site5_178.png_X0_Y256,site5_178.png,0
site5_178.png_X256_Y256,site5_178.png,0
site5_181.png_X0_Y0,site5_181.png,0
site5_181.png_X256_Y0,site5_181.png,1
site5_181.png_X0_Y256,site5_181.png,0
site5_181.png_X256_Y256,site5_181.png,0
site5_182.png_X0_Y0,site5_182.png,0
site5_182.png_X256_Y0,site5_182.png,0
site5_182.png_X0_Y256,site5_182.png,1
site5_182.png_X256_Y256,site5_182.png,2
site5_183.png_X0_Y0,site5_183.png,0
site5_183.png_X256_Y0,site5_183.png,0
site5_183.png_X0_Y256,site5_183.png,1
site5_183.png_X256_Y256,site5_183.png,0
site5_185.png_X0_Y0,site5_185.png,0
site5_185.png_X256_Y0,site5_185.png,1
site5_185.png_X0_Y256,site5_185.png,0
site5_185.png_X256_Y256,site5_185.png,1
site5_186.png_X0_Y0,site5_186.png,2
site5_186.png_X256_Y0,site5_186.png,0
site5_186.png_X0_Y256,site5_186.png,2
site5_186.png_X256_Y256,site5_186.png,0
site5_187.png_X0_Y0,site5_187.png,2
site5_187.png_X256_Y0,site5_187.png,2
site5_187.png_X0_Y256,site5_187.png,2
site5_187.png_X256_Y256,site5_187.png,2
site5_188.png_X0_Y0,site5_188.png,1
site5_188.png_X256_Y0,site5_188.png,1
site5_188.png_X0_Y256,site5_188.png,1
site5_188.png_X256_Y256,site5_188.png,1
site5_189.png_X0_Y0,site5_189.png,2
site5_189.png_X256_Y0,site5_189.png,2
site5_189.png_X0_Y256,site5_189.png,2
site5_189.png_X256_Y256,site5_189.png,2
site5_190.png_X0_Y0,site5_190.png,2
site5_190.png_X256_Y0,site5_190.png,2
site5_190.png_X0_Y256,site5_190.png,2
site5_190.png_X256_Y256,site5_190.png,2
site5_191.png_X0_Y0,site5_191.png,2
site5_191.png_X256_Y0,site5_191.png,2
site5_191.png_X0_Y256,site5_191.png,2
site5_191.png_X256_Y256,site5_191.png,2
site5_192.png_X0_Y0,site5_192.png,2
site5_192.png_X256_Y0,site5_192.png,2
site5_192.png_X0_Y256,site5_192.png,2
site5_192.png_X256_Y256,site5_192.png,2
site5_194.png_X0_Y0,site5_194.png,0
site5_194.png_X256_Y0,site5_194.png,0
site5_194.png_X0_Y256,site5_194.png,0
site5_194.png_X256_Y256,site5_194.png,0
site5_195.png_X0_Y0,site5_195.png,2
site5_195.png_X256_Y0,site5_195.png,2
site5_195.png_X0_Y256,site5_195.png,2
site5_195.png_X256_Y256,site5_195.png,2
site5_196.png_X0_Y0,site5_196.png,1
site5_196.png_X256_Y0,site5_196.png,0
site5_196.png_X0_Y256,site5_196.png,0
site5_196.png_X256_Y256,site5_196.png,0
site5_197.png_X0_Y0,site5_197.png,0
site5_197.png_X256_Y0,site5_197.png,0
site5_197.png_X0_Y256,site5_197.png,1
site5_197.png_X256_Y256,site5_197.png,1
site5_200.png_X0_Y0,site5_200.png,2
site5_200.png_X256_Y0,site5_200.png,2
site5_200.png_X0_Y256,site5_200.png,2
site5_200.png_X256_Y256,site5_200.png,2
site5_201.png_X0_Y0,site5_201.png,2
site5_201.png_X256_Y0,site5_201.png,0
site5_201.png_X0_Y256,site5_201.png,2
site5_201.png_X256_Y256,site5_201.png,0
site5_202.png_X0_Y0,site5_202.png,0
site5_202.png_X256_Y0,site5_202.png,1
site5_202.png_X0_Y256,site5_202.png,1
site5_202.png_X256_Y256,site5_202.png,2
site5_203.png_X0_Y0,site5_203.png,0
site5_203.png_X256_Y0,site5_203.png,0
site5_203.png_X0_Y256,site5_203.png,0
site5_203.png_X256_Y256,site5_203.png,0
site5_204.png_X0_Y0,site5_204.png,2
site5_204.png_X256_Y0,site5_204.png,1
site5_204.png_X0_Y256,site5_204.png,2
site5_204.png_X256_Y256,site5_204.png,1
site5_205.png_X0_Y0,site5_205.png,1
site5_205.png_X256_Y0,site5_205.png,2
site5_205.png_X0_Y256,site5_205.png,0
site5_205.png_X256_Y256,site5_205.png,1
site5_206.png_X0_Y0,site5_206.png,2
site5_206.png_X256_Y0,site5_206.png,2
site5_206.png_X0_Y256,site5_206.png,2
site5_206.png_X256_Y256,site5_206.png,2
site5_207.png_X0_Y0,site5_207.png,2
site5_207.png_X256_Y0,site5_207.png,2
site5_207.png_X0_Y256,site5_207.png,2
site5_207.png_X256_Y256,site5_207.png,2
site5_208.png_X0_Y0,site5_208.png,2
site5_208.png_X256_Y0,site5_208.png,2
site5_208.png_X0_Y256,site5_208.png,2
site5_208.png_X256_Y256,site5_208.png,2
site5_209.png_X0_Y0,site5_209.png,2
site5_209.png_X256_Y0,site5_209.png,2
site5_209.png_X0_Y256,site5_209.png,2
site5_209.png_X256_Y256,site5_209.png,2
site5_210.png_X0_Y0,site5_210.png,2
site5_210.png_X256_Y0,site5_210.png,0
site5_210.png_X0_Y256,site5_210.png,0
site5_210.png_X256_Y256,site5_210.png,0
site5_212.png_X0_Y0,site5_212.png,0
site5_212.png_X256_Y0,site5_212.png,0
site5_212.png_X0_Y256,site5_212.png,0
site5_212.png_X256_Y256,site5_212.png,0
site5_213.png_X0_Y0,site5_213.png,1
site5_213.png_X256_Y0,site5_213.png,1
site5_213.png_X0_Y256,site5_213.png,0
site5_213.png_X256_Y256,site5_213.png,0
site5_214.png_X0_Y0,site5_214.png,0
site5_214.png_X256_Y0,site5_214.png,0
site5_214.png_X0_Y256,site5_214.png,0
site5_214.png_X256_Y256,site5_214.png,0
site5_218.png_X0_Y0,site5_218.png,2
site5_218.png_X256_Y0,site5_218.png,2
site5_218.png_X0_Y256,site5_218.png,1
site5_218.png_X256_Y256,site5_218.png,2
site5_219.png_X0_Y0,site5_219.png,2
site5_219.png_X256_Y0,site5_219.png,1
site5_219.png_X0_Y256,site5_219.png,2
site5_219.png_X256_Y256,site5_219.png,2
site5_220.png_X0_Y0,site5_220.png,1
site5_220.png_X256_Y0,site5_220.png,1
site5_220.png_X0_Y256,site5_220.png,1
site5_220.png_X256_Y256,site5_220.png,2
site5_221.png_X0_Y0,site5_221.png,1
site5_221.png_X256_Y0,site5_221.png,0
site5_221.png_X0_Y256,site5_221.png,0
site5_221.png_X256_Y256,site5_221.png,1
site5_223.png_X0_Y0,site5_223.png,0
site5_223.png_X256_Y0,site5_223.png,1
site5_223.png_X0_Y256,site5_223.png,0
site5_223.png_X256_Y256,site5_223.png,2
site5_224.png_X0_Y0,site5_224.png,1
site5_224.png_X256_Y0,site5_224.png,2
site5_224.png_X0_Y256,site5_224.png,1
site5_224.png_X256_Y256,site5_224.png,0
site5_225.png_X0_Y0,site5_225.png,2
site5_225.png_X256_Y0,site5_225.png,2
site5_225.png_X0_Y256,site5_225.png,1
site5_225.png_X256_Y256,site5_225.png,2
site5_226.png_X0_Y0,site5_226.png,1
site5_226.png_X256_Y0,site5_226.png,1
site5_226.png_X0_Y256,site5_226.png,0
site5_226.png_X256_Y256,site5_226.png,0
site5_227.png_X0_Y0,site5_227.png,0
site5_227.png_X256_Y0,site5_227.png,1
site5_227.png_X0_Y256,site5_227.png,1
site5_227.png_X256_Y256,site5_227.png,1
site5_228.png_X0_Y0,site5_228.png,2
site5_228.png_X256_Y0,site5_228.png,0
site5_228.png_X0_Y256,site5_228.png,1
site5_228.png_X256_Y256,site5_228.png,1
site5_229.png_X0_Y0,site5_229.png,0
site5_229.png_X256_Y0,site5_229.png,0
site5_229.png_X0_Y256,site5_229.png,0
site5_229.png_X256_Y256,site5_229.png,0
site5_236.png_X0_Y0,site5_236.png,0
site5_236.png_X256_Y0,site5_236.png,2
site5_236.png_X0_Y256,site5_236.png,0
site5_236.png_X256_Y256,site5_236.png,2
site5_237.png_X0_Y0,site5_237.png,2
site5_237.png_X256_Y0,site5_237.png,2
site5_237.png_X0_Y256,site5_237.png,2
site5_237.png_X256_Y256,site5_237.png,2
site5_238.png_X0_Y0,site5_238.png,0
site5_238.png_X256_Y0,site5_238.png,2
site5_238.png_X0_Y256,site5_238.png,0
site5_238.png_X256_Y256,site5_238.png,1
site5_239.png_X0_Y0,site5_239.png,1
site5_239.png_X256_Y0,site5_239.png,0
site5_239.png_X0_Y256,site5_239.png,2
site5_239.png_X256_Y256,site5_239.png,0
site5_240.png_X0_Y0,site5_240.png,0
site5_240.png_X256_Y0,site5_240.png,0
site5_240.png_X0_Y256,site5_240.png,1
site5_240.png_X256_Y256,site5_240.png,1
site5_241.png_X0_Y0,site5_241.png,1
site5_241.png_X256_Y0,site5_241.png,2
site5_241.png_X0_Y256,site5_241.png,1
site5_241.png_X256_Y256,site5_241.png,0
site5_242.png_X0_Y0,site5_242.png,1
site5_242.png_X256_Y0,site5_242.png,1
site5_242.png_X0_Y256,site5_242.png,1
site5_242.png_X256_Y256,site5_242.png,0
site5_243.png_X0_Y0,site5_243.png,0
site5_243.png_X256_Y0,site5_243.png,1
site5_243.png_X0_Y256,site5_243.png,0
site5_243.png_X256_Y256,site5_243.png,0
site5_244.png_X0_Y0,site5_244.png,1
site5_244.png_X256_Y0,site5_244.png,0
site5_244.png_X0_Y256,site5_244.png,1
site5_244.png_X256_Y256,site5_244.png,0
site5_245.png_X0_Y0,site5_245.png,0
site5_245.png_X256_Y0,site5_245.png,1
site5_245.png_X0_Y256,site5_245.png,0
site5_245.png_X256_Y256,site5_245.png,0
site5_247.png_X0_Y0,site5_247.png,1
site5_247.png_X256_Y0,site5_247.png,1
site5_247.png_X0_Y256,site5_247.png,0
site5_247.png_X256_Y256,site5_247.png,0
site5_248.png_X0_Y0,site5_248.png,1
site5_248.png_X256_Y0,site5_248.png,0
site5_248.png_X0_Y256,site5_248.png,0
site5_248.png_X256_Y256,site5_248.png,0
site5_255.png_X0_Y0,site5_255.png,0
site5_255.png_X256_Y0,site5_255.png,1
site5_255.png_X0_Y256,site5_255.png,0
site5_255.png_X256_Y256,site5_255.png,0
site5_256.png_X0_Y0,site5_256.png,1
site5_256.png_X256_Y0,site5_256.png,0
site5_256.png_X0_Y256,site5_256.png,0
site5_256.png_X256_Y256,site5_256.png,0
site5_257.png_X0_Y0,site5_257.png,0
site5_257.png_X256_Y0,site5_257.png,1
site5_257.png_X0_Y256,site5_257.png,0
site5_257.png_X256_Y256,site5_257.png,0
site5_258.png_X0_Y0,site5_258.png,0
site5_258.png_X256_Y0,site5_258.png,0
site5_258.png_X0_Y256,site5_258.png,0
site5_258.png_X256_Y256,site5_258.png,0
site5_259.png_X0_Y0,site5_259.png,0
site5_259.png_X256_Y0,site5_259.png,0
site5_259.png_X0_Y256,site5_259.png,0
site5_259.png_X256_Y256,site5_259.png,1
site5_260.png_X0_Y0,site5_260.png,0
site5_260.png_X256_Y0,site5_260.png,1
site5_260.png_X0_Y256,site5_260.png,2
site5_260.png_X256_Y256,site5_260.png,2
site5_261.png_X0_Y0,site5_261.png,2
site5_261.png_X256_Y0,site5_261.png,2
site5_261.png_X0_Y256,site5_261.png,2
site5_261.png_X256_Y256,site5_261.png,2
site5_262.png_X0_Y0,site5_262.png,1
site5_262.png_X256_Y0,site5_262.png,0
site5_262.png_X0_Y256,site5_262.png,0
site5_262.png_X256_Y256,site5_262.png,0
site5_265.png_X0_Y0,site5_265.png,0
site5_265.png_X256_Y0,site5_265.png,0
site5_265.png_X0_Y256,site5_265.png,0
site5_265.png_X256_Y256,site5_265.png,0
site5_275.png_X0_Y0,site5_275.png,0
site5_275.png_X256_Y0,site5_275.png,0
site5_275.png_X0_Y256,site5_275.png,0
site5_275.png_X256_Y256,site5_275.png,1
site5_276.png_X0_Y0,site5_276.png,0
site5_276.png_X256_Y0,site5_276.png,1
site5_276.png_X0_Y256,site5_276.png,0
site5_276.png_X256_Y256,site5_276.png,0
site5_277.png_X0_Y0,site5_277.png,1
site5_277.png_X256_Y0,site5_277.png,2
site5_277.png_X0_Y256,site5_277.png,0
site5_277.png_X256_Y256,site5_277.png,1
site5_278.png_X0_Y0,site5_278.png,2
site5_278.png_X256_Y0,site5_278.png,2
site5_278.png_X0_Y256,site5_278.png,2
site5_278.png_X256_Y256,site5_278.png,2
site6_83.png_X0_Y0,site6_83.png,0
site6_83.png_X256_Y0,site6_83.png,0
site6_83.png_X0_Y256,site6_83.png,0
site6_83.png_X256_Y256,site6_83.png,0
site6_84.png_X0_Y0,site6_84.png,0
site6_84.png_X256_Y0,site6_84.png,0
site6_84.png_X0_Y256,site6_84.png,0
site6_84.png_X256_Y256,site6_84.png,0
site6_137.png_X0_Y0,site6_137.png,0
site6_137.png_X256_Y0,site6_137.png,0
site6_137.png_X0_Y256,site6_137.png,0
site6_137.png_X256_Y256,site6_137.png,1
site6_171.png_X0_Y0,site6_171.png,0
site6_171.png_X256_Y0,site6_171.png,1
site6_171.png_X0_Y256,site6_171.png,0
site6_171.png_X256_Y256,site6_171.png,1
site6_172.png_X0_Y0,site6_172.png,1
site6_172.png_X256_Y0,site6_172.png,0
site6_172.png_X0_Y256,site6_172.png,1
site6_172.png_X256_Y256,site6_172.png,1
site6_173.png_X0_Y0,site6_173.png,0
site6_173.png_X256_Y0,site6_173.png,1
site6_173.png_X0_Y256,site6_173.png,0
site6_173.png_X256_Y256,site6_173.png,1
site6_174.png_X0_Y0,site6_174.png,0
site6_174.png_X256_Y0,site6_174.png,0
site6_174.png_X0_Y256,site6_174.png,1
site6_174.png_X256_Y256,site6_174.png,0
site6_197.png_X0_Y0,site6_197.png,0
site6_197.png_X256_Y0,site6_197.png,1
site6_197.png_X0_Y256,site6_197.png,1
site6_197.png_X256_Y256,site6_197.png,2
site6_198.png_X0_Y0,site6_198.png,0
site6_198.png_X256_Y0,site6_198.png,0
site6_198.png_X0_Y256,site6_198.png,0
site6_198.png_X256_Y256,site6_198.png,0
site6_207.png_X0_Y0,site6_207.png,0
site6_207.png_X256_Y0,site6_207.png,0
site6_207.png_X0_Y256,site6_207.png,0
site6_207.png_X256_Y256,site6_207.png,1
site6_208.png_X0_Y0,site6_208.png,0
site6_208.png_X256_Y0,site6_208.png,0
site6_208.png_X0_Y256,site6_208.png,0
site6_208.png_X256_Y256,site6_208.png,0
site6_209.png_X0_Y0,site6_209.png,0
site6_209.png_X256_Y0,site6_209.png,0
site6_209.png_X0_Y256,site6_209.png,0
site6_209.png_X256_Y256,site6_209.png,1
site6_231.png_X0_Y0,site6_231.png,0
site6_231.png_X256_Y0,site6_231.png,1
site6_231.png_X0_Y256,site6_231.png,1
site6_231.png_X256_Y256,site6_231.png,2
site6_232.png_X0_Y0,site6_232.png,2
site6_232.png_X256_Y0,site6_232.png,2
site6_232.png_X0_Y256,site6_232.png,2
site6_232.png_X256_Y256,site6_232.png,2
site6_233.png_X0_Y0,site6_233.png,1
site6_233.png_X256_Y0,site6_233.png,0
site6_233.png_X0_Y256,site6_233.png,0
site6_233.png_X256_Y256,site6_233.png,0
site6_234.png_X0_Y0,site6_234.png,0
site6_234.png_X256_Y0,site6_234.png,1
site6_234.png_X0_Y256,site6_234.png,0
site6_234.png_X256_Y256,site6_234.png,1
site6_235.png_X0_Y0,site6_235.png,0
site6_235.png_X256_Y0,site6_235.png,0
site6_235.png_X0_Y256,site6_235.png,1
site6_235.png_X256_Y256,site6_235.png,0
site6_241.png_X0_Y0,site6_241.png,0
site6_241.png_X256_Y0,site6_241.png,0
site6_241.png_X0_Y256,site6_241.png,0
site6_241.png_X256_Y256,site6_241.png,0
site6_242.png_X0_Y0,site6_242.png,0
site6_242.png_X256_Y0,site6_242.png,0
site6_242.png_X0_Y256,site6_242.png,0
site6_242.png_X256_Y256,site6_242.png,0
site6_264.png_X0_Y0,site6_264.png,0
site6_264.png_X256_Y0,site6_264.png,0
site6_264.png_X0_Y256,site6_264.png,0
site6_264.png_X256_Y256,site6_264.png,0
site6_265.png_X0_Y0,site6_265.png,0
site6_265.png_X256_Y0,site6_265.png,0
site6_265.png_X0_Y256,site6_265.png,1
site6_265.png_X256_Y256,site6_265.png,0
site6_266.png_X0_Y0,site6_266.png,0
site6_266.png_X256_Y0,site6_266.png,1
site6_266.png_X0_Y256,site6_266.png,0
site6_266.png_X256_Y256,site6_266.png,0
site6_267.png_X0_Y0,site6_267.png,1
site6_267.png_X256_Y0,site6_267.png,0
site6_267.png_X0_Y256,site6_267.png,0
site6_267.png_X256_Y256,site6_267.png,0
site6_269.png_X0_Y0,site6_269.png,0
site6_269.png_X256_Y0,site6_269.png,0
site6_269.png_X0_Y256,site6_269.png,0
site6_269.png_X256_Y256,site6_269.png,0
site6_270.png_X0_Y0,site6_270.png,1
site6_270.png_X256_Y0,site6_270.png,0
site6_270.png_X0_Y256,site6_270.png,0
site6_270.png_X256_Y256,site6_270.png,0
site6_275.png_X0_Y0,site6_275.png,0
site6_275.png_X256_Y0,site6_275.png,0
site6_275.png_X0_Y256,site6_275.png,0
site6_275.png_X256_Y256,site6_275.png,0
site6_276.png_X0_Y0,site6_276.png,0
site6_276.png_X256_Y0,site6_276.png,0
site6_276.png_X0_Y256,site6_276.png,1
site6_276.png_X256_Y256,site6_276.png,0
site6_277.png_X0_Y0,site6_277.png,0
site6_277.png_X256_Y0,site6_277.png,0
site6_277.png_X0_Y256,site6_277.png,0
site6_277.png_X256_Y256,site6_277.png,0
site6_297.png_X0_Y0,site6_297.png,0
site6_297.png_X256_Y0,site6_297.png,0
site6_297.png_X0_Y256,site6_297.png,0
site6_297.png_X256_Y256,site6_297.png,1
site6_299.png_X0_Y0,site6_299.png,0
site6_299.png_X256_Y0,site6_299.png,1
site6_299.png_X0_Y256,site6_299.png,0
site6_299.png_X256_Y256,site6_299.png,1
site6_300.png_X0_Y0,site6_300.png,2
site6_300.png_X256_Y0,site6_300.png,0
site6_300.png_X0_Y256,site6_300.png,0
site6_300.png_X256_Y256,site6_300.png,0
site6_308.png_X0_Y0,site6_308.png,0
site6_308.png_X256_Y0,site6_308.png,0
site6_308.png_X0_Y256,site6_308.png,0
site6_308.png_X256_Y256,site6_308.png,0
site6_309.png_X0_Y0,site6_309.png,0
site6_309.png_X256_Y0,site6_309.png,0
site6_309.png_X0_Y256,site6_309.png,1
site6_309.png_X256_Y256,site6_309.png,0
site6_334.png_X0_Y0,site6_334.png,0
site6_334.png_X256_Y0,site6_334.png,0
site6_334.png_X0_Y256,site6_334.png,0
site6_334.png_X256_Y256,site6_334.png,0
site6_335.png_X0_Y0,site6_335.png,1
site6_335.png_X256_Y0,site6_335.png,0
site6_335.png_X0_Y256,site6_335.png,2
site6_335.png_X256_Y256,site6_335.png,1
site6_336.png_X0_Y0,site6_336.png,0
site6_336.png_X256_Y0,site6_336.png,0
site6_336.png_X0_Y256,site6_336.png,2
site6_336.png_X256_Y256,site6_336.png,1
site6_343.png_X0_Y0,site6_343.png,0
site6_343.png_X256_Y0,site6_343.png,1
site6_343.png_X0_Y256,site6_343.png,0
site6_343.png_X256_Y256,site6_343.png,2
site6_344.png_X0_Y0,site6_344.png,1
site6_344.png_X256_Y0,site6_344.png,0
site6_344.png_X0_Y256,site6_344.png,2
site6_344.png_X256_Y256,site6_344.png,0
site6_369.png_X0_Y0,site6_369.png,0
site6_369.png_X256_Y0,site6_369.png,0
site6_369.png_X0_Y256,site6_369.png,1
site6_369.png_X256_Y256,site6_369.png,1
site6_377.png_X0_Y0,site6_377.png,0
site6_377.png_X256_Y0,site6_377.png,0
site6_377.png_X0_Y256,site6_377.png,0
site6_377.png_X256_Y256,site6_377.png,0
site6_405.png_X0_Y0,site6_405.png,0
site6_405.png_X256_Y0,site6_405.png,0
site6_405.png_X0_Y256,site6_405.png,0
site6_405.png_X256_Y256,site6_405.png,0
site6_412.png_X0_Y0,site6_412.png,1
site6_412.png_X256_Y0,site6_412.png,2
site6_412.png_X0_Y256,site6_412.png,2
site6_412.png_X256_Y256,site6_412.png,1
site6_413.png_X0_Y0,site6_413.png,1
site6_413.png_X256_Y0,site6_413.png,0
site6_413.png_X0_Y256,site6_413.png,0
site6_413.png_X256_Y256,site6_413.png,0
site6_439.png_X0_Y0,site6_439.png,0
site6_439.png_X256_Y0,site6_439.png,0
site6_439.png_X0_Y256,site6_439.png,0
site6_439.png_X256_Y256,site6_439.png,0
site6_441.png_X0_Y0,site6_441.png,0
site6_441.png_X256_Y0,site6_441.png,0
site6_441.png_X0_Y256,site6_441.png,0
site6_441.png_X256_Y256,site6_441.png,1
site6_474.png_X0_Y0,site6_474.png,0
site6_474.png_X256_Y0,site6_474.png,2
site6_474.png_X0_Y256,site6_474.png,0
site6_474.png_X256_Y256,site6_474.png,0
site6_484.png_X0_Y0,site6_484.png,0
site6_484.png_X256_Y0,site6_484.png,1
site6_484.png_X0_Y256,site6_484.png,0
site6_484.png_X256_Y256,site6_484.png,2
site6_485.png_X0_Y0,site6_485.png,0
site6_485.png_X256_Y0,site6_485.png,0
site6_485.png_X0_Y256,site6_485.png,0
site6_485.png_X256_Y256,site6_485.png,0
site6_518.png_X0_Y0,site6_518.png,0
site6_518.png_X256_Y0,site6_518.png,0
site6_518.png_X0_Y256,site6_518.png,0
site6_518.png_X256_Y256,site6_518.png,1
site6_519.png_X0_Y0,site6_519.png,0
site6_519.png_X256_Y0,site6_519.png,0
site6_519.png_X0_Y256,site6_519.png,1
site6_519.png_X256_Y256,site6_519.png,0
site6_553.png_X0_Y0,site6_553.png,0
site6_553.png_X256_Y0,site6_553.png,0
site6_553.png_X0_Y256,site6_553.png,0
site6_553.png_X256_Y256,site6_553.png,0
site6_554.png_X0_Y0,site6_554.png,1
site6_554.png_X256_Y0,site6_554.png,0
site6_554.png_X0_Y256,site6_554.png,1
site6_554.png_X256_Y256,site6_554.png,1
site6_588.png_X0_Y0,site6_588.png,1
site6_588.png_X256_Y0,site6_588.png,1
site6_588.png_X0_Y256,site6_588.png,0
site6_588.png_X256_Y256,site6_588.png,0
site6_589.png_X0_Y0,site6_589.png,1
site6_589.png_X256_Y0,site6_589.png,0
site6_589.png_X0_Y256,site6_589.png,0
site6_589.png_X256_Y256,site6_589.png,0
site6_607.png_X0_Y0,site6_607.png,0
site6_607.png_X256_Y0,site6_607.png,0
site6_607.png_X0_Y256,site6_607.png,0
site6_607.png_X256_Y256,site6_607.png,0
site6_608.png_X0_Y0,site6_608.png,0
site6_608.png_X256_Y0,site6_608.png,0
site6_608.png_X0_Y256,site6_608.png,1
site6_608.png_X256_Y256,site6_608.png,0
site6_624.png_X0_Y0,site6_624.png,0
site6_624.png_X256_Y0,site6_624.png,0
site6_624.png_X0_Y256,site6_624.png,0
site6_624.png_X256_Y256,site6_624.png,0
site6_637.png_X0_Y0,site6_637.png,0
site6_637.png_X256_Y0,site6_637.png,1
site6_637.png_X0_Y256,site6_637.png,1
site6_637.png_X256_Y256,site6_637.png,1
site6_638.png_X0_Y0,site6_638.png,1
site6_638.png_X256_Y0,site6_638.png,0
site6_638.png_X0_Y256,site6_638.png,0
site6_638.png_X256_Y256,site6_638.png,0
site6_639.png_X0_Y0,site6_639.png,0
site6_639.png_X256_Y0,site6_639.png,0
site6_639.png_X0_Y256,site6_639.png,0
site6_639.png_X256_Y256,site6_639.png,0
site6_656.png_X0_Y0,site6_656.png,0
site6_656.png_X256_Y0,site6_656.png,0
site6_656.png_X0_Y256,site6_656.png,0
site6_656.png_X256_Y256,site6_656.png,0
site6_657.png_X0_Y0,site6_657.png,1
site6_657.png_X256_Y0,site6_657.png,2
site6_657.png_X0_Y256,site6_657.png,2
site6_657.png_X256_Y256,site6_657.png,2
site6_659.png_X0_Y0,site6_659.png,0
site6_659.png_X256_Y0,site6_659.png,0
site6_659.png_X0_Y256,site6_659.png,0
site6_659.png_X256_Y256,site6_659.png,0
site6_673.png_X0_Y0,site6_673.png,0
site6_673.png_X256_Y0,site6_673.png,0
site6_673.png_X0_Y256,site6_673.png,0
site6_673.png_X256_Y256,site6_673.png,0
site6_675.png_X0_Y0,site6_675.png,0
site6_675.png_X256_Y0,site6_675.png,0
site6_675.png_X0_Y256,site6_675.png,1
site6_675.png_X256_Y256,site6_675.png,0
site6_691.png_X0_Y0,site6_691.png,0
site6_691.png_X256_Y0,site6_691.png,0
site6_691.png_X0_Y256,site6_691.png,0
site6_691.png_X256_Y256,site6_691.png,1
site6_692.png_X0_Y0,site6_692.png,2
site6_692.png_X256_Y0,site6_692.png,1
site6_692.png_X0_Y256,site6_692.png,2
site6_692.png_X256_Y256,site6_692.png,1
site6_693.png_X0_Y0,site6_693.png,0
site6_693.png_X256_Y0,site6_693.png,0
site6_693.png_X0_Y256,site6_693.png,0
site6_693.png_X256_Y256,site6_693.png,0
site6_694.png_X0_Y0,site6_694.png,0
site6_694.png_X256_Y0,site6_694.png,0
site6_694.png_X0_Y256,site6_694.png,0
site6_694.png_X256_Y256,site6_694.png,0
site6_709.png_X0_Y0,site6_709.png,0
site6_709.png_X256_Y0,site6_709.png,1
site6_709.png_X0_Y256,site6_709.png,0
site6_709.png_X256_Y256,site6_709.png,0
site6_714.png_X0_Y0,site6_714.png,0
site6_714.png_X256_Y0,site6_714.png,0
site6_714.png_X0_Y256,site6_714.png,0
site6_714.png_X256_Y256,site6_714.png,0
site6_715.png_X0_Y0,site6_715.png,1
site6_715.png_X256_Y0,site6_715.png,0
site6_715.png_X0_Y256,site6_715.png,1
site6_715.png_X256_Y256,site6_715.png,1
site6_726.png_X0_Y0,site6_726.png,0
site6_726.png_X256_Y0,site6_726.png,2
site6_726.png_X0_Y256,site6_726.png,0
site6_726.png_X256_Y256,site6_726.png,0
site6_727.png_X0_Y0,site6_727.png,1
site6_727.png_X256_Y0,site6_727.png,2
site6_727.png_X0_Y256,site6_727.png,2
site6_727.png_X256_Y256,site6_727.png,1
site6_743.png_X0_Y0,site6_743.png,0
site6_743.png_X256_Y0,site6_743.png,0
site6_743.png_X0_Y256,site6_743.png,0
site6_743.png_X256_Y256,site6_743.png,0
site6_762.png_X0_Y0,site6_762.png,0
site6_762.png_X256_Y0,site6_762.png,1
site6_762.png_X0_Y256,site6_762.png,0
site6_762.png_X256_Y256,site6_762.png,0
site6_784.png_X0_Y0,site6_784.png,0
site6_784.png_X256_Y0,site6_784.png,1
site6_784.png_X0_Y256,site6_784.png,0
site6_784.png_X256_Y256,site6_784.png,0
site6_795.png_X0_Y0,site6_795.png,0
site6_795.png_X256_Y0,site6_795.png,0
site6_795.png_X0_Y256,site6_795.png,0
site6_795.png_X256_Y256,site6_795.png,1
site6_796.png_X0_Y0,site6_796.png,1
site6_796.png_X256_Y0,site6_796.png,0
site6_796.png_X0_Y256,site6_796.png,0
site6_796.png_X256_Y256,site6_796.png,0
site6_808.png_X0_Y0,site6_808.png,0
site6_808.png_X256_Y0,site6_808.png,0
site6_808.png_X0_Y256,site6_808.png,1
site6_808.png_X256_Y256,site6_808.png,0
site6_820.png_X0_Y0,site6_820.png,0
site6_820.png_X256_Y0,site6_820.png,0
site6_820.png_X0_Y256,site6_820.png,0
site6_820.png_X256_Y256,site6_820.png,0
site6_855.png_X0_Y0,site6_855.png,0
site6_855.png_X256_Y0,site6_855.png,0
site6_855.png_X0_Y256,site6_855.png,0
site6_855.png_X256_Y256,site6_855.png,0
site6_864.png_X0_Y0,site6_864.png,0
site6_864.png_X256_Y0,site6_864.png,0
site6_864.png_X0_Y256,site6_864.png,0
site6_864.png_X256_Y256,site6_864.png,2
site6_885.png_X0_Y0,site6_885.png,0
site6_885.png_X256_Y0,site6_885.png,0
site6_885.png_X0_Y256,site6_885.png,0
site6_885.png_X256_Y256,site6_885.png,0
site6_886.png_X0_Y0,site6_886.png,0
site6_886.png_X256_Y0,site6_886.png,0
site6_886.png_X0_Y256,site6_886.png,0
site6_886.png_X256_Y256,site6_886.png,0
site6_899.png_X0_Y0,site6_899.png,0
site6_899.png_X256_Y0,site6_899.png,0
site6_899.png_X0_Y256,site6_899.png,0
site6_899.png_X256_Y256,site6_899.png,1
site6_914.png_X0_Y0,site6_914.png,0
site6_914.png_X256_Y0,site6_914.png,0
site6_914.png_X0_Y256,site6_914.png,0
site6_914.png_X256_Y256,site6_914.png,0
site6_915.png_X0_Y0,site6_915.png,0
site6_915.png_X256_Y0,site6_915.png,0
site6_915.png_X0_Y256,site6_915.png,1
site6_915.png_X256_Y256,site6_915.png,1
site6_916.png_X0_Y0,site6_916.png,0
site6_916.png_X256_Y0,site6_916.png,0
site6_916.png_X0_Y256,site6_916.png,0
site6_916.png_X256_Y256,site6_916.png,0
site6_917.png_X0_Y0,site6_917.png,0
site6_917.png_X256_Y0,site6_917.png,0
site6_917.png_X0_Y256,site6_917.png,0
site6_917.png_X256_Y256,site6_917.png,0
site6_920.png_X0_Y0,site6_920.png,0
site6_920.png_X256_Y0,site6_920.png,0
site6_920.png_X0_Y256,site6_920.png,0
site6_920.png_X256_Y256,site6_920.png,0
site6_921.png_X0_Y0,site6_921.png,2
site6_921.png_X256_Y0,site6_921.png,2
site6_921.png_X0_Y256,site6_921.png,0
site6_921.png_X256_Y256,site6_921.png,0
site6_949.png_X0_Y0,site6_949.png,0
site6_949.png_X256_Y0,site6_949.png,1
site6_949.png_X0_Y256,site6_949.png,0
site6_949.png_X256_Y256,site6_949.png,2
site6_950.png_X0_Y0,site6_950.png,2
site6_950.png_X256_Y0,site6_950.png,2
site6_950.png_X0_Y256,site6_950.png,2
site6_950.png_X256_Y256,site6_950.png,2
site6_951.png_X0_Y0,site6_951.png,2
site6_951.png_X256_Y0,site6_951.png,2
site6_951.png_X0_Y256,site6_951.png,2
site6_951.png_X256_Y256,site6_951.png,2
site6_952.png_X0_Y0,site6_952.png,2
site6_952.png_X256_Y0,site6_952.png,2
site6_952.png_X0_Y256,site6_952.png,2
site6_952.png_X256_Y256,site6_952.png,2
site6_953.png_X0_Y0,site6_953.png,1
site6_953.png_X256_Y0,site6_953.png,0
site6_953.png_X0_Y256,site6_953.png,1
site6_953.png_X256_Y256,site6_953.png,0
site6_954.png_X0_Y0,site6_954.png,0
site6_954.png_X256_Y0,site6_954.png,0
site6_954.png_X0_Y256,site6_954.png,0
site6_954.png_X256_Y256,site6_954.png,0
site6_955.png_X0_Y0,site6_955.png,0
site6_955.png_X256_Y0,site6_955.png,0
site6_955.png_X0_Y256,site6_955.png,2
site6_955.png_X256_Y256,site6_955.png,1
site6_956.png_X0_Y0,site6_956.png,0
site6_956.png_X256_Y0,site6_956.png,0
site6_956.png_X0_Y256,site6_956.png,1
site6_956.png_X256_Y256,site6_956.png,0
site6_965.png_X0_Y0,site6_965.png,0
site6_965.png_X256_Y0,site6_965.png,0
site6_965.png_X0_Y256,site6_965.png,0
site6_965.png_X256_Y256,site6_965.png,0
site6_966.png_X0_Y0,site6_966.png,0
site6_966.png_X256_Y0,site6_966.png,0
site6_966.png_X0_Y256,site6_966.png,0
site6_966.png_X256_Y256,site6_966.png,0
site6_967.png_X0_Y0,site6_967.png,0
site6_967.png_X256_Y0,site6_967.png,0
site6_967.png_X0_Y256,site6_967.png,0
site6_967.png_X256_Y256,site6_967.png,0
site6_968.png_X0_Y0,site6_968.png,0
site6_968.png_X256_Y0,site6_968.png,0
site6_968.png_X0_Y256,site6_968.png,0
site6_968.png_X256_Y256,site6_968.png,0
site6_984.png_X0_Y0,site6_984.png,1
site6_984.png_X256_Y0,site6_984.png,2
site6_984.png_X0_Y256,site6_984.png,0
site6_984.png_X256_Y256,site6_984.png,1
site6_985.png_X0_Y0,site6_985.png,2
site6_985.png_X256_Y0,site6_985.png,2
site6_985.png_X0_Y256,site6_985.png,1
site6_985.png_X256_Y256,site6_985.png,1
site6_986.png_X0_Y0,site6_986.png,2
site6_986.png_X256_Y0,site6_986.png,2
site6_986.png_X0_Y256,site6_986.png,2
site6_986.png_X256_Y256,site6_986.png,2
site6_987.png_X0_Y0,site6_987.png,2
site6_987.png_X256_Y0,site6_987.png,2
site6_987.png_X0_Y256,site6_987.png,2
site6_987.png_X256_Y256,site6_987.png,2
site6_989.png_X0_Y0,site6_989.png,0
site6_989.png_X256_Y0,site6_989.png,0
site6_989.png_X0_Y256,site6_989.png,0
site6_989.png_X256_Y256,site6_989.png,0
site6_990.png_X0_Y0,site6_990.png,2
site6_990.png_X256_Y0,site6_990.png,2
site6_990.png_X0_Y256,site6_990.png,2
site6_990.png_X256_Y256,site6_990.png,2
site6_991.png_X0_Y0,site6_991.png,2
site6_991.png_X256_Y0,site6_991.png,2
site6_991.png_X0_Y256,site6_991.png,2
site6_991.png_X256_Y256,site6_991.png,1
site6_1000.png_X0_Y0,site6_1000.png,0
site6_1000.png_X256_Y0,site6_1000.png,0
site6_1000.png_X0_Y256,site6_1000.png,0
site6_1000.png_X256_Y256,site6_1000.png,0
site6_1001.png_X0_Y0,site6_1001.png,2
site6_1001.png_X256_Y0,site6_1001.png,1
site6_1001.png_X0_Y256,site6_1001.png,2
site6_1001.png_X256_Y256,site6_1001.png,1
site6_1002.png_X0_Y0,site6_1002.png,0
site6_1002.png_X256_Y0,site6_1002.png,2
site6_1002.png_X0_Y256,site6_1002.png,1
site6_1002.png_X256_Y256,site6_1002.png,2
site6_1003.png_X0_Y0,site6_1003.png,1
site6_1003.png_X256_Y0,site6_1003.png,0
site6_1003.png_X0_Y256,site6_1003.png,1
site6_1003.png_X256_Y256,site6_1003.png,1
site6_1004.png_X0_Y0,site6_1004.png,1
site6_1004.png_X256_Y0,site6_1004.png,1
site6_1004.png_X0_Y256,site6_1004.png,0
site6_1004.png_X256_Y256,site6_1004.png,0
site6_1005.png_X0_Y0,site6_1005.png,1
site6_1005.png_X256_Y0,site6_1005.png,0
site6_1005.png_X0_Y256,site6_1005.png,0
site6_1005.png_X256_Y256,site6_1005.png,0
site6_1018.png_X0_Y0,site6_1018.png,0
site6_1018.png_X256_Y0,site6_1018.png,0
site6_1018.png_X0_Y256,site6_1018.png,0
site6_1018.png_X256_Y256,site6_1018.png,1
site6_1019.png_X0_Y0,site6_1019.png,1
site6_1019.png_X256_Y0,site6_1019.png,0
site6_1019.png_X0_Y256,site6_1019.png,2
site6_1019.png_X256_Y256,site6_1019.png,0
site6_1023.png_X0_Y0,site6_1023.png,0
site6_1023.png_X256_Y0,site6_1023.png,0
site6_1023.png_X0_Y256,site6_1023.png,1
site6_1023.png_X256_Y256,site6_1023.png,0
site6_1035.png_X0_Y0,site6_1035.png,0
site6_1035.png_X256_Y0,site6_1035.png,0
site6_1035.png_X0_Y256,site6_1035.png,0
site6_1035.png_X256_Y256,site6_1035.png,1
site6_1036.png_X0_Y0,site6_1036.png,0
site6_1036.png_X256_Y0,site6_1036.png,0
site6_1036.png_X0_Y256,site6_1036.png,0
site6_1036.png_X256_Y256,site6_1036.png,0
site6_1037.png_X0_Y0,site6_1037.png,2
site6_1037.png_X256_Y0,site6_1037.png,1
site6_1037.png_X0_Y256,site6_1037.png,0
site6_1037.png_X256_Y256,site6_1037.png,0
site6_1093.png_X0_Y0,site6_1093.png,0
site6_1093.png_X256_Y0,site6_1093.png,0
site6_1093.png_X0_Y256,site6_1093.png,0
site6_1093.png_X256_Y256,site6_1093.png,0
site6_1140.png_X0_Y0,site6_1140.png,0
site6_1140.png_X256_Y0,site6_1140.png,0
site6_1140.png_X0_Y256,site6_1140.png,1
site6_1140.png_X256_Y256,site6_1140.png,0
site9_6.png_X0_Y0,site9_6.png,0
site9_6.png_X256_Y0,site9_6.png,0
site9_6.png_X0_Y256,site9_6.png,0
site9_6.png_X256_Y256,site9_6.png,0
site9_7.png_X0_Y0,site9_7.png,1
site9_7.png_X256_Y0,site9_7.png,0
site9_7.png_X0_Y256,site9_7.png,2
site9_7.png_X256_Y256,site9_7.png,2
site9_17.png_X0_Y0,site9_17.png,0
site9_17.png_X256_Y0,site9_17.png,1
site9_17.png_X0_Y256,site9_17.png,0
site9_17.png_X256_Y256,site9_17.png,1
site9_18.png_X0_Y0,site9_18.png,2
site9_18.png_X256_Y0,site9_18.png,2
site9_18.png_X0_Y256,site9_18.png,2
site9_18.png_X256_Y256,site9_18.png,1
site9_19.png_X0_Y0,site9_19.png,0
site9_19.png_X256_Y0,site9_19.png,2
site9_19.png_X0_Y256,site9_19.png,2
site9_19.png_X256_Y256,site9_19.png,2
site9_20.png_X0_Y0,site9_20.png,2
site9_20.png_X256_Y0,site9_20.png,2
site9_20.png_X0_Y256,site9_20.png,2
site9_20.png_X256_Y256,site9_20.png,2
site9_28.png_X0_Y0,site9_28.png,1
site9_28.png_X256_Y0,site9_28.png,1
site9_28.png_X0_Y256,site9_28.png,2
site9_28.png_X256_Y256,site9_28.png,2
site9_29.png_X0_Y0,site9_29.png,2
site9_29.png_X256_Y0,site9_29.png,2
site9_29.png_X0_Y256,site9_29.png,2
site9_29.png_X256_Y256,site9_29.png,2
site9_30.png_X0_Y0,site9_30.png,2
site9_30.png_X256_Y0,site9_30.png,2
site9_30.png_X0_Y256,site9_30.png,2
site9_30.png_X256_Y256,site9_30.png,2
site9_31.png_X0_Y0,site9_31.png,2
site9_31.png_X256_Y0,site9_31.png,2
site9_31.png_X0_Y256,site9_31.png,2
site9_31.png_X256_Y256,site9_31.png,2
site9_32.png_X0_Y0,site9_32.png,2
site9_32.png_X256_Y0,site9_32.png,2
site9_32.png_X0_Y256,site9_32.png,2
site9_32.png_X256_Y256,site9_32.png,1
site9_37.png_X0_Y0,site9_37.png,0
site9_37.png_X256_Y0,site9_37.png,0
site9_37.png_X0_Y256,site9_37.png,1
site9_37.png_X256_Y256,site9_37.png,1
site9_39.png_X0_Y0,site9_39.png,1
site9_39.png_X256_Y0,site9_39.png,2
site9_39.png_X0_Y256,site9_39.png,0
site9_39.png_X256_Y256,site9_39.png,0
site9_40.png_X0_Y0,site9_40.png,1
site9_40.png_X256_Y0,site9_40.png,0
site9_40.png_X0_Y256,site9_40.png,0
site9_40.png_X256_Y256,site9_40.png,2
site9_41.png_X0_Y0,site9_41.png,1
site9_41.png_X256_Y0,site9_41.png,0
site9_41.png_X0_Y256,site9_41.png,2
site9_41.png_X256_Y256,site9_41.png,2
site9_47.png_X0_Y0,site9_47.png,2
site9_47.png_X256_Y0,site9_47.png,1
site9_47.png_X0_Y256,site9_47.png,2
site9_47.png_X256_Y256,site9_47.png,2
site9_48.png_X0_Y0,site9_48.png,2
site9_48.png_X256_Y0,site9_48.png,0
site9_48.png_X0_Y256,site9_48.png,0
site9_48.png_X256_Y256,site9_48.png,0
site9_49.png_X0_Y0,site9_49.png,0
site9_49.png_X256_Y0,site9_49.png,0
site9_49.png_X0_Y256,site9_49.png,0
site9_49.png_X256_Y256,site9_49.png,1
site9_50.png_X0_Y0,site9_50.png,1
site9_50.png_X256_Y0,site9_50.png,2
site9_50.png_X0_Y256,site9_50.png,2
site9_50.png_X256_Y256,site9_50.png,2
site9_51.png_X0_Y0,site9_51.png,2
site9_51.png_X256_Y0,site9_51.png,2
site9_51.png_X0_Y256,site9_51.png,2
site9_51.png_X256_Y256,site9_51.png,2
site9_52.png_X0_Y0,site9_52.png,2
site9_52.png_X256_Y0,site9_52.png,2
site9_52.png_X0_Y256,site9_52.png,2
site9_52.png_X256_Y256,site9_52.png,2
site9_53.png_X0_Y0,site9_53.png,1
site9_53.png_X256_Y0,site9_53.png,0
site9_53.png_X0_Y256,site9_53.png,1
site9_53.png_X256_Y256,site9_53.png,0
site9_57.png_X0_Y0,site9_57.png,0
site9_57.png_X256_Y0,site9_57.png,2
site9_57.png_X0_Y256,site9_57.png,1
site9_57.png_X256_Y256,site9_57.png,2
site9_58.png_X0_Y0,site9_58.png,2
site9_58.png_X256_Y0,site9_58.png,1
site9_58.png_X0_Y256,site9_58.png,2
site9_58.png_X256_Y256,site9_58.png,0
site9_59.png_X0_Y0,site9_59.png,1
site9_59.png_X256_Y0,site9_59.png,0
site9_59.png_X0_Y256,site9_59.png,0
site9_59.png_X256_Y256,site9_59.png,1
site9_60.png_X0_Y0,site9_60.png,0
site9_60.png_X256_Y0,site9_60.png,1
site9_60.png_X0_Y256,site9_60.png,2
site9_60.png_X256_Y256,site9_60.png,1
site9_61.png_X0_Y0,site9_61.png,2
site9_61.png_X256_Y0,site9_61.png,2
site9_61.png_X0_Y256,site9_61.png,2
site9_61.png_X256_Y256,site9_61.png,2
site9_62.png_X0_Y0,site9_62.png,2
site9_62.png_X256_Y0,site9_62.png,2
site9_62.png_X0_Y256,site9_62.png,2
site9_62.png_X256_Y256,site9_62.png,2
site9_63.png_X0_Y0,site9_63.png,2
site9_63.png_X256_Y0,site9_63.png,2
site9_63.png_X0_Y256,site9_63.png,2
site9_63.png_X256_Y256,site9_63.png,2
site9_64.png_X0_Y0,site9_64.png,0
site9_64.png_X256_Y0,site9_64.png,1
site9_64.png_X0_Y256,site9_64.png,0
site9_64.png_X256_Y256,site9_64.png,2
site9_68.png_X0_Y0,site9_68.png,2
site9_68.png_X256_Y0,site9_68.png,2
site9_68.png_X0_Y256,site9_68.png,1
site9_68.png_X256_Y256,site9_68.png,0
site9_69.png_X0_Y0,site9_69.png,0
site9_69.png_X256_Y0,site9_69.png,0
site9_69.png_X0_Y256,site9_69.png,0
site9_69.png_X256_Y256,site9_69.png,0
site9_70.png_X0_Y0,site9_70.png,1
site9_70.png_X256_Y0,site9_70.png,2
site9_70.png_X0_Y256,site9_70.png,1
site9_70.png_X256_Y256,site9_70.png,2
site9_71.png_X0_Y0,site9_71.png,2
site9_71.png_X256_Y0,site9_71.png,2
site9_71.png_X0_Y256,site9_71.png,2
site9_71.png_X256_Y256,site9_71.png,2
site9_72.png_X0_Y0,site9_72.png,2
site9_72.png_X256_Y0,site9_72.png,2
site9_72.png_X0_Y256,site9_72.png,1
site9_72.png_X256_Y256,site9_72.png,1
site9_73.png_X0_Y0,site9_73.png,2
site9_73.png_X256_Y0,site9_73.png,2
site9_73.png_X0_Y256,site9_73.png,2
site9_73.png_X256_Y256,site9_73.png,2
site9_74.png_X0_Y0,site9_74.png,2
site9_74.png_X256_Y0,site9_74.png,2
site9_74.png_X0_Y256,site9_74.png,0
site9_74.png_X256_Y256,site9_74.png,1
site9_75.png_X0_Y0,site9_75.png,2
site9_75.png_X256_Y0,site9_75.png,2
site9_75.png_X0_Y256,site9_75.png,1
site9_75.png_X256_Y256,site9_75.png,1
site9_79.png_X0_Y0,site9_79.png,1
site9_79.png_X256_Y0,site9_79.png,2
site9_79.png_X0_Y256,site9_79.png,2
site9_79.png_X256_Y256,site9_79.png,2
site9_81.png_X0_Y0,site9_81.png,0
site9_81.png_X256_Y0,site9_81.png,1
site9_81.png_X0_Y256,site9_81.png,0
site9_81.png_X256_Y256,site9_81.png,1
site9_82.png_X0_Y0,site9_82.png,1
site9_82.png_X256_Y0,site9_82.png,0
site9_82.png_X0_Y256,site9_82.png,2
site9_82.png_X256_Y256,site9_82.png,0
site9_85.png_X0_Y0,site9_85.png,0
site9_85.png_X256_Y0,site9_85.png,0
site9_85.png_X0_Y256,site9_85.png,0
site9_85.png_X256_Y256,site9_85.png,1
site9_86.png_X0_Y0,site9_86.png,0
site9_86.png_X256_Y0,site9_86.png,0
site9_86.png_X0_Y256,site9_86.png,0
site9_86.png_X256_Y256,site9_86.png,0
site9_90.png_X0_Y0,site9_90.png,2
site9_90.png_X256_Y0,site9_90.png,1
site9_90.png_X0_Y256,site9_90.png,0
site9_90.png_X256_Y256,site9_90.png,0
site9_100.png_X0_Y0,site9_100.png,0
site9_100.png_X256_Y0,site9_100.png,0
site9_100.png_X0_Y256,site9_100.png,0
site9_100.png_X256_Y256,site9_100.png,0
site9_111.png_X0_Y0,site9_111.png,0
site9_111.png_X256_Y0,site9_111.png,0
site9_111.png_X0_Y256,site9_111.png,0
site9_111.png_X256_Y256,site9_111.png,0
site14_67.png_X0_Y0,site14_67.png,0
site14_67.png_X256_Y0,site14_67.png,0
site14_67.png_X0_Y256,site14_67.png,0
site14_67.png_X256_Y256,site14_67.png,0
site14_70.png_X0_Y0,site14_70.png,0
site14_70.png_X256_Y0,site14_70.png,0
site14_70.png_X0_Y256,site14_70.png,0
site14_70.png_X256_Y256,site14_70.png,0
site14_71.png_X0_Y0,site14_71.png,0
site14_71.png_X256_Y0,site14_71.png,0
site14_71.png_X0_Y256,site14_71.png,0
site14_71.png_X256_Y256,site14_71.png,1
site14_74.png_X0_Y0,site14_74.png,0
site14_74.png_X256_Y0,site14_74.png,0
site14_74.png_X0_Y256,site14_74.png,0
site14_74.png_X256_Y256,site14_74.png,2
site14_75.png_X0_Y0,site14_75.png,0
site14_75.png_X256_Y0,site14_75.png,0
site14_75.png_X0_Y256,site14_75.png,0
site14_75.png_X256_Y256,site14_75.png,1
site14_76.png_X0_Y0,site14_76.png,1
site14_76.png_X256_Y0,site14_76.png,0
site14_76.png_X0_Y256,site14_76.png,2
site14_76.png_X256_Y256,site14_76.png,0
site14_86.png_X0_Y0,site14_86.png,0
site14_86.png_X256_Y0,site14_86.png,0
site14_86.png_X0_Y256,site14_86.png,0
site14_86.png_X256_Y256,site14_86.png,0
site14_87.png_X0_Y0,site14_87.png,0
site14_87.png_X256_Y0,site14_87.png,0
site14_87.png_X0_Y256,site14_87.png,0
site14_87.png_X256_Y256,site14_87.png,1
site14_88.png_X0_Y0,site14_88.png,1
site14_88.png_X256_Y0,site14_88.png,2
site14_88.png_X0_Y256,site14_88.png,2
site14_88.png_X256_Y256,site14_88.png,2
site14_89.png_X0_Y0,site14_89.png,0
site14_89.png_X256_Y0,site14_89.png,0
site14_89.png_X0_Y256,site14_89.png,1
site14_89.png_X256_Y256,site14_89.png,1
site14_90.png_X0_Y0,site14_90.png,0
site14_90.png_X256_Y0,site14_90.png,0
site14_90.png_X0_Y256,site14_90.png,0
site14_90.png_X256_Y256,site14_90.png,0
site14_91.png_X0_Y0,site14_91.png,2
site14_91.png_X256_Y0,site14_91.png,2
site14_91.png_X0_Y256,site14_91.png,1
site14_91.png_X256_Y256,site14_91.png,2
site14_92.png_X0_Y0,site14_92.png,0
site14_92.png_X256_Y0,site14_92.png,0
site14_92.png_X0_Y256,site14_92.png,1
site14_92.png_X256_Y256,site14_92.png,0
site14_93.png_X0_Y0,site14_93.png,0
site14_93.png_X256_Y0,site14_93.png,0
site14_93.png_X0_Y256,site14_93.png,1
site14_93.png_X256_Y256,site14_93.png,1
site14_94.png_X0_Y0,site14_94.png,2
site14_94.png_X256_Y0,site14_94.png,1
site14_94.png_X0_Y256,site14_94.png,2
site14_94.png_X256_Y256,site14_94.png,2
site14_95.png_X0_Y0,site14_95.png,0
site14_95.png_X256_Y0,site14_95.png,0
site14_95.png_X0_Y256,site14_95.png,0
site14_95.png_X256_Y256,site14_95.png,0
site14_105.png_X0_Y0,site14_105.png,0
site14_105.png_X256_Y0,site14_105.png,0
site14_105.png_X0_Y256,site14_105.png,0
site14_105.png_X256_Y256,site14_105.png,0
site14_106.png_X0_Y0,site14_106.png,1
site14_106.png_X256_Y0,site14_106.png,2
site14_106.png_X0_Y256,site14_106.png,2
site14_106.png_X256_Y256,site14_106.png,2
site14_107.png_X0_Y0,site14_107.png,2
site14_107.png_X256_Y0,site14_107.png,2
site14_107.png_X0_Y256,site14_107.png,2
site14_107.png_X256_Y256,site14_107.png,1
site14_111.png_X0_Y0,site14_111.png,0
site14_111.png_X256_Y0,site14_111.png,1
site14_111.png_X0_Y256,site14_111.png,0
site14_111.png_X256_Y256,site14_111.png,0
site14_112.png_X0_Y0,site14_112.png,1
site14_112.png_X256_Y0,site14_112.png,1
site14_112.png_X0_Y256,site14_112.png,0
site14_112.png_X256_Y256,site14_112.png,1
site14_113.png_X0_Y0,site14_113.png,1
site14_113.png_X256_Y0,site14_113.png,2
site14_113.png_X0_Y256,site14_113.png,1
site14_113.png_X256_Y256,site14_113.png,1
site14_114.png_X0_Y0,site14_114.png,1
site14_114.png_X256_Y0,site14_114.png,1
site14_114.png_X0_Y256,site14_114.png,1
site14_114.png_X256_Y256,site14_114.png,0
site14_124.png_X0_Y0,site14_124.png,0
site14_124.png_X256_Y0,site14_124.png,0
site14_124.png_X0_Y256,site14_124.png,0
site14_124.png_X256_Y256,site14_124.png,2
site14_125.png_X0_Y0,site14_125.png,2
site14_125.png_X256_Y0,site14_125.png,1
site14_125.png_X0_Y256,site14_125.png,2
site14_125.png_X256_Y256,site14_125.png,2
site14_126.png_X0_Y0,site14_126.png,2
site14_126.png_X256_Y0,site14_126.png,2
site14_126.png_X0_Y256,site14_126.png,0
site14_126.png_X256_Y256,site14_126.png,0
site14_127.png_X0_Y0,site14_127.png,1
site14_127.png_X256_Y0,site14_127.png,0
site14_127.png_X0_Y256,site14_127.png,0
site14_127.png_X256_Y256,site14_127.png,0
site14_128.png_X0_Y0,site14_128.png,1
site14_128.png_X256_Y0,site14_128.png,0
site14_128.png_X0_Y256,site14_128.png,1
site14_128.png_X256_Y256,site14_128.png,2
site14_129.png_X0_Y0,site14_129.png,0
site14_129.png_X256_Y0,site14_129.png,0
site14_129.png_X0_Y256,site14_129.png,0
site14_129.png_X256_Y256,site14_129.png,0
site14_133.png_X0_Y0,site14_133.png,0
site14_133.png_X256_Y0,site14_133.png,0
site14_133.png_X0_Y256,site14_133.png,0
site14_133.png_X256_Y256,site14_133.png,0
site14_134.png_X0_Y0,site14_134.png,1
site14_134.png_X256_Y0,site14_134.png,0
site14_134.png_X0_Y256,site14_134.png,0
site14_134.png_X256_Y256,site14_134.png,0
site14_142.png_X0_Y0,site14_142.png,0
site14_142.png_X256_Y0,site14_142.png,1
site14_142.png_X0_Y256,site14_142.png,0
site14_142.png_X256_Y256,site14_142.png,1
site14_143.png_X0_Y0,site14_143.png,0
site14_143.png_X256_Y0,site14_143.png,0
site14_143.png_X0_Y256,site14_143.png,0
site14_143.png_X256_Y256,site14_143.png,0
site14_144.png_X0_Y0,site14_144.png,2
site14_144.png_X256_Y0,site14_144.png,2
site14_144.png_X0_Y256,site14_144.png,1
site14_144.png_X256_Y256,site14_144.png,2
site14_145.png_X0_Y0,site14_145.png,2
site14_145.png_X256_Y0,site14_145.png,2
site14_145.png_X0_Y256,site14_145.png,2
site14_145.png_X256_Y256,site14_145.png,2
site14_146.png_X0_Y0,site14_146.png,1
site14_146.png_X256_Y0,site14_146.png,0
site14_146.png_X0_Y256,site14_146.png,2
site14_146.png_X256_Y256,site14_146.png,2
site14_148.png_X0_Y0,site14_148.png,0
site14_148.png_X256_Y0,site14_148.png,2
site14_148.png_X0_Y256,site14_148.png,0
site14_148.png_X256_Y256,site14_148.png,1
site14_149.png_X0_Y0,site14_149.png,1
site14_149.png_X256_Y0,site14_149.png,0
site14_149.png_X0_Y256,site14_149.png,2
site14_149.png_X256_Y256,site14_149.png,1
site14_154.png_X0_Y0,site14_154.png,0
site14_154.png_X256_Y0,site14_154.png,0
site14_154.png_X0_Y256,site14_154.png,1
site14_154.png_X256_Y256,site14_154.png,0
site14_158.png_X0_Y0,site14_158.png,0
site14_158.png_X256_Y0,site14_158.png,1
site14_158.png_X0_Y256,site14_158.png,0
site14_158.png_X256_Y256,site14_158.png,2
site14_159.png_X0_Y0,site14_159.png,0
site14_159.png_X256_Y0,site14_159.png,0
site14_159.png_X0_Y256,site14_159.png,0
site14_159.png_X256_Y256,site14_159.png,0
site14_162.png_X0_Y0,site14_162.png,0
site14_162.png_X256_Y0,site14_162.png,1
site14_162.png_X0_Y256,site14_162.png,0
site14_162.png_X256_Y256,site14_162.png,0
site14_163.png_X0_Y0,site14_163.png,1
site14_163.png_X256_Y0,site14_163.png,0
site14_163.png_X0_Y256,site14_163.png,0
site14_163.png_X256_Y256,site14_163.png,0
site14_164.png_X0_Y0,site14_164.png,0
site14_164.png_X256_Y0,site14_164.png,1
site14_164.png_X0_Y256,site14_164.png,0
site14_164.png_X256_Y256,site14_164.png,0
site14_165.png_X0_Y0,site14_165.png,2
site14_165.png_X256_Y0,site14_165.png,2
site14_165.png_X0_Y256,site14_165.png,2
site14_165.png_X256_Y256,site14_165.png,2
site14_166.png_X0_Y0,site14_166.png,2
site14_166.png_X256_Y0,site14_166.png,2
site14_166.png_X0_Y256,site14_166.png,2
site14_166.png_X256_Y256,site14_166.png,1
site14_167.png_X0_Y0,site14_167.png,0
site14_167.png_X256_Y0,site14_167.png,0
site14_167.png_X0_Y256,site14_167.png,0
site14_167.png_X256_Y256,site14_167.png,1
site14_168.png_X0_Y0,site14_168.png,0
site14_168.png_X256_Y0,site14_168.png,0
site14_168.png_X0_Y256,site14_168.png,0
site14_168.png_X256_Y256,site14_168.png,0
site14_169.png_X0_Y0,site14_169.png,1
site14_169.png_X256_Y0,site14_169.png,2
site14_169.png_X0_Y256,site14_169.png,0
site14_169.png_X256_Y256,site14_169.png,1
site14_170.png_X0_Y0,site14_170.png,0
site14_170.png_X256_Y0,site14_170.png,0
site14_170.png_X0_Y256,site14_170.png,0
site14_170.png_X256_Y256,site14_170.png,1
site14_174.png_X0_Y0,site14_174.png,0
site14_174.png_X256_Y0,site14_174.png,0
site14_174.png_X0_Y256,site14_174.png,0
site14_174.png_X256_Y256,site14_174.png,0
site14_176.png_X0_Y0,site14_176.png,0
site14_176.png_X256_Y0,site14_176.png,0
site14_176.png_X0_Y256,site14_176.png,0
site14_176.png_X256_Y256,site14_176.png,0
site14_177.png_X0_Y0,site14_177.png,1
site14_177.png_X256_Y0,site14_177.png,0
site14_177.png_X0_Y256,site14_177.png,0
site14_177.png_X256_Y256,site14_177.png,0
site14_185.png_X0_Y0,site14_185.png,0
site14_185.png_X256_Y0,site14_185.png,2
site14_185.png_X0_Y256,site14_185.png,0
site14_185.png_X256_Y256,site14_185.png,1
site14_186.png_X0_Y0,site14_186.png,2
site14_186.png_X256_Y0,site14_186.png,2
site14_186.png_X0_Y256,site14_186.png,2
site14_186.png_X256_Y256,site14_186.png,2
site14_187.png_X0_Y0,site14_187.png,2
site14_187.png_X256_Y0,site14_187.png,2
site14_187.png_X0_Y256,site14_187.png,2
site14_187.png_X256_Y256,site14_187.png,2
site14_188.png_X0_Y0,site14_188.png,2
site14_188.png_X256_Y0,site14_188.png,1
site14_188.png_X0_Y256,site14_188.png,2
site14_188.png_X256_Y256,site14_188.png,2
site14_189.png_X0_Y0,site14_189.png,1
site14_189.png_X256_Y0,site14_189.png,2
site14_189.png_X0_Y256,site14_189.png,0
site14_189.png_X256_Y256,site14_189.png,2
site14_190.png_X0_Y0,site14_190.png,0
site14_190.png_X256_Y0,site14_190.png,1
site14_190.png_X0_Y256,site14_190.png,2
site14_190.png_X256_Y256,site14_190.png,1
site14_191.png_X0_Y0,site14_191.png,0
site14_191.png_X256_Y0,site14_191.png,0
site14_191.png_X0_Y256,site14_191.png,0
site14_191.png_X256_Y256,site14_191.png,0
site14_203.png_X0_Y0,site14_203.png,0
site14_203.png_X256_Y0,site14_203.png,0
site14_203.png_X0_Y256,site14_203.png,0
site14_203.png_X256_Y256,site14_203.png,1
site14_206.png_X0_Y0,site14_206.png,2
site14_206.png_X256_Y0,site14_206.png,2
site14_206.png_X0_Y256,site14_206.png,0
site14_206.png_X256_Y256,site14_206.png,2
site14_207.png_X0_Y0,site14_207.png,2
site14_207.png_X256_Y0,site14_207.png,2
site14_207.png_X0_Y256,site14_207.png,2
site14_207.png_X256_Y256,site14_207.png,1
site14_208.png_X0_Y0,site14_208.png,1
site14_208.png_X256_Y0,site14_208.png,1
site14_208.png_X0_Y256,site14_208.png,1
site14_208.png_X256_Y256,site14_208.png,0
site14_209.png_X0_Y0,site14_209.png,0
site14_209.png_X256_Y0,site14_209.png,0
site14_209.png_X0_Y256,site14_209.png,1
site14_209.png_X256_Y256,site14_209.png,1
site14_210.png_X0_Y0,site14_210.png,2
site14_210.png_X256_Y0,site14_210.png,1
site14_210.png_X0_Y256,site14_210.png,1
site14_210.png_X256_Y256,site14_210.png,1
site14_211.png_X0_Y0,site14_211.png,0
site14_211.png_X256_Y0,site14_211.png,1
site14_211.png_X0_Y256,site14_211.png,1
site14_211.png_X256_Y256,site14_211.png,0
site14_212.png_X0_Y0,site14_212.png,1
site14_212.png_X256_Y0,site14_212.png,0
site14_212.png_X0_Y256,site14_212.png,2
site14_212.png_X256_Y256,site14_212.png,2
site14_223.png_X0_Y0,site14_223.png,0
site14_223.png_X256_Y0,site14_223.png,0
site14_223.png_X0_Y256,site14_223.png,0
site14_223.png_X256_Y256,site14_223.png,1
site14_225.png_X0_Y0,site14_225.png,2
site14_225.png_X256_Y0,site14_225.png,1
site14_225.png_X0_Y256,site14_225.png,1
site14_225.png_X256_Y256,site14_225.png,0
site14_226.png_X0_Y0,site14_226.png,0
site14_226.png_X256_Y0,site14_226.png,1
site14_226.png_X0_Y256,site14_226.png,1
site14_226.png_X256_Y256,site14_226.png,2
site14_227.png_X0_Y0,site14_227.png,1
site14_227.png_X256_Y0,site14_227.png,1
site14_227.png_X0_Y256,site14_227.png,0
site14_227.png_X256_Y256,site14_227.png,0
site14_230.png_X0_Y0,site14_230.png,0
site14_230.png_X256_Y0,site14_230.png,1
site14_230.png_X0_Y256,site14_230.png,0
site14_230.png_X256_Y256,site14_230.png,0
site14_231.png_X0_Y0,site14_231.png,2
site14_231.png_X256_Y0,site14_231.png,1
site14_231.png_X0_Y256,site14_231.png,1
site14_231.png_X256_Y256,site14_231.png,1
site14_232.png_X0_Y0,site14_232.png,0
site14_232.png_X256_Y0,site14_232.png,1
site14_232.png_X0_Y256,site14_232.png,0
site14_232.png_X256_Y256,site14_232.png,0
site14_233.png_X0_Y0,site14_233.png,1
site14_233.png_X256_Y0,site14_233.png,0
site14_233.png_X0_Y256,site14_233.png,2
site14_233.png_X256_Y256,site14_233.png,1
site14_237.png_X0_Y0,site14_237.png,0
site14_237.png_X256_Y0,site14_237.png,0
site14_237.png_X0_Y256,site14_237.png,0
site14_237.png_X256_Y256,site14_237.png,0
site14_238.png_X0_Y0,site14_238.png,1
site14_238.png_X256_Y0,site14_238.png,1
site14_238.png_X0_Y256,site14_238.png,0
site14_238.png_X256_Y256,site14_238.png,0
site14_243.png_X0_Y0,site14_243.png,0
site14_243.png_X256_Y0,site14_243.png,0
site14_243.png_X0_Y256,site14_243.png,0
site14_243.png_X256_Y256,site14_243.png,0
site14_244.png_X0_Y0,site14_244.png,0
site14_244.png_X256_Y0,site14_244.png,0
site14_244.png_X0_Y256,site14_244.png,0
site14_244.png_X256_Y256,site14_244.png,1
site14_245.png_X0_Y0,site14_245.png,1
site14_245.png_X256_Y0,site14_245.png,2
site14_245.png_X0_Y256,site14_245.png,2
site14_245.png_X256_Y256,site14_245.png,2
site14_246.png_X0_Y0,site14_246.png,2
site14_246.png_X256_Y0,site14_246.png,0
site14_246.png_X0_Y256,site14_246.png,1
site14_246.png_X256_Y256,site14_246.png,0
site14_251.png_X0_Y0,site14_251.png,0
site14_251.png_X256_Y0,site14_251.png,1
site14_251.png_X0_Y256,site14_251.png,0
site14_251.png_X256_Y256,site14_251.png,0
site14_252.png_X0_Y0,site14_252.png,1
site14_252.png_X256_Y0,site14_252.png,0
site14_252.png_X0_Y256,site14_252.png,0
site14_252.png_X256_Y256,site14_252.png,0
site14_256.png_X0_Y0,site14_256.png,0
site14_256.png_X256_Y0,site14_256.png,0
site14_256.png_X0_Y256,site14_256.png,0
site14_256.png_X256_Y256,site14_256.png,0
site14_257.png_X0_Y0,site14_257.png,1
site14_257.png_X256_Y0,site14_257.png,1
site14_257.png_X0_Y256,site14_257.png,1
site14_257.png_X256_Y256,site14_257.png,1
site14_258.png_X0_Y0,site14_258.png,1
site14_258.png_X256_Y0,site14_258.png,0
site14_258.png_X0_Y256,site14_258.png,0
site14_258.png_X256_Y256,site14_258.png,0
site14_264.png_X0_Y0,site14_264.png,0
site14_264.png_X256_Y0,site14_264.png,1
site14_264.png_X0_Y256,site14_264.png,0
site14_264.png_X256_Y256,site14_264.png,0
site14_265.png_X0_Y0,site14_265.png,1
site14_265.png_X256_Y0,site14_265.png,0
site14_265.png_X0_Y256,site14_265.png,1
site14_265.png_X256_Y256,site14_265.png,1
site14_266.png_X0_Y0,site14_266.png,0
site14_266.png_X256_Y0,site14_266.png,0
site14_266.png_X0_Y256,site14_266.png,1
site14_266.png_X256_Y256,site14_266.png,0
site14_272.png_X0_Y0,site14_272.png,0
site14_272.png_X256_Y0,site14_272.png,1
site14_272.png_X0_Y256,site14_272.png,0
site14_272.png_X256_Y256,site14_272.png,0
site14_275.png_X0_Y0,site14_275.png,0
site14_275.png_X256_Y0,site14_275.png,0
site14_275.png_X0_Y256,site14_275.png,0
site14_275.png_X256_Y256,site14_275.png,0
site14_276.png_X0_Y0,site14_276.png,0
site14_276.png_X256_Y0,site14_276.png,1
site14_276.png_X0_Y256,site14_276.png,0
site14_276.png_X256_Y256,site14_276.png,0
site14_277.png_X0_Y0,site14_277.png,2
site14_277.png_X256_Y0,site14_277.png,1
site14_277.png_X0_Y256,site14_277.png,1
site14_277.png_X256_Y256,site14_277.png,2
site14_278.png_X0_Y0,site14_278.png,0
site14_278.png_X256_Y0,site14_278.png,0
site14_278.png_X0_Y256,site14_278.png,0
site14_278.png_X256_Y256,site14_278.png,0
site14_285.png_X0_Y0,site14_285.png,1
site14_285.png_X256_Y0,site14_285.png,1
site14_285.png_X0_Y256,site14_285.png,0
site14_285.png_X256_Y256,site14_285.png,0
site14_286.png_X0_Y0,site14_286.png,0
site14_286.png_X256_Y0,site14_286.png,0
site14_286.png_X0_Y256,site14_286.png,0
site14_286.png_X256_Y256,site14_286.png,2
site14_287.png_X0_Y0,site14_287.png,0
site14_287.png_X256_Y0,site14_287.png,0
site14_287.png_X0_Y256,site14_287.png,1
site14_287.png_X256_Y256,site14_287.png,0
site14_290.png_X0_Y0,site14_290.png,0
site14_290.png_X256_Y0,site14_290.png,0
site14_290.png_X0_Y256,site14_290.png,0
site14_290.png_X256_Y256,site14_290.png,0
site14_291.png_X0_Y0,site14_291.png,1
site14_291.png_X256_Y0,site14_291.png,0
site14_291.png_X0_Y256,site14_291.png,0
site14_291.png_X256_Y256,site14_291.png,0
site14_294.png_X0_Y0,site14_294.png,0
site14_294.png_X256_Y0,site14_294.png,1
site14_294.png_X0_Y256,site14_294.png,1
site14_294.png_X256_Y256,site14_294.png,1
site14_295.png_X0_Y0,site14_295.png,0
site14_295.png_X256_Y0,site14_295.png,0
site14_295.png_X0_Y256,site14_295.png,0
site14_295.png_X256_Y256,site14_295.png,0
site14_296.png_X0_Y0,site14_296.png,0
site14_296.png_X256_Y0,site14_296.png,0
site14_296.png_X0_Y256,site14_296.png,1
site14_296.png_X256_Y256,site14_296.png,1
site14_297.png_X0_Y0,site14_297.png,1
site14_297.png_X256_Y0,site14_297.png,2
site14_297.png_X0_Y256,site14_297.png,1
site14_297.png_X256_Y256,site14_297.png,2
site14_298.png_X0_Y0,site14_298.png,2
site14_298.png_X256_Y0,site14_298.png,0
site14_298.png_X0_Y256,site14_298.png,1
site14_298.png_X256_Y256,site14_298.png,0
site14_307.png_X0_Y0,site14_307.png,2
site14_307.png_X256_Y0,site14_307.png,0
site14_307.png_X0_Y256,site14_307.png,1
site14_307.png_X256_Y256,site14_307.png,0
site14_310.png_X0_Y0,site14_310.png,0
site14_310.png_X256_Y0,site14_310.png,0
site14_310.png_X0_Y256,site14_310.png,0
site14_310.png_X256_Y256,site14_310.png,0
site14_314.png_X0_Y0,site14_314.png,0
site14_314.png_X256_Y0,site14_314.png,1
site14_314.png_X0_Y256,site14_314.png,0
site14_314.png_X256_Y256,site14_314.png,0
site14_315.png_X0_Y0,site14_315.png,0
site14_315.png_X256_Y0,site14_315.png,2
site14_315.png_X0_Y256,site14_315.png,0
site14_315.png_X256_Y256,site14_315.png,1
site14_316.png_X0_Y0,site14_316.png,0
site14_316.png_X256_Y0,site14_316.png,0
site14_316.png_X0_Y256,site14_316.png,2
site14_316.png_X256_Y256,site14_316.png,2
site14_317.png_X0_Y0,site14_317.png,0
site14_317.png_X256_Y0,site14_317.png,0
site14_317.png_X0_Y256,site14_317.png,1
site14_317.png_X256_Y256,site14_317.png,0
site14_330.png_X0_Y0,site14_330.png,0
site14_330.png_X256_Y0,site14_330.png,0
site14_330.png_X0_Y256,site14_330.png,0
site14_330.png_X256_Y256,site14_330.png,0
site14_335.png_X0_Y0,site14_335.png,0
site14_335.png_X256_Y0,site14_335.png,0
site14_335.png_X0_Y256,site14_335.png,0
site14_335.png_X256_Y256,site14_335.png,0
site14_336.png_X0_Y0,site14_336.png,2
site14_336.png_X256_Y0,site14_336.png,2
site14_336.png_X0_Y256,site14_336.png,1
site14_336.png_X256_Y256,site14_336.png,2
site14_337.png_X0_Y0,site14_337.png,2
site14_337.png_X256_Y0,site14_337.png,2
site14_337.png_X0_Y256,site14_337.png,2
site14_337.png_X256_Y256,site14_337.png,2
site14_350.png_X0_Y0,site14_350.png,1
site14_350.png_X256_Y0,site14_350.png,1
site14_350.png_X0_Y256,site14_350.png,0
site14_350.png_X256_Y256,site14_350.png,0
site14_356.png_X0_Y0,site14_356.png,0
site14_356.png_X256_Y0,site14_356.png,1
site14_356.png_X0_Y256,site14_356.png,0
site14_356.png_X256_Y256,site14_356.png,0
site15_72.png_X0_Y0,site15_72.png,0
site15_72.png_X256_Y0,site15_72.png,0
site15_72.png_X0_Y256,site15_72.png,0
site15_72.png_X256_Y256,site15_72.png,1
site15_73.png_X0_Y0,site15_73.png,0
site15_73.png_X256_Y0,site15_73.png,0
site15_73.png_X0_Y256,site15_73.png,1
site15_73.png_X256_Y256,site15_73.png,1
site15_75.png_X0_Y0,site15_75.png,0
site15_75.png_X256_Y0,site15_75.png,0
site15_75.png_X0_Y256,site15_75.png,0
site15_75.png_X256_Y256,site15_75.png,0
site15_81.png_X0_Y0,site15_81.png,0
site15_81.png_X256_Y0,site15_81.png,0
site15_81.png_X0_Y256,site15_81.png,0
site15_81.png_X256_Y256,site15_81.png,0
site15_82.png_X0_Y0,site15_82.png,1
site15_82.png_X256_Y0,site15_82.png,1
site15_82.png_X0_Y256,site15_82.png,1
site15_82.png_X256_Y256,site15_82.png,0
site15_83.png_X0_Y0,site15_83.png,0
site15_83.png_X256_Y0,site15_83.png,2
site15_83.png_X0_Y256,site15_83.png,1
site15_83.png_X256_Y256,site15_83.png,2
site15_84.png_X0_Y0,site15_84.png,2
site15_84.png_X256_Y0,site15_84.png,1
site15_84.png_X0_Y256,site15_84.png,2
site15_84.png_X256_Y256,site15_84.png,2
site15_85.png_X0_Y0,site15_85.png,1
site15_85.png_X256_Y0,site15_85.png,1
site15_85.png_X0_Y256,site15_85.png,2
site15_85.png_X256_Y256,site15_85.png,2
site15_86.png_X0_Y0,site15_86.png,2
site15_86.png_X256_Y0,site15_86.png,0
site15_86.png_X0_Y256,site15_86.png,2
site15_86.png_X256_Y256,site15_86.png,1
site15_92.png_X0_Y0,site15_92.png,0
site15_92.png_X256_Y0,site15_92.png,1
site15_92.png_X0_Y256,site15_92.png,0
site15_92.png_X256_Y256,site15_92.png,2
site15_93.png_X0_Y0,site15_93.png,2
site15_93.png_X256_Y0,site15_93.png,1
site15_93.png_X0_Y256,site15_93.png,1
site15_93.png_X256_Y256,site15_93.png,2
site15_95.png_X0_Y0,site15_95.png,0
site15_95.png_X256_Y0,site15_95.png,1
site15_95.png_X0_Y256,site15_95.png,0
site15_95.png_X256_Y256,site15_95.png,0
site15_97.png_X0_Y0,site15_97.png,1
site15_97.png_X256_Y0,site15_97.png,1
site15_97.png_X0_Y256,site15_97.png,0
site15_97.png_X256_Y256,site15_97.png,0
site15_103.png_X0_Y0,site15_103.png,0
site15_103.png_X256_Y0,site15_103.png,1
site15_103.png_X0_Y256,site15_103.png,0
site15_103.png_X256_Y256,site15_103.png,0
site15_104.png_X0_Y0,site15_104.png,0
site15_104.png_X256_Y0,site15_104.png,0
site15_104.png_X0_Y256,site15_104.png,0
site15_104.png_X256_Y256,site15_104.png,0
site15_105.png_X0_Y0,site15_105.png,0
site15_105.png_X256_Y0,site15_105.png,1
site15_105.png_X0_Y256,site15_105.png,0
site15_105.png_X256_Y256,site15_105.png,1
site15_106.png_X0_Y0,site15_106.png,2
site15_106.png_X256_Y0,site15_106.png,1
site15_106.png_X0_Y256,site15_106.png,2
site15_106.png_X256_Y256,site15_106.png,2
site15_107.png_X0_Y0,site15_107.png,0
site15_107.png_X256_Y0,site15_107.png,0
site15_107.png_X0_Y256,site15_107.png,1
site15_107.png_X256_Y256,site15_107.png,1
site15_114.png_X0_Y0,site15_114.png,0
site15_114.png_X256_Y0,site15_114.png,0
site15_114.png_X0_Y256,site15_114.png,0
site15_114.png_X256_Y256,site15_114.png,0
site15_115.png_X0_Y0,site15_115.png,2
site15_115.png_X256_Y0,site15_115.png,2
site15_115.png_X0_Y256,site15_115.png,1
site15_115.png_X256_Y256,site15_115.png,1
site15_116.png_X0_Y0,site15_116.png,1
site15_116.png_X256_Y0,site15_116.png,0
site15_116.png_X0_Y256,site15_116.png,2
site15_116.png_X256_Y256,site15_116.png,1
site15_117.png_X0_Y0,site15_117.png,1
site15_117.png_X256_Y0,site15_117.png,1
site15_117.png_X0_Y256,site15_117.png,2
site15_117.png_X256_Y256,site15_117.png,1
site15_118.png_X0_Y0,site15_118.png,2
site15_118.png_X256_Y0,site15_118.png,2
site15_118.png_X0_Y256,site15_118.png,0
site15_118.png_X256_Y256,site15_118.png,1
site15_119.png_X0_Y0,site15_119.png,1
site15_119.png_X256_Y0,site15_119.png,0
site15_119.png_X0_Y256,site15_119.png,0
site15_119.png_X256_Y256,site15_119.png,0
site15_126.png_X0_Y0,site15_126.png,0
site15_126.png_X256_Y0,site15_126.png,1
site15_126.png_X0_Y256,site15_126.png,0
site15_126.png_X256_Y256,site15_126.png,0
site15_127.png_X0_Y0,site15_127.png,2
site15_127.png_X256_Y0,site15_127.png,2
site15_127.png_X0_Y256,site15_127.png,1
site15_127.png_X256_Y256,site15_127.png,2
site15_128.png_X0_Y0,site15_128.png,2
site15_128.png_X256_Y0,site15_128.png,2
site15_128.png_X0_Y256,site15_128.png,2
site15_128.png_X256_Y256,site15_128.png,1
site15_129.png_X0_Y0,site15_129.png,2
site15_129.png_X256_Y0,site15_129.png,0
site15_129.png_X0_Y256,site15_129.png,1
site15_129.png_X256_Y256,site15_129.png,1
site15_139.png_X0_Y0,site15_139.png,0
site15_139.png_X256_Y0,site15_139.png,0
site15_139.png_X0_Y256,site15_139.png,0
site15_139.png_X256_Y256,site15_139.png,0
site15_140.png_X0_Y0,site15_140.png,0
site15_140.png_X256_Y0,site15_140.png,1
site15_140.png_X0_Y256,site15_140.png,2
site15_140.png_X256_Y256,site15_140.png,1
site15_151.png_X0_Y0,site15_151.png,1
site15_151.png_X256_Y0,site15_151.png,0
site15_151.png_X0_Y256,site15_151.png,0
site15_151.png_X256_Y256,site15_151.png,0
site15_152.png_X0_Y0,site15_152.png,0
site15_152.png_X256_Y0,site15_152.png,0
site15_152.png_X0_Y256,site15_152.png,0
site15_152.png_X256_Y256,site15_152.png,0
site15_153.png_X0_Y0,site15_153.png,0
site15_153.png_X256_Y0,site15_153.png,0
site15_153.png_X0_Y256,site15_153.png,1
site15_153.png_X256_Y256,site15_153.png,0
site15_163.png_X0_Y0,site15_163.png,0
site15_163.png_X256_Y0,site15_163.png,1
site15_163.png_X0_Y256,site15_163.png,0
site15_163.png_X256_Y256,site15_163.png,0
site15_164.png_X0_Y0,site15_164.png,1
site15_164.png_X256_Y0,site15_164.png,0
site15_164.png_X0_Y256,site15_164.png,0
site15_164.png_X256_Y256,site15_164.png,0
site12_17.png_X0_Y0,site12_17.png,0
site12_17.png_X256_Y0,site12_17.png,0
site12_17.png_X0_Y256,site12_17.png,0
site12_17.png_X256_Y256,site12_17.png,0
site12_19.png_X0_Y0,site12_19.png,0
site12_19.png_X256_Y0,site12_19.png,0
site12_19.png_X0_Y256,site12_19.png,0
site12_19.png_X256_Y256,site12_19.png,0
site12_33.png_X0_Y0,site12_33.png,2
site12_33.png_X256_Y0,site12_33.png,2
site12_33.png_X0_Y256,site12_33.png,0
site12_33.png_X256_Y256,site12_33.png,0
site12_34.png_X0_Y0,site12_34.png,1
site12_34.png_X256_Y0,site12_34.png,1
site12_34.png_X0_Y256,site12_34.png,0
site12_34.png_X256_Y256,site12_34.png,1
site12_35.png_X0_Y0,site12_35.png,2
site12_35.png_X256_Y0,site12_35.png,2
site12_35.png_X0_Y256,site12_35.png,1
site12_35.png_X256_Y256,site12_35.png,0
site12_36.png_X0_Y0,site12_36.png,1
site12_36.png_X256_Y0,site12_36.png,0
site12_36.png_X0_Y256,site12_36.png,1
site12_36.png_X256_Y256,site12_36.png,0
site12_37.png_X0_Y0,site12_37.png,0
site12_37.png_X256_Y0,site12_37.png,0
site12_37.png_X0_Y256,site12_37.png,1
site12_37.png_X256_Y256,site12_37.png,0
site12_38.png_X0_Y0,site12_38.png,0
site12_38.png_X256_Y0,site12_38.png,1
site12_38.png_X0_Y256,site12_38.png,0
site12_38.png_X256_Y256,site12_38.png,1
site12_39.png_X0_Y0,site12_39.png,1
site12_39.png_X256_Y0,site12_39.png,1
site12_39.png_X0_Y256,site12_39.png,2
site12_39.png_X256_Y256,site12_39.png,2
site12_40.png_X0_Y0,site12_40.png,2
site12_40.png_X256_Y0,site12_40.png,2
site12_40.png_X0_Y256,site12_40.png,2
site12_40.png_X256_Y256,site12_40.png,2
site12_41.png_X0_Y0,site12_41.png,2
site12_41.png_X256_Y0,site12_41.png,2
site12_41.png_X0_Y256,site12_41.png,2
site12_41.png_X256_Y256,site12_41.png,2
site12_42.png_X0_Y0,site12_42.png,2
site12_42.png_X256_Y0,site12_42.png,2
site12_42.png_X0_Y256,site12_42.png,2
site12_42.png_X256_Y256,site12_42.png,2
site12_43.png_X0_Y0,site12_43.png,2
site12_43.png_X256_Y0,site12_43.png,2
site12_43.png_X0_Y256,site12_43.png,2
site12_43.png_X256_Y256,site12_43.png,2
site12_44.png_X0_Y0,site12_44.png,1
site12_44.png_X256_Y0,site12_44.png,0
site12_44.png_X0_Y256,site12_44.png,1
site12_44.png_X256_Y256,site12_44.png,0
site12_45.png_X0_Y0,site12_45.png,0
site12_45.png_X256_Y0,site12_45.png,0
site12_45.png_X0_Y256,site12_45.png,0
site12_45.png_X256_Y256,site12_45.png,0
site12_52.png_X0_Y0,site12_52.png,1
site12_52.png_X256_Y0,site12_52.png,1
site12_52.png_X0_Y256,site12_52.png,0
site12_52.png_X256_Y256,site12_52.png,0
site12_53.png_X0_Y0,site12_53.png,0
site12_53.png_X256_Y0,site12_53.png,1
site12_53.png_X0_Y256,site12_53.png,1
site12_53.png_X256_Y256,site12_53.png,0
site12_54.png_X0_Y0,site12_54.png,1
site12_54.png_X256_Y0,site12_54.png,2
site12_54.png_X0_Y256,site12_54.png,1
site12_54.png_X256_Y256,site12_54.png,2
site12_55.png_X0_Y0,site12_55.png,2
site12_55.png_X256_Y0,site12_55.png,2
site12_55.png_X0_Y256,site12_55.png,2
site12_55.png_X256_Y256,site12_55.png,2
site12_56.png_X0_Y0,site12_56.png,2
site12_56.png_X256_Y0,site12_56.png,2
site12_56.png_X0_Y256,site12_56.png,2
site12_56.png_X256_Y256,site12_56.png,2
site12_57.png_X0_Y0,site12_57.png,2
site12_57.png_X256_Y0,site12_57.png,2
site12_57.png_X0_Y256,site12_57.png,2
site12_57.png_X256_Y256,site12_57.png,2
site12_58.png_X0_Y0,site12_58.png,2
site12_58.png_X256_Y0,site12_58.png,2
site12_58.png_X0_Y256,site12_58.png,2
site12_58.png_X256_Y256,site12_58.png,2
site12_59.png_X0_Y0,site12_59.png,2
site12_59.png_X256_Y0,site12_59.png,2
site12_59.png_X0_Y256,site12_59.png,2
site12_59.png_X256_Y256,site12_59.png,2
site12_60.png_X0_Y0,site12_60.png,1
site12_60.png_X256_Y0,site12_60.png,0
site12_60.png_X0_Y256,site12_60.png,1
site12_60.png_X256_Y256,site12_60.png,0
site12_61.png_X0_Y0,site12_61.png,2
site12_61.png_X256_Y0,site12_61.png,2
site12_61.png_X0_Y256,site12_61.png,2
site12_61.png_X256_Y256,site12_61.png,2
site12_62.png_X0_Y0,site12_62.png,2
site12_62.png_X256_Y0,site12_62.png,2
site12_62.png_X0_Y256,site12_62.png,2
site12_62.png_X256_Y256,site12_62.png,2
site12_63.png_X0_Y0,site12_63.png,2
site12_63.png_X256_Y0,site12_63.png,2
site12_63.png_X0_Y256,site12_63.png,2
site12_63.png_X256_Y256,site12_63.png,2
site12_69.png_X0_Y0,site12_69.png,0
site12_69.png_X256_Y0,site12_69.png,0
site12_69.png_X0_Y256,site12_69.png,0
site12_69.png_X256_Y256,site12_69.png,1
site12_70.png_X0_Y0,site12_70.png,2
site12_70.png_X256_Y0,site12_70.png,1
site12_70.png_X0_Y256,site12_70.png,1
site12_70.png_X256_Y256,site12_70.png,2
site12_71.png_X0_Y0,site12_71.png,2
site12_71.png_X256_Y0,site12_71.png,2
site12_71.png_X0_Y256,site12_71.png,2
site12_71.png_X256_Y256,site12_71.png,2
site12_72.png_X0_Y0,site12_72.png,2
site12_72.png_X256_Y0,site12_72.png,2
site12_72.png_X0_Y256,site12_72.png,2
site12_72.png_X256_Y256,site12_72.png,1
site12_73.png_X0_Y0,site12_73.png,2
site12_73.png_X256_Y0,site12_73.png,2
site12_73.png_X0_Y256,site12_73.png,2
site12_73.png_X256_Y256,site12_73.png,2
site12_74.png_X0_Y0,site12_74.png,2
site12_74.png_X256_Y0,site12_74.png,2
site12_74.png_X0_Y256,site12_74.png,2
site12_74.png_X256_Y256,site12_74.png,2
site12_75.png_X0_Y0,site12_75.png,2
site12_75.png_X256_Y0,site12_75.png,2
site12_75.png_X0_Y256,site12_75.png,2
site12_75.png_X256_Y256,site12_75.png,2
site12_76.png_X0_Y0,site12_76.png,1
site12_76.png_X256_Y0,site12_76.png,0
site12_76.png_X0_Y256,site12_76.png,1
site12_76.png_X256_Y256,site12_76.png,0
site12_77.png_X0_Y0,site12_77.png,2
site12_77.png_X256_Y0,site12_77.png,2
site12_77.png_X0_Y256,site12_77.png,2
site12_77.png_X256_Y256,site12_77.png,2
site12_78.png_X0_Y0,site12_78.png,2
site12_78.png_X256_Y0,site12_78.png,2
site12_78.png_X0_Y256,site12_78.png,2
site12_78.png_X256_Y256,site12_78.png,2
site12_79.png_X0_Y0,site12_79.png,2
site12_79.png_X256_Y0,site12_79.png,2
site12_79.png_X0_Y256,site12_79.png,2
site12_79.png_X256_Y256,site12_79.png,2
site12_84.png_X0_Y0,site12_84.png,0
site12_84.png_X256_Y0,site12_84.png,1
site12_84.png_X0_Y256,site12_84.png,0
site12_84.png_X256_Y256,site12_84.png,0
site12_85.png_X0_Y0,site12_85.png,0
site12_85.png_X256_Y0,site12_85.png,1
site12_85.png_X0_Y256,site12_85.png,0
site12_85.png_X256_Y256,site12_85.png,1
site12_86.png_X0_Y0,site12_86.png,1
site12_86.png_X256_Y0,site12_86.png,1
site12_86.png_X0_Y256,site12_86.png,1
site12_86.png_X256_Y256,site12_86.png,1
site12_87.png_X0_Y0,site12_87.png,2
site12_87.png_X256_Y0,site12_87.png,2
site12_87.png_X0_Y256,site12_87.png,2
site12_87.png_X256_Y256,site12_87.png,2
site12_88.png_X0_Y0,site12_88.png,1
site12_88.png_X256_Y0,site12_88.png,0
site12_88.png_X0_Y256,site12_88.png,1
site12_88.png_X256_Y256,site12_88.png,1
site12_89.png_X0_Y0,site12_89.png,2
site12_89.png_X256_Y0,site12_89.png,2
site12_89.png_X0_Y256,site12_89.png,2
site12_89.png_X256_Y256,site12_89.png,2
site12_90.png_X0_Y0,site12_90.png,1
site12_90.png_X256_Y0,site12_90.png,1
site12_90.png_X0_Y256,site12_90.png,0
site12_90.png_X256_Y256,site12_90.png,1
site12_91.png_X0_Y0,site12_91.png,2
site12_91.png_X256_Y0,site12_91.png,2
site12_91.png_X0_Y256,site12_91.png,2
site12_91.png_X256_Y256,site12_91.png,2
site12_92.png_X0_Y0,site12_92.png,0
site12_92.png_X256_Y0,site12_92.png,0
site12_92.png_X0_Y256,site12_92.png,0
site12_92.png_X256_Y256,site12_92.png,0
site12_93.png_X0_Y0,site12_93.png,2
site12_93.png_X256_Y0,site12_93.png,2
site12_93.png_X0_Y256,site12_93.png,2
site12_93.png_X256_Y256,site12_93.png,2
site12_94.png_X0_Y0,site12_94.png,2
site12_94.png_X256_Y0,site12_94.png,2
site12_94.png_X0_Y256,site12_94.png,2
site12_94.png_X256_Y256,site12_94.png,2
site12_95.png_X0_Y0,site12_95.png,2
site12_95.png_X256_Y0,site12_95.png,2
site12_95.png_X0_Y256,site12_95.png,2
site12_95.png_X256_Y256,site12_95.png,2
site12_100.png_X0_Y0,site12_100.png,0
site12_100.png_X256_Y0,site12_100.png,1
site12_100.png_X0_Y256,site12_100.png,0
site12_100.png_X256_Y256,site12_100.png,0
site12_101.png_X0_Y0,site12_101.png,1
site12_101.png_X256_Y0,site12_101.png,2
site12_101.png_X0_Y256,site12_101.png,1
site12_101.png_X256_Y256,site12_101.png,2
site12_102.png_X0_Y0,site12_102.png,1
site12_102.png_X256_Y0,site12_102.png,1
site12_102.png_X0_Y256,site12_102.png,1
site12_102.png_X256_Y256,site12_102.png,2
site12_103.png_X0_Y0,site12_103.png,2
site12_103.png_X256_Y0,site12_103.png,2
site12_103.png_X0_Y256,site12_103.png,2
site12_103.png_X256_Y256,site12_103.png,2
site12_104.png_X0_Y0,site12_104.png,2
site12_104.png_X256_Y0,site12_104.png,1
site12_104.png_X0_Y256,site12_104.png,2
site12_104.png_X256_Y256,site12_104.png,1
site12_105.png_X0_Y0,site12_105.png,2
site12_105.png_X256_Y0,site12_105.png,2
site12_105.png_X0_Y256,site12_105.png,2
site12_105.png_X256_Y256,site12_105.png,2
site12_106.png_X0_Y0,site12_106.png,0
site12_106.png_X256_Y0,site12_106.png,2
site12_106.png_X0_Y256,site12_106.png,0
site12_106.png_X256_Y256,site12_106.png,2
site12_107.png_X0_Y0,site12_107.png,2
site12_107.png_X256_Y0,site12_107.png,2
site12_107.png_X0_Y256,site12_107.png,2
site12_107.png_X256_Y256,site12_107.png,2
site12_108.png_X0_Y0,site12_108.png,0
site12_108.png_X256_Y0,site12_108.png,1
site12_108.png_X0_Y256,site12_108.png,0
site12_108.png_X256_Y256,site12_108.png,1
site12_109.png_X0_Y0,site12_109.png,2
site12_109.png_X256_Y0,site12_109.png,2
site12_109.png_X0_Y256,site12_109.png,2
site12_109.png_X256_Y256,site12_109.png,2
site12_110.png_X0_Y0,site12_110.png,2
site12_110.png_X256_Y0,site12_110.png,2
site12_110.png_X0_Y256,site12_110.png,2
site12_110.png_X256_Y256,site12_110.png,2
site12_111.png_X0_Y0,site12_111.png,0
site12_111.png_X256_Y0,site12_111.png,0
site12_111.png_X0_Y256,site12_111.png,0
site12_111.png_X256_Y256,site12_111.png,0
site12_116.png_X0_Y0,site12_116.png,0
site12_116.png_X256_Y0,site12_116.png,0
site12_116.png_X0_Y256,site12_116.png,0
site12_116.png_X256_Y256,site12_116.png,0
site12_117.png_X0_Y0,site12_117.png,0
site12_117.png_X256_Y0,site12_117.png,2
site12_117.png_X0_Y256,site12_117.png,1
site12_117.png_X256_Y256,site12_117.png,2
site12_118.png_X0_Y0,site12_118.png,1
site12_118.png_X256_Y0,site12_118.png,2
site12_118.png_X0_Y256,site12_118.png,1
site12_118.png_X256_Y256,site12_118.png,2
site12_119.png_X0_Y0,site12_119.png,2
site12_119.png_X256_Y0,site12_119.png,2
site12_119.png_X0_Y256,site12_119.png,2
site12_119.png_X256_Y256,site12_119.png,2
site12_120.png_X0_Y0,site12_120.png,1
site12_120.png_X256_Y0,site12_120.png,1
site12_120.png_X0_Y256,site12_120.png,1
site12_120.png_X256_Y256,site12_120.png,1
site12_121.png_X0_Y0,site12_121.png,2
site12_121.png_X256_Y0,site12_121.png,2
site12_121.png_X0_Y256,site12_121.png,2
site12_121.png_X256_Y256,site12_121.png,2
site12_122.png_X0_Y0,site12_122.png,0
site12_122.png_X256_Y0,site12_122.png,2
site12_122.png_X0_Y256,site12_122.png,0
site12_122.png_X256_Y256,site12_122.png,2
site12_123.png_X0_Y0,site12_123.png,2
site12_123.png_X256_Y0,site12_123.png,2
site12_123.png_X0_Y256,site12_123.png,2
site12_123.png_X256_Y256,site12_123.png,2
site12_124.png_X0_Y0,site12_124.png,0
site12_124.png_X256_Y0,site12_124.png,1
site12_124.png_X0_Y256,site12_124.png,0
site12_124.png_X256_Y256,site12_124.png,1
site12_125.png_X0_Y0,site12_125.png,2
site12_125.png_X256_Y0,site12_125.png,2
site12_125.png_X0_Y256,site12_125.png,2
site12_125.png_X256_Y256,site12_125.png,2
site12_126.png_X0_Y0,site12_126.png,2
site12_126.png_X256_Y0,site12_126.png,1
site12_126.png_X0_Y256,site12_126.png,2
site12_126.png_X256_Y256,site12_126.png,1
site12_127.png_X0_Y0,site12_127.png,0
site12_127.png_X256_Y0,site12_127.png,2
site12_127.png_X0_Y256,site12_127.png,0
site12_127.png_X256_Y256,site12_127.png,1
site12_132.png_X0_Y0,site12_132.png,1
site12_132.png_X256_Y0,site12_132.png,2
site12_132.png_X0_Y256,site12_132.png,0
site12_132.png_X256_Y256,site12_132.png,0
site12_133.png_X0_Y0,site12_133.png,1
site12_133.png_X256_Y0,site12_133.png,0
site12_133.png_X0_Y256,site12_133.png,0
site12_133.png_X256_Y256,site12_133.png,0
site12_134.png_X0_Y0,site12_134.png,0
site12_134.png_X256_Y0,site12_134.png,0
site12_134.png_X0_Y256,site12_134.png,0
site12_134.png_X256_Y256,site12_134.png,0
site12_135.png_X0_Y0,site12_135.png,0
site12_135.png_X256_Y0,site12_135.png,2
site12_135.png_X0_Y256,site12_135.png,0
site12_135.png_X256_Y256,site12_135.png,1
site12_136.png_X0_Y0,site12_136.png,1
site12_136.png_X256_Y0,site12_136.png,1
site12_136.png_X0_Y256,site12_136.png,0
site12_136.png_X256_Y256,site12_136.png,0
site12_137.png_X0_Y0,site12_137.png,1
site12_137.png_X256_Y0,site12_137.png,1
site12_137.png_X0_Y256,site12_137.png,0
site12_137.png_X256_Y256,site12_137.png,0
site12_138.png_X0_Y0,site12_138.png,0
site12_138.png_X256_Y0,site12_138.png,1
site12_138.png_X0_Y256,site12_138.png,0
site12_138.png_X256_Y256,site12_138.png,0
site12_139.png_X0_Y0,site12_139.png,2
site12_139.png_X256_Y0,site12_139.png,1
site12_139.png_X0_Y256,site12_139.png,0
site12_139.png_X256_Y256,site12_139.png,0
site12_140.png_X0_Y0,site12_140.png,0
site12_140.png_X256_Y0,site12_140.png,1
site12_140.png_X0_Y256,site12_140.png,0
site12_140.png_X256_Y256,site12_140.png,2
site12_141.png_X0_Y0,site12_141.png,2
site12_141.png_X256_Y0,site12_141.png,2
site12_141.png_X0_Y256,site12_141.png,2
site12_141.png_X256_Y256,site12_141.png,2
site12_142.png_X0_Y0,site12_142.png,2
site12_142.png_X256_Y0,site12_142.png,0
site12_142.png_X0_Y256,site12_142.png,2
site12_142.png_X256_Y256,site12_142.png,0
site12_143.png_X0_Y0,site12_143.png,0
site12_143.png_X256_Y0,site12_143.png,0
site12_143.png_X0_Y256,site12_143.png,0
site12_143.png_X256_Y256,site12_143.png,0
site12_155.png_X0_Y0,site12_155.png,0
site12_155.png_X256_Y0,site12_155.png,2
site12_155.png_X0_Y256,site12_155.png,0
site12_155.png_X256_Y256,site12_155.png,1
site12_156.png_X0_Y0,site12_156.png,0
site12_156.png_X256_Y0,site12_156.png,1
site12_156.png_X0_Y256,site12_156.png,0
site12_156.png_X256_Y256,site12_156.png,0
site12_157.png_X0_Y0,site12_157.png,2
site12_157.png_X256_Y0,site12_157.png,2
site12_157.png_X0_Y256,site12_157.png,0
site12_157.png_X256_Y256,site12_157.png,0
site12_158.png_X0_Y0,site12_158.png,2
site12_158.png_X256_Y0,site12_158.png,0
site12_158.png_X0_Y256,site12_158.png,0
site12_158.png_X256_Y256,site12_158.png,0
site12_169.png_X0_Y0,site12_169.png,0
site12_169.png_X256_Y0,site12_169.png,0
site12_169.png_X0_Y256,site12_169.png,0
site12_169.png_X256_Y256,site12_169.png,1
site12_170.png_X0_Y0,site12_170.png,0
site12_170.png_X256_Y0,site12_170.png,0
site12_170.png_X0_Y256,site12_170.png,2
site12_170.png_X256_Y256,site12_170.png,2
site12_171.png_X0_Y0,site12_171.png,0
site12_171.png_X256_Y0,site12_171.png,0
site12_171.png_X0_Y256,site12_171.png,1
site12_171.png_X256_Y256,site12_171.png,1
site12_185.png_X0_Y0,site12_185.png,0
site12_185.png_X256_Y0,site12_185.png,1
site12_185.png_X0_Y256,site12_185.png,0
site12_185.png_X256_Y256,site12_185.png,0
site12_186.png_X0_Y0,site12_186.png,2
site12_186.png_X256_Y0,site12_186.png,2
site12_186.png_X0_Y256,site12_186.png,0
site12_186.png_X256_Y256,site12_186.png,0
site12_187.png_X0_Y0,site12_187.png,2
site12_187.png_X256_Y0,site12_187.png,1
site12_187.png_X0_Y256,site12_187.png,0
site12_187.png_X256_Y256,site12_187.png,0
site17_2.png_X0_Y0,site17_2.png,2
site17_2.png_X256_Y0,site17_2.png,2
site17_2.png_X0_Y256,site17_2.png,2
site17_2.png_X256_Y256,site17_2.png,2
site17_3.png_X0_Y0,site17_3.png,2
site17_3.png_X256_Y0,site17_3.png,2
site17_3.png_X0_Y256,site17_3.png,2
site17_3.png_X256_Y256,site17_3.png,2
site17_4.png_X0_Y0,site17_4.png,2
site17_4.png_X256_Y0,site17_4.png,2
site17_4.png_X0_Y256,site17_4.png,2
site17_4.png_X256_Y256,site17_4.png,2
site17_5.png_X0_Y0,site17_5.png,2
site17_5.png_X256_Y0,site17_5.png,1
site17_5.png_X0_Y256,site17_5.png,1
site17_5.png_X256_Y256,site17_5.png,0
site17_6.png_X0_Y0,site17_6.png,0
site17_6.png_X256_Y0,site17_6.png,0
site17_6.png_X0_Y256,site17_6.png,0
site17_6.png_X256_Y256,site17_6.png,0
site17_7.png_X0_Y0,site17_7.png,0
site17_7.png_X256_Y0,site17_7.png,0
site17_7.png_X0_Y256,site17_7.png,1
site17_7.png_X256_Y256,site17_7.png,2
site17_8.png_X0_Y0,site17_8.png,2
site17_8.png_X256_Y0,site17_8.png,1
site17_8.png_X0_Y256,site17_8.png,2
site17_8.png_X256_Y256,site17_8.png,2
site17_9.png_X0_Y0,site17_9.png,2
site17_9.png_X256_Y0,site17_9.png,2
site17_9.png_X0_Y256,site17_9.png,2
site17_9.png_X256_Y256,site17_9.png,2
site17_10.png_X0_Y0,site17_10.png,2
site17_10.png_X256_Y0,site17_10.png,2
site17_10.png_X0_Y256,site17_10.png,2
site17_10.png_X256_Y256,site17_10.png,2
site17_11.png_X0_Y0,site17_11.png,2
site17_11.png_X256_Y0,site17_11.png,2
site17_11.png_X0_Y256,site17_11.png,2
site17_11.png_X256_Y256,site17_11.png,2
site17_12.png_X0_Y0,site17_12.png,1
site17_12.png_X256_Y0,site17_12.png,0
site17_12.png_X0_Y256,site17_12.png,1
site17_12.png_X256_Y256,site17_12.png,0
site17_19.png_X0_Y0,site17_19.png,0
site17_19.png_X256_Y0,site17_19.png,1
site17_19.png_X0_Y256,site17_19.png,0
site17_19.png_X256_Y256,site17_19.png,0
site17_20.png_X0_Y0,site17_20.png,2
site17_20.png_X256_Y0,site17_20.png,2
site17_20.png_X0_Y256,site17_20.png,2
site17_20.png_X256_Y256,site17_20.png,2
site17_21.png_X0_Y0,site17_21.png,2
site17_21.png_X256_Y0,site17_21.png,2
site17_21.png_X0_Y256,site17_21.png,1
site17_21.png_X256_Y256,site17_21.png,0
site17_22.png_X0_Y0,site17_22.png,2
site17_22.png_X256_Y0,site17_22.png,2
site17_22.png_X0_Y256,site17_22.png,0
site17_22.png_X256_Y256,site17_22.png,0
site17_23.png_X0_Y0,site17_23.png,2
site17_23.png_X256_Y0,site17_23.png,2
site17_23.png_X0_Y256,site17_23.png,0
site17_23.png_X256_Y256,site17_23.png,1
site17_24.png_X0_Y0,site17_24.png,2
site17_24.png_X256_Y0,site17_24.png,2
site17_24.png_X0_Y256,site17_24.png,1
site17_24.png_X256_Y256,site17_24.png,1
site17_25.png_X0_Y0,site17_25.png,2
site17_25.png_X256_Y0,site17_25.png,1
site17_25.png_X0_Y256,site17_25.png,2
site17_25.png_X256_Y256,site17_25.png,1
site17_29.png_X0_Y0,site17_29.png,0
site17_29.png_X256_Y0,site17_29.png,0
site17_29.png_X0_Y256,site17_29.png,0
site17_29.png_X256_Y256,site17_29.png,0
site17_30.png_X0_Y0,site17_30.png,1
site17_30.png_X256_Y0,site17_30.png,1
site17_30.png_X0_Y256,site17_30.png,1
site17_30.png_X256_Y256,site17_30.png,1
site17_31.png_X0_Y0,site17_31.png,1
site17_31.png_X256_Y0,site17_31.png,2
site17_31.png_X0_Y256,site17_31.png,2
site17_31.png_X256_Y256,site17_31.png,1
site17_32.png_X0_Y0,site17_32.png,0
site17_32.png_X256_Y0,site17_32.png,0
site17_32.png_X0_Y256,site17_32.png,1
site17_32.png_X256_Y256,site17_32.png,0
site17_33.png_X0_Y0,site17_33.png,0
site17_33.png_X256_Y0,site17_33.png,0
site17_33.png_X0_Y256,site17_33.png,0
site17_33.png_X256_Y256,site17_33.png,0
site17_40.png_X0_Y0,site17_40.png,0
site17_40.png_X256_Y0,site17_40.png,0
site17_40.png_X0_Y256,site17_40.png,1
site17_40.png_X256_Y256,site17_40.png,1
site17_42.png_X0_Y0,site17_42.png,2
site17_42.png_X256_Y0,site17_42.png,2
site17_42.png_X0_Y256,site17_42.png,2
site17_42.png_X256_Y256,site17_42.png,1
site17_43.png_X0_Y0,site17_43.png,1
site17_43.png_X256_Y0,site17_43.png,0
site17_43.png_X0_Y256,site17_43.png,0
site17_43.png_X256_Y256,site17_43.png,0
site17_44.png_X0_Y0,site17_44.png,0
site17_44.png_X256_Y0,site17_44.png,0
site17_44.png_X0_Y256,site17_44.png,2
site17_44.png_X256_Y256,site17_44.png,2
site17_45.png_X0_Y0,site17_45.png,2
site17_45.png_X256_Y0,site17_45.png,1
site17_45.png_X0_Y256,site17_45.png,0
site17_45.png_X256_Y256,site17_45.png,0
site17_46.png_X0_Y0,site17_46.png,2
site17_46.png_X256_Y0,site17_46.png,2
site17_46.png_X0_Y256,site17_46.png,0
site17_46.png_X256_Y256,site17_46.png,0
site17_47.png_X0_Y0,site17_47.png,0
site17_47.png_X256_Y0,site17_47.png,0
site17_47.png_X0_Y256,site17_47.png,2
site17_47.png_X256_Y256,site17_47.png,1
site17_53.png_X0_Y0,site17_53.png,2
site17_53.png_X256_Y0,site17_53.png,1
site17_53.png_X0_Y256,site17_53.png,1
site17_53.png_X256_Y256,site17_53.png,1
site17_54.png_X0_Y0,site17_54.png,0
site17_54.png_X256_Y0,site17_54.png,0
site17_54.png_X0_Y256,site17_54.png,0
site17_54.png_X256_Y256,site17_54.png,1
site17_55.png_X0_Y0,site17_55.png,1
site17_55.png_X256_Y0,site17_55.png,0
site17_55.png_X0_Y256,site17_55.png,2
site17_55.png_X256_Y256,site17_55.png,2
site17_56.png_X0_Y0,site17_56.png,2
site17_56.png_X256_Y0,site17_56.png,2
site17_56.png_X0_Y256,site17_56.png,2
site17_56.png_X256_Y256,site17_56.png,2
site17_57.png_X0_Y0,site17_57.png,1
site17_57.png_X256_Y0,site17_57.png,0
site17_57.png_X0_Y256,site17_57.png,2
site17_57.png_X256_Y256,site17_57.png,2
site17_58.png_X0_Y0,site17_58.png,0
site17_58.png_X256_Y0,site17_58.png,0
site17_58.png_X0_Y256,site17_58.png,0
site17_58.png_X256_Y256,site17_58.png,1
site17_59.png_X0_Y0,site17_59.png,0
site17_59.png_X256_Y0,site17_59.png,0
site17_59.png_X0_Y256,site17_59.png,0
site17_59.png_X256_Y256,site17_59.png,0
site17_60.png_X0_Y0,site17_60.png,1
site17_60.png_X256_Y0,site17_60.png,2
site17_60.png_X0_Y256,site17_60.png,0
site17_60.png_X256_Y256,site17_60.png,0
site17_61.png_X0_Y0,site17_61.png,1
site17_61.png_X256_Y0,site17_61.png,1
site17_61.png_X0_Y256,site17_61.png,2
site17_61.png_X256_Y256,site17_61.png,1
site17_62.png_X0_Y0,site17_62.png,0
site17_62.png_X256_Y0,site17_62.png,0
site17_62.png_X0_Y256,site17_62.png,0
site17_62.png_X256_Y256,site17_62.png,0
site17_63.png_X0_Y0,site17_63.png,0
site17_63.png_X256_Y0,site17_63.png,0
site17_63.png_X0_Y256,site17_63.png,0
site17_63.png_X256_Y256,site17_63.png,1
site17_68.png_X0_Y0,site17_68.png,1
site17_68.png_X256_Y0,site17_68.png,2
site17_68.png_X0_Y256,site17_68.png,2
site17_68.png_X256_Y256,site17_68.png,2
site17_69.png_X0_Y0,site17_69.png,2
site17_69.png_X256_Y0,site17_69.png,2
site17_69.png_X0_Y256,site17_69.png,2
site17_69.png_X256_Y256,site17_69.png,2
site17_70.png_X0_Y0,site17_70.png,2
site17_70.png_X256_Y0,site17_70.png,2
site17_70.png_X0_Y256,site17_70.png,0
site17_70.png_X256_Y256,site17_70.png,1
site17_71.png_X0_Y0,site17_71.png,2
site17_71.png_X256_Y0,site17_71.png,2
site17_71.png_X0_Y256,site17_71.png,2
site17_71.png_X256_Y256,site17_71.png,2
site17_72.png_X0_Y0,site17_72.png,1
site17_72.png_X256_Y0,site17_72.png,0
site17_72.png_X0_Y256,site17_72.png,0
site17_72.png_X256_Y256,site17_72.png,0
site17_74.png_X0_Y0,site17_74.png,0
site17_74.png_X256_Y0,site17_74.png,2
site17_74.png_X0_Y256,site17_74.png,0
site17_74.png_X256_Y256,site17_74.png,1
site17_75.png_X0_Y0,site17_75.png,2
site17_75.png_X256_Y0,site17_75.png,1
site17_75.png_X0_Y256,site17_75.png,2
site17_75.png_X256_Y256,site17_75.png,2
site17_76.png_X0_Y0,site17_76.png,2
site17_76.png_X256_Y0,site17_76.png,2
site17_76.png_X0_Y256,site17_76.png,1
site17_76.png_X256_Y256,site17_76.png,1
site17_80.png_X0_Y0,site17_80.png,0
site17_80.png_X256_Y0,site17_80.png,0
site17_80.png_X0_Y256,site17_80.png,0
site17_80.png_X256_Y256,site17_80.png,0
site17_84.png_X0_Y0,site17_84.png,2
site17_84.png_X256_Y0,site17_84.png,2
site17_84.png_X0_Y256,site17_84.png,0
site17_84.png_X256_Y256,site17_84.png,0
site17_85.png_X0_Y0,site17_85.png,1
site17_85.png_X256_Y0,site17_85.png,0
site17_85.png_X0_Y256,site17_85.png,0
site17_85.png_X256_Y256,site17_85.png,0
site7_2.png_X0_Y0,site7_2.png,0
site7_2.png_X256_Y0,site7_2.png,0
site7_2.png_X0_Y256,site7_2.png,1
site7_2.png_X256_Y256,site7_2.png,2
site7_3.png_X0_Y0,site7_3.png,0
site7_3.png_X256_Y0,site7_3.png,0
site7_3.png_X0_Y256,site7_3.png,1
site7_3.png_X256_Y256,site7_3.png,0
site7_5.png_X0_Y0,site7_5.png,0
site7_5.png_X256_Y0,site7_5.png,0
site7_5.png_X0_Y256,site7_5.png,0
site7_5.png_X256_Y256,site7_5.png,0
site7_6.png_X0_Y0,site7_6.png,2
site7_6.png_X256_Y0,site7_6.png,2
site7_6.png_X0_Y256,site7_6.png,1
site7_6.png_X256_Y256,site7_6.png,1
site7_7.png_X0_Y0,site7_7.png,2
site7_7.png_X256_Y0,site7_7.png,2
site7_7.png_X0_Y256,site7_7.png,1
site7_7.png_X256_Y256,site7_7.png,1
site10_12.png_X0_Y0,site10_12.png,0
site10_12.png_X256_Y0,site10_12.png,0
site10_12.png_X0_Y256,site10_12.png,0
site10_12.png_X256_Y256,site10_12.png,0
site10_13.png_X0_Y0,site10_13.png,1
site10_13.png_X256_Y0,site10_13.png,0
site10_13.png_X0_Y256,site10_13.png,0
site10_13.png_X256_Y256,site10_13.png,0
site10_20.png_X0_Y0,site10_20.png,0
site10_20.png_X256_Y0,site10_20.png,0
site10_20.png_X0_Y256,site10_20.png,0
site10_20.png_X256_Y256,site10_20.png,0
site10_21.png_X0_Y0,site10_21.png,0
site10_21.png_X256_Y0,site10_21.png,0
site10_21.png_X0_Y256,site10_21.png,0
site10_21.png_X256_Y256,site10_21.png,0
site10_22.png_X0_Y0,site10_22.png,0
site10_22.png_X256_Y0,site10_22.png,0
site10_22.png_X0_Y256,site10_22.png,0
site10_22.png_X256_Y256,site10_22.png,1
site10_27.png_X0_Y0,site10_27.png,0
site10_27.png_X256_Y0,site10_27.png,0
site10_27.png_X0_Y256,site10_27.png,0
site10_27.png_X256_Y256,site10_27.png,0
site10_28.png_X0_Y0,site10_28.png,2
site10_28.png_X256_Y0,site10_28.png,1
site10_28.png_X0_Y256,site10_28.png,1
site10_28.png_X256_Y256,site10_28.png,0
site10_51.png_X0_Y0,site10_51.png,0
site10_51.png_X256_Y0,site10_51.png,0
site10_51.png_X0_Y256,site10_51.png,2
site10_51.png_X256_Y256,site10_51.png,2
site1_17.png_X0_Y0,site1_17.png,0
site1_17.png_X256_Y0,site1_17.png,1
site1_17.png_X0_Y256,site1_17.png,0
site1_17.png_X256_Y256,site1_17.png,0
site1_32.png_X0_Y0,site1_32.png,0
site1_32.png_X256_Y0,site1_32.png,0
site1_32.png_X0_Y256,site1_32.png,1
site1_32.png_X256_Y256,site1_32.png,1
site1_33.png_X0_Y0,site1_33.png,0
site1_33.png_X256_Y0,site1_33.png,0
site1_33.png_X0_Y256,site1_33.png,0
site1_33.png_X256_Y256,site1_33.png,0
site1_34.png_X0_Y0,site1_34.png,0
site1_34.png_X256_Y0,site1_34.png,0
site1_34.png_X0_Y256,site1_34.png,1
site1_34.png_X256_Y256,site1_34.png,0
site1_35.png_X0_Y0,site1_35.png,0
site1_35.png_X256_Y0,site1_35.png,0
site1_35.png_X0_Y256,site1_35.png,0
site1_35.png_X256_Y256,site1_35.png,0
site1_37.png_X0_Y0,site1_37.png,0
site1_37.png_X256_Y0,site1_37.png,0
site1_37.png_X0_Y256,site1_37.png,0
site1_37.png_X256_Y256,site1_37.png,0
site1_41.png_X0_Y0,site1_41.png,0
site1_41.png_X256_Y0,site1_41.png,1
site1_41.png_X0_Y256,site1_41.png,0
site1_41.png_X256_Y256,site1_41.png,1
site1_42.png_X0_Y0,site1_42.png,1
site1_42.png_X256_Y0,site1_42.png,1
site1_42.png_X0_Y256,site1_42.png,1
site1_42.png_X256_Y256,site1_42.png,1
site1_44.png_X0_Y0,site1_44.png,0
site1_44.png_X256_Y0,site1_44.png,1
site1_44.png_X0_Y256,site1_44.png,1
site1_44.png_X256_Y256,site1_44.png,1
site1_45.png_X0_Y0,site1_45.png,2
site1_45.png_X256_Y0,site1_45.png,1
site1_45.png_X0_Y256,site1_45.png,1
site1_45.png_X256_Y256,site1_45.png,2
site1_47.png_X0_Y0,site1_47.png,0
site1_47.png_X256_Y0,site1_47.png,0
site1_47.png_X0_Y256,site1_47.png,0
site1_47.png_X256_Y256,site1_47.png,0
site1_48.png_X0_Y0,site1_48.png,1
site1_48.png_X256_Y0,site1_48.png,1
site1_48.png_X0_Y256,site1_48.png,1
site1_48.png_X256_Y256,site1_48.png,1
site1_50.png_X0_Y0,site1_50.png,0
site1_50.png_X256_Y0,site1_50.png,0
site1_50.png_X0_Y256,site1_50.png,0
site1_50.png_X256_Y256,site1_50.png,0
site1_55.png_X0_Y0,site1_55.png,0
site1_55.png_X256_Y0,site1_55.png,1
site1_55.png_X0_Y256,site1_55.png,1
site1_55.png_X256_Y256,site1_55.png,2
site1_56.png_X0_Y0,site1_56.png,0
site1_56.png_X256_Y0,site1_56.png,0
site1_56.png_X0_Y256,site1_56.png,1
site1_56.png_X256_Y256,site1_56.png,0
site1_61.png_X0_Y0,site1_61.png,0
site1_61.png_X256_Y0,site1_61.png,0
site1_61.png_X0_Y256,site1_61.png,1
site1_61.png_X256_Y256,site1_61.png,0
site1_67.png_X0_Y0,site1_67.png,0
site1_67.png_X256_Y0,site1_67.png,0
site1_67.png_X0_Y256,site1_67.png,0
site1_67.png_X256_Y256,site1_67.png,0
site1_68.png_X0_Y0,site1_68.png,2
site1_68.png_X256_Y0,site1_68.png,1
site1_68.png_X0_Y256,site1_68.png,0
site1_68.png_X256_Y256,site1_68.png,0
site1_69.png_X0_Y0,site1_69.png,1
site1_69.png_X256_Y0,site1_69.png,0
site1_69.png_X0_Y256,site1_69.png,0
site1_69.png_X256_Y256,site1_69.png,0
site1_71.png_X0_Y0,site1_71.png,0
site1_71.png_X256_Y0,site1_71.png,0
site1_71.png_X0_Y256,site1_71.png,0
site1_71.png_X256_Y256,site1_71.png,0
site1_72.png_X0_Y0,site1_72.png,0
site1_72.png_X256_Y0,site1_72.png,0
site1_72.png_X0_Y256,site1_72.png,0
site1_72.png_X256_Y256,site1_72.png,0
site1_73.png_X0_Y0,site1_73.png,0
site1_73.png_X256_Y0,site1_73.png,0
site1_73.png_X0_Y256,site1_73.png,0
site1_73.png_X256_Y256,site1_73.png,0
site1_74.png_X0_Y0,site1_74.png,1
site1_74.png_X256_Y0,site1_74.png,0
site1_74.png_X0_Y256,site1_74.png,0
site1_74.png_X256_Y256,site1_74.png,0
site1_83.png_X0_Y0,site1_83.png,1
site1_83.png_X256_Y0,site1_83.png,1
site1_83.png_X0_Y256,site1_83.png,0
site1_83.png_X256_Y256,site1_83.png,1
site1_84.png_X0_Y0,site1_84.png,0
site1_84.png_X256_Y0,site1_84.png,0
site1_84.png_X0_Y256,site1_84.png,0
site1_84.png_X256_Y256,site1_84.png,0
site1_85.png_X0_Y0,site1_85.png,0
site1_85.png_X256_Y0,site1_85.png,0
site1_85.png_X0_Y256,site1_85.png,2
site1_85.png_X256_Y256,site1_85.png,1
site1_86.png_X0_Y0,site1_86.png,2
site1_86.png_X256_Y0,site1_86.png,2
site1_86.png_X0_Y256,site1_86.png,0
site1_86.png_X256_Y256,site1_86.png,0
site1_96.png_X0_Y0,site1_96.png,0
site1_96.png_X256_Y0,site1_96.png,0
site1_96.png_X0_Y256,site1_96.png,1
site1_96.png_X256_Y256,site1_96.png,2
site1_97.png_X0_Y0,site1_97.png,0
site1_97.png_X256_Y0,site1_97.png,0
site1_97.png_X0_Y256,site1_97.png,2
site1_97.png_X256_Y256,site1_97.png,1
site1_98.png_X0_Y0,site1_98.png,1
site1_98.png_X256_Y0,site1_98.png,1
site1_98.png_X0_Y256,site1_98.png,2
site1_98.png_X256_Y256,site1_98.png,2
site1_99.png_X0_Y0,site1_99.png,1
site1_99.png_X256_Y0,site1_99.png,1
site1_99.png_X0_Y256,site1_99.png,1
site1_99.png_X256_Y256,site1_99.png,0
site1_109.png_X0_Y0,site1_109.png,2
site1_109.png_X256_Y0,site1_109.png,1
site1_109.png_X0_Y256,site1_109.png,0
site1_109.png_X256_Y256,site1_109.png,0
site1_110.png_X0_Y0,site1_110.png,0
site1_110.png_X256_Y0,site1_110.png,1
site1_110.png_X0_Y256,site1_110.png,2
site1_110.png_X256_Y256,site1_110.png,2
site1_111.png_X0_Y0,site1_111.png,2
site1_111.png_X256_Y0,site1_111.png,2
site1_111.png_X0_Y256,site1_111.png,2
site1_111.png_X256_Y256,site1_111.png,2
site1_123.png_X0_Y0,site1_123.png,1
site1_123.png_X256_Y0,site1_123.png,2
site1_123.png_X0_Y256,site1_123.png,0
site1_123.png_X256_Y256,site1_123.png,0
site8_25.png_X0_Y0,site8_25.png,0
site8_25.png_X256_Y0,site8_25.png,0
site8_25.png_X0_Y256,site8_25.png,0
site8_25.png_X256_Y256,site8_25.png,0
site8_26.png_X0_Y0,site8_26.png,0
site8_26.png_X256_Y0,site8_26.png,0
site8_26.png_X0_Y256,site8_26.png,0
site8_26.png_X256_Y256,site8_26.png,0
site8_35.png_X0_Y0,site8_35.png,0
site8_35.png_X256_Y0,site8_35.png,1
site8_35.png_X0_Y256,site8_35.png,0
site8_35.png_X256_Y256,site8_35.png,1
site8_36.png_X0_Y0,site8_36.png,2
site8_36.png_X256_Y0,site8_36.png,2
site8_36.png_X0_Y256,site8_36.png,2
site8_36.png_X256_Y256,site8_36.png,2
site8_37.png_X0_Y0,site8_37.png,2
site8_37.png_X256_Y0,site8_37.png,2
site8_37.png_X0_Y256,site8_37.png,2
site8_37.png_X256_Y256,site8_37.png,2
site8_45.png_X0_Y0,site8_45.png,0
site8_45.png_X256_Y0,site8_45.png,0
site8_45.png_X0_Y256,site8_45.png,0
site8_45.png_X256_Y256,site8_45.png,0
site8_46.png_X0_Y0,site8_46.png,2
site8_46.png_X256_Y0,site8_46.png,2
site8_46.png_X0_Y256,site8_46.png,0
site8_46.png_X256_Y256,site8_46.png,0
site8_47.png_X0_Y0,site8_47.png,2
site8_47.png_X256_Y0,site8_47.png,2
site8_47.png_X0_Y256,site8_47.png,0
site8_47.png_X256_Y256,site8_47.png,0
site8_48.png_X0_Y0,site8_48.png,1
site8_48.png_X256_Y0,site8_48.png,0
site8_48.png_X0_Y256,site8_48.png,0
site8_48.png_X256_Y256,site8_48.png,0
site8_57.png_X0_Y0,site8_57.png,0
site8_57.png_X256_Y0,site8_57.png,0
site8_57.png_X0_Y256,site8_57.png,2
site8_57.png_X256_Y256,site8_57.png,2
site8_58.png_X0_Y0,site8_58.png,1
site8_58.png_X256_Y0,site8_58.png,0
site8_58.png_X0_Y256,site8_58.png,2
site8_58.png_X256_Y256,site8_58.png,0
site8_65.png_X0_Y0,site8_65.png,0
site8_65.png_X256_Y0,site8_65.png,0
site8_65.png_X0_Y256,site8_65.png,0
site8_65.png_X256_Y256,site8_65.png,0
site8_93.png_X0_Y0,site8_93.png,0
site8_93.png_X256_Y0,site8_93.png,1
site8_93.png_X0_Y256,site8_93.png,0
site8_93.png_X256_Y256,site8_93.png,0
site8_103.png_X0_Y0,site8_103.png,0
site8_103.png_X256_Y0,site8_103.png,0
site8_103.png_X0_Y256,site8_103.png,0
site8_103.png_X256_Y256,site8_103.png,0
site8_104.png_X0_Y0,site8_104.png,1
site8_104.png_X256_Y0,site8_104.png,0
site8_104.png_X0_Y256,site8_104.png,1
site8_104.png_X256_Y256,site8_104.png,0
site8_113.png_X0_Y0,site8_113.png,0
site8_113.png_X256_Y0,site8_113.png,0
site8_113.png_X0_Y256,site8_113.png,0
site8_113.png_X256_Y256,site8_113.png,0
site8_114.png_X0_Y0,site8_114.png,0
site8_114.png_X256_Y0,site8_114.png,0
site8_114.png_X0_Y256,site8_114.png,1
site8_114.png_X256_Y256,site8_114.png,0
site8_123.png_X0_Y0,site8_123.png,0
site8_123.png_X256_Y0,site8_123.png,0
site8_123.png_X0_Y256,site8_123.png,0
site8_123.png_X256_Y256,site8_123.png,0
site8_124.png_X0_Y0,site8_124.png,2
site8_124.png_X256_Y0,site8_124.png,2
site8_124.png_X0_Y256,site8_124.png,1
site8_124.png_X256_Y256,site8_124.png,1
site8_133.png_X0_Y0,site8_133.png,0
site8_133.png_X256_Y0,site8_133.png,1
site8_133.png_X0_Y256,site8_133.png,0
site8_133.png_X256_Y256,site8_133.png,1
site8_134.png_X0_Y0,site8_134.png,1
site8_134.png_X256_Y0,site8_134.png,0
site8_134.png_X0_Y256,site8_134.png,0
site8_134.png_X256_Y256,site8_134.png,1
site8_135.png_X0_Y0,site8_135.png,1
site8_135.png_X256_Y0,site8_135.png,0
site8_135.png_X0_Y256,site8_135.png,0
site8_135.png_X256_Y256,site8_135.png,0
site8_143.png_X0_Y0,site8_143.png,0
site8_143.png_X256_Y0,site8_143.png,1
site8_143.png_X0_Y256,site8_143.png,0
site8_143.png_X256_Y256,site8_143.png,1
site8_144.png_X0_Y0,site8_144.png,1
site8_144.png_X256_Y0,site8_144.png,2
site8_144.png_X0_Y256,site8_144.png,2
site8_144.png_X256_Y256,site8_144.png,2
site8_145.png_X0_Y0,site8_145.png,0
site8_145.png_X256_Y0,site8_145.png,0
site8_145.png_X0_Y256,site8_145.png,0
site8_145.png_X256_Y256,site8_145.png,1
site8_146.png_X0_Y0,site8_146.png,0
site8_146.png_X256_Y0,site8_146.png,0
site8_146.png_X0_Y256,site8_146.png,1
site8_146.png_X256_Y256,site8_146.png,1
site8_147.png_X0_Y0,site8_147.png,1
site8_147.png_X256_Y0,site8_147.png,1
site8_147.png_X0_Y256,site8_147.png,1
site8_147.png_X256_Y256,site8_147.png,2
site8_155.png_X0_Y0,site8_155.png,0
site8_155.png_X256_Y0,site8_155.png,0
site8_155.png_X0_Y256,site8_155.png,0
site8_155.png_X256_Y256,site8_155.png,0
site8_156.png_X0_Y0,site8_156.png,2
site8_156.png_X256_Y0,site8_156.png,2
site8_156.png_X0_Y256,site8_156.png,2
site8_156.png_X256_Y256,site8_156.png,2
site8_157.png_X0_Y0,site8_157.png,2
site8_157.png_X256_Y0,site8_157.png,1
site8_157.png_X0_Y256,site8_157.png,2
site8_157.png_X256_Y256,site8_157.png,1
site8_166.png_X0_Y0,site8_166.png,2
site8_166.png_X256_Y0,site8_166.png,2
site8_166.png_X0_Y256,site8_166.png,2
site8_166.png_X256_Y256,site8_166.png,2
site8_167.png_X0_Y0,site8_167.png,2
site8_167.png_X256_Y0,site8_167.png,0
site8_167.png_X0_Y256,site8_167.png,2
site8_167.png_X256_Y256,site8_167.png,1
site8_168.png_X0_Y0,site8_168.png,1
site8_168.png_X256_Y0,site8_168.png,0
site8_168.png_X0_Y256,site8_168.png,2
site8_168.png_X256_Y256,site8_168.png,0
site8_175.png_X0_Y0,site8_175.png,0
site8_175.png_X256_Y0,site8_175.png,1
site8_175.png_X0_Y256,site8_175.png,0
site8_175.png_X256_Y256,site8_175.png,2
site8_176.png_X0_Y0,site8_176.png,2
site8_176.png_X256_Y0,site8_176.png,2
site8_176.png_X0_Y256,site8_176.png,0
site8_176.png_X256_Y256,site8_176.png,0
site8_177.png_X0_Y0,site8_177.png,2
site8_177.png_X256_Y0,site8_177.png,0
site8_177.png_X0_Y256,site8_177.png,0
site8_177.png_X256_Y256,site8_177.png,0
site8_178.png_X0_Y0,site8_178.png,2
site8_178.png_X256_Y0,site8_178.png,0
site8_178.png_X0_Y256,site8_178.png,0
site8_178.png_X256_Y256,site8_178.png,1
site8_179.png_X0_Y0,site8_179.png,0
site8_179.png_X256_Y0,site8_179.png,0
site8_179.png_X0_Y256,site8_179.png,1
site8_179.png_X256_Y256,site8_179.png,0
site8_185.png_X0_Y0,site8_185.png,0
site8_185.png_X256_Y0,site8_185.png,2
site8_185.png_X0_Y256,site8_185.png,0
site8_185.png_X256_Y256,site8_185.png,0
site8_186.png_X0_Y0,site8_186.png,2
site8_186.png_X256_Y0,site8_186.png,2
site8_186.png_X0_Y256,site8_186.png,1
site8_186.png_X256_Y256,site8_186.png,1
site8_187.png_X0_Y0,site8_187.png,1
site8_187.png_X256_Y0,site8_187.png,0
site8_187.png_X0_Y256,site8_187.png,0
site8_187.png_X256_Y256,site8_187.png,0
site8_188.png_X0_Y0,site8_188.png,0
site8_188.png_X256_Y0,site8_188.png,0
site8_188.png_X0_Y256,site8_188.png,0
site8_188.png_X256_Y256,site8_188.png,0
site8_189.png_X0_Y0,site8_189.png,0
site8_189.png_X256_Y0,site8_189.png,0
site8_189.png_X0_Y256,site8_189.png,0
site8_189.png_X256_Y256,site8_189.png,0
site8_193.png_X0_Y0,site8_193.png,0
site8_193.png_X256_Y0,site8_193.png,0
site8_193.png_X0_Y256,site8_193.png,0
site8_193.png_X256_Y256,site8_193.png,0
site8_194.png_X0_Y0,site8_194.png,0
site8_194.png_X256_Y0,site8_194.png,0
site8_194.png_X0_Y256,site8_194.png,0
site8_194.png_X256_Y256,site8_194.png,0
site8_196.png_X0_Y0,site8_196.png,0
site8_196.png_X256_Y0,site8_196.png,0
site8_196.png_X0_Y256,site8_196.png,0
site8_196.png_X256_Y256,site8_196.png,0
site8_198.png_X0_Y0,site8_198.png,0
site8_198.png_X256_Y0,site8_198.png,0
site8_198.png_X0_Y256,site8_198.png,0
site8_198.png_X256_Y256,site8_198.png,1
site8_199.png_X0_Y0,site8_199.png,0
site8_199.png_X256_Y0,site8_199.png,0
site8_199.png_X0_Y256,site8_199.png,0
site8_199.png_X256_Y256,site8_199.png,0
site8_204.png_X0_Y0,site8_204.png,0
site8_204.png_X256_Y0,site8_204.png,0
site8_204.png_X0_Y256,site8_204.png,0
site8_204.png_X256_Y256,site8_204.png,0
site8_206.png_X0_Y0,site8_206.png,1
site8_206.png_X256_Y0,site8_206.png,0
site8_206.png_X0_Y256,site8_206.png,0
site8_206.png_X256_Y256,site8_206.png,0
site8_207.png_X0_Y0,site8_207.png,0
site8_207.png_X256_Y0,site8_207.png,0
site8_207.png_X0_Y256,site8_207.png,0
site8_207.png_X256_Y256,site8_207.png,0
site8_214.png_X0_Y0,site8_214.png,0
site8_214.png_X256_Y0,site8_214.png,0
site8_214.png_X0_Y256,site8_214.png,0
site8_214.png_X256_Y256,site8_214.png,1
site8_224.png_X0_Y0,site8_224.png,0
site8_224.png_X256_Y0,site8_224.png,0
site8_224.png_X0_Y256,site8_224.png,0
site8_224.png_X256_Y256,site8_224.png,0
site8_233.png_X0_Y0,site8_233.png,0
site8_233.png_X256_Y0,site8_233.png,0
site8_233.png_X0_Y256,site8_233.png,1
site8_233.png_X256_Y256,site8_233.png,0
site8_234.png_X0_Y0,site8_234.png,0
site8_234.png_X256_Y0,site8_234.png,0
site8_234.png_X0_Y256,site8_234.png,1
site8_234.png_X256_Y256,site8_234.png,0
site8_235.png_X0_Y0,site8_235.png,0
site8_235.png_X256_Y0,site8_235.png,0
site8_235.png_X0_Y256,site8_235.png,1
site8_235.png_X256_Y256,site8_235.png,1
site8_236.png_X0_Y0,site8_236.png,0
site8_236.png_X256_Y0,site8_236.png,0
site8_236.png_X0_Y256,site8_236.png,1
site8_236.png_X256_Y256,site8_236.png,0
site8_244.png_X0_Y0,site8_244.png,1
site8_244.png_X256_Y0,site8_244.png,2
site8_244.png_X0_Y256,site8_244.png,0
site8_244.png_X256_Y256,site8_244.png,2
site8_246.png_X0_Y0,site8_246.png,1
site8_246.png_X256_Y0,site8_246.png,1
site8_246.png_X0_Y256,site8_246.png,0
site8_246.png_X256_Y256,site8_246.png,0
site8_247.png_X0_Y0,site8_247.png,0
site8_247.png_X256_Y0,site8_247.png,0
site8_247.png_X0_Y256,site8_247.png,0
site8_247.png_X256_Y256,site8_247.png,1
site8_254.png_X0_Y0,site8_254.png,0
site8_254.png_X256_Y0,site8_254.png,2
site8_254.png_X0_Y256,site8_254.png,0
site8_254.png_X256_Y256,site8_254.png,2
site8_255.png_X0_Y0,site8_255.png,0
site8_255.png_X256_Y0,site8_255.png,0
site8_255.png_X0_Y256,site8_255.png,0
site8_255.png_X256_Y256,site8_255.png,0
site13_6.png_X0_Y0,site13_6.png,1
site13_6.png_X256_Y0,site13_6.png,1
site13_6.png_X0_Y256,site13_6.png,0
site13_6.png_X256_Y256,site13_6.png,0
site13_7.png_X0_Y0,site13_7.png,0
site13_7.png_X256_Y0,site13_7.png,1
site13_7.png_X0_Y256,site13_7.png,0
site13_7.png_X256_Y256,site13_7.png,0
site13_8.png_X0_Y0,site13_8.png,0
site13_8.png_X256_Y0,site13_8.png,0
site13_8.png_X0_Y256,site13_8.png,1
site13_8.png_X256_Y256,site13_8.png,0
site13_16.png_X0_Y0,site13_16.png,1
site13_16.png_X256_Y0,site13_16.png,1
site13_16.png_X0_Y256,site13_16.png,0
site13_16.png_X256_Y256,site13_16.png,1
site13_17.png_X0_Y0,site13_17.png,0
site13_17.png_X256_Y0,site13_17.png,1
site13_17.png_X0_Y256,site13_17.png,2
site13_17.png_X256_Y256,site13_17.png,0
site13_24.png_X0_Y0,site13_24.png,0
site13_24.png_X256_Y0,site13_24.png,0
site13_24.png_X0_Y256,site13_24.png,0
site13_24.png_X256_Y256,site13_24.png,0
site13_25.png_X0_Y0,site13_25.png,0
site13_25.png_X256_Y0,site13_25.png,0
site13_25.png_X0_Y256,site13_25.png,0
site13_25.png_X256_Y256,site13_25.png,0
site13_26.png_X0_Y0,site13_26.png,1
site13_26.png_X256_Y0,site13_26.png,0
site13_26.png_X0_Y256,site13_26.png,1
site13_26.png_X256_Y256,site13_26.png,2
site13_27.png_X0_Y0,site13_27.png,0
site13_27.png_X256_Y0,site13_27.png,0
site13_27.png_X0_Y256,site13_27.png,2
site13_27.png_X256_Y256,site13_27.png,1
site13_31.png_X0_Y0,site13_31.png,0
site13_31.png_X256_Y0,site13_31.png,0
site13_31.png_X0_Y256,site13_31.png,0
site13_31.png_X256_Y256,site13_31.png,0
site13_32.png_X0_Y0,site13_32.png,0
site13_32.png_X256_Y0,site13_32.png,1
site13_32.png_X0_Y256,site13_32.png,1
site13_32.png_X256_Y256,site13_32.png,2
site13_33.png_X0_Y0,site13_33.png,1
site13_33.png_X256_Y0,site13_33.png,0
site13_33.png_X0_Y256,site13_33.png,2
site13_33.png_X256_Y256,site13_33.png,0
site13_34.png_X0_Y0,site13_34.png,0
site13_34.png_X256_Y0,site13_34.png,0
site13_34.png_X0_Y256,site13_34.png,0
site13_34.png_X256_Y256,site13_34.png,0
site13_35.png_X0_Y0,site13_35.png,0
site13_35.png_X256_Y0,site13_35.png,0
site13_35.png_X0_Y256,site13_35.png,0
site13_35.png_X256_Y256,site13_35.png,0
site13_36.png_X0_Y0,site13_36.png,2
site13_36.png_X256_Y0,site13_36.png,2
site13_36.png_X0_Y256,site13_36.png,2
site13_36.png_X256_Y256,site13_36.png,2
site13_37.png_X0_Y0,site13_37.png,2
site13_37.png_X256_Y0,site13_37.png,2
site13_37.png_X0_Y256,site13_37.png,2
site13_37.png_X256_Y256,site13_37.png,1
site13_42.png_X0_Y0,site13_42.png,0
site13_42.png_X256_Y0,site13_42.png,2
site13_42.png_X0_Y256,site13_42.png,0
site13_42.png_X256_Y256,site13_42.png,1
site13_43.png_X0_Y0,site13_43.png,1
site13_43.png_X256_Y0,site13_43.png,1
site13_43.png_X0_Y256,site13_43.png,1
site13_43.png_X256_Y256,site13_43.png,1
site13_44.png_X0_Y0,site13_44.png,0
site13_44.png_X256_Y0,site13_44.png,0
site13_44.png_X0_Y256,site13_44.png,1
site13_44.png_X256_Y256,site13_44.png,0
site13_45.png_X0_Y0,site13_45.png,1
site13_45.png_X256_Y0,site13_45.png,2
site13_45.png_X0_Y256,site13_45.png,1
site13_45.png_X256_Y256,site13_45.png,2
site13_46.png_X0_Y0,site13_46.png,2
site13_46.png_X256_Y0,site13_46.png,2
site13_46.png_X0_Y256,site13_46.png,2
site13_46.png_X256_Y256,site13_46.png,2
site13_47.png_X0_Y0,site13_47.png,2
site13_47.png_X256_Y0,site13_47.png,2
site13_47.png_X0_Y256,site13_47.png,2
site13_47.png_X256_Y256,site13_47.png,2
site13_52.png_X0_Y0,site13_52.png,0
site13_52.png_X256_Y0,site13_52.png,0
site13_52.png_X0_Y256,site13_52.png,1
site13_52.png_X256_Y256,site13_52.png,1
site13_53.png_X0_Y0,site13_53.png,1
site13_53.png_X256_Y0,site13_53.png,0
site13_53.png_X0_Y256,site13_53.png,2
site13_53.png_X256_Y256,site13_53.png,1
site13_54.png_X0_Y0,site13_54.png,1
site13_54.png_X256_Y0,site13_54.png,0
site13_54.png_X0_Y256,site13_54.png,1
site13_54.png_X256_Y256,site13_54.png,0
site13_55.png_X0_Y0,site13_55.png,0
site13_55.png_X256_Y0,site13_55.png,2
site13_55.png_X0_Y256,site13_55.png,0
site13_55.png_X256_Y256,site13_55.png,1
site13_56.png_X0_Y0,site13_56.png,1
site13_56.png_X256_Y0,site13_56.png,2
site13_56.png_X0_Y256,site13_56.png,1
site13_56.png_X256_Y256,site13_56.png,1
site13_57.png_X0_Y0,site13_57.png,2
site13_57.png_X256_Y0,site13_57.png,1
site13_57.png_X0_Y256,site13_57.png,1
site13_57.png_X256_Y256,site13_57.png,0
site13_61.png_X0_Y0,site13_61.png,0
site13_61.png_X256_Y0,site13_61.png,0
site13_61.png_X0_Y256,site13_61.png,0
site13_61.png_X256_Y256,site13_61.png,0
site13_62.png_X0_Y0,site13_62.png,1
site13_62.png_X256_Y0,site13_62.png,1
site13_62.png_X0_Y256,site13_62.png,1
site13_62.png_X256_Y256,site13_62.png,1
site13_63.png_X0_Y0,site13_63.png,2
site13_63.png_X256_Y0,site13_63.png,1
site13_63.png_X0_Y256,site13_63.png,1
site13_63.png_X256_Y256,site13_63.png,0
site13_64.png_X0_Y0,site13_64.png,1
site13_64.png_X256_Y0,site13_64.png,0
site13_64.png_X0_Y256,site13_64.png,1
site13_64.png_X256_Y256,site13_64.png,2
site13_65.png_X0_Y0,site13_65.png,0
site13_65.png_X256_Y0,site13_65.png,0
site13_65.png_X0_Y256,site13_65.png,1
site13_65.png_X256_Y256,site13_65.png,0
site13_66.png_X0_Y0,site13_66.png,1
site13_66.png_X256_Y0,site13_66.png,2
site13_66.png_X0_Y256,site13_66.png,2
site13_66.png_X256_Y256,site13_66.png,2
site13_67.png_X0_Y0,site13_67.png,0
site13_67.png_X256_Y0,site13_67.png,0
site13_67.png_X0_Y256,site13_67.png,1
site13_67.png_X256_Y256,site13_67.png,0
site13_71.png_X0_Y0,site13_71.png,1
site13_71.png_X256_Y0,site13_71.png,1
site13_71.png_X0_Y256,site13_71.png,1
site13_71.png_X256_Y256,site13_71.png,2
site13_72.png_X0_Y0,site13_72.png,2
site13_72.png_X256_Y0,site13_72.png,2
site13_72.png_X0_Y256,site13_72.png,2
site13_72.png_X256_Y256,site13_72.png,2
site13_73.png_X0_Y0,site13_73.png,2
site13_73.png_X256_Y0,site13_73.png,2
site13_73.png_X0_Y256,site13_73.png,2
site13_73.png_X256_Y256,site13_73.png,2
site13_74.png_X0_Y0,site13_74.png,2
site13_74.png_X256_Y0,site13_74.png,2
site13_74.png_X0_Y256,site13_74.png,2
site13_74.png_X256_Y256,site13_74.png,2
site13_75.png_X0_Y0,site13_75.png,2
site13_75.png_X256_Y0,site13_75.png,1
site13_75.png_X0_Y256,site13_75.png,2
site13_75.png_X256_Y256,site13_75.png,2
site13_76.png_X0_Y0,site13_76.png,1
site13_76.png_X256_Y0,site13_76.png,2
site13_76.png_X0_Y256,site13_76.png,0
site13_76.png_X256_Y256,site13_76.png,2
site13_77.png_X0_Y0,site13_77.png,2
site13_77.png_X256_Y0,site13_77.png,0
site13_77.png_X0_Y256,site13_77.png,2
site13_77.png_X256_Y256,site13_77.png,1
site13_82.png_X0_Y0,site13_82.png,2
site13_82.png_X256_Y0,site13_82.png,2
site13_82.png_X0_Y256,site13_82.png,2
site13_82.png_X256_Y256,site13_82.png,2
site13_83.png_X0_Y0,site13_83.png,2
site13_83.png_X256_Y0,site13_83.png,2
site13_83.png_X0_Y256,site13_83.png,2
site13_83.png_X256_Y256,site13_83.png,2
site13_84.png_X0_Y0,site13_84.png,2
site13_84.png_X256_Y0,site13_84.png,2
site13_84.png_X0_Y256,site13_84.png,2
site13_84.png_X256_Y256,site13_84.png,2
site13_85.png_X0_Y0,site13_85.png,2
site13_85.png_X256_Y0,site13_85.png,0
site13_85.png_X0_Y256,site13_85.png,2
site13_85.png_X256_Y256,site13_85.png,0
site13_86.png_X0_Y0,site13_86.png,0
site13_86.png_X256_Y0,site13_86.png,1
site13_86.png_X0_Y256,site13_86.png,1
site13_86.png_X256_Y256,site13_86.png,2
site13_87.png_X0_Y0,site13_87.png,2
site13_87.png_X256_Y0,site13_87.png,2
site13_87.png_X0_Y256,site13_87.png,2
site13_87.png_X256_Y256,site13_87.png,2
site13_92.png_X0_Y0,site13_92.png,2
site13_92.png_X256_Y0,site13_92.png,2
site13_92.png_X0_Y256,site13_92.png,2
site13_92.png_X256_Y256,site13_92.png,2
site13_93.png_X0_Y0,site13_93.png,2
site13_93.png_X256_Y0,site13_93.png,2
site13_93.png_X0_Y256,site13_93.png,2
site13_93.png_X256_Y256,site13_93.png,2
site13_94.png_X0_Y0,site13_94.png,2
site13_94.png_X256_Y0,site13_94.png,2
site13_94.png_X0_Y256,site13_94.png,2
site13_94.png_X256_Y256,site13_94.png,2
site13_95.png_X0_Y0,site13_95.png,2
site13_95.png_X256_Y0,site13_95.png,0
site13_95.png_X0_Y256,site13_95.png,2
site13_95.png_X256_Y256,site13_95.png,0
site13_96.png_X0_Y0,site13_96.png,0
site13_96.png_X256_Y0,site13_96.png,1
site13_96.png_X0_Y256,site13_96.png,0
site13_96.png_X256_Y256,site13_96.png,0
site13_97.png_X0_Y0,site13_97.png,1
site13_97.png_X256_Y0,site13_97.png,0
site13_97.png_X0_Y256,site13_97.png,0
site13_97.png_X256_Y256,site13_97.png,0
site13_98.png_X0_Y0,site13_98.png,0
site13_98.png_X256_Y0,site13_98.png,0
site13_98.png_X0_Y256,site13_98.png,1
site13_98.png_X256_Y256,site13_98.png,0
site13_102.png_X0_Y0,site13_102.png,2
site13_102.png_X256_Y0,site13_102.png,2
site13_102.png_X0_Y256,site13_102.png,2
site13_102.png_X256_Y256,site13_102.png,2
site13_103.png_X0_Y0,site13_103.png,2
site13_103.png_X256_Y0,site13_103.png,2
site13_103.png_X0_Y256,site13_103.png,2
site13_103.png_X256_Y256,site13_103.png,2
site13_104.png_X0_Y0,site13_104.png,2
site13_104.png_X256_Y0,site13_104.png,2
site13_104.png_X0_Y256,site13_104.png,2
site13_104.png_X256_Y256,site13_104.png,2
site13_105.png_X0_Y0,site13_105.png,2
site13_105.png_X256_Y0,site13_105.png,0
site13_105.png_X0_Y256,site13_105.png,2
site13_105.png_X256_Y256,site13_105.png,0
site13_106.png_X0_Y0,site13_106.png,0
site13_106.png_X256_Y0,site13_106.png,0
site13_106.png_X0_Y256,site13_106.png,0
site13_106.png_X256_Y256,site13_106.png,1
site13_107.png_X0_Y0,site13_107.png,1
site13_107.png_X256_Y0,site13_107.png,0
site13_107.png_X0_Y256,site13_107.png,2
site13_107.png_X256_Y256,site13_107.png,2
site13_108.png_X0_Y0,site13_108.png,1
site13_108.png_X256_Y0,site13_108.png,0
site13_108.png_X0_Y256,site13_108.png,2
site13_108.png_X256_Y256,site13_108.png,0
site13_112.png_X0_Y0,site13_112.png,2
site13_112.png_X256_Y0,site13_112.png,2
site13_112.png_X0_Y256,site13_112.png,2
site13_112.png_X256_Y256,site13_112.png,2
site13_113.png_X0_Y0,site13_113.png,2
site13_113.png_X256_Y0,site13_113.png,2
site13_113.png_X0_Y256,site13_113.png,2
site13_113.png_X256_Y256,site13_113.png,2
site13_114.png_X0_Y0,site13_114.png,2
site13_114.png_X256_Y0,site13_114.png,2
site13_114.png_X0_Y256,site13_114.png,2
site13_114.png_X256_Y256,site13_114.png,2
site13_115.png_X0_Y0,site13_115.png,2
site13_115.png_X256_Y0,site13_115.png,0
site13_115.png_X0_Y256,site13_115.png,2
site13_115.png_X256_Y256,site13_115.png,0
site13_116.png_X0_Y0,site13_116.png,0
site13_116.png_X256_Y0,site13_116.png,2
site13_116.png_X0_Y256,site13_116.png,0
site13_116.png_X256_Y256,site13_116.png,1
site13_117.png_X0_Y0,site13_117.png,2
site13_117.png_X256_Y0,site13_117.png,2
site13_117.png_X0_Y256,site13_117.png,2
site13_117.png_X256_Y256,site13_117.png,2
site13_118.png_X0_Y0,site13_118.png,2
site13_118.png_X256_Y0,site13_118.png,0
site13_118.png_X0_Y256,site13_118.png,2
site13_118.png_X256_Y256,site13_118.png,2
site13_119.png_X0_Y0,site13_119.png,0
site13_119.png_X256_Y0,site13_119.png,0
site13_119.png_X0_Y256,site13_119.png,1
site13_119.png_X256_Y256,site13_119.png,0
site13_122.png_X0_Y0,site13_122.png,2
site13_122.png_X256_Y0,site13_122.png,2
site13_122.png_X0_Y256,site13_122.png,1
site13_122.png_X256_Y256,site13_122.png,0
site13_123.png_X0_Y0,site13_123.png,2
site13_123.png_X256_Y0,site13_123.png,2
site13_123.png_X0_Y256,site13_123.png,1
site13_123.png_X256_Y256,site13_123.png,1
site13_124.png_X0_Y0,site13_124.png,2
site13_124.png_X256_Y0,site13_124.png,2
site13_124.png_X0_Y256,site13_124.png,1
site13_124.png_X256_Y256,site13_124.png,0
site13_126.png_X0_Y0,site13_126.png,0
site13_126.png_X256_Y0,site13_126.png,1
site13_126.png_X0_Y256,site13_126.png,1
site13_126.png_X256_Y256,site13_126.png,2
site13_127.png_X0_Y0,site13_127.png,2
site13_127.png_X256_Y0,site13_127.png,2
site13_127.png_X0_Y256,site13_127.png,2
site13_127.png_X256_Y256,site13_127.png,2
site13_128.png_X0_Y0,site13_128.png,2
site13_128.png_X256_Y0,site13_128.png,2
site13_128.png_X0_Y256,site13_128.png,2
site13_128.png_X256_Y256,site13_128.png,2
site13_129.png_X0_Y0,site13_129.png,1
site13_129.png_X256_Y0,site13_129.png,0
site13_129.png_X0_Y256,site13_129.png,0
site13_129.png_X256_Y256,site13_129.png,0
site13_131.png_X0_Y0,site13_131.png,1
site13_131.png_X256_Y0,site13_131.png,1
site13_131.png_X0_Y256,site13_131.png,2
site13_131.png_X256_Y256,site13_131.png,2
site13_132.png_X0_Y0,site13_132.png,0
site13_132.png_X256_Y0,site13_132.png,1
site13_132.png_X0_Y256,site13_132.png,2
site13_132.png_X256_Y256,site13_132.png,2
site13_133.png_X0_Y0,site13_133.png,2
site13_133.png_X256_Y0,site13_133.png,2
site13_133.png_X0_Y256,site13_133.png,2
site13_133.png_X256_Y256,site13_133.png,2
site13_134.png_X0_Y0,site13_134.png,2
site13_134.png_X256_Y0,site13_134.png,2
site13_134.png_X0_Y256,site13_134.png,2
site13_134.png_X256_Y256,site13_134.png,2
site13_135.png_X0_Y0,site13_135.png,1
site13_135.png_X256_Y0,site13_135.png,0
site13_135.png_X0_Y256,site13_135.png,2
site13_135.png_X256_Y256,site13_135.png,0
site13_136.png_X0_Y0,site13_136.png,1
site13_136.png_X256_Y0,site13_136.png,2
site13_136.png_X0_Y256,site13_136.png,2
site13_136.png_X256_Y256,site13_136.png,2
site13_137.png_X0_Y0,site13_137.png,2
site13_137.png_X256_Y0,site13_137.png,2
site13_137.png_X0_Y256,site13_137.png,2
site13_137.png_X256_Y256,site13_137.png,2
site13_138.png_X0_Y0,site13_138.png,2
site13_138.png_X256_Y0,site13_138.png,2
site13_138.png_X0_Y256,site13_138.png,2
site13_138.png_X256_Y256,site13_138.png,2
site13_139.png_X0_Y0,site13_139.png,1
site13_139.png_X256_Y0,site13_139.png,0
site13_139.png_X0_Y256,site13_139.png,2
site13_139.png_X256_Y256,site13_139.png,0
site13_141.png_X0_Y0,site13_141.png,2
site13_141.png_X256_Y0,site13_141.png,2
site13_141.png_X0_Y256,site13_141.png,2
site13_141.png_X256_Y256,site13_141.png,2
site13_142.png_X0_Y0,site13_142.png,2
site13_142.png_X256_Y0,site13_142.png,1
site13_142.png_X0_Y256,site13_142.png,0
site13_142.png_X256_Y256,site13_142.png,0
site13_143.png_X0_Y0,site13_143.png,2
site13_143.png_X256_Y0,site13_143.png,2
site13_143.png_X0_Y256,site13_143.png,0
site13_143.png_X256_Y256,site13_143.png,0
site13_144.png_X0_Y0,site13_144.png,0
site13_144.png_X256_Y0,site13_144.png,0
site13_144.png_X0_Y256,site13_144.png,1
site13_144.png_X256_Y256,site13_144.png,2
site13_145.png_X0_Y0,site13_145.png,0
site13_145.png_X256_Y0,site13_145.png,0
site13_145.png_X0_Y256,site13_145.png,2
site13_145.png_X256_Y256,site13_145.png,2
site13_146.png_X0_Y0,site13_146.png,1
site13_146.png_X256_Y0,site13_146.png,2
site13_146.png_X0_Y256,site13_146.png,2
site13_146.png_X256_Y256,site13_146.png,2
site13_147.png_X0_Y0,site13_147.png,2
site13_147.png_X256_Y0,site13_147.png,2
site13_147.png_X0_Y256,site13_147.png,2
site13_147.png_X256_Y256,site13_147.png,2
site13_148.png_X0_Y0,site13_148.png,2
site13_148.png_X256_Y0,site13_148.png,2
site13_148.png_X0_Y256,site13_148.png,2
site13_148.png_X256_Y256,site13_148.png,2
site13_149.png_X0_Y0,site13_149.png,0
site13_149.png_X256_Y0,site13_149.png,0
site13_149.png_X0_Y256,site13_149.png,1
site13_149.png_X256_Y256,site13_149.png,0
site13_151.png_X0_Y0,site13_151.png,1
site13_151.png_X256_Y0,site13_151.png,2
site13_151.png_X0_Y256,site13_151.png,1
site13_151.png_X256_Y256,site13_151.png,2
site13_152.png_X0_Y0,site13_152.png,2
site13_152.png_X256_Y0,site13_152.png,0
site13_152.png_X0_Y256,site13_152.png,2
site13_152.png_X256_Y256,site13_152.png,2
site13_153.png_X0_Y0,site13_153.png,1
site13_153.png_X256_Y0,site13_153.png,0
site13_153.png_X0_Y256,site13_153.png,2
site13_153.png_X256_Y256,site13_153.png,0
site13_154.png_X0_Y0,site13_154.png,0
site13_154.png_X256_Y0,site13_154.png,2
site13_154.png_X0_Y256,site13_154.png,0
site13_154.png_X256_Y256,site13_154.png,1
site13_155.png_X0_Y0,site13_155.png,2
site13_155.png_X256_Y0,site13_155.png,2
site13_155.png_X0_Y256,site13_155.png,2
site13_155.png_X256_Y256,site13_155.png,1
site13_156.png_X0_Y0,site13_156.png,2
site13_156.png_X256_Y0,site13_156.png,2
site13_156.png_X0_Y256,site13_156.png,1
site13_156.png_X256_Y256,site13_156.png,2
site13_157.png_X0_Y0,site13_157.png,2
site13_157.png_X256_Y0,site13_157.png,2
site13_157.png_X0_Y256,site13_157.png,2
site13_157.png_X256_Y256,site13_157.png,2
site13_158.png_X0_Y0,site13_158.png,2
site13_158.png_X256_Y0,site13_158.png,2
site13_158.png_X0_Y256,site13_158.png,2
site13_158.png_X256_Y256,site13_158.png,2
site13_159.png_X0_Y0,site13_159.png,1
site13_159.png_X256_Y0,site13_159.png,0
site13_159.png_X0_Y256,site13_159.png,2
site13_159.png_X256_Y256,site13_159.png,0
site13_162.png_X0_Y0,site13_162.png,2
site13_162.png_X256_Y0,site13_162.png,1
site13_162.png_X0_Y256,site13_162.png,1
site13_162.png_X256_Y256,site13_162.png,0
site13_163.png_X0_Y0,site13_163.png,0
site13_163.png_X256_Y0,site13_163.png,0
site13_163.png_X0_Y256,site13_163.png,1
site13_163.png_X256_Y256,site13_163.png,1
site13_165.png_X0_Y0,site13_165.png,0
site13_165.png_X256_Y0,site13_165.png,1
site13_165.png_X0_Y256,site13_165.png,2
site13_165.png_X256_Y256,site13_165.png,2
site13_166.png_X0_Y0,site13_166.png,0
site13_166.png_X256_Y0,site13_166.png,2
site13_166.png_X0_Y256,site13_166.png,1
site13_166.png_X256_Y256,site13_166.png,1
site13_167.png_X0_Y0,site13_167.png,2
site13_167.png_X256_Y0,site13_167.png,2
site13_167.png_X0_Y256,site13_167.png,2
site13_167.png_X256_Y256,site13_167.png,2
site13_168.png_X0_Y0,site13_168.png,2
site13_168.png_X256_Y0,site13_168.png,2
site13_168.png_X0_Y256,site13_168.png,2
site13_168.png_X256_Y256,site13_168.png,2
site13_169.png_X0_Y0,site13_169.png,2
site13_169.png_X256_Y0,site13_169.png,0
site13_169.png_X0_Y256,site13_169.png,2
site13_169.png_X256_Y256,site13_169.png,0
site13_172.png_X0_Y0,site13_172.png,2
site13_172.png_X256_Y0,site13_172.png,0
site13_172.png_X0_Y256,site13_172.png,2
site13_172.png_X256_Y256,site13_172.png,0
site13_173.png_X0_Y0,site13_173.png,0
site13_173.png_X256_Y0,site13_173.png,0
site13_173.png_X0_Y256,site13_173.png,0
site13_173.png_X256_Y256,site13_173.png,0
site13_175.png_X0_Y0,site13_175.png,0
site13_175.png_X256_Y0,site13_175.png,2
site13_175.png_X0_Y256,site13_175.png,0
site13_175.png_X256_Y256,site13_175.png,2
site13_176.png_X0_Y0,site13_176.png,0
site13_176.png_X256_Y0,site13_176.png,0
site13_176.png_X0_Y256,site13_176.png,1
site13_176.png_X256_Y256,site13_176.png,0
site13_177.png_X0_Y0,site13_177.png,2
site13_177.png_X256_Y0,site13_177.png,2
site13_177.png_X0_Y256,site13_177.png,2
site13_177.png_X256_Y256,site13_177.png,2
site13_178.png_X0_Y0,site13_178.png,2
site13_178.png_X256_Y0,site13_178.png,2
site13_178.png_X0_Y256,site13_178.png,1
site13_178.png_X256_Y256,site13_178.png,2
site13_179.png_X0_Y0,site13_179.png,2
site13_179.png_X256_Y0,site13_179.png,0
site13_179.png_X0_Y256,site13_179.png,1
site13_179.png_X256_Y256,site13_179.png,0
site13_182.png_X0_Y0,site13_182.png,2
site13_182.png_X256_Y0,site13_182.png,0
site13_182.png_X0_Y256,site13_182.png,2
site13_182.png_X256_Y256,site13_182.png,0
site13_185.png_X0_Y0,site13_185.png,0
site13_185.png_X256_Y0,site13_185.png,2
site13_185.png_X0_Y256,site13_185.png,0
site13_185.png_X256_Y256,site13_185.png,0
site13_186.png_X0_Y0,site13_186.png,1
site13_186.png_X256_Y0,site13_186.png,0
site13_186.png_X0_Y256,site13_186.png,0
site13_186.png_X256_Y256,site13_186.png,0
site13_187.png_X0_Y0,site13_187.png,0
site13_187.png_X256_Y0,site13_187.png,1
site13_187.png_X0_Y256,site13_187.png,0
site13_187.png_X256_Y256,site13_187.png,0
site13_188.png_X0_Y0,site13_188.png,1
site13_188.png_X256_Y0,site13_188.png,1
site13_188.png_X0_Y256,site13_188.png,0
site13_188.png_X256_Y256,site13_188.png,0
site13_189.png_X0_Y0,site13_189.png,1
site13_189.png_X256_Y0,site13_189.png,0
site13_189.png_X0_Y256,site13_189.png,0
site13_189.png_X256_Y256,site13_189.png,0
site13_192.png_X0_Y0,site13_192.png,2
site13_192.png_X256_Y0,site13_192.png,1
site13_192.png_X0_Y256,site13_192.png,2
site13_192.png_X256_Y256,site13_192.png,0
site13_195.png_X0_Y0,site13_195.png,0
site13_195.png_X256_Y0,site13_195.png,0
site13_195.png_X0_Y256,site13_195.png,0
site13_195.png_X256_Y256,site13_195.png,0
site13_199.png_X0_Y0,site13_199.png,0
site13_199.png_X256_Y0,site13_199.png,0
site13_199.png_X0_Y256,site13_199.png,0
site13_199.png_X256_Y256,site13_199.png,0
site13_202.png_X0_Y0,site13_202.png,1
site13_202.png_X256_Y0,site13_202.png,0
site13_202.png_X0_Y256,site13_202.png,0
site13_202.png_X256_Y256,site13_202.png,0
site13_209.png_X0_Y0,site13_209.png,0
site13_209.png_X256_Y0,site13_209.png,0
site13_209.png_X0_Y256,site13_209.png,0
site13_209.png_X256_Y256,site13_209.png,0
site13_210.png_X0_Y0,site13_210.png,2
site13_210.png_X256_Y0,site13_210.png,1
site13_210.png_X0_Y256,site13_210.png,2
site13_210.png_X256_Y256,site13_210.png,2
site13_219.png_X0_Y0,site13_219.png,0
site13_219.png_X256_Y0,site13_219.png,0
site13_219.png_X0_Y256,site13_219.png,0
site13_219.png_X256_Y256,site13_219.png,0
site2_36.png_X0_Y0,site2_36.png,1
site2_36.png_X256_Y0,site2_36.png,0
site2_36.png_X0_Y256,site2_36.png,1
site2_36.png_X256_Y256,site2_36.png,0
site2_37.png_X0_Y0,site2_37.png,0
site2_37.png_X256_Y0,site2_37.png,0
site2_37.png_X0_Y256,site2_37.png,1
site2_37.png_X256_Y256,site2_37.png,1
site2_49.png_X0_Y0,site2_49.png,0
site2_49.png_X256_Y0,site2_49.png,0
site2_49.png_X0_Y256,site2_49.png,0
site2_49.png_X256_Y256,site2_49.png,0
site2_50.png_X0_Y0,site2_50.png,2
site2_50.png_X256_Y0,site2_50.png,0
site2_50.png_X0_Y256,site2_50.png,1
site2_50.png_X256_Y256,site2_50.png,0
site2_51.png_X0_Y0,site2_51.png,1
site2_51.png_X256_Y0,site2_51.png,0
site2_51.png_X0_Y256,site2_51.png,2
site2_51.png_X256_Y256,site2_51.png,1
site2_63.png_X0_Y0,site2_63.png,0
site2_63.png_X256_Y0,site2_63.png,2
site2_63.png_X0_Y256,site2_63.png,0
site2_63.png_X256_Y256,site2_63.png,2
site2_64.png_X0_Y0,site2_64.png,1
site2_64.png_X256_Y0,site2_64.png,1
site2_64.png_X0_Y256,site2_64.png,0
site2_64.png_X256_Y256,site2_64.png,2
site2_65.png_X0_Y0,site2_65.png,2
site2_65.png_X256_Y0,site2_65.png,0
site2_65.png_X0_Y256,site2_65.png,2
site2_65.png_X256_Y256,site2_65.png,0
site2_66.png_X0_Y0,site2_66.png,1
site2_66.png_X256_Y0,site2_66.png,0
site2_66.png_X0_Y256,site2_66.png,0
site2_66.png_X256_Y256,site2_66.png,0
site2_77.png_X0_Y0,site2_77.png,1
site2_77.png_X256_Y0,site2_77.png,1
site2_77.png_X0_Y256,site2_77.png,0
site2_77.png_X256_Y256,site2_77.png,0
site2_78.png_X0_Y0,site2_78.png,1
site2_78.png_X256_Y0,site2_78.png,1
site2_78.png_X0_Y256,site2_78.png,0
site2_78.png_X256_Y256,site2_78.png,0
site2_79.png_X0_Y0,site2_79.png,0
site2_79.png_X256_Y0,site2_79.png,0
site2_79.png_X0_Y256,site2_79.png,1
site2_79.png_X256_Y256,site2_79.png,0
site2_88.png_X0_Y0,site2_88.png,0
site2_88.png_X256_Y0,site2_88.png,0
site2_88.png_X0_Y256,site2_88.png,0
site2_88.png_X256_Y256,site2_88.png,0
site2_90.png_X0_Y0,site2_90.png,0
site2_90.png_X256_Y0,site2_90.png,0
site2_90.png_X0_Y256,site2_90.png,0
site2_90.png_X256_Y256,site2_90.png,0
site2_91.png_X0_Y0,site2_91.png,0
site2_91.png_X256_Y0,site2_91.png,0
site2_91.png_X0_Y256,site2_91.png,1
site2_91.png_X256_Y256,site2_91.png,0
site2_93.png_X0_Y0,site2_93.png,0
site2_93.png_X256_Y0,site2_93.png,0
site2_93.png_X0_Y256,site2_93.png,0
site2_93.png_X256_Y256,site2_93.png,0
site2_94.png_X0_Y0,site2_94.png,0
site2_94.png_X256_Y0,site2_94.png,0
site2_94.png_X0_Y256,site2_94.png,1
site2_94.png_X256_Y256,site2_94.png,0
site2_103.png_X0_Y0,site2_103.png,0
site2_103.png_X256_Y0,site2_103.png,0
site2_103.png_X0_Y256,site2_103.png,0
site2_103.png_X256_Y256,site2_103.png,0
site2_104.png_X0_Y0,site2_104.png,0
site2_104.png_X256_Y0,site2_104.png,0
site2_104.png_X0_Y256,site2_104.png,0
site2_104.png_X256_Y256,site2_104.png,0
site2_105.png_X0_Y0,site2_105.png,0
site2_105.png_X256_Y0,site2_105.png,0
site2_105.png_X0_Y256,site2_105.png,0
site2_105.png_X256_Y256,site2_105.png,0
site2_107.png_X0_Y0,site2_107.png,0
site2_107.png_X256_Y0,site2_107.png,0
site2_107.png_X0_Y256,site2_107.png,0
site2_107.png_X256_Y256,site2_107.png,0
site2_108.png_X0_Y0,site2_108.png,1
site2_108.png_X256_Y0,site2_108.png,0
site2_108.png_X0_Y256,site2_108.png,0
site2_108.png_X256_Y256,site2_108.png,1
site2_116.png_X0_Y0,site2_116.png,0
site2_116.png_X256_Y0,site2_116.png,0
site2_116.png_X0_Y256,site2_116.png,0
site2_116.png_X256_Y256,site2_116.png,0
site2_117.png_X0_Y0,site2_117.png,1
site2_117.png_X256_Y0,site2_117.png,1
site2_117.png_X0_Y256,site2_117.png,0
site2_117.png_X256_Y256,site2_117.png,1
site2_118.png_X0_Y0,site2_118.png,1
site2_118.png_X256_Y0,site2_118.png,0
site2_118.png_X0_Y256,site2_118.png,0
site2_118.png_X256_Y256,site2_118.png,0
site2_130.png_X0_Y0,site2_130.png,0
site2_130.png_X256_Y0,site2_130.png,1
site2_130.png_X0_Y256,site2_130.png,0
site2_130.png_X256_Y256,site2_130.png,0
site2_131.png_X0_Y0,site2_131.png,0
site2_131.png_X256_Y0,site2_131.png,1
site2_131.png_X0_Y256,site2_131.png,0
site2_131.png_X256_Y256,site2_131.png,0
site2_132.png_X0_Y0,site2_132.png,0
site2_132.png_X256_Y0,site2_132.png,2
site2_132.png_X0_Y256,site2_132.png,0
site2_132.png_X256_Y256,site2_132.png,2
site2_133.png_X0_Y0,site2_133.png,0
site2_133.png_X256_Y0,site2_133.png,0
site2_133.png_X0_Y256,site2_133.png,1
site2_133.png_X256_Y256,site2_133.png,0
site2_165.png_X0_Y0,site2_165.png,0
site2_165.png_X256_Y0,site2_165.png,1
site2_165.png_X0_Y256,site2_165.png,0
site2_165.png_X256_Y256,site2_165.png,1
site11_323.png_X0_Y0,site11_323.png,0
site11_323.png_X256_Y0,site11_323.png,0
site11_323.png_X0_Y256,site11_323.png,0
site11_323.png_X256_Y256,site11_323.png,1
site11_324.png_X0_Y0,site11_324.png,1
site11_324.png_X256_Y0,site11_324.png,0
site11_324.png_X0_Y256,site11_324.png,2
site11_324.png_X256_Y256,site11_324.png,2
site11_325.png_X0_Y0,site11_325.png,0
site11_325.png_X256_Y0,site11_325.png,0
site11_325.png_X0_Y256,site11_325.png,0
site11_325.png_X256_Y256,site11_325.png,0
site11_357.png_X0_Y0,site11_357.png,0
site11_357.png_X256_Y0,site11_357.png,1
site11_357.png_X0_Y256,site11_357.png,0
site11_357.png_X256_Y256,site11_357.png,1
site11_358.png_X0_Y0,site11_358.png,2
site11_358.png_X256_Y0,site11_358.png,2
site11_358.png_X0_Y256,site11_358.png,2
site11_358.png_X256_Y256,site11_358.png,2
site11_359.png_X0_Y0,site11_359.png,0
site11_359.png_X256_Y0,site11_359.png,1
site11_359.png_X0_Y256,site11_359.png,0
site11_359.png_X256_Y256,site11_359.png,1
site11_360.png_X0_Y0,site11_360.png,2
site11_360.png_X256_Y0,site11_360.png,0
site11_360.png_X0_Y256,site11_360.png,1
site11_360.png_X256_Y256,site11_360.png,0
site11_361.png_X0_Y0,site11_361.png,0
site11_361.png_X256_Y0,site11_361.png,0
site11_361.png_X0_Y256,site11_361.png,0
site11_361.png_X256_Y256,site11_361.png,0
site11_362.png_X0_Y0,site11_362.png,0
site11_362.png_X256_Y0,site11_362.png,0
site11_362.png_X0_Y256,site11_362.png,1
site11_362.png_X256_Y256,site11_362.png,0
site11_390.png_X0_Y0,site11_390.png,0
site11_390.png_X256_Y0,site11_390.png,1
site11_390.png_X0_Y256,site11_390.png,1
site11_390.png_X256_Y256,site11_390.png,2
site11_391.png_X0_Y0,site11_391.png,0
site11_391.png_X256_Y0,site11_391.png,0
site11_391.png_X0_Y256,site11_391.png,0
site11_391.png_X256_Y256,site11_391.png,0
site11_392.png_X0_Y0,site11_392.png,1
site11_392.png_X256_Y0,site11_392.png,2
site11_392.png_X0_Y256,site11_392.png,0
site11_392.png_X256_Y256,site11_392.png,0
site11_393.png_X0_Y0,site11_393.png,0
site11_393.png_X256_Y0,site11_393.png,2
site11_393.png_X0_Y256,site11_393.png,1
site11_393.png_X256_Y256,site11_393.png,1
site11_394.png_X0_Y0,site11_394.png,1
site11_394.png_X256_Y0,site11_394.png,0
site11_394.png_X0_Y256,site11_394.png,0
site11_394.png_X256_Y256,site11_394.png,0
site11_395.png_X0_Y0,site11_395.png,1
site11_395.png_X256_Y0,site11_395.png,1
site11_395.png_X0_Y256,site11_395.png,1
site11_395.png_X256_Y256,site11_395.png,2
site11_396.png_X0_Y0,site11_396.png,2
site11_396.png_X256_Y0,site11_396.png,0
site11_396.png_X0_Y256,site11_396.png,1
site11_396.png_X256_Y256,site11_396.png,0
site11_421.png_X0_Y0,site11_421.png,0
site11_421.png_X256_Y0,site11_421.png,0
site11_421.png_X0_Y256,site11_421.png,0
site11_421.png_X256_Y256,site11_421.png,1
site11_422.png_X0_Y0,site11_422.png,0
site11_422.png_X256_Y0,site11_422.png,0
site11_422.png_X0_Y256,site11_422.png,2
site11_422.png_X256_Y256,site11_422.png,2
site11_423.png_X0_Y0,site11_423.png,0
site11_423.png_X256_Y0,site11_423.png,0
site11_423.png_X0_Y256,site11_423.png,1
site11_423.png_X256_Y256,site11_423.png,0
site11_424.png_X0_Y0,site11_424.png,1
site11_424.png_X256_Y0,site11_424.png,1
site11_424.png_X0_Y256,site11_424.png,1
site11_424.png_X256_Y256,site11_424.png,0
site11_426.png_X0_Y0,site11_426.png,0
site11_426.png_X256_Y0,site11_426.png,0
site11_426.png_X0_Y256,site11_426.png,0
site11_426.png_X256_Y256,site11_426.png,1
site11_427.png_X0_Y0,site11_427.png,2
site11_427.png_X256_Y0,site11_427.png,2
site11_427.png_X0_Y256,site11_427.png,2
site11_427.png_X256_Y256,site11_427.png,1
site11_428.png_X0_Y0,site11_428.png,2
site11_428.png_X256_Y0,site11_428.png,1
site11_428.png_X0_Y256,site11_428.png,2
site11_428.png_X256_Y256,site11_428.png,2
site11_429.png_X0_Y0,site11_429.png,1
site11_429.png_X256_Y0,site11_429.png,2
site11_429.png_X0_Y256,site11_429.png,1
site11_429.png_X256_Y256,site11_429.png,1
site11_455.png_X0_Y0,site11_455.png,0
site11_455.png_X256_Y0,site11_455.png,1
site11_455.png_X0_Y256,site11_455.png,0
site11_455.png_X256_Y256,site11_455.png,1
site11_456.png_X0_Y0,site11_456.png,0
site11_456.png_X256_Y0,site11_456.png,0
site11_456.png_X0_Y256,site11_456.png,2
site11_456.png_X256_Y256,site11_456.png,2
site11_457.png_X0_Y0,site11_457.png,1
site11_457.png_X256_Y0,site11_457.png,1
site11_457.png_X0_Y256,site11_457.png,1
site11_457.png_X256_Y256,site11_457.png,2
site11_458.png_X0_Y0,site11_458.png,1
site11_458.png_X256_Y0,site11_458.png,0
site11_458.png_X0_Y256,site11_458.png,0
site11_458.png_X256_Y256,site11_458.png,0
site11_459.png_X0_Y0,site11_459.png,0
site11_459.png_X256_Y0,site11_459.png,0
site11_459.png_X0_Y256,site11_459.png,1
site11_459.png_X256_Y256,site11_459.png,0
site11_460.png_X0_Y0,site11_460.png,0
site11_460.png_X256_Y0,site11_460.png,2
site11_460.png_X0_Y256,site11_460.png,0
site11_460.png_X256_Y256,site11_460.png,1
site11_461.png_X0_Y0,site11_461.png,2
site11_461.png_X256_Y0,site11_461.png,1
site11_461.png_X0_Y256,site11_461.png,1
site11_461.png_X256_Y256,site11_461.png,1
site11_462.png_X0_Y0,site11_462.png,2
site11_462.png_X256_Y0,site11_462.png,2
site11_462.png_X0_Y256,site11_462.png,2
site11_462.png_X256_Y256,site11_462.png,2
site11_463.png_X0_Y0,site11_463.png,1
site11_463.png_X256_Y0,site11_463.png,0
site11_463.png_X0_Y256,site11_463.png,1
site11_463.png_X256_Y256,site11_463.png,0
site11_490.png_X0_Y0,site11_490.png,0
site11_490.png_X256_Y0,site11_490.png,1
site11_490.png_X0_Y256,site11_490.png,0
site11_490.png_X256_Y256,site11_490.png,0
site11_491.png_X0_Y0,site11_491.png,1
site11_491.png_X256_Y0,site11_491.png,2
site11_491.png_X0_Y256,site11_491.png,0
site11_491.png_X256_Y256,site11_491.png,0
site11_492.png_X0_Y0,site11_492.png,1
site11_492.png_X256_Y0,site11_492.png,0
site11_492.png_X0_Y256,site11_492.png,0
site11_492.png_X256_Y256,site11_492.png,0
site11_493.png_X0_Y0,site11_493.png,1
site11_493.png_X256_Y0,site11_493.png,1
site11_493.png_X0_Y256,site11_493.png,0
site11_493.png_X256_Y256,site11_493.png,2
site11_494.png_X0_Y0,site11_494.png,1
site11_494.png_X256_Y0,site11_494.png,2
site11_494.png_X0_Y256,site11_494.png,1
site11_494.png_X256_Y256,site11_494.png,2
site11_495.png_X0_Y0,site11_495.png,1
site11_495.png_X256_Y0,site11_495.png,0
site11_495.png_X0_Y256,site11_495.png,1
site11_495.png_X256_Y256,site11_495.png,0
site11_496.png_X0_Y0,site11_496.png,0
site11_496.png_X256_Y0,site11_496.png,1
site11_496.png_X0_Y256,site11_496.png,0
site11_496.png_X256_Y256,site11_496.png,1
site11_526.png_X0_Y0,site11_526.png,0
site11_526.png_X256_Y0,site11_526.png,0
site11_526.png_X0_Y256,site11_526.png,0
site11_526.png_X256_Y256,site11_526.png,0
site11_527.png_X0_Y0,site11_527.png,1
site11_527.png_X256_Y0,site11_527.png,2
site11_527.png_X0_Y256,site11_527.png,0
site11_527.png_X256_Y256,site11_527.png,1
site11_528.png_X0_Y0,site11_528.png,2
site11_528.png_X256_Y0,site11_528.png,2
site11_528.png_X0_Y256,site11_528.png,1
site11_528.png_X256_Y256,site11_528.png,1
site11_529.png_X0_Y0,site11_529.png,1
site11_529.png_X256_Y0,site11_529.png,0
site11_529.png_X0_Y256,site11_529.png,1
site11_529.png_X256_Y256,site11_529.png,0
site11_560.png_X0_Y0,site11_560.png,0
site11_560.png_X256_Y0,site11_560.png,1
site11_560.png_X0_Y256,site11_560.png,0
site11_560.png_X256_Y256,site11_560.png,0
site11_561.png_X0_Y0,site11_561.png,1
site11_561.png_X256_Y0,site11_561.png,0
site11_561.png_X0_Y256,site11_561.png,0
site11_561.png_X256_Y256,site11_561.png,0
site11_562.png_X0_Y0,site11_562.png,0
site11_562.png_X256_Y0,site11_562.png,0
site11_562.png_X0_Y256,site11_562.png,0
site11_562.png_X256_Y256,site11_562.png,0
site11_563.png_X0_Y0,site11_563.png,0
site11_563.png_X256_Y0,site11_563.png,0
site11_563.png_X0_Y256,site11_563.png,1
site11_563.png_X256_Y256,site11_563.png,0
site11_564.png_X0_Y0,site11_564.png,1
site11_564.png_X256_Y0,site11_564.png,0
site11_564.png_X0_Y256,site11_564.png,1
site11_564.png_X256_Y256,site11_564.png,0
site16_303.png_X0_Y0,site16_303.png,0
site16_303.png_X256_Y0,site16_303.png,0
site16_303.png_X0_Y256,site16_303.png,0
site16_303.png_X256_Y256,site16_303.png,1
site16_304.png_X0_Y0,site16_304.png,2
site16_304.png_X256_Y0,site16_304.png,0
site16_304.png_X0_Y256,site16_304.png,2
site16_304.png_X256_Y256,site16_304.png,1
site16_329.png_X0_Y0,site16_329.png,0
site16_329.png_X256_Y0,site16_329.png,1
site16_329.png_X0_Y256,site16_329.png,0
site16_329.png_X256_Y256,site16_329.png,2
site16_330.png_X0_Y0,site16_330.png,1
site16_330.png_X256_Y0,site16_330.png,0
site16_330.png_X0_Y256,site16_330.png,1
site16_330.png_X256_Y256,site16_330.png,0
site16_355.png_X0_Y0,site16_355.png,1
site16_355.png_X256_Y0,site16_355.png,2
site16_355.png_X0_Y256,site16_355.png,1
site16_355.png_X256_Y256,site16_355.png,2
site16_380.png_X0_Y0,site16_380.png,0
site16_380.png_X256_Y0,site16_380.png,0
site16_380.png_X0_Y256,site16_380.png,0
site16_380.png_X256_Y256,site16_380.png,0
site16_381.png_X0_Y0,site16_381.png,2
site16_381.png_X256_Y0,site16_381.png,2
site16_381.png_X0_Y256,site16_381.png,2
site16_381.png_X256_Y256,site16_381.png,1
site16_406.png_X0_Y0,site16_406.png,0
site16_406.png_X256_Y0,site16_406.png,0
site16_406.png_X0_Y256,site16_406.png,0
site16_406.png_X256_Y256,site16_406.png,1
site16_407.png_X0_Y0,site16_407.png,2
site16_407.png_X256_Y0,site16_407.png,0
site16_407.png_X0_Y256,site16_407.png,2
site16_407.png_X256_Y256,site16_407.png,1
site16_432.png_X0_Y0,site16_432.png,0
site16_432.png_X256_Y0,site16_432.png,2
site16_432.png_X0_Y256,site16_432.png,0
site16_432.png_X256_Y256,site16_432.png,2
site16_433.png_X0_Y0,site16_433.png,2
site16_433.png_X256_Y0,site16_433.png,1
site16_433.png_X0_Y256,site16_433.png,2
site16_433.png_X256_Y256,site16_433.png,0
site16_458.png_X0_Y0,site16_458.png,0
site16_458.png_X256_Y0,site16_458.png,0
site16_458.png_X0_Y256,site16_458.png,0
site16_458.png_X256_Y256,site16_458.png,0
site16_459.png_X0_Y0,site16_459.png,0
site16_459.png_X256_Y0,site16_459.png,0
site16_459.png_X0_Y256,site16_459.png,1
site16_459.png_X256_Y256,site16_459.png,0
site16_484.png_X0_Y0,site16_484.png,0
site16_484.png_X256_Y0,site16_484.png,1
site16_484.png_X0_Y256,site16_484.png,0
site16_484.png_X256_Y256,site16_484.png,1
site16_485.png_X0_Y0,site16_485.png,1
site16_485.png_X256_Y0,site16_485.png,0
site16_485.png_X0_Y256,site16_485.png,1
site16_485.png_X256_Y256,site16_485.png,1
site16_486.png_X0_Y0,site16_486.png,0
site16_486.png_X256_Y0,site16_486.png,0
site16_486.png_X0_Y256,site16_486.png,1
site16_486.png_X256_Y256,site16_486.png,0
site16_487.png_X0_Y0,site16_487.png,0
site16_487.png_X256_Y0,site16_487.png,0
site16_487.png_X0_Y256,site16_487.png,0
site16_487.png_X256_Y256,site16_487.png,0
site16_509.png_X0_Y0,site16_509.png,0
site16_509.png_X256_Y0,site16_509.png,0
site16_509.png_X0_Y256,site16_509.png,0
site16_509.png_X256_Y256,site16_509.png,0
site16_510.png_X0_Y0,site16_510.png,1
site16_510.png_X256_Y0,site16_510.png,0
site16_510.png_X0_Y256,site16_510.png,1
site16_510.png_X256_Y256,site16_510.png,0
site16_511.png_X0_Y0,site16_511.png,0
site16_511.png_X256_Y0,site16_511.png,1
site16_511.png_X0_Y256,site16_511.png,1
site16_511.png_X256_Y256,site16_511.png,0
site16_512.png_X0_Y0,site16_512.png,0
site16_512.png_X256_Y0,site16_512.png,1
site16_512.png_X0_Y256,site16_512.png,1
site16_512.png_X256_Y256,site16_512.png,1
site16_513.png_X0_Y0,site16_513.png,1
site16_513.png_X256_Y0,site16_513.png,0
site16_513.png_X0_Y256,site16_513.png,0
site16_513.png_X256_Y256,site16_513.png,0
site16_514.png_X0_Y0,site16_514.png,1
site16_514.png_X256_Y0,site16_514.png,0
site16_514.png_X0_Y256,site16_514.png,0
site16_514.png_X256_Y256,site16_514.png,0
site16_535.png_X0_Y0,site16_535.png,0
site16_535.png_X256_Y0,site16_535.png,0
site16_535.png_X0_Y256,site16_535.png,0
site16_535.png_X256_Y256,site16_535.png,0
site16_536.png_X0_Y0,site16_536.png,1
site16_536.png_X256_Y0,site16_536.png,0
site16_536.png_X0_Y256,site16_536.png,1
site16_536.png_X256_Y256,site16_536.png,2
site16_537.png_X0_Y0,site16_537.png,1
site16_537.png_X256_Y0,site16_537.png,1
site16_537.png_X0_Y256,site16_537.png,2
site16_537.png_X256_Y256,site16_537.png,0
site16_538.png_X0_Y0,site16_538.png,0
site16_538.png_X256_Y0,site16_538.png,0
site16_538.png_X0_Y256,site16_538.png,0
site16_538.png_X256_Y256,site16_538.png,0
site16_561.png_X0_Y0,site16_561.png,0
site16_561.png_X256_Y0,site16_561.png,0
site16_561.png_X0_Y256,site16_561.png,0
site16_561.png_X256_Y256,site16_561.png,1
site16_562.png_X0_Y0,site16_562.png,2
site16_562.png_X256_Y0,site16_562.png,2
site16_562.png_X0_Y256,site16_562.png,2
site16_562.png_X256_Y256,site16_562.png,1
site16_563.png_X0_Y0,site16_563.png,1
site16_563.png_X256_Y0,site16_563.png,0
site16_563.png_X0_Y256,site16_563.png,0
site16_563.png_X256_Y256,site16_563.png,0
site16_587.png_X0_Y0,site16_587.png,1
site16_587.png_X256_Y0,site16_587.png,2
site16_587.png_X0_Y256,site16_587.png,1
site16_587.png_X256_Y256,site16_587.png,1
site16_588.png_X0_Y0,site16_588.png,0
site16_588.png_X256_Y0,site16_588.png,1
site16_588.png_X0_Y256,site16_588.png,0
site16_588.png_X256_Y256,site16_588.png,0
site16_613.png_X0_Y0,site16_613.png,1
site16_613.png_X256_Y0,site16_613.png,0
site16_613.png_X0_Y256,site16_613.png,0
site16_613.png_X256_Y256,site16_613.png,0
site16_638.png_X0_Y0,site16_638.png,0
site16_638.png_X256_Y0,site16_638.png,0
site16_638.png_X0_Y256,site16_638.png,0
site16_638.png_X256_Y256,site16_638.png,0
site16_664.png_X0_Y0,site16_664.png,1
site16_664.png_X256_Y0,site16_664.png,1
site16_664.png_X0_Y256,site16_664.png,0
site16_664.png_X256_Y256,site16_664.png,0
site16_667.png_X0_Y0,site16_667.png,0
site16_667.png_X256_Y0,site16_667.png,2
site16_667.png_X0_Y256,site16_667.png,0
site16_667.png_X256_Y256,site16_667.png,1
site16_668.png_X0_Y0,site16_668.png,1
site16_668.png_X256_Y0,site16_668.png,0
site16_668.png_X0_Y256,site16_668.png,1
site16_668.png_X256_Y256,site16_668.png,0
site16_689.png_X0_Y0,site16_689.png,0
site16_689.png_X256_Y0,site16_689.png,0
site16_689.png_X0_Y256,site16_689.png,0
site16_689.png_X256_Y256,site16_689.png,0
site16_690.png_X0_Y0,site16_690.png,1
site16_690.png_X256_Y0,site16_690.png,0
site16_690.png_X0_Y256,site16_690.png,1
site16_690.png_X256_Y256,site16_690.png,0
site16_693.png_X0_Y0,site16_693.png,1
site16_693.png_X256_Y0,site16_693.png,1
site16_693.png_X0_Y256,site16_693.png,1
site16_693.png_X256_Y256,site16_693.png,1
site16_694.png_X0_Y0,site16_694.png,2
site16_694.png_X256_Y0,site16_694.png,1
site16_694.png_X0_Y256,site16_694.png,2
site16_694.png_X256_Y256,site16_694.png,1
site16_696.png_X0_Y0,site16_696.png,0
site16_696.png_X256_Y0,site16_696.png,0
site16_696.png_X0_Y256,site16_696.png,0
site16_696.png_X256_Y256,site16_696.png,2
site16_697.png_X0_Y0,site16_697.png,0
site16_697.png_X256_Y0,site16_697.png,0
site16_697.png_X0_Y256,site16_697.png,2
site16_697.png_X256_Y256,site16_697.png,1
site16_698.png_X0_Y0,site16_698.png,0
site16_698.png_X256_Y0,site16_698.png,0
site16_698.png_X0_Y256,site16_698.png,1
site16_698.png_X256_Y256,site16_698.png,0
site16_715.png_X0_Y0,site16_715.png,0
site16_715.png_X256_Y0,site16_715.png,1
site16_715.png_X0_Y256,site16_715.png,0
site16_715.png_X256_Y256,site16_715.png,1
site16_719.png_X0_Y0,site16_719.png,2
site16_719.png_X256_Y0,site16_719.png,0
site16_719.png_X0_Y256,site16_719.png,1
site16_719.png_X256_Y256,site16_719.png,0
site16_720.png_X0_Y0,site16_720.png,2
site16_720.png_X256_Y0,site16_720.png,1
site16_720.png_X0_Y256,site16_720.png,0
site16_720.png_X256_Y256,site16_720.png,0
site16_722.png_X0_Y0,site16_722.png,1
site16_722.png_X256_Y0,site16_722.png,0
site16_722.png_X0_Y256,site16_722.png,1
site16_722.png_X256_Y256,site16_722.png,1
site16_723.png_X0_Y0,site16_723.png,0
site16_723.png_X256_Y0,site16_723.png,0
site16_723.png_X0_Y256,site16_723.png,0
site16_723.png_X256_Y256,site16_723.png,0
site16_724.png_X0_Y0,site16_724.png,1
site16_724.png_X256_Y0,site16_724.png,1
site16_724.png_X0_Y256,site16_724.png,2
site16_724.png_X256_Y256,site16_724.png,0
site16_741.png_X0_Y0,site16_741.png,0
site16_741.png_X256_Y0,site16_741.png,0
site16_741.png_X0_Y256,site16_741.png,0
site16_741.png_X256_Y256,site16_741.png,0
site16_745.png_X0_Y0,site16_745.png,1
site16_745.png_X256_Y0,site16_745.png,0
site16_745.png_X0_Y256,site16_745.png,0
site16_745.png_X256_Y256,site16_745.png,0
site16_746.png_X0_Y0,site16_746.png,0
site16_746.png_X256_Y0,site16_746.png,0
site16_746.png_X0_Y256,site16_746.png,0
site16_746.png_X256_Y256,site16_746.png,0
site16_747.png_X0_Y0,site16_747.png,1
site16_747.png_X256_Y0,site16_747.png,0
site16_747.png_X0_Y256,site16_747.png,1
site16_747.png_X256_Y256,site16_747.png,0
site16_749.png_X0_Y0,site16_749.png,0
site16_749.png_X256_Y0,site16_749.png,0
site16_749.png_X0_Y256,site16_749.png,0
site16_749.png_X256_Y256,site16_749.png,1
site16_750.png_X0_Y0,site16_750.png,1
site16_750.png_X256_Y0,site16_750.png,0
site16_750.png_X0_Y256,site16_750.png,0
site16_750.png_X256_Y256,site16_750.png,0
site16_767.png_X0_Y0,site16_767.png,1
site16_767.png_X256_Y0,site16_767.png,1
site16_767.png_X0_Y256,site16_767.png,1
site16_767.png_X256_Y256,site16_767.png,0
site16_792.png_X0_Y0,site16_792.png,0
site16_792.png_X256_Y0,site16_792.png,0
site16_792.png_X0_Y256,site16_792.png,0
site16_792.png_X256_Y256,site16_792.png,0
site16_793.png_X0_Y0,site16_793.png,1
site16_793.png_X256_Y0,site16_793.png,0
site16_793.png_X0_Y256,site16_793.png,1
site16_793.png_X256_Y256,site16_793.png,0
site16_818.png_X0_Y0,site16_818.png,0
site16_818.png_X256_Y0,site16_818.png,1
site16_818.png_X0_Y256,site16_818.png,0
site16_818.png_X256_Y256,site16_818.png,0
site16_823.png_X0_Y0,site16_823.png,0
site16_823.png_X256_Y0,site16_823.png,1
site16_823.png_X0_Y256,site16_823.png,0
site16_823.png_X256_Y256,site16_823.png,2
site16_849.png_X0_Y0,site16_849.png,0
site16_849.png_X256_Y0,site16_849.png,2
site16_849.png_X0_Y256,site16_849.png,0
site16_849.png_X256_Y256,site16_849.png,0
site16_850.png_X0_Y0,site16_850.png,1
site16_850.png_X256_Y0,site16_850.png,0
site16_850.png_X0_Y256,site16_850.png,2
site16_850.png_X256_Y256,site16_850.png,0
site16_851.png_X0_Y0,site16_851.png,0
site16_851.png_X256_Y0,site16_851.png,0
site16_851.png_X0_Y256,site16_851.png,0
site16_851.png_X256_Y256,site16_851.png,0
site16_875.png_X0_Y0,site16_875.png,0
site16_875.png_X256_Y0,site16_875.png,1
site16_875.png_X0_Y256,site16_875.png,0
site16_875.png_X256_Y256,site16_875.png,1
site16_877.png_X0_Y0,site16_877.png,1
site16_877.png_X256_Y0,site16_877.png,1
site16_877.png_X0_Y256,site16_877.png,0
site16_877.png_X256_Y256,site16_877.png,0
site16_1004.png_X0_Y0,site16_1004.png,0
site16_1004.png_X256_Y0,site16_1004.png,0
site16_1004.png_X0_Y256,site16_1004.png,0
site16_1004.png_X256_Y256,site16_1004.png,0
site16_1005.png_X0_Y0,site16_1005.png,0
site16_1005.png_X256_Y0,site16_1005.png,0
site16_1005.png_X0_Y256,site16_1005.png,1
site16_1005.png_X256_Y256,site16_1005.png,0
