Grid_ID,image_id,image_file,x,y,kepadatan,Y_Target
site3_26.png_X0_Y0,23,site3_26.png,0,0,0.0,0
site3_26.png_X256_Y0,23,site3_26.png,256,0,0.0,0
site3_26.png_X0_Y256,23,site3_26.png,0,256,0.0,0
site3_26.png_X256_Y256,23,site3_26.png,256,256,0.0187530517578125,0
site3_56.png_X0_Y0,45,site3_56.png,0,0,0.0,0
site3_56.png_X256_Y0,45,site3_56.png,256,0,0.0,0
site3_56.png_X0_Y256,45,site3_56.png,0,256,0.0,0
site3_56.png_X256_Y256,45,site3_56.png,256,256,0.0,0
site3_81.png_X0_Y0,67,site3_81.png,0,0,0.0,0
site3_81.png_X256_Y0,67,site3_81.png,256,0,0.0,0
site3_81.png_X0_Y256,67,site3_81.png,0,256,0.0,0
site3_81.png_X256_Y256,67,site3_81.png,256,256,0.02691650390625,0
site3_82.png_X0_Y0,68,site3_82.png,0,0,0.0,0
site3_82.png_X256_Y0,68,site3_82.png,256,0,0.0,0
site3_82.png_X0_Y256,68,site3_82.png,0,256,0.0632476806640625,1
site3_82.png_X256_Y256,68,site3_82.png,256,256,0.014434814453125,0
site3_112.png_X0_Y0,94,site3_112.png,0,0,0.0465240478515625,0
site3_112.png_X256_Y0,94,site3_112.png,256,0,0.2047271728515625,1
site3_112.png_X0_Y256,94,site3_112.png,0,256,0.0635833740234375,1
site3_112.png_X256_Y256,94,site3_112.png,256,256,0.05535888671875,1
site3_113.png_X0_Y0,95,site3_113.png,0,0,0.4920806884765625,2
site3_113.png_X256_Y0,95,site3_113.png,256,0,0.0538177490234375,1
site3_113.png_X0_Y256,95,site3_113.png,0,256,0.058197021484375,1
site3_113.png_X256_Y256,95,site3_113.png,256,256,0.00286865234375,0
site3_117.png_X0_Y0,99,site3_117.png,0,0,0.0,0
site3_117.png_X256_Y0,99,site3_117.png,256,0,0.0809783935546875,1
site3_117.png_X0_Y256,99,site3_117.png,0,256,0.0,0
site3_117.png_X256_Y256,99,site3_117.png,256,256,0.0,0
site3_143.png_X0_Y0,122,site3_143.png,0,0,0.004302978515625,0
site3_143.png_X256_Y0,122,site3_143.png,256,0,0.462310791015625,2
site3_143.png_X0_Y256,122,site3_143.png,0,256,0.0,0
site3_143.png_X256_Y256,122,site3_143.png,256,256,0.0,0
site3_144.png_X0_Y0,123,site3_144.png,0,0,0.0,0
site3_144.png_X256_Y0,123,site3_144.png,256,0,0.108551025390625,1
site3_144.png_X0_Y256,123,site3_144.png,0,256,0.0,0
site3_144.png_X256_Y256,123,site3_144.png,256,256,0.0,0
site3_206.png_X0_Y0,181,site3_206.png,0,0,0.0,0
site3_206.png_X256_Y0,181,site3_206.png,256,0,0.0,0
site3_206.png_X0_Y256,181,site3_206.png,0,256,0.132598876953125,1
site3_206.png_X256_Y256,181,site3_206.png,256,256,0.3791961669921875,1
site3_236.png_X0_Y0,209,site3_236.png,0,0,0.0091094970703125,0
site3_236.png_X256_Y0,209,site3_236.png,256,0,0.0001068115234375,0
site3_236.png_X0_Y256,209,site3_236.png,0,256,0.1185760498046875,1
site3_236.png_X256_Y256,209,site3_236.png,256,256,0.0042724609375,0
site3_237.png_X0_Y0,210,site3_237.png,0,0,0.021881103515625,0
site3_237.png_X256_Y0,210,site3_237.png,256,0,0.3951416015625,1
site3_237.png_X0_Y256,210,site3_237.png,0,256,0.0,0
site3_237.png_X256_Y256,210,site3_237.png,256,256,0.197235107421875,1
site3_266.png_X0_Y0,238,site3_266.png,0,0,0.0,0
site3_266.png_X256_Y0,238,site3_266.png,256,0,0.0,0
site3_266.png_X0_Y256,238,site3_266.png,0,256,0.0,0
site3_266.png_X256_Y256,238,site3_266.png,256,256,0.0,0
site3_267.png_X0_Y0,239,site3_267.png,0,0,0.0781402587890625,1
site3_267.png_X256_Y0,239,site3_267.png,256,0,0.0,0
site3_267.png_X0_Y256,239,site3_267.png,0,256,0.287353515625,1
site3_267.png_X256_Y256,239,site3_267.png,256,256,0.0051116943359375,0
site3_268.png_X0_Y0,240,site3_268.png,0,0,0.003692626953125,0
site3_268.png_X256_Y0,240,site3_268.png,256,0,0.0,0
site3_268.png_X0_Y256,240,site3_268.png,0,256,0.0,0
site3_268.png_X256_Y256,240,site3_268.png,256,256,0.0,0
site3_292.png_X0_Y0,263,site3_292.png,0,0,0.0,0
site3_292.png_X256_Y0,263,site3_292.png,256,0,0.0,0
site3_292.png_X0_Y256,263,site3_292.png,0,256,0.0,0
site3_292.png_X256_Y256,263,site3_292.png,256,256,0.0,0
site3_294.png_X0_Y0,265,site3_294.png,0,0,0.0,0
site3_294.png_X256_Y0,265,site3_294.png,256,0,0.0,0
site3_294.png_X0_Y256,265,site3_294.png,0,256,0.0,0
site3_294.png_X256_Y256,265,site3_294.png,256,256,0.045928955078125,0
site3_298.png_X0_Y0,269,site3_298.png,0,0,0.1989288330078125,1
site3_298.png_X256_Y0,269,site3_298.png,256,0,0.0901031494140625,1
site3_298.png_X0_Y256,269,site3_298.png,0,256,0.4032135009765625,2
site3_298.png_X256_Y256,269,site3_298.png,256,256,0.09356689453125,1
site3_299.png_X0_Y0,270,site3_299.png,0,0,0.0652313232421875,1
site3_299.png_X256_Y0,270,site3_299.png,256,0,0.0,0
site3_299.png_X0_Y256,270,site3_299.png,0,256,0.0,0
site3_299.png_X256_Y256,270,site3_299.png,256,256,0.111419677734375,1
site3_320.png_X0_Y0,290,site3_320.png,0,0,0.0,0
site3_320.png_X256_Y0,290,site3_320.png,256,0,0.12841796875,1
site3_320.png_X0_Y256,290,site3_320.png,0,256,0.0,0
site3_320.png_X256_Y256,290,site3_320.png,256,256,0.053436279296875,1
site3_321.png_X0_Y0,291,site3_321.png,0,0,0.0,0
site3_321.png_X256_Y0,291,site3_321.png,256,0,0.154205322265625,1
site3_321.png_X0_Y256,291,site3_321.png,0,256,0.0296783447265625,0
site3_321.png_X256_Y256,291,site3_321.png,256,256,0.00128173828125,0
site3_322.png_X0_Y0,292,site3_322.png,0,0,0.25445556640625,1
site3_322.png_X256_Y0,292,site3_322.png,256,0,0.0097808837890625,0
site3_322.png_X0_Y256,292,site3_322.png,0,256,0.29852294921875,1
site3_322.png_X256_Y256,292,site3_322.png,256,256,0.052093505859375,1
site3_323.png_X0_Y0,293,site3_323.png,0,0,0.717437744140625,2
site3_323.png_X256_Y0,293,site3_323.png,256,0,0.4584503173828125,2
site3_323.png_X0_Y256,293,site3_323.png,0,256,0.18243408203125,1
site3_323.png_X256_Y256,293,site3_323.png,256,256,0.1520538330078125,1
site3_324.png_X0_Y0,294,site3_324.png,0,0,0.01776123046875,0
site3_324.png_X256_Y0,294,site3_324.png,256,0,0.0,0
site3_324.png_X0_Y256,294,site3_324.png,0,256,0.3903045654296875,1
site3_324.png_X256_Y256,294,site3_324.png,256,256,0.13311767578125,1
site3_325.png_X0_Y0,295,site3_325.png,0,0,0.0,0
site3_325.png_X256_Y0,295,site3_325.png,256,0,0.072357177734375,1
site3_325.png_X0_Y256,295,site3_325.png,0,256,0.0,0
site3_325.png_X256_Y256,295,site3_325.png,256,256,0.0,0
site3_326.png_X0_Y0,296,site3_326.png,0,0,0.0,0
site3_326.png_X256_Y0,296,site3_326.png,256,0,0.0,0
site3_326.png_X0_Y256,296,site3_326.png,0,256,0.0,0
site3_326.png_X256_Y256,296,site3_326.png,256,256,0.0866546630859375,1
site3_328.png_X0_Y0,298,site3_328.png,0,0,0.0,0
site3_328.png_X256_Y0,298,site3_328.png,256,0,0.0,0
site3_328.png_X0_Y256,298,site3_328.png,0,256,0.0009613037109375,0
site3_328.png_X256_Y256,298,site3_328.png,256,256,0.0655364990234375,1
site3_330.png_X0_Y0,300,site3_330.png,0,0,0.0110015869140625,0
site3_330.png_X256_Y0,300,site3_330.png,256,0,0.1432647705078125,1
site3_330.png_X0_Y256,300,site3_330.png,0,256,0.0,0
site3_330.png_X256_Y256,300,site3_330.png,256,256,0.0,0
site3_351.png_X0_Y0,319,site3_351.png,0,0,0.0,0
site3_351.png_X256_Y0,319,site3_351.png,256,0,0.0,0
site3_351.png_X0_Y256,319,site3_351.png,0,256,0.0099029541015625,0
site3_351.png_X256_Y256,319,site3_351.png,256,256,0.1360931396484375,1
site3_352.png_X0_Y0,320,site3_352.png,0,0,0.17108154296875,1
site3_352.png_X256_Y0,320,site3_352.png,256,0,0.1766815185546875,1
site3_352.png_X0_Y256,320,site3_352.png,0,256,0.3717041015625,1
site3_352.png_X256_Y256,320,site3_352.png,256,256,0.5432586669921875,2
site3_353.png_X0_Y0,321,site3_353.png,0,0,0.0806884765625,1
site3_353.png_X256_Y0,321,site3_353.png,256,0,0.1289215087890625,1
site3_353.png_X0_Y256,321,site3_353.png,0,256,0.2119903564453125,1
site3_353.png_X256_Y256,321,site3_353.png,256,256,0.078857421875,1
site3_354.png_X0_Y0,322,site3_354.png,0,0,0.0,0
site3_354.png_X256_Y0,322,site3_354.png,256,0,0.0562591552734375,1
site3_354.png_X0_Y256,322,site3_354.png,0,256,0.0,0
site3_354.png_X256_Y256,322,site3_354.png,256,256,0.0,0
site3_358.png_X0_Y0,326,site3_358.png,0,0,0.0,0
site3_358.png_X256_Y0,326,site3_358.png,256,0,0.0,0
site3_358.png_X0_Y256,326,site3_358.png,0,256,0.0,0
site3_358.png_X256_Y256,326,site3_358.png,256,256,0.0,0
site3_359.png_X0_Y0,327,site3_359.png,0,0,0.077972412109375,1
site3_359.png_X256_Y0,327,site3_359.png,256,0,0.0,0
site3_359.png_X0_Y256,327,site3_359.png,0,256,0.0,0
site3_359.png_X256_Y256,327,site3_359.png,256,256,0.0,0
site3_360.png_X0_Y0,328,site3_360.png,0,0,0.0,0
site3_360.png_X256_Y0,328,site3_360.png,256,0,0.0,0
site3_360.png_X0_Y256,328,site3_360.png,0,256,0.0,0
site3_360.png_X256_Y256,328,site3_360.png,256,256,0.0,0
site3_361.png_X0_Y0,329,site3_361.png,0,0,0.0991058349609375,1
site3_361.png_X256_Y0,329,site3_361.png,256,0,0.230438232421875,1
site3_361.png_X0_Y256,329,site3_361.png,0,256,0.1027069091796875,1
site3_361.png_X256_Y256,329,site3_361.png,256,256,0.5399627685546875,2
site3_383.png_X0_Y0,350,site3_383.png,0,0,0.0,0
site3_383.png_X256_Y0,350,site3_383.png,256,0,0.0,0
site3_383.png_X0_Y256,350,site3_383.png,0,256,0.0,0
site3_383.png_X256_Y256,350,site3_383.png,256,256,0.289703369140625,1
site3_384.png_X0_Y0,351,site3_384.png,0,0,0.058746337890625,1
site3_384.png_X256_Y0,351,site3_384.png,256,0,0.0,0
site3_384.png_X0_Y256,351,site3_384.png,0,256,0.0744476318359375,1
site3_384.png_X256_Y256,351,site3_384.png,256,256,0.0,0
site3_385.png_X0_Y0,352,site3_385.png,0,0,0.0,0
site3_385.png_X256_Y0,352,site3_385.png,256,0,0.0,0
site3_385.png_X0_Y256,352,site3_385.png,0,256,0.00042724609375,0
site3_385.png_X256_Y256,352,site3_385.png,256,256,0.0099639892578125,0
site3_390.png_X0_Y0,357,site3_390.png,0,0,0.0,0
site3_390.png_X256_Y0,357,site3_390.png,256,0,0.0,0
site3_390.png_X0_Y256,357,site3_390.png,0,256,0.0,0
site3_390.png_X256_Y256,357,site3_390.png,256,256,0.00982666015625,0
site3_391.png_X0_Y0,358,site3_391.png,0,0,0.0,0
site3_391.png_X256_Y0,358,site3_391.png,256,0,0.0,0
site3_391.png_X0_Y256,358,site3_391.png,0,256,0.089996337890625,1
site3_391.png_X256_Y256,358,site3_391.png,256,256,0.0874481201171875,1
site3_392.png_X0_Y0,359,site3_392.png,0,0,0.0,0
site3_392.png_X256_Y0,359,site3_392.png,256,0,0.2078857421875,1
site3_392.png_X0_Y256,359,site3_392.png,0,256,0.0,0
site3_392.png_X256_Y256,359,site3_392.png,256,256,0.035980224609375,0
site3_393.png_X0_Y0,360,site3_393.png,0,0,0.2079010009765625,1
site3_393.png_X256_Y0,360,site3_393.png,256,0,0.012969970703125,0
site3_393.png_X0_Y256,360,site3_393.png,0,256,0.287078857421875,1
site3_393.png_X256_Y256,360,site3_393.png,256,256,0.081787109375,1
site3_415.png_X0_Y0,380,site3_415.png,0,0,0.0,0
site3_415.png_X256_Y0,380,site3_415.png,256,0,0.0,0
site3_415.png_X0_Y256,380,site3_415.png,0,256,0.0,0
site3_415.png_X256_Y256,380,site3_415.png,256,256,0.0,0
site3_416.png_X0_Y0,381,site3_416.png,0,0,0.4728240966796875,2
site3_416.png_X256_Y0,381,site3_416.png,256,0,0.18621826171875,1
site3_416.png_X0_Y256,381,site3_416.png,0,256,0.1446533203125,1
site3_416.png_X256_Y256,381,site3_416.png,256,256,0.318634033203125,1
site3_421.png_X0_Y0,386,site3_421.png,0,0,0.0,0
site3_421.png_X256_Y0,386,site3_421.png,256,0,0.0470428466796875,0
site3_421.png_X0_Y256,386,site3_421.png,0,256,0.0,0
site3_421.png_X256_Y256,386,site3_421.png,256,256,0.0,0
site3_422.png_X0_Y0,387,site3_422.png,0,0,0.0,0
site3_422.png_X256_Y0,387,site3_422.png,256,0,0.1150360107421875,1
site3_422.png_X0_Y256,387,site3_422.png,0,256,0.0,0
site3_422.png_X256_Y256,387,site3_422.png,256,256,0.0,0
site3_423.png_X0_Y0,388,site3_423.png,0,0,0.0,0
site3_423.png_X256_Y0,388,site3_423.png,256,0,0.0,0
site3_423.png_X0_Y256,388,site3_423.png,0,256,0.0,0
site3_423.png_X256_Y256,388,site3_423.png,256,256,0.095184326171875,1
site3_424.png_X0_Y0,389,site3_424.png,0,0,0.118377685546875,1
site3_424.png_X256_Y0,389,site3_424.png,256,0,0.0,0
site3_424.png_X0_Y256,389,site3_424.png,0,256,0.0,0
site3_424.png_X256_Y256,389,site3_424.png,256,256,0.0,0
site3_445.png_X0_Y0,407,site3_445.png,0,0,0.0,0
site3_445.png_X256_Y0,407,site3_445.png,256,0,0.0,0
site3_445.png_X0_Y256,407,site3_445.png,0,256,0.0,0
site3_445.png_X256_Y256,407,site3_445.png,256,256,0.0,0
site3_446.png_X0_Y0,408,site3_446.png,0,0,0.3424835205078125,1
site3_446.png_X256_Y0,408,site3_446.png,256,0,0.0,0
site3_446.png_X0_Y256,408,site3_446.png,0,256,0.5439300537109375,2
site3_446.png_X256_Y256,408,site3_446.png,256,256,0.0087890625,0
site3_447.png_X0_Y0,409,site3_447.png,0,0,0.22076416015625,1
site3_447.png_X256_Y0,409,site3_447.png,256,0,0.1833648681640625,1
site3_447.png_X0_Y256,409,site3_447.png,0,256,0.054534912109375,1
site3_447.png_X256_Y256,409,site3_447.png,256,256,0.385284423828125,1
site3_453.png_X0_Y0,415,site3_453.png,0,0,0.0,0
site3_453.png_X256_Y0,415,site3_453.png,256,0,0.007293701171875,0
site3_453.png_X0_Y256,415,site3_453.png,0,256,0.0,0
site3_453.png_X256_Y256,415,site3_453.png,256,256,0.0,0
site3_454.png_X0_Y0,416,site3_454.png,0,0,0.0482635498046875,0
site3_454.png_X256_Y0,416,site3_454.png,256,0,0.0,0
site3_454.png_X0_Y256,416,site3_454.png,0,256,0.0,0
site3_454.png_X256_Y256,416,site3_454.png,256,256,0.1165313720703125,1
site3_478.png_X0_Y0,437,site3_478.png,0,0,0.07391357421875,1
site3_478.png_X256_Y0,437,site3_478.png,256,0,0.26763916015625,1
site3_478.png_X0_Y256,437,site3_478.png,0,256,0.0,0
site3_478.png_X256_Y256,437,site3_478.png,256,256,0.491241455078125,2
site3_484.png_X0_Y0,443,site3_484.png,0,0,0.0,0
site3_484.png_X256_Y0,443,site3_484.png,256,0,0.0,0
site3_484.png_X0_Y256,443,site3_484.png,0,256,0.0,0
site3_484.png_X256_Y256,443,site3_484.png,256,256,0.0,0
site3_486.png_X0_Y0,445,site3_486.png,0,0,0.0,0
site3_486.png_X256_Y0,445,site3_486.png,256,0,0.0,0
site3_486.png_X0_Y256,445,site3_486.png,0,256,0.0,0
site3_486.png_X256_Y256,445,site3_486.png,256,256,0.0,0
site3_508.png_X0_Y0,464,site3_508.png,0,0,0.0,0
site3_508.png_X256_Y0,464,site3_508.png,256,0,0.0380859375,0
site3_508.png_X0_Y256,464,site3_508.png,0,256,0.1878814697265625,1
site3_508.png_X256_Y256,464,site3_508.png,256,256,0.253753662109375,1
site3_509.png_X0_Y0,465,site3_509.png,0,0,0.084320068359375,1
site3_509.png_X256_Y0,465,site3_509.png,256,0,0.2389984130859375,1
site3_509.png_X0_Y256,465,site3_509.png,0,256,0.0452423095703125,0
site3_509.png_X256_Y256,465,site3_509.png,256,256,0.1307830810546875,1
site3_515.png_X0_Y0,471,site3_515.png,0,0,0.0,0
site3_515.png_X256_Y0,471,site3_515.png,256,0,0.0,0
site3_515.png_X0_Y256,471,site3_515.png,0,256,0.0,0
site3_515.png_X256_Y256,471,site3_515.png,256,256,0.0,0
site3_516.png_X0_Y0,472,site3_516.png,0,0,0.0,0
site3_516.png_X256_Y0,472,site3_516.png,256,0,0.0,0
site3_516.png_X0_Y256,472,site3_516.png,0,256,0.1079559326171875,1
site3_516.png_X256_Y256,472,site3_516.png,256,256,0.0,0
site3_517.png_X0_Y0,473,site3_517.png,0,0,0.0045623779296875,0
site3_517.png_X256_Y0,473,site3_517.png,256,0,0.08917236328125,1
site3_517.png_X0_Y256,473,site3_517.png,0,256,0.0287628173828125,0
site3_517.png_X256_Y256,473,site3_517.png,256,256,0.092041015625,1
site3_519.png_X0_Y0,475,site3_519.png,0,0,0.0149993896484375,0
site3_519.png_X256_Y0,475,site3_519.png,256,0,0.034210205078125,0
site3_519.png_X0_Y256,475,site3_519.png,0,256,0.02239990234375,0
site3_519.png_X256_Y256,475,site3_519.png,256,256,0.05401611328125,1
site3_539.png_X0_Y0,492,site3_539.png,0,0,0.0,0
site3_539.png_X256_Y0,492,site3_539.png,256,0,0.1922760009765625,1
site3_539.png_X0_Y256,492,site3_539.png,0,256,0.0,0
site3_539.png_X256_Y256,492,site3_539.png,256,256,0.4186553955078125,2
site3_540.png_X0_Y0,493,site3_540.png,0,0,0.0927581787109375,1
site3_540.png_X256_Y0,493,site3_540.png,256,0,0.103363037109375,1
site3_540.png_X0_Y256,493,site3_540.png,0,256,0.09246826171875,1
site3_540.png_X256_Y256,493,site3_540.png,256,256,0.0,0
site3_544.png_X0_Y0,497,site3_544.png,0,0,0.0,0
site3_544.png_X256_Y0,497,site3_544.png,256,0,0.0,0
site3_544.png_X0_Y256,497,site3_544.png,0,256,0.0,0
site3_544.png_X256_Y256,497,site3_544.png,256,256,0.0,0
site3_545.png_X0_Y0,498,site3_545.png,0,0,0.0,0
site3_545.png_X256_Y0,498,site3_545.png,256,0,0.0,0
site3_545.png_X0_Y256,498,site3_545.png,0,256,0.0,0
site3_545.png_X256_Y256,498,site3_545.png,256,256,0.0,0
site3_546.png_X0_Y0,499,site3_546.png,0,0,0.0506439208984375,1
site3_546.png_X256_Y0,499,site3_546.png,256,0,0.0,0
site3_546.png_X0_Y256,499,site3_546.png,0,256,0.3162384033203125,1
site3_546.png_X256_Y256,499,site3_546.png,256,256,0.0,0
site3_549.png_X0_Y0,502,site3_549.png,0,0,0.0,0
site3_549.png_X256_Y0,502,site3_549.png,256,0,0.0,0
site3_549.png_X0_Y256,502,site3_549.png,0,256,0.0,0
site3_549.png_X256_Y256,502,site3_549.png,256,256,0.108062744140625,1
site3_550.png_X0_Y0,503,site3_550.png,0,0,0.008697509765625,0
site3_550.png_X256_Y0,503,site3_550.png,256,0,0.007965087890625,0
site3_550.png_X0_Y256,503,site3_550.png,0,256,0.0485382080078125,0
site3_550.png_X256_Y256,503,site3_550.png,256,256,0.01068115234375,0
site3_551.png_X0_Y0,504,site3_551.png,0,0,0.0,0
site3_551.png_X256_Y0,504,site3_551.png,256,0,0.033203125,0
site3_551.png_X0_Y256,504,site3_551.png,0,256,0.0,0
site3_551.png_X256_Y256,504,site3_551.png,256,256,0.0110931396484375,0
site3_569.png_X0_Y0,519,site3_569.png,0,0,0.0,0
site3_569.png_X256_Y0,519,site3_569.png,256,0,0.0,0
site3_569.png_X0_Y256,519,site3_569.png,0,256,0.0,0
site3_569.png_X256_Y256,519,site3_569.png,256,256,0.0,0
site3_570.png_X0_Y0,520,site3_570.png,0,0,0.0,0
site3_570.png_X256_Y0,520,site3_570.png,256,0,0.0,0
site3_570.png_X0_Y256,520,site3_570.png,0,256,0.010162353515625,0
site3_570.png_X256_Y256,520,site3_570.png,256,256,0.0023193359375,0
site3_571.png_X0_Y0,521,site3_571.png,0,0,0.0365753173828125,0
site3_571.png_X256_Y0,521,site3_571.png,256,0,0.0,0
site3_571.png_X0_Y256,521,site3_571.png,0,256,0.1956787109375,1
site3_571.png_X256_Y256,521,site3_571.png,256,256,0.0,0
site3_572.png_X0_Y0,522,site3_572.png,0,0,0.0,0
site3_572.png_X256_Y0,522,site3_572.png,256,0,0.0,0
site3_572.png_X0_Y256,522,site3_572.png,0,256,0.0055389404296875,0
site3_572.png_X256_Y256,522,site3_572.png,256,256,0.0654449462890625,1
site3_574.png_X0_Y0,524,site3_574.png,0,0,0.0,0
site3_574.png_X256_Y0,524,site3_574.png,256,0,0.0,0
site3_574.png_X0_Y256,524,site3_574.png,0,256,0.0,0
site3_574.png_X256_Y256,524,site3_574.png,256,256,0.0,0
site3_575.png_X0_Y0,525,site3_575.png,0,0,0.0894317626953125,1
site3_575.png_X256_Y0,525,site3_575.png,256,0,0.0,0
site3_575.png_X0_Y256,525,site3_575.png,0,256,0.1314239501953125,1
site3_575.png_X256_Y256,525,site3_575.png,256,256,0.147247314453125,1
site3_576.png_X0_Y0,526,site3_576.png,0,0,0.0,0
site3_576.png_X256_Y0,526,site3_576.png,256,0,0.051605224609375,1
site3_576.png_X0_Y256,526,site3_576.png,0,256,0.0,0
site3_576.png_X256_Y256,526,site3_576.png,256,256,0.0,0
site3_577.png_X0_Y0,527,site3_577.png,0,0,0.0,0
site3_577.png_X256_Y0,527,site3_577.png,256,0,0.0,0
site3_577.png_X0_Y256,527,site3_577.png,0,256,0.00323486328125,0
site3_577.png_X256_Y256,527,site3_577.png,256,256,0.0748748779296875,1
site3_578.png_X0_Y0,528,site3_578.png,0,0,0.0,0
site3_578.png_X256_Y0,528,site3_578.png,256,0,0.0622100830078125,1
site3_578.png_X0_Y256,528,site3_578.png,0,256,0.094940185546875,1
site3_578.png_X256_Y256,528,site3_578.png,256,256,0.10040283203125,1
site3_579.png_X0_Y0,529,site3_579.png,0,0,0.16253662109375,1
site3_579.png_X256_Y0,529,site3_579.png,256,0,0.0,0
site3_579.png_X0_Y256,529,site3_579.png,0,256,0.0661163330078125,1
site3_579.png_X256_Y256,529,site3_579.png,256,256,0.23260498046875,1
site3_582.png_X0_Y0,532,site3_582.png,0,0,0.0,0
site3_582.png_X256_Y0,532,site3_582.png,256,0,0.0,0
site3_582.png_X0_Y256,532,site3_582.png,0,256,0.0,0
site3_582.png_X256_Y256,532,site3_582.png,256,256,0.0,0
site3_583.png_X0_Y0,533,site3_583.png,0,0,0.0,0
site3_583.png_X256_Y0,533,site3_583.png,256,0,0.0,0
site3_583.png_X0_Y256,533,site3_583.png,0,256,0.0350494384765625,0
site3_583.png_X256_Y256,533,site3_583.png,256,256,0.0,0
site3_600.png_X0_Y0,547,site3_600.png,0,0,0.0,0
site3_600.png_X256_Y0,547,site3_600.png,256,0,0.0,0
site3_600.png_X0_Y256,547,site3_600.png,0,256,0.0,0
site3_600.png_X256_Y256,547,site3_600.png,256,256,0.0509796142578125,1
site3_601.png_X0_Y0,548,site3_601.png,0,0,0.37823486328125,1
site3_601.png_X256_Y0,548,site3_601.png,256,0,0.2696075439453125,1
site3_601.png_X0_Y256,548,site3_601.png,0,256,0.0682830810546875,1
site3_601.png_X256_Y256,548,site3_601.png,256,256,0.0473480224609375,0
site3_602.png_X0_Y0,549,site3_602.png,0,0,0.0908966064453125,1
site3_602.png_X256_Y0,549,site3_602.png,256,0,0.265380859375,1
site3_602.png_X0_Y256,549,site3_602.png,0,256,0.0,0
site3_602.png_X256_Y256,549,site3_602.png,256,256,0.0,0
site3_603.png_X0_Y0,550,site3_603.png,0,0,0.162017822265625,1
site3_603.png_X256_Y0,550,site3_603.png,256,0,0.0,0
site3_603.png_X0_Y256,550,site3_603.png,0,256,0.0,0
site3_603.png_X256_Y256,550,site3_603.png,256,256,0.0,0
site3_604.png_X0_Y0,551,site3_604.png,0,0,0.0,0
site3_604.png_X256_Y0,551,site3_604.png,256,0,0.0633087158203125,1
site3_604.png_X0_Y256,551,site3_604.png,0,256,0.0,0
site3_604.png_X256_Y256,551,site3_604.png,256,256,0.0,0
site3_608.png_X0_Y0,555,site3_608.png,0,0,0.0,0
site3_608.png_X256_Y0,555,site3_608.png,256,0,0.0,0
site3_608.png_X0_Y256,555,site3_608.png,0,256,0.0330657958984375,0
site3_608.png_X256_Y256,555,site3_608.png,256,256,0.068878173828125,1
site3_609.png_X0_Y0,556,site3_609.png,0,0,0.0,0
site3_609.png_X256_Y0,556,site3_609.png,256,0,0.0,0
site3_609.png_X0_Y256,556,site3_609.png,0,256,0.0842132568359375,1
site3_609.png_X256_Y256,556,site3_609.png,256,256,0.00579833984375,0
site3_610.png_X0_Y0,557,site3_610.png,0,0,0.0,0
site3_610.png_X256_Y0,557,site3_610.png,256,0,0.0748291015625,1
site3_610.png_X0_Y256,557,site3_610.png,0,256,0.0,0
site3_610.png_X256_Y256,557,site3_610.png,256,256,0.06793212890625,1
site3_611.png_X0_Y0,558,site3_611.png,0,0,0.0,0
site3_611.png_X256_Y0,558,site3_611.png,256,0,0.0,0
site3_611.png_X0_Y256,558,site3_611.png,0,256,0.0847320556640625,1
site3_611.png_X256_Y256,558,site3_611.png,256,256,0.0,0
site3_632.png_X0_Y0,574,site3_632.png,0,0,0.0,0
site3_632.png_X256_Y0,574,site3_632.png,256,0,0.0,0
site3_632.png_X0_Y256,574,site3_632.png,0,256,0.0,0
site3_632.png_X256_Y256,574,site3_632.png,256,256,0.0,0
site3_635.png_X0_Y0,577,site3_635.png,0,0,0.0,0
site3_635.png_X256_Y0,577,site3_635.png,256,0,0.0034942626953125,0
site3_635.png_X0_Y256,577,site3_635.png,0,256,0.0,0
site3_635.png_X256_Y256,577,site3_635.png,256,256,0.0734405517578125,1
site3_638.png_X0_Y0,580,site3_638.png,0,0,0.0,0
site3_638.png_X256_Y0,580,site3_638.png,256,0,0.0,0
site3_638.png_X0_Y256,580,site3_638.png,0,256,0.0,0
site3_638.png_X256_Y256,580,site3_638.png,256,256,0.0,0
site3_639.png_X0_Y0,581,site3_639.png,0,0,0.0,0
site3_639.png_X256_Y0,581,site3_639.png,256,0,0.0,0
site3_639.png_X0_Y256,581,site3_639.png,0,256,0.107666015625,1
site3_639.png_X256_Y256,581,site3_639.png,256,256,0.0007781982421875,0
site3_640.png_X0_Y0,582,site3_640.png,0,0,0.05426025390625,1
site3_640.png_X256_Y0,582,site3_640.png,256,0,0.0429534912109375,0
site3_640.png_X0_Y256,582,site3_640.png,0,256,0.0,0
site3_640.png_X256_Y256,582,site3_640.png,256,256,0.0,0
site3_641.png_X0_Y0,583,site3_641.png,0,0,0.0,0
site3_641.png_X256_Y0,583,site3_641.png,256,0,0.0,0
site3_641.png_X0_Y256,583,site3_641.png,0,256,0.0,0
site3_641.png_X256_Y256,583,site3_641.png,256,256,0.0,0
site3_642.png_X0_Y0,584,site3_642.png,0,0,0.0779876708984375,1
site3_642.png_X256_Y0,584,site3_642.png,256,0,0.0,0
site3_642.png_X0_Y256,584,site3_642.png,0,256,0.0,0
site3_642.png_X256_Y256,584,site3_642.png,256,256,0.0,0
site3_643.png_X0_Y0,585,site3_643.png,0,0,0.0,0
site3_643.png_X256_Y0,585,site3_643.png,256,0,0.132720947265625,1
site3_643.png_X0_Y256,585,site3_643.png,0,256,0.0,0
site3_643.png_X256_Y256,585,site3_643.png,256,256,0.14788818359375,1
site3_644.png_X0_Y0,586,site3_644.png,0,0,0.1158447265625,1
site3_644.png_X256_Y0,586,site3_644.png,256,0,0.0,0
site3_644.png_X0_Y256,586,site3_644.png,0,256,0.2332000732421875,1
site3_644.png_X256_Y256,586,site3_644.png,256,256,0.0,0
site3_663.png_X0_Y0,601,site3_663.png,0,0,0.0273895263671875,0
site3_663.png_X256_Y0,601,site3_663.png,256,0,0.0206298828125,0
site3_663.png_X0_Y256,601,site3_663.png,0,256,0.0,0
site3_663.png_X256_Y256,601,site3_663.png,256,256,0.0,0
site3_665.png_X0_Y0,603,site3_665.png,0,0,0.0104827880859375,0
site3_665.png_X256_Y0,603,site3_665.png,256,0,0.0695648193359375,1
site3_665.png_X0_Y256,603,site3_665.png,0,256,0.0,0
site3_665.png_X256_Y256,603,site3_665.png,256,256,0.1758575439453125,1
site3_666.png_X0_Y0,604,site3_666.png,0,0,0.0,0
site3_666.png_X256_Y0,604,site3_666.png,256,0,0.098785400390625,1
site3_666.png_X0_Y256,604,site3_666.png,0,256,0.394439697265625,1
site3_666.png_X256_Y256,604,site3_666.png,256,256,0.0015716552734375,0
site3_667.png_X0_Y0,605,site3_667.png,0,0,0.0,0
site3_667.png_X256_Y0,605,site3_667.png,256,0,0.04205322265625,0
site3_667.png_X0_Y256,605,site3_667.png,0,256,0.0,0
site3_667.png_X256_Y256,605,site3_667.png,256,256,0.0,0
site3_668.png_X0_Y0,606,site3_668.png,0,0,0.0,0
site3_668.png_X256_Y0,606,site3_668.png,256,0,0.0781707763671875,1
site3_668.png_X0_Y256,606,site3_668.png,0,256,0.0,0
site3_668.png_X256_Y256,606,site3_668.png,256,256,0.0,0
site3_669.png_X0_Y0,607,site3_669.png,0,0,0.0,0
site3_669.png_X256_Y0,607,site3_669.png,256,0,0.0113983154296875,0
site3_669.png_X0_Y256,607,site3_669.png,0,256,0.0,0
site3_669.png_X256_Y256,607,site3_669.png,256,256,0.0,0
site3_670.png_X0_Y0,608,site3_670.png,0,0,0.030914306640625,0
site3_670.png_X256_Y0,608,site3_670.png,256,0,0.0691680908203125,1
site3_670.png_X0_Y256,608,site3_670.png,0,256,0.0,0
site3_670.png_X256_Y256,608,site3_670.png,256,256,0.0124053955078125,0
site3_671.png_X0_Y0,609,site3_671.png,0,0,0.0,0
site3_671.png_X256_Y0,609,site3_671.png,256,0,0.0,0
site3_671.png_X0_Y256,609,site3_671.png,0,256,0.019683837890625,0
site3_671.png_X256_Y256,609,site3_671.png,256,256,0.1152496337890625,1
site3_674.png_X0_Y0,612,site3_674.png,0,0,0.0,0
site3_674.png_X256_Y0,612,site3_674.png,256,0,0.0,0
site3_674.png_X0_Y256,612,site3_674.png,0,256,0.0,0
site3_674.png_X256_Y256,612,site3_674.png,256,256,0.0288238525390625,0
site3_696.png_X0_Y0,629,site3_696.png,0,0,0.010589599609375,0
site3_696.png_X256_Y0,629,site3_696.png,256,0,0.2195281982421875,1
site3_696.png_X0_Y256,629,site3_696.png,0,256,0.0,0
site3_696.png_X256_Y256,629,site3_696.png,256,256,0.0,0
site3_697.png_X0_Y0,630,site3_697.png,0,0,0.069061279296875,1
site3_697.png_X256_Y0,630,site3_697.png,256,0,0.053466796875,1
site3_697.png_X0_Y256,630,site3_697.png,0,256,0.0,0
site3_697.png_X256_Y256,630,site3_697.png,256,256,0.0,0
site3_699.png_X0_Y0,632,site3_699.png,0,0,0.0,0
site3_699.png_X256_Y0,632,site3_699.png,256,0,0.0,0
site3_699.png_X0_Y256,632,site3_699.png,0,256,0.0,0
site3_699.png_X256_Y256,632,site3_699.png,256,256,0.377166748046875,1
site3_700.png_X0_Y0,633,site3_700.png,0,0,0.0,0
site3_700.png_X256_Y0,633,site3_700.png,256,0,0.0,0
site3_700.png_X0_Y256,633,site3_700.png,0,256,0.0765533447265625,1
site3_700.png_X256_Y256,633,site3_700.png,256,256,0.0,0
site3_731.png_X0_Y0,656,site3_731.png,0,0,0.06884765625,1
site3_731.png_X256_Y0,656,site3_731.png,256,0,0.0749359130859375,1
site3_731.png_X0_Y256,656,site3_731.png,0,256,0.0525970458984375,1
site3_731.png_X256_Y256,656,site3_731.png,256,256,0.095123291015625,1
site3_766.png_X0_Y0,678,site3_766.png,0,0,0.0,0
site3_766.png_X256_Y0,678,site3_766.png,256,0,0.01873779296875,0
site3_766.png_X0_Y256,678,site3_766.png,0,256,0.0,0
site3_766.png_X256_Y256,678,site3_766.png,256,256,0.0442047119140625,0
site4_59.png_X0_Y0,739,site4_59.png,0,0,0.0,0
site4_59.png_X256_Y0,739,site4_59.png,256,0,0.0,0
site4_59.png_X0_Y256,739,site4_59.png,0,256,0.0,0
site4_59.png_X256_Y256,739,site4_59.png,256,256,0.0,0
site4_60.png_X0_Y0,740,site4_60.png,0,0,0.0,0
site4_60.png_X256_Y0,740,site4_60.png,256,0,0.0,0
site4_60.png_X0_Y256,740,site4_60.png,0,256,0.0,0
site4_60.png_X256_Y256,740,site4_60.png,256,256,0.0,0
site4_76.png_X0_Y0,755,site4_76.png,0,0,0.0,0
site4_76.png_X256_Y0,755,site4_76.png,256,0,0.0589752197265625,1
site4_76.png_X0_Y256,755,site4_76.png,0,256,0.0,0
site4_76.png_X256_Y256,755,site4_76.png,256,256,0.15899658203125,1
site4_77.png_X0_Y0,756,site4_77.png,0,0,0.667510986328125,2
site4_77.png_X256_Y0,756,site4_77.png,256,0,0.9239959716796875,2
site4_77.png_X0_Y256,756,site4_77.png,0,256,1.0,2
site4_77.png_X256_Y256,756,site4_77.png,256,256,1.0,2
site4_78.png_X0_Y0,757,site4_78.png,0,0,0.83648681640625,2
site4_78.png_X256_Y0,757,site4_78.png,256,0,0.579071044921875,2
site4_78.png_X0_Y256,757,site4_78.png,0,256,1.0,2
site4_78.png_X256_Y256,757,site4_78.png,256,256,0.7615966796875,2
site4_79.png_X0_Y0,758,site4_79.png,0,0,0.1912384033203125,1
site4_79.png_X256_Y0,758,site4_79.png,256,0,0.007293701171875,0
site4_79.png_X0_Y256,758,site4_79.png,0,256,0.7118988037109375,2
site4_79.png_X256_Y256,758,site4_79.png,256,256,0.8782958984375,2
site4_80.png_X0_Y0,759,site4_80.png,0,0,0.0,0
site4_80.png_X256_Y0,759,site4_80.png,256,0,0.0,0
site4_80.png_X0_Y256,759,site4_80.png,0,256,0.8654937744140625,2
site4_80.png_X256_Y256,759,site4_80.png,256,256,0.3744049072265625,1
site4_81.png_X0_Y0,760,site4_81.png,0,0,0.0,0
site4_81.png_X256_Y0,760,site4_81.png,256,0,0.0,0
site4_81.png_X0_Y256,760,site4_81.png,0,256,0.0,0
site4_81.png_X256_Y256,760,site4_81.png,256,256,0.0,0
site4_94.png_X0_Y0,772,site4_94.png,0,0,0.0,0
site4_94.png_X256_Y0,772,site4_94.png,256,0,0.2290496826171875,1
site4_94.png_X0_Y256,772,site4_94.png,0,256,0.0,0
site4_94.png_X256_Y256,772,site4_94.png,256,256,0.2777099609375,1
site4_95.png_X0_Y0,773,site4_95.png,0,0,1.0,2
site4_95.png_X256_Y0,773,site4_95.png,256,0,1.0,2
site4_95.png_X0_Y256,773,site4_95.png,0,256,1.0,2
site4_95.png_X256_Y256,773,site4_95.png,256,256,1.0,2
site4_96.png_X0_Y0,774,site4_96.png,0,0,1.0,2
site4_96.png_X256_Y0,774,site4_96.png,256,0,0.9743499755859375,2
site4_96.png_X0_Y256,774,site4_96.png,0,256,1.0,2
site4_96.png_X256_Y256,774,site4_96.png,256,256,1.0,2
site4_97.png_X0_Y0,775,site4_97.png,0,0,0.088348388671875,1
site4_97.png_X256_Y0,775,site4_97.png,256,0,0.3313751220703125,1
site4_97.png_X0_Y256,775,site4_97.png,0,256,0.1833953857421875,1
site4_97.png_X256_Y256,775,site4_97.png,256,256,0.3423309326171875,1
site4_98.png_X0_Y0,776,site4_98.png,0,0,0.604278564453125,2
site4_98.png_X256_Y0,776,site4_98.png,256,0,0.3577423095703125,1
site4_98.png_X0_Y256,776,site4_98.png,0,256,0.087921142578125,1
site4_98.png_X256_Y256,776,site4_98.png,256,256,0.0,0
site4_99.png_X0_Y0,777,site4_99.png,0,0,0.0290985107421875,0
site4_99.png_X256_Y0,777,site4_99.png,256,0,0.0,0
site4_99.png_X0_Y256,777,site4_99.png,0,256,0.0030975341796875,0
site4_99.png_X256_Y256,777,site4_99.png,256,256,0.0,0
site4_112.png_X0_Y0,789,site4_112.png,0,0,0.0,0
site4_112.png_X256_Y0,789,site4_112.png,256,0,0.4293060302734375,2
site4_112.png_X0_Y256,789,site4_112.png,0,256,0.0,0
site4_112.png_X256_Y256,789,site4_112.png,256,256,0.4598846435546875,2
site4_113.png_X0_Y0,790,site4_113.png,0,0,1.0,2
site4_113.png_X256_Y0,790,site4_113.png,256,0,1.0,2
site4_113.png_X0_Y256,790,site4_113.png,0,256,1.0,2
site4_113.png_X256_Y256,790,site4_113.png,256,256,1.0,2
site4_114.png_X0_Y0,791,site4_114.png,0,0,1.0,2
site4_114.png_X256_Y0,791,site4_114.png,256,0,0.9891204833984375,2
site4_114.png_X0_Y256,791,site4_114.png,0,256,0.9889373779296875,2
site4_114.png_X256_Y256,791,site4_114.png,256,256,0.4930572509765625,2
site4_115.png_X0_Y0,792,site4_115.png,0,0,0.134613037109375,1
site4_115.png_X256_Y0,792,site4_115.png,256,0,0.3688812255859375,1
site4_115.png_X0_Y256,792,site4_115.png,0,256,0.0,0
site4_115.png_X256_Y256,792,site4_115.png,256,256,0.0,0
site4_116.png_X0_Y0,793,site4_116.png,0,0,0.54046630859375,2
site4_116.png_X256_Y0,793,site4_116.png,256,0,0.636077880859375,2
site4_116.png_X0_Y256,793,site4_116.png,0,256,0.0,0
site4_116.png_X256_Y256,793,site4_116.png,256,256,0.0,0
site4_117.png_X0_Y0,794,site4_117.png,0,0,0.9925994873046875,2
site4_117.png_X256_Y0,794,site4_117.png,256,0,0.285675048828125,1
site4_117.png_X0_Y256,794,site4_117.png,0,256,0.067047119140625,1
site4_117.png_X256_Y256,794,site4_117.png,256,256,0.0093994140625,0
site4_118.png_X0_Y0,795,site4_118.png,0,0,0.175628662109375,1
site4_118.png_X256_Y0,795,site4_118.png,256,0,0.233245849609375,1
site4_118.png_X0_Y256,795,site4_118.png,0,256,0.3524017333984375,1
site4_118.png_X256_Y256,795,site4_118.png,256,256,0.4397430419921875,2
site4_119.png_X0_Y0,796,site4_119.png,0,0,0.115447998046875,1
site4_119.png_X256_Y0,796,site4_119.png,256,0,0.0,0
site4_119.png_X0_Y256,796,site4_119.png,0,256,0.8951263427734375,2
site4_119.png_X256_Y256,796,site4_119.png,256,256,0.5764617919921875,2
site4_120.png_X0_Y0,797,site4_120.png,0,0,0.0,0
site4_120.png_X256_Y0,797,site4_120.png,256,0,0.0,0
site4_120.png_X0_Y256,797,site4_120.png,0,256,0.2288970947265625,1
site4_120.png_X256_Y256,797,site4_120.png,256,256,0.0850067138671875,1
site4_130.png_X0_Y0,806,site4_130.png,0,0,0.0,0
site4_130.png_X256_Y0,806,site4_130.png,256,0,0.0850677490234375,1
site4_130.png_X0_Y256,806,site4_130.png,0,256,0.0,0
site4_130.png_X256_Y256,806,site4_130.png,256,256,0.0,0
site4_131.png_X0_Y0,807,site4_131.png,0,0,0.451812744140625,2
site4_131.png_X256_Y0,807,site4_131.png,256,0,0.6739654541015625,2
site4_131.png_X0_Y256,807,site4_131.png,0,256,0.0001068115234375,0
site4_131.png_X256_Y256,807,site4_131.png,256,256,0.220855712890625,1
site4_132.png_X0_Y0,808,site4_132.png,0,0,0.6035614013671875,2
site4_132.png_X256_Y0,808,site4_132.png,256,0,0.4329071044921875,2
site4_132.png_X0_Y256,808,site4_132.png,0,256,0.1568603515625,1
site4_132.png_X256_Y256,808,site4_132.png,256,256,0.1406707763671875,1
site4_137.png_X0_Y0,813,site4_137.png,0,0,0.0,0
site4_137.png_X256_Y0,813,site4_137.png,256,0,0.0,0
site4_137.png_X0_Y256,813,site4_137.png,0,256,0.0,0
site4_137.png_X256_Y256,813,site4_137.png,256,256,0.0,0
site4_138.png_X0_Y0,814,site4_138.png,0,0,0.1436767578125,1
site4_138.png_X256_Y0,814,site4_138.png,256,0,0.1054229736328125,1
site4_138.png_X0_Y256,814,site4_138.png,0,256,0.0,0
site4_138.png_X256_Y256,814,site4_138.png,256,256,0.0,0
site4_140.png_X0_Y0,816,site4_140.png,0,0,0.0,0
site4_140.png_X256_Y0,816,site4_140.png,256,0,0.0,0
site4_140.png_X0_Y256,816,site4_140.png,0,256,0.0,0
site4_140.png_X256_Y256,816,site4_140.png,256,256,0.0588836669921875,1
site4_141.png_X0_Y0,817,site4_141.png,0,0,0.0735931396484375,1
site4_141.png_X256_Y0,817,site4_141.png,256,0,0.0,0
site4_141.png_X0_Y256,817,site4_141.png,0,256,0.105133056640625,1
site4_141.png_X256_Y256,817,site4_141.png,256,256,0.0,0
site4_148.png_X0_Y0,822,site4_148.png,0,0,0.0,0
site4_148.png_X256_Y0,822,site4_148.png,256,0,0.0,0
site4_148.png_X0_Y256,822,site4_148.png,0,256,0.034576416015625,0
site4_148.png_X256_Y256,822,site4_148.png,256,256,0.21173095703125,1
site4_149.png_X0_Y0,823,site4_149.png,0,0,0.0,0
site4_149.png_X256_Y0,823,site4_149.png,256,0,0.1506805419921875,1
site4_149.png_X0_Y256,823,site4_149.png,0,256,0.0,0
site4_149.png_X256_Y256,823,site4_149.png,256,256,0.0,0
site4_158.png_X0_Y0,832,site4_158.png,0,0,0.0,0
site4_158.png_X256_Y0,832,site4_158.png,256,0,0.055908203125,1
site4_158.png_X0_Y256,832,site4_158.png,0,256,0.0,0
site4_158.png_X256_Y256,832,site4_158.png,256,256,0.24713134765625,1
site4_159.png_X0_Y0,833,site4_159.png,0,0,0.157745361328125,1
site4_159.png_X256_Y0,833,site4_159.png,256,0,0.0,0
site4_159.png_X0_Y256,833,site4_159.png,0,256,0.3437652587890625,1
site4_159.png_X256_Y256,833,site4_159.png,256,256,0.0,0
site4_166.png_X0_Y0,839,site4_166.png,0,0,0.1015777587890625,1
site4_166.png_X256_Y0,839,site4_166.png,256,0,0.0,0
site4_166.png_X0_Y256,839,site4_166.png,0,256,0.0,0
site4_166.png_X256_Y256,839,site4_166.png,256,256,0.0,0
site4_174.png_X0_Y0,847,site4_174.png,0,0,0.0,0
site4_174.png_X256_Y0,847,site4_174.png,256,0,0.0161895751953125,0
site4_174.png_X0_Y256,847,site4_174.png,0,256,0.0,0
site4_174.png_X256_Y256,847,site4_174.png,256,256,0.1562042236328125,1
site4_175.png_X0_Y0,848,site4_175.png,0,0,0.0661773681640625,1
site4_175.png_X256_Y0,848,site4_175.png,256,0,0.0518341064453125,1
site4_175.png_X0_Y256,848,site4_175.png,0,256,0.0283966064453125,0
site4_175.png_X256_Y256,848,site4_175.png,256,256,0.0882568359375,1
site4_176.png_X0_Y0,849,site4_176.png,0,0,0.0,0
site4_176.png_X256_Y0,849,site4_176.png,256,0,0.2204742431640625,1
site4_176.png_X0_Y256,849,site4_176.png,0,256,0.0,0
site4_176.png_X256_Y256,849,site4_176.png,256,256,0.23394775390625,1
site4_177.png_X0_Y0,850,site4_177.png,0,0,0.0669403076171875,1
site4_177.png_X256_Y0,850,site4_177.png,256,0,0.0,0
site4_177.png_X0_Y256,850,site4_177.png,0,256,0.0,0
site4_177.png_X256_Y256,850,site4_177.png,256,256,0.0,0
site4_184.png_X0_Y0,855,site4_184.png,0,0,0.0,0
site4_184.png_X256_Y0,855,site4_184.png,256,0,0.0,0
site4_184.png_X0_Y256,855,site4_184.png,0,256,0.1562652587890625,1
site4_184.png_X256_Y256,855,site4_184.png,256,256,0.009307861328125,0
site4_193.png_X0_Y0,864,site4_193.png,0,0,0.26751708984375,1
site4_193.png_X256_Y0,864,site4_193.png,256,0,0.0796966552734375,1
site4_193.png_X0_Y256,864,site4_193.png,0,256,0.3958892822265625,1
site4_193.png_X256_Y256,864,site4_193.png,256,256,0.0092620849609375,0
site4_194.png_X0_Y0,865,site4_194.png,0,0,0.012939453125,0
site4_194.png_X256_Y0,865,site4_194.png,256,0,0.0706634521484375,1
site4_194.png_X0_Y256,865,site4_194.png,0,256,0.0785980224609375,1
site4_194.png_X256_Y256,865,site4_194.png,256,256,0.0001068115234375,0
site4_211.png_X0_Y0,877,site4_211.png,0,0,0.1996612548828125,1
site4_211.png_X256_Y0,877,site4_211.png,256,0,0.0,0
site4_211.png_X0_Y256,877,site4_211.png,0,256,0.0,0
site4_211.png_X256_Y256,877,site4_211.png,256,256,0.0,0
site5_27.png_X0_Y0,887,site5_27.png,0,0,0.0,0
site5_27.png_X256_Y0,887,site5_27.png,256,0,0.0,0
site5_27.png_X0_Y256,887,site5_27.png,0,256,0.1315765380859375,1
site5_27.png_X256_Y256,887,site5_27.png,256,256,0.0,0
site5_28.png_X0_Y0,888,site5_28.png,0,0,0.0,0
site5_28.png_X256_Y0,888,site5_28.png,256,0,0.06182861328125,1
site5_28.png_X0_Y256,888,site5_28.png,0,256,0.0,0
site5_28.png_X256_Y256,888,site5_28.png,256,256,0.0,0
site5_29.png_X0_Y0,889,site5_29.png,0,0,0.0,0
site5_29.png_X256_Y0,889,site5_29.png,256,0,0.0463409423828125,0
site5_29.png_X0_Y256,889,site5_29.png,0,256,0.0,0
site5_29.png_X256_Y256,889,site5_29.png,256,256,0.0,0
site5_31.png_X0_Y0,891,site5_31.png,0,0,0.0,0
site5_31.png_X256_Y0,891,site5_31.png,256,0,0.0,0
site5_31.png_X0_Y256,891,site5_31.png,0,256,0.0,0
site5_31.png_X256_Y256,891,site5_31.png,256,256,0.0,0
site5_32.png_X0_Y0,892,site5_32.png,0,0,0.0,0
site5_32.png_X256_Y0,892,site5_32.png,256,0,0.0,0
site5_32.png_X0_Y256,892,site5_32.png,0,256,0.0,0
site5_32.png_X256_Y256,892,site5_32.png,256,256,0.0,0
site5_45.png_X0_Y0,900,site5_45.png,0,0,0.1324005126953125,1
site5_45.png_X256_Y0,900,site5_45.png,256,0,0.000518798828125,0
site5_45.png_X0_Y256,900,site5_45.png,0,256,0.02099609375,0
site5_45.png_X256_Y256,900,site5_45.png,256,256,0.02850341796875,0
site5_46.png_X0_Y0,901,site5_46.png,0,0,0.0,0
site5_46.png_X256_Y0,901,site5_46.png,256,0,0.0,0
site5_46.png_X0_Y256,901,site5_46.png,0,256,0.026153564453125,0
site5_46.png_X256_Y256,901,site5_46.png,256,256,0.1107177734375,1
site5_47.png_X0_Y0,902,site5_47.png,0,0,0.0,0
site5_47.png_X256_Y0,902,site5_47.png,256,0,0.0,0
site5_47.png_X0_Y256,902,site5_47.png,0,256,0.2657318115234375,1
site5_47.png_X256_Y256,902,site5_47.png,256,256,0.255889892578125,1
site5_48.png_X0_Y0,903,site5_48.png,0,0,0.0394744873046875,0
site5_48.png_X256_Y0,903,site5_48.png,256,0,0.0977935791015625,1
site5_48.png_X0_Y256,903,site5_48.png,0,256,0.74432373046875,2
site5_48.png_X256_Y256,903,site5_48.png,256,256,0.0,0
site5_49.png_X0_Y0,904,site5_49.png,0,0,0.082244873046875,1
site5_49.png_X256_Y0,904,site5_49.png,256,0,0.14093017578125,1
site5_49.png_X0_Y256,904,site5_49.png,0,256,0.0,0
site5_49.png_X256_Y256,904,site5_49.png,256,256,0.0,0
site5_61.png_X0_Y0,912,site5_61.png,0,0,0.0,0
site5_61.png_X256_Y0,912,site5_61.png,256,0,0.0,0
site5_61.png_X0_Y256,912,site5_61.png,0,256,0.0,0
site5_61.png_X256_Y256,912,site5_61.png,256,256,0.0,0
site5_62.png_X0_Y0,913,site5_62.png,0,0,0.0,0
site5_62.png_X256_Y0,913,site5_62.png,256,0,0.0,0
site5_62.png_X0_Y256,913,site5_62.png,0,256,0.4459228515625,2
site5_62.png_X256_Y256,913,site5_62.png,256,256,0.6809234619140625,2
site5_63.png_X0_Y0,914,site5_63.png,0,0,0.0,0
site5_63.png_X256_Y0,914,site5_63.png,256,0,0.173095703125,1
site5_63.png_X0_Y256,914,site5_63.png,0,256,0.700836181640625,2
site5_63.png_X256_Y256,914,site5_63.png,256,256,0.9328155517578125,2
site5_64.png_X0_Y0,915,site5_64.png,0,0,0.93316650390625,2
site5_64.png_X256_Y0,915,site5_64.png,256,0,1.0,2
site5_64.png_X0_Y256,915,site5_64.png,0,256,1.0,2
site5_64.png_X256_Y256,915,site5_64.png,256,256,0.60272216796875,2
site5_65.png_X0_Y0,916,site5_65.png,0,0,0.437103271484375,2
site5_65.png_X256_Y0,916,site5_65.png,256,0,0.0098724365234375,0
site5_65.png_X0_Y256,916,site5_65.png,0,256,0.0,0
site5_65.png_X256_Y256,916,site5_65.png,256,256,0.0,0
site5_66.png_X0_Y0,917,site5_66.png,0,0,0.90960693359375,2
site5_66.png_X256_Y0,917,site5_66.png,256,0,0.1236572265625,1
site5_66.png_X0_Y256,917,site5_66.png,0,256,0.57305908203125,2
site5_66.png_X256_Y256,917,site5_66.png,256,256,0.2811126708984375,1
site5_67.png_X0_Y0,918,site5_67.png,0,0,0.0,0
site5_67.png_X256_Y0,918,site5_67.png,256,0,0.0,0
site5_67.png_X0_Y256,918,site5_67.png,0,256,0.0,0
site5_67.png_X256_Y256,918,site5_67.png,256,256,0.0,0
site5_76.png_X0_Y0,923,site5_76.png,0,0,0.0,0
site5_76.png_X256_Y0,923,site5_76.png,256,0,0.0,0
site5_76.png_X0_Y256,923,site5_76.png,0,256,0.0207061767578125,0
site5_76.png_X256_Y256,923,site5_76.png,256,256,0.1056671142578125,1
site5_77.png_X0_Y0,924,site5_77.png,0,0,0.0,0
site5_77.png_X256_Y0,924,site5_77.png,256,0,0.0,0
site5_77.png_X0_Y256,924,site5_77.png,0,256,0.0,0
site5_77.png_X256_Y256,924,site5_77.png,256,256,0.0,0
site5_78.png_X0_Y0,925,site5_78.png,0,0,0.00445556640625,0
site5_78.png_X256_Y0,925,site5_78.png,256,0,0.4077301025390625,2
site5_78.png_X0_Y256,925,site5_78.png,0,256,0.0814666748046875,1
site5_78.png_X256_Y256,925,site5_78.png,256,256,0.948577880859375,2
site5_79.png_X0_Y0,926,site5_79.png,0,0,0.6925201416015625,2
site5_79.png_X256_Y0,926,site5_79.png,256,0,0.989532470703125,2
site5_79.png_X0_Y256,926,site5_79.png,0,256,0.8095855712890625,2
site5_79.png_X256_Y256,926,site5_79.png,256,256,1.0,2
site5_80.png_X0_Y0,927,site5_80.png,0,0,1.0,2
site5_80.png_X256_Y0,927,site5_80.png,256,0,0.999755859375,2
site5_80.png_X0_Y256,927,site5_80.png,0,256,0.8801422119140625,2
site5_80.png_X256_Y256,927,site5_80.png,256,256,0.3372802734375,1
site5_81.png_X0_Y0,928,site5_81.png,0,0,0.9387969970703125,2
site5_81.png_X256_Y0,928,site5_81.png,256,0,0.3900604248046875,1
site5_81.png_X0_Y256,928,site5_81.png,0,256,0.0050201416015625,0
site5_81.png_X256_Y256,928,site5_81.png,256,256,0.0,0
site5_82.png_X0_Y0,929,site5_82.png,0,0,0.1377410888671875,1
site5_82.png_X256_Y0,929,site5_82.png,256,0,0.0,0
site5_82.png_X0_Y256,929,site5_82.png,0,256,0.0,0
site5_82.png_X256_Y256,929,site5_82.png,256,256,0.0,0
site5_83.png_X0_Y0,930,site5_83.png,0,0,0.0,0
site5_83.png_X256_Y0,930,site5_83.png,256,0,0.0871124267578125,1
site5_83.png_X0_Y256,930,site5_83.png,0,256,0.0,0
site5_83.png_X256_Y256,930,site5_83.png,256,256,0.0,0
site5_84.png_X0_Y0,931,site5_84.png,0,0,0.2604217529296875,1
site5_84.png_X256_Y0,931,site5_84.png,256,0,0.32171630859375,1
site5_84.png_X0_Y256,931,site5_84.png,0,256,0.112823486328125,1
site5_84.png_X256_Y256,931,site5_84.png,256,256,0.0,0
site5_85.png_X0_Y0,932,site5_85.png,0,0,0.1759490966796875,1
site5_85.png_X256_Y0,932,site5_85.png,256,0,0.0,0
site5_85.png_X0_Y256,932,site5_85.png,0,256,0.0,0
site5_85.png_X256_Y256,932,site5_85.png,256,256,0.0,0
site5_91.png_X0_Y0,936,site5_91.png,0,0,0.0,0
site5_91.png_X256_Y0,936,site5_91.png,256,0,0.0,0
site5_91.png_X0_Y256,936,site5_91.png,0,256,0.0,0
site5_91.png_X256_Y256,936,site5_91.png,256,256,0.0,0
site5_92.png_X0_Y0,937,site5_92.png,0,0,0.0,0
site5_92.png_X256_Y0,937,site5_92.png,256,0,0.0,0
site5_92.png_X0_Y256,937,site5_92.png,0,256,0.0,0
site5_92.png_X256_Y256,937,site5_92.png,256,256,0.0,0
site5_93.png_X0_Y0,938,site5_93.png,0,0,0.12664794921875,1
site5_93.png_X256_Y0,938,site5_93.png,256,0,0.0,0
site5_93.png_X0_Y256,938,site5_93.png,0,256,0.0,0
site5_93.png_X256_Y256,938,site5_93.png,256,256,0.0,0
site5_94.png_X0_Y0,939,site5_94.png,0,0,0.0356597900390625,0
site5_94.png_X256_Y0,939,site5_94.png,256,0,0.277069091796875,1
site5_94.png_X0_Y256,939,site5_94.png,0,256,0.0190887451171875,0
site5_94.png_X256_Y256,939,site5_94.png,256,256,0.3378448486328125,1
site5_95.png_X0_Y0,940,site5_95.png,0,0,0.5207366943359375,2
site5_95.png_X256_Y0,940,site5_95.png,256,0,0.2532806396484375,1
site5_95.png_X0_Y256,940,site5_95.png,0,256,0.2168426513671875,1
site5_95.png_X256_Y256,940,site5_95.png,256,256,0.310760498046875,1
site5_96.png_X0_Y0,941,site5_96.png,0,0,0.0,0
site5_96.png_X256_Y0,941,site5_96.png,256,0,0.0,0
site5_96.png_X0_Y256,941,site5_96.png,0,256,0.033355712890625,0
site5_96.png_X256_Y256,941,site5_96.png,256,256,0.0,0
site5_99.png_X0_Y0,944,site5_99.png,0,0,0.0,0
site5_99.png_X256_Y0,944,site5_99.png,256,0,0.0682830810546875,1
site5_99.png_X0_Y256,944,site5_99.png,0,256,0.0,0
site5_99.png_X256_Y256,944,site5_99.png,256,256,0.0,0
site5_102.png_X0_Y0,947,site5_102.png,0,0,0.01617431640625,0
site5_102.png_X256_Y0,947,site5_102.png,256,0,0.005157470703125,0
site5_102.png_X0_Y256,947,site5_102.png,0,256,0.0112152099609375,0
site5_102.png_X256_Y256,947,site5_102.png,256,256,0.0033721923828125,0
site5_103.png_X0_Y0,948,site5_103.png,0,0,0.0224151611328125,0
site5_103.png_X256_Y0,948,site5_103.png,256,0,0.00213623046875,0
site5_103.png_X0_Y256,948,site5_103.png,0,256,0.1873016357421875,1
site5_103.png_X256_Y256,948,site5_103.png,256,256,0.2981414794921875,1
site5_104.png_X0_Y0,949,site5_104.png,0,0,0.0,0
site5_104.png_X256_Y0,949,site5_104.png,256,0,0.0,0
site5_104.png_X0_Y256,949,site5_104.png,0,256,0.0,0
site5_104.png_X256_Y256,949,site5_104.png,256,256,0.0,0
site5_105.png_X0_Y0,950,site5_105.png,0,0,0.0,0
site5_105.png_X256_Y0,950,site5_105.png,256,0,0.0,0
site5_105.png_X0_Y256,950,site5_105.png,0,256,0.0,0
site5_105.png_X256_Y256,950,site5_105.png,256,256,0.0,0
site5_109.png_X0_Y0,952,site5_109.png,0,0,0.491455078125,2
site5_109.png_X256_Y0,952,site5_109.png,256,0,0.862518310546875,2
site5_109.png_X0_Y256,952,site5_109.png,0,256,0.9065093994140625,2
site5_109.png_X256_Y256,952,site5_109.png,256,256,1.0,2
site5_110.png_X0_Y0,953,site5_110.png,0,0,0.056304931640625,1
site5_110.png_X256_Y0,953,site5_110.png,256,0,0.0,0
site5_110.png_X0_Y256,953,site5_110.png,0,256,0.2960968017578125,1
site5_110.png_X256_Y256,953,site5_110.png,256,256,0.0,0
site5_113.png_X0_Y0,956,site5_113.png,0,0,0.0,0
site5_113.png_X256_Y0,956,site5_113.png,256,0,0.1053924560546875,1
site5_113.png_X0_Y256,956,site5_113.png,0,256,0.0,0
site5_113.png_X256_Y256,956,site5_113.png,256,256,0.0,0
site5_118.png_X0_Y0,961,site5_118.png,0,0,0.0,0
site5_118.png_X256_Y0,961,site5_118.png,256,0,0.0,0
site5_118.png_X0_Y256,961,site5_118.png,0,256,0.0,0
site5_118.png_X256_Y256,961,site5_118.png,256,256,0.035491943359375,0
site5_119.png_X0_Y0,962,site5_119.png,0,0,0.0,0
site5_119.png_X256_Y0,962,site5_119.png,256,0,0.0,0
site5_119.png_X0_Y256,962,site5_119.png,0,256,0.2951507568359375,1
site5_119.png_X256_Y256,962,site5_119.png,256,256,0.0,0
site5_120.png_X0_Y0,963,site5_120.png,0,0,0.0,0
site5_120.png_X256_Y0,963,site5_120.png,256,0,0.0,0
site5_120.png_X0_Y256,963,site5_120.png,0,256,0.574066162109375,2
site5_120.png_X256_Y256,963,site5_120.png,256,256,0.0,0
site5_121.png_X0_Y0,964,site5_121.png,0,0,0.0,0
site5_121.png_X256_Y0,964,site5_121.png,256,0,0.35638427734375,1
site5_121.png_X0_Y256,964,site5_121.png,0,256,0.0,0
site5_121.png_X256_Y256,964,site5_121.png,256,256,0.0001983642578125,0
site5_122.png_X0_Y0,965,site5_122.png,0,0,0.0,0
site5_122.png_X256_Y0,965,site5_122.png,256,0,0.036590576171875,0
site5_122.png_X0_Y256,965,site5_122.png,0,256,0.0,0
site5_122.png_X256_Y256,965,site5_122.png,256,256,0.0,0
site5_127.png_X0_Y0,968,site5_127.png,0,0,0.938079833984375,2
site5_127.png_X256_Y0,968,site5_127.png,256,0,1.0,2
site5_127.png_X0_Y256,968,site5_127.png,0,256,0.6301116943359375,2
site5_127.png_X256_Y256,968,site5_127.png,256,256,1.0,2
site5_128.png_X0_Y0,969,site5_128.png,0,0,0.614288330078125,2
site5_128.png_X256_Y0,969,site5_128.png,256,0,0.0,0
site5_128.png_X0_Y256,969,site5_128.png,0,256,0.8691864013671875,2
site5_128.png_X256_Y256,969,site5_128.png,256,256,0.0,0
site5_131.png_X0_Y0,972,site5_131.png,0,0,0.0,0
site5_131.png_X256_Y0,972,site5_131.png,256,0,0.0,0
site5_131.png_X0_Y256,972,site5_131.png,0,256,0.0,0
site5_131.png_X256_Y256,972,site5_131.png,256,256,0.0,0
site5_132.png_X0_Y0,973,site5_132.png,0,0,0.0,0
site5_132.png_X256_Y0,973,site5_132.png,256,0,0.0,0
site5_132.png_X0_Y256,973,site5_132.png,0,256,0.0399322509765625,0
site5_132.png_X256_Y256,973,site5_132.png,256,256,0.0,0
site5_134.png_X0_Y0,975,site5_134.png,0,0,0.0,0
site5_134.png_X256_Y0,975,site5_134.png,256,0,0.010223388671875,0
site5_134.png_X0_Y256,975,site5_134.png,0,256,0.315826416015625,1
site5_134.png_X256_Y256,975,site5_134.png,256,256,0.400665283203125,2
site5_135.png_X0_Y0,976,site5_135.png,0,0,0.2753143310546875,1
site5_135.png_X256_Y0,976,site5_135.png,256,0,0.5123748779296875,2
site5_135.png_X0_Y256,976,site5_135.png,0,256,1.0,2
site5_135.png_X256_Y256,976,site5_135.png,256,256,1.0,2
site5_136.png_X0_Y0,977,site5_136.png,0,0,0.8720245361328125,2
site5_136.png_X256_Y0,977,site5_136.png,256,0,1.0,2
site5_136.png_X0_Y256,977,site5_136.png,0,256,1.0,2
site5_136.png_X256_Y256,977,site5_136.png,256,256,1.0,2
site5_137.png_X0_Y0,978,site5_137.png,0,0,0.2212066650390625,1
site5_137.png_X256_Y0,978,site5_137.png,256,0,0.0279083251953125,0
site5_137.png_X0_Y256,978,site5_137.png,0,256,0.1428680419921875,1
site5_137.png_X256_Y256,978,site5_137.png,256,256,0.4276580810546875,2
site5_138.png_X0_Y0,979,site5_138.png,0,0,0.891265869140625,2
site5_138.png_X256_Y0,979,site5_138.png,256,0,0.011444091796875,0
site5_138.png_X0_Y256,979,site5_138.png,0,256,0.98577880859375,2
site5_138.png_X256_Y256,979,site5_138.png,256,256,0.1895904541015625,1
site5_139.png_X0_Y0,980,site5_139.png,0,0,0.0,0
site5_139.png_X256_Y0,980,site5_139.png,256,0,0.0,0
site5_139.png_X0_Y256,980,site5_139.png,0,256,0.0,0
site5_139.png_X256_Y256,980,site5_139.png,256,256,0.0587005615234375,1
site5_140.png_X0_Y0,981,site5_140.png,0,0,0.0190277099609375,0
site5_140.png_X256_Y0,981,site5_140.png,256,0,0.0,0
site5_140.png_X0_Y256,981,site5_140.png,0,256,0.1779022216796875,1
site5_140.png_X256_Y256,981,site5_140.png,256,256,0.0,0
site5_142.png_X0_Y0,983,site5_142.png,0,0,0.0,0
site5_142.png_X256_Y0,983,site5_142.png,256,0,0.0,0
site5_142.png_X0_Y256,983,site5_142.png,0,256,0.0,0
site5_142.png_X256_Y256,983,site5_142.png,256,256,0.0,0
site5_145.png_X0_Y0,984,site5_145.png,0,0,0.243896484375,1
site5_145.png_X256_Y0,984,site5_145.png,256,0,1.0,2
site5_145.png_X0_Y256,984,site5_145.png,0,256,0.0197296142578125,0
site5_145.png_X256_Y256,984,site5_145.png,256,256,0.9548797607421875,2
site5_146.png_X0_Y0,985,site5_146.png,0,0,1.0,2
site5_146.png_X256_Y0,985,site5_146.png,256,0,0.1958160400390625,1
site5_146.png_X0_Y256,985,site5_146.png,0,256,1.0,2
site5_146.png_X256_Y256,985,site5_146.png,256,256,0.422943115234375,2
site5_148.png_X0_Y0,987,site5_148.png,0,0,0.066986083984375,1
site5_148.png_X256_Y0,987,site5_148.png,256,0,0.0695343017578125,1
site5_148.png_X0_Y256,987,site5_148.png,0,256,0.0,0
site5_148.png_X256_Y256,987,site5_148.png,256,256,0.0,0
site5_149.png_X0_Y0,988,site5_149.png,0,0,0.0642547607421875,1
site5_149.png_X256_Y0,988,site5_149.png,256,0,0.3753204345703125,1
site5_149.png_X0_Y256,988,site5_149.png,0,256,0.1785736083984375,1
site5_149.png_X256_Y256,988,site5_149.png,256,256,0.71307373046875,2
site5_150.png_X0_Y0,989,site5_150.png,0,0,0.0,0
site5_150.png_X256_Y0,989,site5_150.png,256,0,0.4575347900390625,2
site5_150.png_X0_Y256,989,site5_150.png,0,256,0.0,0
site5_150.png_X256_Y256,989,site5_150.png,256,256,0.4321441650390625,2
site5_151.png_X0_Y0,990,site5_151.png,0,0,0.1730804443359375,1
site5_151.png_X256_Y0,990,site5_151.png,256,0,0.0,0
site5_151.png_X0_Y256,990,site5_151.png,0,256,0.46087646484375,2
site5_151.png_X256_Y256,990,site5_151.png,256,256,0.0,0
site5_152.png_X0_Y0,991,site5_152.png,0,0,0.0,0
site5_152.png_X256_Y0,991,site5_152.png,256,0,0.0,0
site5_152.png_X0_Y256,991,site5_152.png,0,256,0.0,0
site5_152.png_X256_Y256,991,site5_152.png,256,256,0.1163330078125,1
site5_153.png_X0_Y0,992,site5_153.png,0,0,0.004302978515625,0
site5_153.png_X256_Y0,992,site5_153.png,256,0,0.130401611328125,1
site5_153.png_X0_Y256,992,site5_153.png,0,256,0.797576904296875,2
site5_153.png_X256_Y256,992,site5_153.png,256,256,0.6937408447265625,2
site5_154.png_X0_Y0,993,site5_154.png,0,0,0.1558837890625,1
site5_154.png_X256_Y0,993,site5_154.png,256,0,0.2459716796875,1
site5_154.png_X0_Y256,993,site5_154.png,0,256,0.4111785888671875,2
site5_154.png_X256_Y256,993,site5_154.png,256,256,0.0404052734375,0
site5_155.png_X0_Y0,994,site5_155.png,0,0,0.1682281494140625,1
site5_155.png_X256_Y0,994,site5_155.png,256,0,0.9656524658203125,2
site5_155.png_X0_Y256,994,site5_155.png,0,256,0.24835205078125,1
site5_155.png_X256_Y256,994,site5_155.png,256,256,0.988616943359375,2
site5_156.png_X0_Y0,995,site5_156.png,0,0,1.0,2
site5_156.png_X256_Y0,995,site5_156.png,256,0,0.4993133544921875,2
site5_156.png_X0_Y256,995,site5_156.png,0,256,1.0,2
site5_156.png_X256_Y256,995,site5_156.png,256,256,0.67547607421875,2
site5_157.png_X0_Y0,996,site5_157.png,0,0,0.0,0
site5_157.png_X256_Y0,996,site5_157.png,256,0,0.0,0
site5_157.png_X0_Y256,996,site5_157.png,0,256,0.0,0
site5_157.png_X256_Y256,996,site5_157.png,256,256,0.0,0
site5_158.png_X0_Y0,997,site5_158.png,0,0,0.03753662109375,0
site5_158.png_X256_Y0,997,site5_158.png,256,0,0.0,0
site5_158.png_X0_Y256,997,site5_158.png,0,256,0.0699462890625,1
site5_158.png_X256_Y256,997,site5_158.png,256,256,0.0115966796875,0
site5_159.png_X0_Y0,998,site5_159.png,0,0,0.0,0
site5_159.png_X256_Y0,998,site5_159.png,256,0,0.0,0
site5_159.png_X0_Y256,998,site5_159.png,0,256,0.16510009765625,1
site5_159.png_X256_Y256,998,site5_159.png,256,256,0.106109619140625,1
site5_160.png_X0_Y0,999,site5_160.png,0,0,0.0,0
site5_160.png_X256_Y0,999,site5_160.png,256,0,0.0154266357421875,0
site5_160.png_X0_Y256,999,site5_160.png,0,256,0.0,0
site5_160.png_X256_Y256,999,site5_160.png,256,256,0.0,0
site5_161.png_X0_Y0,1000,site5_161.png,0,0,0.1510162353515625,1
site5_161.png_X256_Y0,1000,site5_161.png,256,0,0.0,0
site5_161.png_X0_Y256,1000,site5_161.png,0,256,0.0,0
site5_161.png_X256_Y256,1000,site5_161.png,256,256,0.0,0
site5_163.png_X0_Y0,1001,site5_163.png,0,0,0.0,0
site5_163.png_X256_Y0,1001,site5_163.png,256,0,0.1730194091796875,1
site5_163.png_X0_Y256,1001,site5_163.png,0,256,0.0,0
site5_163.png_X256_Y256,1001,site5_163.png,256,256,0.0,0
site5_164.png_X0_Y0,1002,site5_164.png,0,0,0.0,0
site5_164.png_X256_Y0,1002,site5_164.png,256,0,0.0,0
site5_164.png_X0_Y256,1002,site5_164.png,0,256,0.0,0
site5_164.png_X256_Y256,1002,site5_164.png,256,256,0.0,0
site5_165.png_X0_Y0,1003,site5_165.png,0,0,0.0,0
site5_165.png_X256_Y0,1003,site5_165.png,256,0,0.0,0
site5_165.png_X0_Y256,1003,site5_165.png,0,256,0.105743408203125,1
site5_165.png_X256_Y256,1003,site5_165.png,256,256,0.0926513671875,1
site5_167.png_X0_Y0,1005,site5_167.png,0,0,0.4518585205078125,2
site5_167.png_X256_Y0,1005,site5_167.png,256,0,0.6516265869140625,2
site5_167.png_X0_Y256,1005,site5_167.png,0,256,0.0,0
site5_167.png_X256_Y256,1005,site5_167.png,256,256,0.4637298583984375,2
site5_168.png_X0_Y0,1006,site5_168.png,0,0,0.001556396484375,0
site5_168.png_X256_Y0,1006,site5_168.png,256,0,0.2023468017578125,1
site5_168.png_X0_Y256,1006,site5_168.png,0,256,0.223876953125,1
site5_168.png_X256_Y256,1006,site5_168.png,256,256,0.0149688720703125,0
site5_169.png_X0_Y0,1007,site5_169.png,0,0,0.71063232421875,2
site5_169.png_X256_Y0,1007,site5_169.png,256,0,0.0945587158203125,1
site5_169.png_X0_Y256,1007,site5_169.png,0,256,0.77032470703125,2
site5_169.png_X256_Y256,1007,site5_169.png,256,256,0.28863525390625,1
site5_170.png_X0_Y0,1008,site5_170.png,0,0,0.049407958984375,0
site5_170.png_X256_Y0,1008,site5_170.png,256,0,0.3448028564453125,1
site5_170.png_X0_Y256,1008,site5_170.png,0,256,0.4741058349609375,2
site5_170.png_X256_Y256,1008,site5_170.png,256,256,0.242767333984375,1
site5_171.png_X0_Y0,1009,site5_171.png,0,0,1.0,2
site5_171.png_X256_Y0,1009,site5_171.png,256,0,1.0,2
site5_171.png_X0_Y256,1009,site5_171.png,0,256,1.0,2
site5_171.png_X256_Y256,1009,site5_171.png,256,256,1.0,2
site5_172.png_X0_Y0,1010,site5_172.png,0,0,1.0,2
site5_172.png_X256_Y0,1010,site5_172.png,256,0,0.9152069091796875,2
site5_172.png_X0_Y256,1010,site5_172.png,0,256,1.0,2
site5_172.png_X256_Y256,1010,site5_172.png,256,256,1.0,2
site5_173.png_X0_Y0,1011,site5_173.png,0,0,0.9258575439453125,2
site5_173.png_X256_Y0,1011,site5_173.png,256,0,0.9874725341796875,2
site5_173.png_X0_Y256,1011,site5_173.png,0,256,0.9995880126953125,2
site5_173.png_X256_Y256,1011,site5_173.png,256,256,0.9808349609375,2
site5_174.png_X0_Y0,1012,site5_174.png,0,0,0.962921142578125,2
site5_174.png_X256_Y0,1012,site5_174.png,256,0,0.726165771484375,2
site5_174.png_X0_Y256,1012,site5_174.png,0,256,0.962615966796875,2
site5_174.png_X256_Y256,1012,site5_174.png,256,256,0.8974456787109375,2
site5_176.png_X0_Y0,1014,site5_176.png,0,0,0.0814971923828125,1
site5_176.png_X256_Y0,1014,site5_176.png,256,0,0.600738525390625,2
site5_176.png_X0_Y256,1014,site5_176.png,0,256,0.0,0
site5_176.png_X256_Y256,1014,site5_176.png,256,256,0.362548828125,1
site5_177.png_X0_Y0,1015,site5_177.png,0,0,1.0,2
site5_177.png_X256_Y0,1015,site5_177.png,256,0,0.5615234375,2
site5_177.png_X0_Y256,1015,site5_177.png,0,256,1.0,2
site5_177.png_X256_Y256,1015,site5_177.png,256,256,0.8466949462890625,2
site5_178.png_X0_Y0,1016,site5_178.png,0,0,0.0,0
site5_178.png_X256_Y0,1016,site5_178.png,256,0,0.0,0
site5_178.png_X0_Y256,1016,site5_178.png,0,256,0.0,0
site5_178.png_X256_Y256,1016,site5_178.png,256,256,0.0,0
site5_181.png_X0_Y0,1018,site5_181.png,0,0,0.0,0
site5_181.png_X256_Y0,1018,site5_181.png,256,0,0.07891845703125,1
site5_181.png_X0_Y256,1018,site5_181.png,0,256,0.0,0
site5_181.png_X256_Y256,1018,site5_181.png,256,256,0.0,0
site5_182.png_X0_Y0,1019,site5_182.png,0,0,0.0,0
site5_182.png_X256_Y0,1019,site5_182.png,256,0,0.0,0
site5_182.png_X0_Y256,1019,site5_182.png,0,256,0.094635009765625,1
site5_182.png_X256_Y256,1019,site5_182.png,256,256,0.4972381591796875,2
site5_183.png_X0_Y0,1020,site5_183.png,0,0,0.0,0
site5_183.png_X256_Y0,1020,site5_183.png,256,0,0.0,0
site5_183.png_X0_Y256,1020,site5_183.png,0,256,0.2393798828125,1
site5_183.png_X256_Y256,1020,site5_183.png,256,256,0.0,0
site5_185.png_X0_Y0,1022,site5_185.png,0,0,0.0,0
site5_185.png_X256_Y0,1022,site5_185.png,256,0,0.28057861328125,1
site5_185.png_X0_Y256,1022,site5_185.png,0,256,0.0,0
site5_185.png_X256_Y256,1022,site5_185.png,256,256,0.0687408447265625,1
site5_186.png_X0_Y0,1023,site5_186.png,0,0,0.4691619873046875,2
site5_186.png_X256_Y0,1023,site5_186.png,256,0,0.0,0
site5_186.png_X0_Y256,1023,site5_186.png,0,256,0.5856781005859375,2
site5_186.png_X256_Y256,1023,site5_186.png,256,256,0.0,0
site5_187.png_X0_Y0,1024,site5_187.png,0,0,0.6340179443359375,2
site5_187.png_X256_Y0,1024,site5_187.png,256,0,0.562652587890625,2
site5_187.png_X0_Y256,1024,site5_187.png,0,256,0.457855224609375,2
site5_187.png_X256_Y256,1024,site5_187.png,256,256,0.690765380859375,2
site5_188.png_X0_Y0,1025,site5_188.png,0,0,0.3935546875,1
site5_188.png_X256_Y0,1025,site5_188.png,256,0,0.379852294921875,1
site5_188.png_X0_Y256,1025,site5_188.png,0,256,0.164794921875,1
site5_188.png_X256_Y256,1025,site5_188.png,256,256,0.2825164794921875,1
site5_189.png_X0_Y0,1026,site5_189.png,0,0,1.0,2
site5_189.png_X256_Y0,1026,site5_189.png,256,0,1.0,2
site5_189.png_X0_Y256,1026,site5_189.png,0,256,1.0,2
site5_189.png_X256_Y256,1026,site5_189.png,256,256,1.0,2
site5_190.png_X0_Y0,1027,site5_190.png,0,0,1.0,2
site5_190.png_X256_Y0,1027,site5_190.png,256,0,1.0,2
site5_190.png_X0_Y256,1027,site5_190.png,0,256,1.0,2
site5_190.png_X256_Y256,1027,site5_190.png,256,256,1.0,2
site5_191.png_X0_Y0,1028,site5_191.png,0,0,1.0,2
site5_191.png_X256_Y0,1028,site5_191.png,256,0,0.99365234375,2
site5_191.png_X0_Y256,1028,site5_191.png,0,256,1.0,2
site5_191.png_X256_Y256,1028,site5_191.png,256,256,1.0,2
site5_192.png_X0_Y0,1029,site5_192.png,0,0,0.9342803955078125,2
site5_192.png_X256_Y0,1029,site5_192.png,256,0,0.99017333984375,2
site5_192.png_X0_Y256,1029,site5_192.png,0,256,0.9066925048828125,2
site5_192.png_X256_Y256,1029,site5_192.png,256,256,0.5685577392578125,2
site5_194.png_X0_Y0,1031,site5_194.png,0,0,0.0,0
site5_194.png_X256_Y0,1031,site5_194.png,256,0,0.0105438232421875,0
site5_194.png_X0_Y256,1031,site5_194.png,0,256,0.0,0
site5_194.png_X256_Y256,1031,site5_194.png,256,256,0.0,0
site5_195.png_X0_Y0,1032,site5_195.png,0,0,1.0,2
site5_195.png_X256_Y0,1032,site5_195.png,256,0,1.0,2
site5_195.png_X0_Y256,1032,site5_195.png,0,256,0.64752197265625,2
site5_195.png_X256_Y256,1032,site5_195.png,256,256,0.4983062744140625,2
site5_196.png_X0_Y0,1033,site5_196.png,0,0,0.2042388916015625,1
site5_196.png_X256_Y0,1033,site5_196.png,256,0,0.0,0
site5_196.png_X0_Y256,1033,site5_196.png,0,256,0.0,0
site5_196.png_X256_Y256,1033,site5_196.png,256,256,0.016632080078125,0
site5_197.png_X0_Y0,1034,site5_197.png,0,0,0.0,0
site5_197.png_X256_Y0,1034,site5_197.png,256,0,0.0,0
site5_197.png_X0_Y256,1034,site5_197.png,0,256,0.077850341796875,1
site5_197.png_X256_Y256,1034,site5_197.png,256,256,0.1158905029296875,1
site5_200.png_X0_Y0,1035,site5_200.png,0,0,0.900360107421875,2
site5_200.png_X256_Y0,1035,site5_200.png,256,0,1.0,2
site5_200.png_X0_Y256,1035,site5_200.png,0,256,0.669036865234375,2
site5_200.png_X256_Y256,1035,site5_200.png,256,256,1.0,2
site5_201.png_X0_Y0,1036,site5_201.png,0,0,0.6718902587890625,2
site5_201.png_X256_Y0,1036,site5_201.png,256,0,0.0,0
site5_201.png_X0_Y256,1036,site5_201.png,0,256,0.9189605712890625,2
site5_201.png_X256_Y256,1036,site5_201.png,256,256,0.005584716796875,0
site5_202.png_X0_Y0,1037,site5_202.png,0,0,0.0,0
site5_202.png_X256_Y0,1037,site5_202.png,256,0,0.1959228515625,1
site5_202.png_X0_Y256,1037,site5_202.png,0,256,0.143707275390625,1
site5_202.png_X256_Y256,1037,site5_202.png,256,256,0.4730682373046875,2
site5_203.png_X0_Y0,1038,site5_203.png,0,0,0.0,0
site5_203.png_X256_Y0,1038,site5_203.png,256,0,0.02734375,0
site5_203.png_X0_Y256,1038,site5_203.png,0,256,0.0,0
site5_203.png_X256_Y256,1038,site5_203.png,256,256,0.0,0
site5_204.png_X0_Y0,1039,site5_204.png,0,0,0.6587371826171875,2
site5_204.png_X256_Y0,1039,site5_204.png,256,0,0.2433929443359375,1
site5_204.png_X0_Y256,1039,site5_204.png,0,256,0.538177490234375,2
site5_204.png_X256_Y256,1039,site5_204.png,256,256,0.2057647705078125,1
site5_205.png_X0_Y0,1040,site5_205.png,0,0,0.12786865234375,1
site5_205.png_X256_Y0,1040,site5_205.png,256,0,0.5035858154296875,2
site5_205.png_X0_Y256,1040,site5_205.png,0,256,0.0,0
site5_205.png_X256_Y256,1040,site5_205.png,256,256,0.3686676025390625,1
site5_206.png_X0_Y0,1041,site5_206.png,0,0,0.85906982421875,2
site5_206.png_X256_Y0,1041,site5_206.png,256,0,0.73516845703125,2
site5_206.png_X0_Y256,1041,site5_206.png,0,256,1.0,2
site5_206.png_X256_Y256,1041,site5_206.png,256,256,1.0,2
site5_207.png_X0_Y0,1042,site5_207.png,0,0,1.0,2
site5_207.png_X256_Y0,1042,site5_207.png,256,0,1.0,2
site5_207.png_X0_Y256,1042,site5_207.png,0,256,1.0,2
site5_207.png_X256_Y256,1042,site5_207.png,256,256,1.0,2
site5_208.png_X0_Y0,1043,site5_208.png,0,0,1.0,2
site5_208.png_X256_Y0,1043,site5_208.png,256,0,1.0,2
site5_208.png_X0_Y256,1043,site5_208.png,0,256,1.0,2
site5_208.png_X256_Y256,1043,site5_208.png,256,256,1.0,2
site5_209.png_X0_Y0,1044,site5_209.png,0,0,1.0,2
site5_209.png_X256_Y0,1044,site5_209.png,256,0,1.0,2
site5_209.png_X0_Y256,1044,site5_209.png,0,256,0.9221954345703125,2
site5_209.png_X256_Y256,1044,site5_209.png,256,256,0.6402435302734375,2
site5_210.png_X0_Y0,1045,site5_210.png,0,0,0.4915008544921875,2
site5_210.png_X256_Y0,1045,site5_210.png,256,0,0.0,0
site5_210.png_X0_Y256,1045,site5_210.png,0,256,0.0,0
site5_210.png_X256_Y256,1045,site5_210.png,256,256,0.0,0
site5_212.png_X0_Y0,1047,site5_212.png,0,0,0.0,0
site5_212.png_X256_Y0,1047,site5_212.png,256,0,0.0,0
site5_212.png_X0_Y256,1047,site5_212.png,0,256,0.0,0
site5_212.png_X256_Y256,1047,site5_212.png,256,256,0.0,0
site5_213.png_X0_Y0,1048,site5_213.png,0,0,0.1982879638671875,1
site5_213.png_X256_Y0,1048,site5_213.png,256,0,0.2569427490234375,1
site5_213.png_X0_Y256,1048,site5_213.png,0,256,0.0,0
site5_213.png_X256_Y256,1048,site5_213.png,256,256,0.014923095703125,0
site5_214.png_X0_Y0,1049,site5_214.png,0,0,0.0,0
site5_214.png_X256_Y0,1049,site5_214.png,256,0,0.0,0
site5_214.png_X0_Y256,1049,site5_214.png,0,256,0.0088958740234375,0
site5_214.png_X256_Y256,1049,site5_214.png,256,256,0.0347747802734375,0
site5_218.png_X0_Y0,1051,site5_218.png,0,0,0.4517974853515625,2
site5_218.png_X256_Y0,1051,site5_218.png,256,0,1.0,2
site5_218.png_X0_Y256,1051,site5_218.png,0,256,0.213043212890625,1
site5_218.png_X256_Y256,1051,site5_218.png,256,256,0.999114990234375,2
site5_219.png_X0_Y0,1052,site5_219.png,0,0,1.0,2
site5_219.png_X256_Y0,1052,site5_219.png,256,0,0.2480316162109375,1
site5_219.png_X0_Y256,1052,site5_219.png,0,256,1.0,2
site5_219.png_X256_Y256,1052,site5_219.png,256,256,0.506103515625,2
site5_220.png_X0_Y0,1053,site5_220.png,0,0,0.1563262939453125,1
site5_220.png_X256_Y0,1053,site5_220.png,256,0,0.35321044921875,1
site5_220.png_X0_Y256,1053,site5_220.png,0,256,0.1859130859375,1
site5_220.png_X256_Y256,1053,site5_220.png,256,256,0.7137603759765625,2
site5_221.png_X0_Y0,1054,site5_221.png,0,0,0.111541748046875,1
site5_221.png_X256_Y0,1054,site5_221.png,256,0,0.0,0
site5_221.png_X0_Y256,1054,site5_221.png,0,256,0.01080322265625,0
site5_221.png_X256_Y256,1054,site5_221.png,256,256,0.245361328125,1
site5_223.png_X0_Y0,1056,site5_223.png,0,0,0.0,0
site5_223.png_X256_Y0,1056,site5_223.png,256,0,0.282867431640625,1
site5_223.png_X0_Y256,1056,site5_223.png,0,256,0.0,0
site5_223.png_X256_Y256,1056,site5_223.png,256,256,0.735595703125,2
site5_224.png_X0_Y0,1057,site5_224.png,0,0,0.3306732177734375,1
site5_224.png_X256_Y0,1057,site5_224.png,256,0,0.45745849609375,2
site5_224.png_X0_Y256,1057,site5_224.png,0,256,0.275604248046875,1
site5_224.png_X256_Y256,1057,site5_224.png,256,256,0.0,0
site5_225.png_X0_Y0,1058,site5_225.png,0,0,0.5851593017578125,2
site5_225.png_X256_Y0,1058,site5_225.png,256,0,0.9855804443359375,2
site5_225.png_X0_Y256,1058,site5_225.png,0,256,0.2255096435546875,1
site5_225.png_X256_Y256,1058,site5_225.png,256,256,0.5935516357421875,2
site5_226.png_X0_Y0,1059,site5_226.png,0,0,0.3301849365234375,1
site5_226.png_X256_Y0,1059,site5_226.png,256,0,0.08404541015625,1
site5_226.png_X0_Y256,1059,site5_226.png,0,256,0.0,0
site5_226.png_X256_Y256,1059,site5_226.png,256,256,0.0,0
site5_227.png_X0_Y0,1060,site5_227.png,0,0,0.03594970703125,0
site5_227.png_X256_Y0,1060,site5_227.png,256,0,0.307952880859375,1
site5_227.png_X0_Y256,1060,site5_227.png,0,256,0.1537322998046875,1
site5_227.png_X256_Y256,1060,site5_227.png,256,256,0.312835693359375,1
site5_228.png_X0_Y0,1061,site5_228.png,0,0,0.410064697265625,2
site5_228.png_X256_Y0,1061,site5_228.png,256,0,0.009765625,0
site5_228.png_X0_Y256,1061,site5_228.png,0,256,0.37890625,1
site5_228.png_X256_Y256,1061,site5_228.png,256,256,0.28350830078125,1
site5_229.png_X0_Y0,1062,site5_229.png,0,0,0.0,0
site5_229.png_X256_Y0,1062,site5_229.png,256,0,0.0,0
site5_229.png_X0_Y256,1062,site5_229.png,0,256,0.0242919921875,0
site5_229.png_X256_Y256,1062,site5_229.png,256,256,0.0,0
site5_236.png_X0_Y0,1067,site5_236.png,0,0,0.0,0
site5_236.png_X256_Y0,1067,site5_236.png,256,0,0.86456298828125,2
site5_236.png_X0_Y256,1067,site5_236.png,0,256,0.0,0
site5_236.png_X256_Y256,1067,site5_236.png,256,256,0.811248779296875,2
site5_237.png_X0_Y0,1068,site5_237.png,0,0,1.0,2
site5_237.png_X256_Y0,1068,site5_237.png,256,0,0.82745361328125,2
site5_237.png_X0_Y256,1068,site5_237.png,0,256,0.9367523193359375,2
site5_237.png_X256_Y256,1068,site5_237.png,256,256,0.67108154296875,2
site5_238.png_X0_Y0,1069,site5_238.png,0,0,0.0,0
site5_238.png_X256_Y0,1069,site5_238.png,256,0,0.4044342041015625,2
site5_238.png_X0_Y256,1069,site5_238.png,0,256,0.0,0
site5_238.png_X256_Y256,1069,site5_238.png,256,256,0.2316436767578125,1
site5_239.png_X0_Y0,1070,site5_239.png,0,0,0.110382080078125,1
site5_239.png_X256_Y0,1070,site5_239.png,256,0,0.0,0
site5_239.png_X0_Y256,1070,site5_239.png,0,256,0.4037933349609375,2
site5_239.png_X256_Y256,1070,site5_239.png,256,256,0.03363037109375,0
site5_240.png_X0_Y0,1071,site5_240.png,0,0,0.0,0
site5_240.png_X256_Y0,1071,site5_240.png,256,0,0.02862548828125,0
site5_240.png_X0_Y256,1071,site5_240.png,0,256,0.2021636962890625,1
site5_240.png_X256_Y256,1071,site5_240.png,256,256,0.1727294921875,1
site5_241.png_X0_Y0,1072,site5_241.png,0,0,0.11279296875,1
site5_241.png_X256_Y0,1072,site5_241.png,256,0,0.6335601806640625,2
site5_241.png_X0_Y256,1072,site5_241.png,0,256,0.35125732421875,1
site5_241.png_X256_Y256,1072,site5_241.png,256,256,0.0333251953125,0
site5_242.png_X0_Y0,1073,site5_242.png,0,0,0.34381103515625,1
site5_242.png_X256_Y0,1073,site5_242.png,256,0,0.282806396484375,1
site5_242.png_X0_Y256,1073,site5_242.png,0,256,0.087371826171875,1
site5_242.png_X256_Y256,1073,site5_242.png,256,256,0.0,0
site5_243.png_X0_Y0,1074,site5_243.png,0,0,0.0,0
site5_243.png_X256_Y0,1074,site5_243.png,256,0,0.1776885986328125,1
site5_243.png_X0_Y256,1074,site5_243.png,0,256,0.0,0
site5_243.png_X256_Y256,1074,site5_243.png,256,256,0.0067901611328125,0
site5_244.png_X0_Y0,1075,site5_244.png,0,0,0.1321563720703125,1
site5_244.png_X256_Y0,1075,site5_244.png,256,0,0.0,0
site5_244.png_X0_Y256,1075,site5_244.png,0,256,0.225555419921875,1
site5_244.png_X256_Y256,1075,site5_244.png,256,256,0.0,0
site5_245.png_X0_Y0,1076,site5_245.png,0,0,0.0,0
site5_245.png_X256_Y0,1076,site5_245.png,256,0,0.13671875,1
site5_245.png_X0_Y256,1076,site5_245.png,0,256,0.0,0
site5_245.png_X256_Y256,1076,site5_245.png,256,256,0.0,0
site5_247.png_X0_Y0,1078,site5_247.png,0,0,0.11053466796875,1
site5_247.png_X256_Y0,1078,site5_247.png,256,0,0.098236083984375,1
site5_247.png_X0_Y256,1078,site5_247.png,0,256,0.0,0
site5_247.png_X256_Y256,1078,site5_247.png,256,256,0.0173797607421875,0
site5_248.png_X0_Y0,1079,site5_248.png,0,0,0.3288116455078125,1
site5_248.png_X256_Y0,1079,site5_248.png,256,0,0.0,0
site5_248.png_X0_Y256,1079,site5_248.png,0,256,0.0,0
site5_248.png_X256_Y256,1079,site5_248.png,256,256,0.0,0
site5_255.png_X0_Y0,1082,site5_255.png,0,0,0.0082855224609375,0
site5_255.png_X256_Y0,1082,site5_255.png,256,0,0.071868896484375,1
site5_255.png_X0_Y256,1082,site5_255.png,0,256,0.0,0
site5_255.png_X256_Y256,1082,site5_255.png,256,256,0.0,0
site5_256.png_X0_Y0,1083,site5_256.png,0,0,0.06884765625,1
site5_256.png_X256_Y0,1083,site5_256.png,256,0,0.0,0
site5_256.png_X0_Y256,1083,site5_256.png,0,256,0.0,0
site5_256.png_X256_Y256,1083,site5_256.png,256,256,0.0,0
site5_257.png_X0_Y0,1084,site5_257.png,0,0,0.0,0
site5_257.png_X256_Y0,1084,site5_257.png,256,0,0.115081787109375,1
site5_257.png_X0_Y256,1084,site5_257.png,0,256,0.0,0
site5_257.png_X256_Y256,1084,site5_257.png,256,256,0.0,0
site5_258.png_X0_Y0,1085,site5_258.png,0,0,0.0,0
site5_258.png_X256_Y0,1085,site5_258.png,256,0,0.0,0
site5_258.png_X0_Y256,1085,site5_258.png,0,256,0.0,0
site5_258.png_X256_Y256,1085,site5_258.png,256,256,0.0,0
site5_259.png_X0_Y0,1086,site5_259.png,0,0,0.0,0
site5_259.png_X256_Y0,1086,site5_259.png,256,0,0.0,0
site5_259.png_X0_Y256,1086,site5_259.png,0,256,0.0,0
site5_259.png_X256_Y256,1086,site5_259.png,256,256,0.363372802734375,1
site5_260.png_X0_Y0,1087,site5_260.png,0,0,0.0,0
site5_260.png_X256_Y0,1087,site5_260.png,256,0,0.1160125732421875,1
site5_260.png_X0_Y256,1087,site5_260.png,0,256,0.853118896484375,2
site5_260.png_X256_Y256,1087,site5_260.png,256,256,0.99957275390625,2
site5_261.png_X0_Y0,1088,site5_261.png,0,0,0.4580841064453125,2
site5_261.png_X256_Y0,1088,site5_261.png,256,0,0.5231475830078125,2
site5_261.png_X0_Y256,1088,site5_261.png,0,256,1.0,2
site5_261.png_X256_Y256,1088,site5_261.png,256,256,0.85540771484375,2
site5_262.png_X0_Y0,1089,site5_262.png,0,0,0.26513671875,1
site5_262.png_X256_Y0,1089,site5_262.png,256,0,0.005706787109375,0
site5_262.png_X0_Y256,1089,site5_262.png,0,256,0.0,0
site5_262.png_X256_Y256,1089,site5_262.png,256,256,0.0,0
site5_265.png_X0_Y0,1092,site5_265.png,0,0,0.0,0
site5_265.png_X256_Y0,1092,site5_265.png,256,0,0.0,0
site5_265.png_X0_Y256,1092,site5_265.png,0,256,0.0,0
site5_265.png_X256_Y256,1092,site5_265.png,256,256,0.0,0
site5_275.png_X0_Y0,1094,site5_275.png,0,0,0.0,0
site5_275.png_X256_Y0,1094,site5_275.png,256,0,0.0,0
site5_275.png_X0_Y256,1094,site5_275.png,0,256,0.0,0
site5_275.png_X256_Y256,1094,site5_275.png,256,256,0.0926666259765625,1
site5_276.png_X0_Y0,1095,site5_276.png,0,0,0.0,0
site5_276.png_X256_Y0,1095,site5_276.png,256,0,0.0756988525390625,1
site5_276.png_X0_Y256,1095,site5_276.png,0,256,0.0,0
site5_276.png_X256_Y256,1095,site5_276.png,256,256,0.0,0
site5_277.png_X0_Y0,1096,site5_277.png,0,0,0.3465118408203125,1
site5_277.png_X256_Y0,1096,site5_277.png,256,0,0.55902099609375,2
site5_277.png_X0_Y256,1096,site5_277.png,0,256,0.047332763671875,0
site5_277.png_X256_Y256,1096,site5_277.png,256,256,0.1200714111328125,1
site5_278.png_X0_Y0,1097,site5_278.png,0,0,1.0,2
site5_278.png_X256_Y0,1097,site5_278.png,256,0,1.0,2
site5_278.png_X0_Y256,1097,site5_278.png,0,256,0.9751739501953125,2
site5_278.png_X256_Y256,1097,site5_278.png,256,256,0.7564544677734375,2
site6_83.png_X0_Y0,1128,site6_83.png,0,0,0.0,0
site6_83.png_X256_Y0,1128,site6_83.png,256,0,0.0,0
site6_83.png_X0_Y256,1128,site6_83.png,0,256,0.0,0
site6_83.png_X256_Y256,1128,site6_83.png,256,256,0.0,0
site6_84.png_X0_Y0,1129,site6_84.png,0,0,0.0,0
site6_84.png_X256_Y0,1129,site6_84.png,256,0,0.0,0
site6_84.png_X0_Y256,1129,site6_84.png,0,256,0.00958251953125,0
site6_84.png_X256_Y256,1129,site6_84.png,256,256,0.0,0
site6_137.png_X0_Y0,1168,site6_137.png,0,0,0.0,0
site6_137.png_X256_Y0,1168,site6_137.png,256,0,0.0,0
site6_137.png_X0_Y256,1168,site6_137.png,0,256,0.0,0
site6_137.png_X256_Y256,1168,site6_137.png,256,256,0.113433837890625,1
site6_171.png_X0_Y0,1189,site6_171.png,0,0,0.0,0
site6_171.png_X256_Y0,1189,site6_171.png,256,0,0.0598907470703125,1
site6_171.png_X0_Y256,1189,site6_171.png,0,256,0.0,0
site6_171.png_X256_Y256,1189,site6_171.png,256,256,0.0921478271484375,1
site6_172.png_X0_Y0,1190,site6_172.png,0,0,0.193023681640625,1
site6_172.png_X256_Y0,1190,site6_172.png,256,0,0.0,0
site6_172.png_X0_Y256,1190,site6_172.png,0,256,0.06292724609375,1
site6_172.png_X256_Y256,1190,site6_172.png,256,256,0.067413330078125,1
site6_173.png_X0_Y0,1191,site6_173.png,0,0,0.0,0
site6_173.png_X256_Y0,1191,site6_173.png,256,0,0.0861358642578125,1
site6_173.png_X0_Y256,1191,site6_173.png,0,256,0.0,0
site6_173.png_X256_Y256,1191,site6_173.png,256,256,0.2707672119140625,1
site6_174.png_X0_Y0,1192,site6_174.png,0,0,0.0,0
site6_174.png_X256_Y0,1192,site6_174.png,256,0,0.0,0
site6_174.png_X0_Y256,1192,site6_174.png,0,256,0.1514892578125,1
site6_174.png_X256_Y256,1192,site6_174.png,256,256,0.0,0
site6_197.png_X0_Y0,1204,site6_197.png,0,0,0.028411865234375,0
site6_197.png_X256_Y0,1204,site6_197.png,256,0,0.1023101806640625,1
site6_197.png_X0_Y256,1204,site6_197.png,0,256,0.32208251953125,1
site6_197.png_X256_Y256,1204,site6_197.png,256,256,0.591888427734375,2
site6_198.png_X0_Y0,1205,site6_198.png,0,0,0.0,0
site6_198.png_X256_Y0,1205,site6_198.png,256,0,0.0,0
site6_198.png_X0_Y256,1205,site6_198.png,0,256,0.0,0
site6_198.png_X256_Y256,1205,site6_198.png,256,256,0.0,0
site6_207.png_X0_Y0,1214,site6_207.png,0,0,0.0,0
site6_207.png_X256_Y0,1214,site6_207.png,256,0,0.0,0
site6_207.png_X0_Y256,1214,site6_207.png,0,256,0.0069732666015625,0
site6_207.png_X256_Y256,1214,site6_207.png,256,256,0.0580596923828125,1
site6_208.png_X0_Y0,1215,site6_208.png,0,0,0.0,0
site6_208.png_X256_Y0,1215,site6_208.png,256,0,0.0,0
site6_208.png_X0_Y256,1215,site6_208.png,0,256,0.0,0
site6_208.png_X256_Y256,1215,site6_208.png,256,256,0.0,0
site6_209.png_X0_Y0,1216,site6_209.png,0,0,0.02557373046875,0
site6_209.png_X256_Y0,1216,site6_209.png,256,0,0.0,0
site6_209.png_X0_Y256,1216,site6_209.png,0,256,0.0056915283203125,0
site6_209.png_X256_Y256,1216,site6_209.png,256,256,0.360870361328125,1
site6_231.png_X0_Y0,1227,site6_231.png,0,0,0.0056915283203125,0
site6_231.png_X256_Y0,1227,site6_231.png,256,0,0.3548736572265625,1
site6_231.png_X0_Y256,1227,site6_231.png,0,256,0.1584625244140625,1
site6_231.png_X256_Y256,1227,site6_231.png,256,256,0.996551513671875,2
site6_232.png_X0_Y0,1228,site6_232.png,0,0,0.6826324462890625,2
site6_232.png_X256_Y0,1228,site6_232.png,256,0,0.5700836181640625,2
site6_232.png_X0_Y256,1228,site6_232.png,0,256,0.92596435546875,2
site6_232.png_X256_Y256,1228,site6_232.png,256,256,0.9465179443359375,2
site6_233.png_X0_Y0,1229,site6_233.png,0,0,0.11871337890625,1
site6_233.png_X256_Y0,1229,site6_233.png,256,0,0.0,0
site6_233.png_X0_Y256,1229,site6_233.png,0,256,0.0,0
site6_233.png_X256_Y256,1229,site6_233.png,256,256,0.0,0
site6_234.png_X0_Y0,1230,site6_234.png,0,0,0.0,0
site6_234.png_X256_Y0,1230,site6_234.png,256,0,0.0885467529296875,1
site6_234.png_X0_Y256,1230,site6_234.png,0,256,0.0016937255859375,0
site6_234.png_X256_Y256,1230,site6_234.png,256,256,0.1771392822265625,1
site6_235.png_X0_Y0,1231,site6_235.png,0,0,0.0,0
site6_235.png_X256_Y0,1231,site6_235.png,256,0,0.0,0
site6_235.png_X0_Y256,1231,site6_235.png,0,256,0.07794189453125,1
site6_235.png_X256_Y256,1231,site6_235.png,256,256,0.0,0
site6_241.png_X0_Y0,1237,site6_241.png,0,0,0.0,0
site6_241.png_X256_Y0,1237,site6_241.png,256,0,0.0,0
site6_241.png_X0_Y256,1237,site6_241.png,0,256,0.0,0
site6_241.png_X256_Y256,1237,site6_241.png,256,256,0.0071258544921875,0
site6_242.png_X0_Y0,1238,site6_242.png,0,0,0.0,0
site6_242.png_X256_Y0,1238,site6_242.png,256,0,0.0,0
site6_242.png_X0_Y256,1238,site6_242.png,0,256,0.0,0
site6_242.png_X256_Y256,1238,site6_242.png,256,256,0.0063629150390625,0
site6_264.png_X0_Y0,1249,site6_264.png,0,0,0.0,0
site6_264.png_X256_Y0,1249,site6_264.png,256,0,0.0,0
site6_264.png_X0_Y256,1249,site6_264.png,0,256,0.0,0
site6_264.png_X256_Y256,1249,site6_264.png,256,256,0.0,0
site6_265.png_X0_Y0,1250,site6_265.png,0,0,0.0,0
site6_265.png_X256_Y0,1250,site6_265.png,256,0,0.0,0
site6_265.png_X0_Y256,1250,site6_265.png,0,256,0.265106201171875,1
site6_265.png_X256_Y256,1250,site6_265.png,256,256,0.0,0
site6_266.png_X0_Y0,1251,site6_266.png,0,0,0.0,0
site6_266.png_X256_Y0,1251,site6_266.png,256,0,0.1995849609375,1
site6_266.png_X0_Y256,1251,site6_266.png,0,256,0.0,0
site6_266.png_X256_Y256,1251,site6_266.png,256,256,0.0139923095703125,0
site6_267.png_X0_Y0,1252,site6_267.png,0,0,0.273773193359375,1
site6_267.png_X256_Y0,1252,site6_267.png,256,0,0.0239410400390625,0
site6_267.png_X0_Y256,1252,site6_267.png,0,256,0.0,0
site6_267.png_X256_Y256,1252,site6_267.png,256,256,0.0,0
site6_269.png_X0_Y0,1254,site6_269.png,0,0,0.0,0
site6_269.png_X256_Y0,1254,site6_269.png,256,0,0.0,0
site6_269.png_X0_Y256,1254,site6_269.png,0,256,0.0,0
site6_269.png_X256_Y256,1254,site6_269.png,256,256,0.0,0
site6_270.png_X0_Y0,1255,site6_270.png,0,0,0.08416748046875,1
site6_270.png_X256_Y0,1255,site6_270.png,256,0,0.0,0
site6_270.png_X0_Y256,1255,site6_270.png,0,256,0.0,0
site6_270.png_X256_Y256,1255,site6_270.png,256,256,0.0,0
site6_275.png_X0_Y0,1260,site6_275.png,0,0,0.0,0
site6_275.png_X256_Y0,1260,site6_275.png,256,0,0.0,0
site6_275.png_X0_Y256,1260,site6_275.png,0,256,0.0,0
site6_275.png_X256_Y256,1260,site6_275.png,256,256,0.0,0
site6_276.png_X0_Y0,1261,site6_276.png,0,0,0.0,0
site6_276.png_X256_Y0,1261,site6_276.png,256,0,0.0,0
site6_276.png_X0_Y256,1261,site6_276.png,0,256,0.0833740234375,1
site6_276.png_X256_Y256,1261,site6_276.png,256,256,0.0,0
site6_277.png_X0_Y0,1262,site6_277.png,0,0,0.0182037353515625,0
site6_277.png_X256_Y0,1262,site6_277.png,256,0,0.0,0
site6_277.png_X0_Y256,1262,site6_277.png,0,256,0.0,0
site6_277.png_X256_Y256,1262,site6_277.png,256,256,0.0,0
site6_297.png_X0_Y0,1271,site6_297.png,0,0,0.0,0
site6_297.png_X256_Y0,1271,site6_297.png,256,0,0.0,0
site6_297.png_X0_Y256,1271,site6_297.png,0,256,0.0,0
site6_297.png_X256_Y256,1271,site6_297.png,256,256,0.226837158203125,1
site6_299.png_X0_Y0,1273,site6_299.png,0,0,0.0,0
site6_299.png_X256_Y0,1273,site6_299.png,256,0,0.078155517578125,1
site6_299.png_X0_Y256,1273,site6_299.png,0,256,0.0,0
site6_299.png_X256_Y256,1273,site6_299.png,256,256,0.1148529052734375,1
site6_300.png_X0_Y0,1274,site6_300.png,0,0,0.4138336181640625,2
site6_300.png_X256_Y0,1274,site6_300.png,256,0,0.0068359375,0
site6_300.png_X0_Y256,1274,site6_300.png,0,256,0.0395355224609375,0
site6_300.png_X256_Y256,1274,site6_300.png,256,256,0.0,0
site6_308.png_X0_Y0,1282,site6_308.png,0,0,0.0,0
site6_308.png_X256_Y0,1282,site6_308.png,256,0,0.0,0
site6_308.png_X0_Y256,1282,site6_308.png,0,256,0.0,0
site6_308.png_X256_Y256,1282,site6_308.png,256,256,0.0,0
site6_309.png_X0_Y0,1283,site6_309.png,0,0,0.0,0
site6_309.png_X256_Y0,1283,site6_309.png,256,0,0.0,0
site6_309.png_X0_Y256,1283,site6_309.png,0,256,0.1092529296875,1
site6_309.png_X256_Y256,1283,site6_309.png,256,256,0.0,0
site6_334.png_X0_Y0,1299,site6_334.png,0,0,0.0,0
site6_334.png_X256_Y0,1299,site6_334.png,256,0,0.0021209716796875,0
site6_334.png_X0_Y256,1299,site6_334.png,0,256,0.0,0
site6_334.png_X256_Y256,1299,site6_334.png,256,256,0.0,0
site6_335.png_X0_Y0,1300,site6_335.png,0,0,0.1808929443359375,1
site6_335.png_X256_Y0,1300,site6_335.png,256,0,0.0409088134765625,0
site6_335.png_X0_Y256,1300,site6_335.png,0,256,0.4468231201171875,2
site6_335.png_X256_Y256,1300,site6_335.png,256,256,0.378570556640625,1
site6_336.png_X0_Y0,1301,site6_336.png,0,0,0.001129150390625,0
site6_336.png_X256_Y0,1301,site6_336.png,256,0,0.0058135986328125,0
site6_336.png_X0_Y256,1301,site6_336.png,0,256,0.48980712890625,2
site6_336.png_X256_Y256,1301,site6_336.png,256,256,0.358154296875,1
site6_343.png_X0_Y0,1308,site6_343.png,0,0,0.0,0
site6_343.png_X256_Y0,1308,site6_343.png,256,0,0.369873046875,1
site6_343.png_X0_Y256,1308,site6_343.png,0,256,0.0156402587890625,0
site6_343.png_X256_Y256,1308,site6_343.png,256,256,0.9112091064453125,2
site6_344.png_X0_Y0,1309,site6_344.png,0,0,0.11749267578125,1
site6_344.png_X256_Y0,1309,site6_344.png,256,0,0.0,0
site6_344.png_X0_Y256,1309,site6_344.png,0,256,0.5988006591796875,2
site6_344.png_X256_Y256,1309,site6_344.png,256,256,0.0,0
site6_369.png_X0_Y0,1325,site6_369.png,0,0,0.0,0
site6_369.png_X256_Y0,1325,site6_369.png,256,0,0.0,0
site6_369.png_X0_Y256,1325,site6_369.png,0,256,0.3273162841796875,1
site6_369.png_X256_Y256,1325,site6_369.png,256,256,0.0614013671875,1
site6_377.png_X0_Y0,1333,site6_377.png,0,0,0.0,0
site6_377.png_X256_Y0,1333,site6_377.png,256,0,0.0,0
site6_377.png_X0_Y256,1333,site6_377.png,0,256,0.0,0
site6_377.png_X256_Y256,1333,site6_377.png,256,256,0.0,0
site6_405.png_X0_Y0,1352,site6_405.png,0,0,0.0,0
site6_405.png_X256_Y0,1352,site6_405.png,256,0,0.0,0
site6_405.png_X0_Y256,1352,site6_405.png,0,256,0.0,0
site6_405.png_X256_Y256,1352,site6_405.png,256,256,0.000274658203125,0
site6_412.png_X0_Y0,1359,site6_412.png,0,0,0.056884765625,1
site6_412.png_X256_Y0,1359,site6_412.png,256,0,0.853912353515625,2
site6_412.png_X0_Y256,1359,site6_412.png,0,256,0.4013519287109375,2
site6_412.png_X256_Y256,1359,site6_412.png,256,256,0.10333251953125,1
site6_413.png_X0_Y0,1360,site6_413.png,0,0,0.076446533203125,1
site6_413.png_X256_Y0,1360,site6_413.png,256,0,0.0,0
site6_413.png_X0_Y256,1360,site6_413.png,0,256,0.0,0
site6_413.png_X256_Y256,1360,site6_413.png,256,256,0.0,0
site6_439.png_X0_Y0,1378,site6_439.png,0,0,0.0,0
site6_439.png_X256_Y0,1378,site6_439.png,256,0,0.0,0
site6_439.png_X0_Y256,1378,site6_439.png,0,256,0.0,0
site6_439.png_X256_Y256,1378,site6_439.png,256,256,0.025054931640625,0
site6_441.png_X0_Y0,1380,site6_441.png,0,0,0.0,0
site6_441.png_X256_Y0,1380,site6_441.png,256,0,0.0,0
site6_441.png_X0_Y256,1380,site6_441.png,0,256,0.0,0
site6_441.png_X256_Y256,1380,site6_441.png,256,256,0.2057952880859375,1
site6_474.png_X0_Y0,1404,site6_474.png,0,0,0.0,0
site6_474.png_X256_Y0,1404,site6_474.png,256,0,0.4935455322265625,2
site6_474.png_X0_Y256,1404,site6_474.png,0,256,0.0,0
site6_474.png_X256_Y256,1404,site6_474.png,256,256,0.0,0
site6_484.png_X0_Y0,1414,site6_484.png,0,0,0.0,0
site6_484.png_X256_Y0,1414,site6_484.png,256,0,0.3624725341796875,1
site6_484.png_X0_Y256,1414,site6_484.png,0,256,0.005279541015625,0
site6_484.png_X256_Y256,1414,site6_484.png,256,256,0.5892333984375,2
site6_485.png_X0_Y0,1415,site6_485.png,0,0,0.046417236328125,0
site6_485.png_X256_Y0,1415,site6_485.png,256,0,0.0,0
site6_485.png_X0_Y256,1415,site6_485.png,0,256,0.0427703857421875,0
site6_485.png_X256_Y256,1415,site6_485.png,256,256,0.0,0
site6_518.png_X0_Y0,1440,site6_518.png,0,0,0.0,0
site6_518.png_X256_Y0,1440,site6_518.png,256,0,0.0,0
site6_518.png_X0_Y256,1440,site6_518.png,0,256,0.0,0
site6_518.png_X256_Y256,1440,site6_518.png,256,256,0.073089599609375,1
site6_519.png_X0_Y0,1441,site6_519.png,0,0,0.0,0
site6_519.png_X256_Y0,1441,site6_519.png,256,0,0.0,0
site6_519.png_X0_Y256,1441,site6_519.png,0,256,0.28204345703125,1
site6_519.png_X256_Y256,1441,site6_519.png,256,256,0.00543212890625,0
site6_553.png_X0_Y0,1466,site6_553.png,0,0,0.0,0
site6_553.png_X256_Y0,1466,site6_553.png,256,0,7.62939453125e-05,0
site6_553.png_X0_Y256,1466,site6_553.png,0,256,0.0,0
site6_553.png_X256_Y256,1466,site6_553.png,256,256,0.0,0
site6_554.png_X0_Y0,1467,site6_554.png,0,0,0.297698974609375,1
site6_554.png_X256_Y0,1467,site6_554.png,256,0,0.0,0
site6_554.png_X0_Y256,1467,site6_554.png,0,256,0.3051910400390625,1
site6_554.png_X256_Y256,1467,site6_554.png,256,256,0.1385345458984375,1
site6_588.png_X0_Y0,1492,site6_588.png,0,0,0.15521240234375,1
site6_588.png_X256_Y0,1492,site6_588.png,256,0,0.1516876220703125,1
site6_588.png_X0_Y256,1492,site6_588.png,0,256,0.0101318359375,0
site6_588.png_X256_Y256,1492,site6_588.png,256,256,0.0003204345703125,0
site6_589.png_X0_Y0,1493,site6_589.png,0,0,0.0731201171875,1
site6_589.png_X256_Y0,1493,site6_589.png,256,0,0.0,0
site6_589.png_X0_Y256,1493,site6_589.png,0,256,0.0,0
site6_589.png_X256_Y256,1493,site6_589.png,256,256,0.0,0
site6_607.png_X0_Y0,1503,site6_607.png,0,0,0.0,0
site6_607.png_X256_Y0,1503,site6_607.png,256,0,0.0,0
site6_607.png_X0_Y256,1503,site6_607.png,0,256,0.0,0
site6_607.png_X256_Y256,1503,site6_607.png,256,256,0.0,0
site6_608.png_X0_Y0,1504,site6_608.png,0,0,0.0,0
site6_608.png_X256_Y0,1504,site6_608.png,256,0,0.0,0
site6_608.png_X0_Y256,1504,site6_608.png,0,256,0.1287841796875,1
site6_608.png_X256_Y256,1504,site6_608.png,256,256,0.0,0
site6_624.png_X0_Y0,1520,site6_624.png,0,0,0.0,0
site6_624.png_X256_Y0,1520,site6_624.png,256,0,0.0,0
site6_624.png_X0_Y256,1520,site6_624.png,0,256,0.0,0
site6_624.png_X256_Y256,1520,site6_624.png,256,256,0.0,0
site6_637.png_X0_Y0,1524,site6_637.png,0,0,0.0149993896484375,0
site6_637.png_X256_Y0,1524,site6_637.png,256,0,0.2857513427734375,1
site6_637.png_X0_Y256,1524,site6_637.png,0,256,0.238616943359375,1
site6_637.png_X256_Y256,1524,site6_637.png,256,256,0.131683349609375,1
site6_638.png_X0_Y0,1525,site6_638.png,0,0,0.172332763671875,1
site6_638.png_X256_Y0,1525,site6_638.png,256,0,0.0,0
site6_638.png_X0_Y256,1525,site6_638.png,0,256,0.0231475830078125,0
site6_638.png_X256_Y256,1525,site6_638.png,256,256,0.0026092529296875,0
site6_639.png_X0_Y0,1526,site6_639.png,0,0,0.0,0
site6_639.png_X256_Y0,1526,site6_639.png,256,0,0.0,0
site6_639.png_X0_Y256,1526,site6_639.png,0,256,0.016845703125,0
site6_639.png_X256_Y256,1526,site6_639.png,256,256,0.0,0
site6_656.png_X0_Y0,1543,site6_656.png,0,0,0.0,0
site6_656.png_X256_Y0,1543,site6_656.png,256,0,0.0,0
site6_656.png_X0_Y256,1543,site6_656.png,0,256,0.0,0
site6_656.png_X256_Y256,1543,site6_656.png,256,256,0.0,0
site6_657.png_X0_Y0,1544,site6_657.png,0,0,0.1147613525390625,1
site6_657.png_X256_Y0,1544,site6_657.png,256,0,0.4025421142578125,2
site6_657.png_X0_Y256,1544,site6_657.png,0,256,0.5566558837890625,2
site6_657.png_X256_Y256,1544,site6_657.png,256,256,0.5718536376953125,2
site6_659.png_X0_Y0,1546,site6_659.png,0,0,0.03839111328125,0
site6_659.png_X256_Y0,1546,site6_659.png,256,0,0.0,0
site6_659.png_X0_Y256,1546,site6_659.png,0,256,0.0,0
site6_659.png_X256_Y256,1546,site6_659.png,256,256,0.0,0
site6_673.png_X0_Y0,1552,site6_673.png,0,0,0.0,0
site6_673.png_X256_Y0,1552,site6_673.png,256,0,0.010345458984375,0
site6_673.png_X0_Y256,1552,site6_673.png,0,256,0.0,0
site6_673.png_X256_Y256,1552,site6_673.png,256,256,0.0,0
site6_675.png_X0_Y0,1554,site6_675.png,0,0,0.0,0
site6_675.png_X256_Y0,1554,site6_675.png,256,0,0.0,0
site6_675.png_X0_Y256,1554,site6_675.png,0,256,0.0538330078125,1
site6_675.png_X256_Y256,1554,site6_675.png,256,256,0.0,0
site6_691.png_X0_Y0,1570,site6_691.png,0,0,0.0,0
site6_691.png_X256_Y0,1570,site6_691.png,256,0,0.0,0
site6_691.png_X0_Y256,1570,site6_691.png,0,256,0.0,0
site6_691.png_X256_Y256,1570,site6_691.png,256,256,0.361053466796875,1
site6_692.png_X0_Y0,1571,site6_692.png,0,0,0.910003662109375,2
site6_692.png_X256_Y0,1571,site6_692.png,256,0,0.1363525390625,1
site6_692.png_X0_Y256,1571,site6_692.png,0,256,0.5568084716796875,2
site6_692.png_X256_Y256,1571,site6_692.png,256,256,0.2149200439453125,1
site6_693.png_X0_Y0,1572,site6_693.png,0,0,0.01715087890625,0
site6_693.png_X256_Y0,1572,site6_693.png,256,0,0.0,0
site6_693.png_X0_Y256,1572,site6_693.png,0,256,0.0,0
site6_693.png_X256_Y256,1572,site6_693.png,256,256,0.0,0
site6_694.png_X0_Y0,1573,site6_694.png,0,0,0.0391693115234375,0
site6_694.png_X256_Y0,1573,site6_694.png,256,0,0.0,0
site6_694.png_X0_Y256,1573,site6_694.png,0,256,0.0,0
site6_694.png_X256_Y256,1573,site6_694.png,256,256,0.0,0
site6_709.png_X0_Y0,1580,site6_709.png,0,0,0.0131988525390625,0
site6_709.png_X256_Y0,1580,site6_709.png,256,0,0.1672210693359375,1
site6_709.png_X0_Y256,1580,site6_709.png,0,256,0.0,0
site6_709.png_X256_Y256,1580,site6_709.png,256,256,0.01153564453125,0
site6_714.png_X0_Y0,1585,site6_714.png,0,0,0.0,0
site6_714.png_X256_Y0,1585,site6_714.png,256,0,0.0,0
site6_714.png_X0_Y256,1585,site6_714.png,0,256,0.0,0
site6_714.png_X256_Y256,1585,site6_714.png,256,256,0.0,0
site6_715.png_X0_Y0,1586,site6_715.png,0,0,0.06787109375,1
site6_715.png_X256_Y0,1586,site6_715.png,256,0,0.0,0
site6_715.png_X0_Y256,1586,site6_715.png,0,256,0.3793792724609375,1
site6_715.png_X256_Y256,1586,site6_715.png,256,256,0.2839813232421875,1
site6_726.png_X0_Y0,1597,site6_726.png,0,0,0.0,0
site6_726.png_X256_Y0,1597,site6_726.png,256,0,0.448028564453125,2
site6_726.png_X0_Y256,1597,site6_726.png,0,256,0.0,0
site6_726.png_X256_Y256,1597,site6_726.png,256,256,0.0001220703125,0
site6_727.png_X0_Y0,1598,site6_727.png,0,0,0.3275604248046875,1
site6_727.png_X256_Y0,1598,site6_727.png,256,0,0.689483642578125,2
site6_727.png_X0_Y256,1598,site6_727.png,0,256,0.531707763671875,2
site6_727.png_X256_Y256,1598,site6_727.png,256,256,0.279144287109375,1
site6_743.png_X0_Y0,1605,site6_743.png,0,0,0.0,0
site6_743.png_X256_Y0,1605,site6_743.png,256,0,0.0,0
site6_743.png_X0_Y256,1605,site6_743.png,0,256,0.0,0
site6_743.png_X256_Y256,1605,site6_743.png,256,256,0.04638671875,0
site6_762.png_X0_Y0,1624,site6_762.png,0,0,0.0003662109375,0
site6_762.png_X256_Y0,1624,site6_762.png,256,0,0.242950439453125,1
site6_762.png_X0_Y256,1624,site6_762.png,0,256,0.0,0
site6_762.png_X256_Y256,1624,site6_762.png,256,256,0.0,0
site6_784.png_X0_Y0,1638,site6_784.png,0,0,0.0,0
site6_784.png_X256_Y0,1638,site6_784.png,256,0,0.0827484130859375,1
site6_784.png_X0_Y256,1638,site6_784.png,0,256,0.0,0
site6_784.png_X256_Y256,1638,site6_784.png,256,256,0.0,0
site6_795.png_X0_Y0,1649,site6_795.png,0,0,0.0,0
site6_795.png_X256_Y0,1649,site6_795.png,256,0,0.00396728515625,0
site6_795.png_X0_Y256,1649,site6_795.png,0,256,0.0,0
site6_795.png_X256_Y256,1649,site6_795.png,256,256,0.1431121826171875,1
site6_796.png_X0_Y0,1650,site6_796.png,0,0,0.13470458984375,1
site6_796.png_X256_Y0,1650,site6_796.png,256,0,0.0,0
site6_796.png_X0_Y256,1650,site6_796.png,0,256,0.0263671875,0
site6_796.png_X256_Y256,1650,site6_796.png,256,256,0.0,0
site6_808.png_X0_Y0,1654,site6_808.png,0,0,0.0,0
site6_808.png_X256_Y0,1654,site6_808.png,256,0,0.0,0
site6_808.png_X0_Y256,1654,site6_808.png,0,256,0.0836029052734375,1
site6_808.png_X256_Y256,1654,site6_808.png,256,256,0.0,0
site6_820.png_X0_Y0,1666,site6_820.png,0,0,0.0,0
site6_820.png_X256_Y0,1666,site6_820.png,256,0,0.0,0
site6_820.png_X0_Y256,1666,site6_820.png,0,256,0.0,0
site6_820.png_X256_Y256,1666,site6_820.png,256,256,0.0,0
site6_855.png_X0_Y0,1692,site6_855.png,0,0,0.0,0
site6_855.png_X256_Y0,1692,site6_855.png,256,0,0.00103759765625,0
site6_855.png_X0_Y256,1692,site6_855.png,0,256,0.0,0
site6_855.png_X256_Y256,1692,site6_855.png,256,256,0.0,0
site6_864.png_X0_Y0,1701,site6_864.png,0,0,0.0,0
site6_864.png_X256_Y0,1701,site6_864.png,256,0,0.0,0
site6_864.png_X0_Y256,1701,site6_864.png,0,256,0.0,0
site6_864.png_X256_Y256,1701,site6_864.png,256,256,0.481353759765625,2
site6_885.png_X0_Y0,1714,site6_885.png,0,0,0.0,0
site6_885.png_X256_Y0,1714,site6_885.png,256,0,0.0,0
site6_885.png_X0_Y256,1714,site6_885.png,0,256,0.026611328125,0
site6_885.png_X256_Y256,1714,site6_885.png,256,256,0.0,0
site6_886.png_X0_Y0,1715,site6_886.png,0,0,0.0,0
site6_886.png_X256_Y0,1715,site6_886.png,256,0,0.0,0
site6_886.png_X0_Y256,1715,site6_886.png,0,256,0.0,0
site6_886.png_X256_Y256,1715,site6_886.png,256,256,0.0,0
site6_899.png_X0_Y0,1728,site6_899.png,0,0,0.0,0
site6_899.png_X256_Y0,1728,site6_899.png,256,0,0.0,0
site6_899.png_X0_Y256,1728,site6_899.png,0,256,0.0,0
site6_899.png_X256_Y256,1728,site6_899.png,256,256,0.1046600341796875,1
site6_914.png_X0_Y0,1735,site6_914.png,0,0,0.0,0
site6_914.png_X256_Y0,1735,site6_914.png,256,0,0.0,0
site6_914.png_X0_Y256,1735,site6_914.png,0,256,0.0,0
site6_914.png_X256_Y256,1735,site6_914.png,256,256,0.0014190673828125,0
site6_915.png_X0_Y0,1736,site6_915.png,0,0,0.0,0
site6_915.png_X256_Y0,1736,site6_915.png,256,0,0.0,0
site6_915.png_X0_Y256,1736,site6_915.png,0,256,0.3754730224609375,1
site6_915.png_X256_Y256,1736,site6_915.png,256,256,0.21051025390625,1
site6_916.png_X0_Y0,1737,site6_916.png,0,0,0.0,0
site6_916.png_X256_Y0,1737,site6_916.png,256,0,0.0,0
site6_916.png_X0_Y256,1737,site6_916.png,0,256,0.0319976806640625,0
site6_916.png_X256_Y256,1737,site6_916.png,256,256,0.0,0
site6_917.png_X0_Y0,1738,site6_917.png,0,0,0.0,0
site6_917.png_X256_Y0,1738,site6_917.png,256,0,0.0,0
site6_917.png_X0_Y256,1738,site6_917.png,0,256,0.0,0
site6_917.png_X256_Y256,1738,site6_917.png,256,256,0.0,0
site6_920.png_X0_Y0,1741,site6_920.png,0,0,0.0,0
site6_920.png_X256_Y0,1741,site6_920.png,256,0,0.00823974609375,0
site6_920.png_X0_Y256,1741,site6_920.png,0,256,0.0,0
site6_920.png_X256_Y256,1741,site6_920.png,256,256,0.0,0
site6_921.png_X0_Y0,1742,site6_921.png,0,0,0.62451171875,2
site6_921.png_X256_Y0,1742,site6_921.png,256,0,0.619720458984375,2
site6_921.png_X0_Y256,1742,site6_921.png,0,256,0.0,0
site6_921.png_X256_Y256,1742,site6_921.png,256,256,0.0,0
site6_949.png_X0_Y0,1760,site6_949.png,0,0,0.0,0
site6_949.png_X256_Y0,1760,site6_949.png,256,0,0.245269775390625,1
site6_949.png_X0_Y256,1760,site6_949.png,0,256,0.0,0
site6_949.png_X256_Y256,1760,site6_949.png,256,256,0.716949462890625,2
site6_950.png_X0_Y0,1761,site6_950.png,0,0,1.0,2
site6_950.png_X256_Y0,1761,site6_950.png,256,0,1.0,2
site6_950.png_X0_Y256,1761,site6_950.png,0,256,1.0,2
site6_950.png_X256_Y256,1761,site6_950.png,256,256,1.0,2
site6_951.png_X0_Y0,1762,site6_951.png,0,0,0.9983062744140625,2
site6_951.png_X256_Y0,1762,site6_951.png,256,0,0.8753662109375,2
site6_951.png_X0_Y256,1762,site6_951.png,0,256,1.0,2
site6_951.png_X256_Y256,1762,site6_951.png,256,256,1.0,2
site6_952.png_X0_Y0,1763,site6_952.png,0,0,0.7914581298828125,2
site6_952.png_X256_Y0,1763,site6_952.png,256,0,0.5717010498046875,2
site6_952.png_X0_Y256,1763,site6_952.png,0,256,1.0,2
site6_952.png_X256_Y256,1763,site6_952.png,256,256,1.0,2
site6_953.png_X0_Y0,1764,site6_953.png,0,0,0.1779327392578125,1
site6_953.png_X256_Y0,1764,site6_953.png,256,0,0.0,0
site6_953.png_X0_Y256,1764,site6_953.png,0,256,0.3752593994140625,1
site6_953.png_X256_Y256,1764,site6_953.png,256,256,0.0,0
site6_954.png_X0_Y0,1765,site6_954.png,0,0,0.0,0
site6_954.png_X256_Y0,1765,site6_954.png,256,0,0.0,0
site6_954.png_X0_Y256,1765,site6_954.png,0,256,0.0,0
site6_954.png_X256_Y256,1765,site6_954.png,256,256,0.0,0
site6_955.png_X0_Y0,1766,site6_955.png,0,0,0.0,0
site6_955.png_X256_Y0,1766,site6_955.png,256,0,0.0,0
site6_955.png_X0_Y256,1766,site6_955.png,0,256,0.4811859130859375,2
site6_955.png_X256_Y256,1766,site6_955.png,256,256,0.348907470703125,1
site6_956.png_X0_Y0,1767,site6_956.png,0,0,0.0,0
site6_956.png_X256_Y0,1767,site6_956.png,256,0,0.0,0
site6_956.png_X0_Y256,1767,site6_956.png,0,256,0.1551971435546875,1
site6_956.png_X256_Y256,1767,site6_956.png,256,256,0.0482635498046875,0
site6_965.png_X0_Y0,1776,site6_965.png,0,0,0.0,0
site6_965.png_X256_Y0,1776,site6_965.png,256,0,0.0,0
site6_965.png_X0_Y256,1776,site6_965.png,0,256,0.0,0
site6_965.png_X256_Y256,1776,site6_965.png,256,256,0.0,0
site6_966.png_X0_Y0,1777,site6_966.png,0,0,0.0,0
site6_966.png_X256_Y0,1777,site6_966.png,256,0,0.0,0
site6_966.png_X0_Y256,1777,site6_966.png,0,256,0.030181884765625,0
site6_966.png_X256_Y256,1777,site6_966.png,256,256,0.0,0
site6_967.png_X0_Y0,1778,site6_967.png,0,0,0.0,0
site6_967.png_X256_Y0,1778,site6_967.png,256,0,0.0,0
site6_967.png_X0_Y256,1778,site6_967.png,0,256,0.0,0
site6_967.png_X256_Y256,1778,site6_967.png,256,256,0.0,0
site6_968.png_X0_Y0,1779,site6_968.png,0,0,0.0,0
site6_968.png_X256_Y0,1779,site6_968.png,256,0,0.0,0
site6_968.png_X0_Y256,1779,site6_968.png,0,256,0.00830078125,0
site6_968.png_X256_Y256,1779,site6_968.png,256,256,0.0,0
site6_984.png_X0_Y0,1785,site6_984.png,0,0,0.120941162109375,1
site6_984.png_X256_Y0,1785,site6_984.png,256,0,0.998931884765625,2
site6_984.png_X0_Y256,1785,site6_984.png,0,256,4.57763671875e-05,0
site6_984.png_X256_Y256,1785,site6_984.png,256,256,0.14825439453125,1
site6_985.png_X0_Y0,1786,site6_985.png,0,0,1.0,2
site6_985.png_X256_Y0,1786,site6_985.png,256,0,1.0,2
site6_985.png_X0_Y256,1786,site6_985.png,0,256,0.280792236328125,1
site6_985.png_X256_Y256,1786,site6_985.png,256,256,0.377899169921875,1
site6_986.png_X0_Y0,1787,site6_986.png,0,0,1.0,2
site6_986.png_X256_Y0,1787,site6_986.png,256,0,1.0,2
site6_986.png_X0_Y256,1787,site6_986.png,0,256,0.521087646484375,2
site6_986.png_X256_Y256,1787,site6_986.png,256,256,0.8678741455078125,2
site6_987.png_X0_Y0,1788,site6_987.png,0,0,1.0,2
site6_987.png_X256_Y0,1788,site6_987.png,256,0,0.9945526123046875,2
site6_987.png_X0_Y256,1788,site6_987.png,0,256,1.0,2
site6_987.png_X256_Y256,1788,site6_987.png,256,256,0.94970703125,2
site6_989.png_X0_Y0,1790,site6_989.png,0,0,0.0,0
site6_989.png_X256_Y0,1790,site6_989.png,256,0,0.0,0
site6_989.png_X0_Y256,1790,site6_989.png,0,256,0.0,0
site6_989.png_X256_Y256,1790,site6_989.png,256,256,0.0021820068359375,0
site6_990.png_X0_Y0,1791,site6_990.png,0,0,1.0,2
site6_990.png_X256_Y0,1791,site6_990.png,256,0,1.0,2
site6_990.png_X0_Y256,1791,site6_990.png,0,256,0.8527374267578125,2
site6_990.png_X256_Y256,1791,site6_990.png,256,256,1.0,2
site6_991.png_X0_Y0,1792,site6_991.png,0,0,1.0,2
site6_991.png_X256_Y0,1792,site6_991.png,256,0,0.459503173828125,2
site6_991.png_X0_Y256,1792,site6_991.png,0,256,0.8446807861328125,2
site6_991.png_X256_Y256,1792,site6_991.png,256,256,0.0666351318359375,1
site6_1000.png_X0_Y0,1801,site6_1000.png,0,0,0.0,0
site6_1000.png_X256_Y0,1801,site6_1000.png,256,0,0.0,0
site6_1000.png_X0_Y256,1801,site6_1000.png,0,256,0.0,0
site6_1000.png_X256_Y256,1801,site6_1000.png,256,256,0.0,0
site6_1001.png_X0_Y0,1802,site6_1001.png,0,0,0.8196258544921875,2
site6_1001.png_X256_Y0,1802,site6_1001.png,256,0,0.3132171630859375,1
site6_1001.png_X0_Y256,1802,site6_1001.png,0,256,0.498321533203125,2
site6_1001.png_X256_Y256,1802,site6_1001.png,256,256,0.2632904052734375,1
site6_1002.png_X0_Y0,1803,site6_1002.png,0,0,0.0,0
site6_1002.png_X256_Y0,1803,site6_1002.png,256,0,0.4255828857421875,2
site6_1002.png_X0_Y256,1803,site6_1002.png,0,256,0.3067626953125,1
site6_1002.png_X256_Y256,1803,site6_1002.png,256,256,0.8618316650390625,2
site6_1003.png_X0_Y0,1804,site6_1003.png,0,0,0.097320556640625,1
site6_1003.png_X256_Y0,1804,site6_1003.png,256,0,0.04296875,0
site6_1003.png_X0_Y256,1804,site6_1003.png,0,256,0.1078948974609375,1
site6_1003.png_X256_Y256,1804,site6_1003.png,256,256,0.0833892822265625,1
site6_1004.png_X0_Y0,1805,site6_1004.png,0,0,0.1181182861328125,1
site6_1004.png_X256_Y0,1805,site6_1004.png,256,0,0.0847625732421875,1
site6_1004.png_X0_Y256,1805,site6_1004.png,0,256,0.04815673828125,0
site6_1004.png_X256_Y256,1805,site6_1004.png,256,256,0.0,0
site6_1005.png_X0_Y0,1806,site6_1005.png,0,0,0.1645965576171875,1
site6_1005.png_X256_Y0,1806,site6_1005.png,256,0,0.0,0
site6_1005.png_X0_Y256,1806,site6_1005.png,0,256,0.0,0
site6_1005.png_X256_Y256,1806,site6_1005.png,256,256,0.0,0
site6_1018.png_X0_Y0,1807,site6_1018.png,0,0,0.0,0
site6_1018.png_X256_Y0,1807,site6_1018.png,256,0,0.0,0
site6_1018.png_X0_Y256,1807,site6_1018.png,0,256,0.0,0
site6_1018.png_X256_Y256,1807,site6_1018.png,256,256,0.2287445068359375,1
site6_1019.png_X0_Y0,1808,site6_1019.png,0,0,0.22039794921875,1
site6_1019.png_X256_Y0,1808,site6_1019.png,256,0,0.0,0
site6_1019.png_X0_Y256,1808,site6_1019.png,0,256,0.541748046875,2
site6_1019.png_X256_Y256,1808,site6_1019.png,256,256,0.0,0
site6_1023.png_X0_Y0,1812,site6_1023.png,0,0,0.0,0
site6_1023.png_X256_Y0,1812,site6_1023.png,256,0,0.0,0
site6_1023.png_X0_Y256,1812,site6_1023.png,0,256,0.09478759765625,1
site6_1023.png_X256_Y256,1812,site6_1023.png,256,256,0.0478668212890625,0
site6_1035.png_X0_Y0,1824,site6_1035.png,0,0,0.0,0
site6_1035.png_X256_Y0,1824,site6_1035.png,256,0,0.0,0
site6_1035.png_X0_Y256,1824,site6_1035.png,0,256,0.0,0
site6_1035.png_X256_Y256,1824,site6_1035.png,256,256,0.0637359619140625,1
site6_1036.png_X0_Y0,1825,site6_1036.png,0,0,0.0,0
site6_1036.png_X256_Y0,1825,site6_1036.png,256,0,0.0,0
site6_1036.png_X0_Y256,1825,site6_1036.png,0,256,0.0,0
site6_1036.png_X256_Y256,1825,site6_1036.png,256,256,0.0,0
site6_1037.png_X0_Y0,1826,site6_1037.png,0,0,0.4604949951171875,2
site6_1037.png_X256_Y0,1826,site6_1037.png,256,0,0.172760009765625,1
site6_1037.png_X0_Y256,1826,site6_1037.png,0,256,0.0,0
site6_1037.png_X256_Y256,1826,site6_1037.png,256,256,0.0,0
site6_1093.png_X0_Y0,1852,site6_1093.png,0,0,0.0,0
site6_1093.png_X256_Y0,1852,site6_1093.png,256,0,0.0,0
site6_1093.png_X0_Y256,1852,site6_1093.png,0,256,0.000244140625,0
site6_1093.png_X256_Y256,1852,site6_1093.png,256,256,0.0429229736328125,0
site6_1140.png_X0_Y0,1880,site6_1140.png,0,0,0.0,0
site6_1140.png_X256_Y0,1880,site6_1140.png,256,0,0.0,0
site6_1140.png_X0_Y256,1880,site6_1140.png,0,256,0.0681304931640625,1
site6_1140.png_X256_Y256,1880,site6_1140.png,256,256,0.003082275390625,0
site9_6.png_X0_Y0,1912,site9_6.png,0,0,0.0,0
site9_6.png_X256_Y0,1912,site9_6.png,256,0,0.0,0
site9_6.png_X0_Y256,1912,site9_6.png,0,256,0.0,0
site9_6.png_X256_Y256,1912,site9_6.png,256,256,1.52587890625e-05,0
site9_7.png_X0_Y0,1913,site9_7.png,0,0,0.089691162109375,1
site9_7.png_X256_Y0,1913,site9_7.png,256,0,0.0362091064453125,0
site9_7.png_X0_Y256,1913,site9_7.png,0,256,0.8188629150390625,2
site9_7.png_X256_Y256,1913,site9_7.png,256,256,0.67608642578125,2
site9_17.png_X0_Y0,1916,site9_17.png,0,0,0.0,0
site9_17.png_X256_Y0,1916,site9_17.png,256,0,0.3265228271484375,1
site9_17.png_X0_Y256,1916,site9_17.png,0,256,0.0,0
site9_17.png_X256_Y256,1916,site9_17.png,256,256,0.2723388671875,1
site9_18.png_X0_Y0,1917,site9_18.png,0,0,0.5659332275390625,2
site9_18.png_X256_Y0,1917,site9_18.png,256,0,0.8712005615234375,2
site9_18.png_X0_Y256,1917,site9_18.png,0,256,0.944091796875,2
site9_18.png_X256_Y256,1917,site9_18.png,256,256,0.1104583740234375,1
site9_19.png_X0_Y0,1918,site9_19.png,0,0,0.000885009765625,0
site9_19.png_X256_Y0,1918,site9_19.png,256,0,0.80059814453125,2
site9_19.png_X0_Y256,1918,site9_19.png,0,256,0.565155029296875,2
site9_19.png_X256_Y256,1918,site9_19.png,256,256,1.0,2
site9_20.png_X0_Y0,1919,site9_20.png,0,0,1.0,2
site9_20.png_X256_Y0,1919,site9_20.png,256,0,1.0,2
site9_20.png_X0_Y256,1919,site9_20.png,0,256,1.0,2
site9_20.png_X256_Y256,1919,site9_20.png,256,256,1.0,2
site9_28.png_X0_Y0,1923,site9_28.png,0,0,0.1441802978515625,1
site9_28.png_X256_Y0,1923,site9_28.png,256,0,0.2385101318359375,1
site9_28.png_X0_Y256,1923,site9_28.png,0,256,0.495574951171875,2
site9_28.png_X256_Y256,1923,site9_28.png,256,256,0.5673980712890625,2
site9_29.png_X0_Y0,1924,site9_29.png,0,0,0.7239227294921875,2
site9_29.png_X256_Y0,1924,site9_29.png,256,0,0.6808929443359375,2
site9_29.png_X0_Y256,1924,site9_29.png,0,256,0.9692840576171875,2
site9_29.png_X256_Y256,1924,site9_29.png,256,256,0.5142364501953125,2
site9_30.png_X0_Y0,1925,site9_30.png,0,0,1.0,2
site9_30.png_X256_Y0,1925,site9_30.png,256,0,1.0,2
site9_30.png_X0_Y256,1925,site9_30.png,0,256,0.715057373046875,2
site9_30.png_X256_Y256,1925,site9_30.png,256,256,0.4528045654296875,2
site9_31.png_X0_Y0,1926,site9_31.png,0,0,1.0,2
site9_31.png_X256_Y0,1926,site9_31.png,256,0,1.0,2
site9_31.png_X0_Y256,1926,site9_31.png,0,256,0.9041595458984375,2
site9_31.png_X256_Y256,1926,site9_31.png,256,256,0.4061431884765625,2
site9_32.png_X0_Y0,1927,site9_32.png,0,0,0.9276275634765625,2
site9_32.png_X256_Y0,1927,site9_32.png,256,0,0.88250732421875,2
site9_32.png_X0_Y256,1927,site9_32.png,0,256,0.402008056640625,2
site9_32.png_X256_Y256,1927,site9_32.png,256,256,0.1764373779296875,1
site9_37.png_X0_Y0,1929,site9_37.png,0,0,0.0,0
site9_37.png_X256_Y0,1929,site9_37.png,256,0,0.0,0
site9_37.png_X0_Y256,1929,site9_37.png,0,256,0.1699676513671875,1
site9_37.png_X256_Y256,1929,site9_37.png,256,256,0.18280029296875,1
site9_39.png_X0_Y0,1931,site9_39.png,0,0,0.354949951171875,1
site9_39.png_X256_Y0,1931,site9_39.png,256,0,0.60614013671875,2
site9_39.png_X0_Y256,1931,site9_39.png,0,256,0.0,0
site9_39.png_X256_Y256,1931,site9_39.png,256,256,0.0,0
site9_40.png_X0_Y0,1932,site9_40.png,0,0,0.0963287353515625,1
site9_40.png_X256_Y0,1932,site9_40.png,256,0,0.0,0
site9_40.png_X0_Y256,1932,site9_40.png,0,256,0.04461669921875,0
site9_40.png_X256_Y256,1932,site9_40.png,256,256,0.4726715087890625,2
site9_41.png_X0_Y0,1933,site9_41.png,0,0,0.13592529296875,1
site9_41.png_X256_Y0,1933,site9_41.png,256,0,0.01300048828125,0
site9_41.png_X0_Y256,1933,site9_41.png,0,256,0.996978759765625,2
site9_41.png_X256_Y256,1933,site9_41.png,256,256,0.7378082275390625,2
site9_47.png_X0_Y0,1936,site9_47.png,0,0,0.5131988525390625,2
site9_47.png_X256_Y0,1936,site9_47.png,256,0,0.30657958984375,1
site9_47.png_X0_Y256,1936,site9_47.png,0,256,0.9734649658203125,2
site9_47.png_X256_Y256,1936,site9_47.png,256,256,0.9408721923828125,2
site9_48.png_X0_Y0,1937,site9_48.png,0,0,0.4150390625,2
site9_48.png_X256_Y0,1937,site9_48.png,256,0,0.00836181640625,0
site9_48.png_X0_Y256,1937,site9_48.png,0,256,0.0,0
site9_48.png_X256_Y256,1937,site9_48.png,256,256,0.0,0
site9_49.png_X0_Y0,1938,site9_49.png,0,0,0.0,0
site9_49.png_X256_Y0,1938,site9_49.png,256,0,0.0,0
site9_49.png_X0_Y256,1938,site9_49.png,0,256,0.0,0
site9_49.png_X256_Y256,1938,site9_49.png,256,256,0.211700439453125,1
site9_50.png_X0_Y0,1939,site9_50.png,0,0,0.3550567626953125,1
site9_50.png_X256_Y0,1939,site9_50.png,256,0,0.7852325439453125,2
site9_50.png_X0_Y256,1939,site9_50.png,0,256,0.9962005615234375,2
site9_50.png_X256_Y256,1939,site9_50.png,256,256,1.0,2
site9_51.png_X0_Y0,1940,site9_51.png,0,0,0.987060546875,2
site9_51.png_X256_Y0,1940,site9_51.png,256,0,1.0,2
site9_51.png_X0_Y256,1940,site9_51.png,0,256,1.0,2
site9_51.png_X256_Y256,1940,site9_51.png,256,256,1.0,2
site9_52.png_X0_Y0,1941,site9_52.png,0,0,1.0,2
site9_52.png_X256_Y0,1941,site9_52.png,256,0,1.0,2
site9_52.png_X0_Y256,1941,site9_52.png,0,256,1.0,2
site9_52.png_X256_Y256,1941,site9_52.png,256,256,1.0,2
site9_53.png_X0_Y0,1942,site9_53.png,0,0,0.2501983642578125,1
site9_53.png_X256_Y0,1942,site9_53.png,256,0,0.0,0
site9_53.png_X0_Y256,1942,site9_53.png,0,256,0.2685699462890625,1
site9_53.png_X256_Y256,1942,site9_53.png,256,256,0.0,0
site9_57.png_X0_Y0,1943,site9_57.png,0,0,0.0275726318359375,0
site9_57.png_X256_Y0,1943,site9_57.png,256,0,0.961151123046875,2
site9_57.png_X0_Y256,1943,site9_57.png,0,256,0.3310546875,1
site9_57.png_X256_Y256,1943,site9_57.png,256,256,1.0,2
site9_58.png_X0_Y0,1944,site9_58.png,0,0,0.81475830078125,2
site9_58.png_X256_Y0,1944,site9_58.png,256,0,0.271026611328125,1
site9_58.png_X0_Y256,1944,site9_58.png,0,256,0.4344329833984375,2
site9_58.png_X256_Y256,1944,site9_58.png,256,256,0.0,0
site9_59.png_X0_Y0,1945,site9_59.png,0,0,0.2264862060546875,1
site9_59.png_X256_Y0,1945,site9_59.png,256,0,0.0,0
site9_59.png_X0_Y256,1945,site9_59.png,0,256,0.0,0
site9_59.png_X256_Y256,1945,site9_59.png,256,256,0.0807647705078125,1
site9_60.png_X0_Y0,1946,site9_60.png,0,0,0.0,0
site9_60.png_X256_Y0,1946,site9_60.png,256,0,0.0687713623046875,1
site9_60.png_X0_Y256,1946,site9_60.png,0,256,0.500701904296875,2
site9_60.png_X256_Y256,1946,site9_60.png,256,256,0.1000213623046875,1
site9_61.png_X0_Y0,1947,site9_61.png,0,0,0.9503021240234375,2
site9_61.png_X256_Y0,1947,site9_61.png,256,0,1.0,2
site9_61.png_X0_Y256,1947,site9_61.png,0,256,0.7154083251953125,2
site9_61.png_X256_Y256,1947,site9_61.png,256,256,1.0,2
site9_62.png_X0_Y0,1948,site9_62.png,0,0,1.0,2
site9_62.png_X256_Y0,1948,site9_62.png,256,0,1.0,2
site9_62.png_X0_Y256,1948,site9_62.png,0,256,1.0,2
site9_62.png_X256_Y256,1948,site9_62.png,256,256,1.0,2
site9_63.png_X0_Y0,1949,site9_63.png,0,0,1.0,2
site9_63.png_X256_Y0,1949,site9_63.png,256,0,0.9286041259765625,2
site9_63.png_X0_Y256,1949,site9_63.png,0,256,1.0,2
site9_63.png_X256_Y256,1949,site9_63.png,256,256,0.49468994140625,2
site9_64.png_X0_Y0,1950,site9_64.png,0,0,0.0,0
site9_64.png_X256_Y0,1950,site9_64.png,256,0,0.216156005859375,1
site9_64.png_X0_Y256,1950,site9_64.png,0,256,0.034088134765625,0
site9_64.png_X256_Y256,1950,site9_64.png,256,256,0.6614227294921875,2
site9_68.png_X0_Y0,1951,site9_68.png,0,0,0.71917724609375,2
site9_68.png_X256_Y0,1951,site9_68.png,256,0,0.440704345703125,2
site9_68.png_X0_Y256,1951,site9_68.png,0,256,0.06475830078125,1
site9_68.png_X256_Y256,1951,site9_68.png,256,256,0.0,0
site9_69.png_X0_Y0,1952,site9_69.png,0,0,0.0,0
site9_69.png_X256_Y0,1952,site9_69.png,256,0,0.0,0
site9_69.png_X0_Y256,1952,site9_69.png,0,256,0.0,0
site9_69.png_X256_Y256,1952,site9_69.png,256,256,0.0098114013671875,0
site9_70.png_X0_Y0,1953,site9_70.png,0,0,0.2592926025390625,1
site9_70.png_X256_Y0,1953,site9_70.png,256,0,0.691314697265625,2
site9_70.png_X0_Y256,1953,site9_70.png,0,256,0.0569610595703125,1
site9_70.png_X256_Y256,1953,site9_70.png,256,256,0.956512451171875,2
site9_71.png_X0_Y0,1954,site9_71.png,0,0,1.0,2
site9_71.png_X256_Y0,1954,site9_71.png,256,0,1.0,2
site9_71.png_X0_Y256,1954,site9_71.png,0,256,1.0,2
site9_71.png_X256_Y256,1954,site9_71.png,256,256,0.7626495361328125,2
site9_72.png_X0_Y0,1955,site9_72.png,0,0,0.8802947998046875,2
site9_72.png_X256_Y0,1955,site9_72.png,256,0,1.0,2
site9_72.png_X0_Y256,1955,site9_72.png,0,256,0.172332763671875,1
site9_72.png_X256_Y256,1955,site9_72.png,256,256,0.29473876953125,1
site9_73.png_X0_Y0,1956,site9_73.png,0,0,0.89105224609375,2
site9_73.png_X256_Y0,1956,site9_73.png,256,0,0.6274261474609375,2
site9_73.png_X0_Y256,1956,site9_73.png,0,256,0.785614013671875,2
site9_73.png_X256_Y256,1956,site9_73.png,256,256,0.61212158203125,2
site9_74.png_X0_Y0,1957,site9_74.png,0,0,0.9478302001953125,2
site9_74.png_X256_Y0,1957,site9_74.png,256,0,0.8701934814453125,2
site9_74.png_X0_Y256,1957,site9_74.png,0,256,0.018280029296875,0
site9_74.png_X256_Y256,1957,site9_74.png,256,256,0.0585479736328125,1
site9_75.png_X0_Y0,1958,site9_75.png,0,0,0.544525146484375,2
site9_75.png_X256_Y0,1958,site9_75.png,256,0,0.9714813232421875,2
site9_75.png_X0_Y256,1958,site9_75.png,0,256,0.0648956298828125,1
site9_75.png_X256_Y256,1958,site9_75.png,256,256,0.0792694091796875,1
site9_79.png_X0_Y0,1959,site9_79.png,0,0,0.2835235595703125,1
site9_79.png_X256_Y0,1959,site9_79.png,256,0,0.822265625,2
site9_79.png_X0_Y256,1959,site9_79.png,0,256,0.983245849609375,2
site9_79.png_X256_Y256,1959,site9_79.png,256,256,0.99212646484375,2
site9_81.png_X0_Y0,1961,site9_81.png,0,0,0.0,0
site9_81.png_X256_Y0,1961,site9_81.png,256,0,0.25201416015625,1
site9_81.png_X0_Y256,1961,site9_81.png,0,256,0.0,0
site9_81.png_X256_Y256,1961,site9_81.png,256,256,0.273651123046875,1
site9_82.png_X0_Y0,1962,site9_82.png,0,0,0.395782470703125,1
site9_82.png_X256_Y0,1962,site9_82.png,256,0,0.017181396484375,0
site9_82.png_X0_Y256,1962,site9_82.png,0,256,0.41900634765625,2
site9_82.png_X256_Y256,1962,site9_82.png,256,256,0.0,0
site9_85.png_X0_Y0,1965,site9_85.png,0,0,0.0,0
site9_85.png_X256_Y0,1965,site9_85.png,256,0,0.0,0
site9_85.png_X0_Y256,1965,site9_85.png,0,256,0.000885009765625,0
site9_85.png_X256_Y256,1965,site9_85.png,256,256,0.333709716796875,1
site9_86.png_X0_Y0,1966,site9_86.png,0,0,0.0,0
site9_86.png_X256_Y0,1966,site9_86.png,256,0,0.0,0
site9_86.png_X0_Y256,1966,site9_86.png,0,256,0.00799560546875,0
site9_86.png_X256_Y256,1966,site9_86.png,256,256,0.0,0
site9_90.png_X0_Y0,1967,site9_90.png,0,0,0.4232635498046875,2
site9_90.png_X256_Y0,1967,site9_90.png,256,0,0.2099609375,1
site9_90.png_X0_Y256,1967,site9_90.png,0,256,0.0,0
site9_90.png_X256_Y256,1967,site9_90.png,256,256,0.0,0
site9_100.png_X0_Y0,1974,site9_100.png,0,0,0.0,0
site9_100.png_X256_Y0,1974,site9_100.png,256,0,0.0,0
site9_100.png_X0_Y256,1974,site9_100.png,0,256,0.0116424560546875,0
site9_100.png_X256_Y256,1974,site9_100.png,256,256,0.0,0
site9_111.png_X0_Y0,1982,site9_111.png,0,0,0.0,0
site9_111.png_X256_Y0,1982,site9_111.png,256,0,0.0,0
site9_111.png_X0_Y256,1982,site9_111.png,0,256,0.0,0
site9_111.png_X256_Y256,1982,site9_111.png,256,256,0.013580322265625,0
site14_67.png_X0_Y0,2033,site14_67.png,0,0,0.0,0
site14_67.png_X256_Y0,2033,site14_67.png,256,0,0.0074005126953125,0
site14_67.png_X0_Y256,2033,site14_67.png,0,256,0.0,0
site14_67.png_X256_Y256,2033,site14_67.png,256,256,0.0,0
site14_70.png_X0_Y0,2036,site14_70.png,0,0,0.0,0
site14_70.png_X256_Y0,2036,site14_70.png,256,0,0.0,0
site14_70.png_X0_Y256,2036,site14_70.png,0,256,0.0,0
site14_70.png_X256_Y256,2036,site14_70.png,256,256,0.0,0
site14_71.png_X0_Y0,2037,site14_71.png,0,0,0.0,0
site14_71.png_X256_Y0,2037,site14_71.png,256,0,0.0,0
site14_71.png_X0_Y256,2037,site14_71.png,0,256,6.103515625e-05,0
site14_71.png_X256_Y256,2037,site14_71.png,256,256,0.063568115234375,1
site14_74.png_X0_Y0,2040,site14_74.png,0,0,0.0,0
site14_74.png_X256_Y0,2040,site14_74.png,256,0,0.0096282958984375,0
site14_74.png_X0_Y256,2040,site14_74.png,0,256,0.0,0
site14_74.png_X256_Y256,2040,site14_74.png,256,256,0.4148712158203125,2
site14_75.png_X0_Y0,2041,site14_75.png,0,0,0.0,0
site14_75.png_X256_Y0,2041,site14_75.png,256,0,0.014801025390625,0
site14_75.png_X0_Y256,2041,site14_75.png,0,256,0.0,0
site14_75.png_X256_Y256,2041,site14_75.png,256,256,0.0504608154296875,1
site14_76.png_X0_Y0,2042,site14_76.png,0,0,0.1475067138671875,1
site14_76.png_X256_Y0,2042,site14_76.png,256,0,0.0,0
site14_76.png_X0_Y256,2042,site14_76.png,0,256,0.619903564453125,2
site14_76.png_X256_Y256,2042,site14_76.png,256,256,0.0033111572265625,0
site14_86.png_X0_Y0,2050,site14_86.png,0,0,0.0,0
site14_86.png_X256_Y0,2050,site14_86.png,256,0,0.0,0
site14_86.png_X0_Y256,2050,site14_86.png,0,256,0.0,0
site14_86.png_X256_Y256,2050,site14_86.png,256,256,0.0,0
site14_87.png_X0_Y0,2051,site14_87.png,0,0,0.0,0
site14_87.png_X256_Y0,2051,site14_87.png,256,0,0.0,0
site14_87.png_X0_Y256,2051,site14_87.png,0,256,0.017181396484375,0
site14_87.png_X256_Y256,2051,site14_87.png,256,256,0.160552978515625,1
site14_88.png_X0_Y0,2052,site14_88.png,0,0,0.051971435546875,1
site14_88.png_X256_Y0,2052,site14_88.png,256,0,0.4886932373046875,2
site14_88.png_X0_Y256,2052,site14_88.png,0,256,0.85870361328125,2
site14_88.png_X256_Y256,2052,site14_88.png,256,256,0.4556884765625,2
site14_89.png_X0_Y0,2053,site14_89.png,0,0,0.036712646484375,0
site14_89.png_X256_Y0,2053,site14_89.png,256,0,0.003448486328125,0
site14_89.png_X0_Y256,2053,site14_89.png,0,256,0.0529022216796875,1
site14_89.png_X256_Y256,2053,site14_89.png,256,256,0.1297149658203125,1
site14_90.png_X0_Y0,2054,site14_90.png,0,0,0.0,0
site14_90.png_X256_Y0,2054,site14_90.png,256,0,7.62939453125e-05,0
site14_90.png_X0_Y256,2054,site14_90.png,0,256,0.0,0
site14_90.png_X256_Y256,2054,site14_90.png,256,256,0.0,0
site14_91.png_X0_Y0,2055,site14_91.png,0,0,0.835693359375,2
site14_91.png_X256_Y0,2055,site14_91.png,256,0,0.491790771484375,2
site14_91.png_X0_Y256,2055,site14_91.png,0,256,0.1119842529296875,1
site14_91.png_X256_Y256,2055,site14_91.png,256,256,0.4572296142578125,2
site14_92.png_X0_Y0,2056,site14_92.png,0,0,0.0,0
site14_92.png_X256_Y0,2056,site14_92.png,256,0,0.0,0
site14_92.png_X0_Y256,2056,site14_92.png,0,256,0.125946044921875,1
site14_92.png_X256_Y256,2056,site14_92.png,256,256,0.0,0
site14_93.png_X0_Y0,2057,site14_93.png,0,0,0.0,0
site14_93.png_X256_Y0,2057,site14_93.png,256,0,0.0103759765625,0
site14_93.png_X0_Y256,2057,site14_93.png,0,256,0.1307220458984375,1
site14_93.png_X256_Y256,2057,site14_93.png,256,256,0.3507843017578125,1
site14_94.png_X0_Y0,2058,site14_94.png,0,0,0.472869873046875,2
site14_94.png_X256_Y0,2058,site14_94.png,256,0,0.2015380859375,1
site14_94.png_X0_Y256,2058,site14_94.png,0,256,0.5052337646484375,2
site14_94.png_X256_Y256,2058,site14_94.png,256,256,0.4487152099609375,2
site14_95.png_X0_Y0,2059,site14_95.png,0,0,0.0124969482421875,0
site14_95.png_X256_Y0,2059,site14_95.png,256,0,0.0,0
site14_95.png_X0_Y256,2059,site14_95.png,0,256,0.0,0
site14_95.png_X256_Y256,2059,site14_95.png,256,256,0.0,0
site14_105.png_X0_Y0,2066,site14_105.png,0,0,0.0,0
site14_105.png_X256_Y0,2066,site14_105.png,256,0,0.0,0
site14_105.png_X0_Y256,2066,site14_105.png,0,256,0.0,0
site14_105.png_X256_Y256,2066,site14_105.png,256,256,0.0,0
site14_106.png_X0_Y0,2067,site14_106.png,0,0,0.0504150390625,1
site14_106.png_X256_Y0,2067,site14_106.png,256,0,0.4957122802734375,2
site14_106.png_X0_Y256,2067,site14_106.png,0,256,0.878570556640625,2
site14_106.png_X256_Y256,2067,site14_106.png,256,256,0.9059600830078125,2
site14_107.png_X0_Y0,2068,site14_107.png,0,0,0.9117279052734375,2
site14_107.png_X256_Y0,2068,site14_107.png,256,0,0.5419769287109375,2
site14_107.png_X0_Y256,2068,site14_107.png,0,256,0.8654632568359375,2
site14_107.png_X256_Y256,2068,site14_107.png,256,256,0.1207427978515625,1
site14_111.png_X0_Y0,2072,site14_111.png,0,0,0.0,0
site14_111.png_X256_Y0,2072,site14_111.png,256,0,0.196441650390625,1
site14_111.png_X0_Y256,2072,site14_111.png,0,256,0.0,0
site14_111.png_X256_Y256,2072,site14_111.png,256,256,0.0,0
site14_112.png_X0_Y0,2073,site14_112.png,0,0,0.3597869873046875,1
site14_112.png_X256_Y0,2073,site14_112.png,256,0,0.1315765380859375,1
site14_112.png_X0_Y256,2073,site14_112.png,0,256,0.0065155029296875,0
site14_112.png_X256_Y256,2073,site14_112.png,256,256,0.1771697998046875,1
site14_113.png_X0_Y0,2074,site14_113.png,0,0,0.218475341796875,1
site14_113.png_X256_Y0,2074,site14_113.png,256,0,0.470001220703125,2
site14_113.png_X0_Y256,2074,site14_113.png,0,256,0.3662567138671875,1
site14_113.png_X256_Y256,2074,site14_113.png,256,256,0.16510009765625,1
site14_114.png_X0_Y0,2075,site14_114.png,0,0,0.3018798828125,1
site14_114.png_X256_Y0,2075,site14_114.png,256,0,0.31658935546875,1
site14_114.png_X0_Y256,2075,site14_114.png,0,256,0.29632568359375,1
site14_114.png_X256_Y256,2075,site14_114.png,256,256,0.0,0
site14_124.png_X0_Y0,2082,site14_124.png,0,0,0.0,0
site14_124.png_X256_Y0,2082,site14_124.png,256,0,0.0,0
site14_124.png_X0_Y256,2082,site14_124.png,0,256,0.0356903076171875,0
site14_124.png_X256_Y256,2082,site14_124.png,256,256,0.4808349609375,2
site14_125.png_X0_Y0,2083,site14_125.png,0,0,0.54583740234375,2
site14_125.png_X256_Y0,2083,site14_125.png,256,0,0.3196563720703125,1
site14_125.png_X0_Y256,2083,site14_125.png,0,256,0.77520751953125,2
site14_125.png_X256_Y256,2083,site14_125.png,256,256,0.8565521240234375,2
site14_126.png_X0_Y0,2084,site14_126.png,0,0,0.450164794921875,2
site14_126.png_X256_Y0,2084,site14_126.png,256,0,0.8397216796875,2
site14_126.png_X0_Y256,2084,site14_126.png,0,256,0.000274658203125,0
site14_126.png_X256_Y256,2084,site14_126.png,256,256,0.0,0
site14_127.png_X0_Y0,2085,site14_127.png,0,0,0.214019775390625,1
site14_127.png_X256_Y0,2085,site14_127.png,256,0,0.0,0
site14_127.png_X0_Y256,2085,site14_127.png,0,256,0.0,0
site14_127.png_X256_Y256,2085,site14_127.png,256,256,0.0,0
site14_128.png_X0_Y0,2086,site14_128.png,0,0,0.1589202880859375,1
site14_128.png_X256_Y0,2086,site14_128.png,256,0,0.0367431640625,0
site14_128.png_X0_Y256,2086,site14_128.png,0,256,0.2081451416015625,1
site14_128.png_X256_Y256,2086,site14_128.png,256,256,0.6105194091796875,2
site14_129.png_X0_Y0,2087,site14_129.png,0,0,0.0,0
site14_129.png_X256_Y0,2087,site14_129.png,256,0,0.0,0
site14_129.png_X0_Y256,2087,site14_129.png,0,256,0.0,0
site14_129.png_X256_Y256,2087,site14_129.png,256,256,0.0,0
site14_133.png_X0_Y0,2091,site14_133.png,0,0,0.0,0
site14_133.png_X256_Y0,2091,site14_133.png,256,0,0.0303192138671875,0
site14_133.png_X0_Y256,2091,site14_133.png,0,256,0.0,0
site14_133.png_X256_Y256,2091,site14_133.png,256,256,0.0,0
site14_134.png_X0_Y0,2092,site14_134.png,0,0,0.05126953125,1
site14_134.png_X256_Y0,2092,site14_134.png,256,0,0.0,0
site14_134.png_X0_Y256,2092,site14_134.png,0,256,0.0,0
site14_134.png_X256_Y256,2092,site14_134.png,256,256,0.0,0
site14_142.png_X0_Y0,2098,site14_142.png,0,0,0.0,0
site14_142.png_X256_Y0,2098,site14_142.png,256,0,0.3215179443359375,1
site14_142.png_X0_Y256,2098,site14_142.png,0,256,0.0,0
site14_142.png_X256_Y256,2098,site14_142.png,256,256,0.1517181396484375,1
site14_143.png_X0_Y0,2099,site14_143.png,0,0,0.0,0
site14_143.png_X256_Y0,2099,site14_143.png,256,0,0.0,0
site14_143.png_X0_Y256,2099,site14_143.png,0,256,0.0,0
site14_143.png_X256_Y256,2099,site14_143.png,256,256,0.0,0
site14_144.png_X0_Y0,2100,site14_144.png,0,0,0.6699371337890625,2
site14_144.png_X256_Y0,2100,site14_144.png,256,0,0.8784332275390625,2
site14_144.png_X0_Y256,2100,site14_144.png,0,256,0.1223297119140625,1
site14_144.png_X256_Y256,2100,site14_144.png,256,256,0.901275634765625,2
site14_145.png_X0_Y0,2101,site14_145.png,0,0,0.966064453125,2
site14_145.png_X256_Y0,2101,site14_145.png,256,0,0.8418731689453125,2
site14_145.png_X0_Y256,2101,site14_145.png,0,256,0.9892425537109375,2
site14_145.png_X256_Y256,2101,site14_145.png,256,256,1.0,2
site14_146.png_X0_Y0,2102,site14_146.png,0,0,0.0691375732421875,1
site14_146.png_X256_Y0,2102,site14_146.png,256,0,0.0,0
site14_146.png_X0_Y256,2102,site14_146.png,0,256,0.8342742919921875,2
site14_146.png_X256_Y256,2102,site14_146.png,256,256,0.5135650634765625,2
site14_148.png_X0_Y0,2104,site14_148.png,0,0,0.0064544677734375,0
site14_148.png_X256_Y0,2104,site14_148.png,256,0,0.5743255615234375,2
site14_148.png_X0_Y256,2104,site14_148.png,0,256,0.0,0
site14_148.png_X256_Y256,2104,site14_148.png,256,256,0.116363525390625,1
site14_149.png_X0_Y0,2105,site14_149.png,0,0,0.22607421875,1
site14_149.png_X256_Y0,2105,site14_149.png,256,0,0.0,0
site14_149.png_X0_Y256,2105,site14_149.png,0,256,0.5366058349609375,2
site14_149.png_X256_Y256,2105,site14_149.png,256,256,0.065216064453125,1
site14_154.png_X0_Y0,2110,site14_154.png,0,0,0.0,0
site14_154.png_X256_Y0,2110,site14_154.png,256,0,0.0,0
site14_154.png_X0_Y256,2110,site14_154.png,0,256,0.067352294921875,1
site14_154.png_X256_Y256,2110,site14_154.png,256,256,0.0408782958984375,0
site14_158.png_X0_Y0,2114,site14_158.png,0,0,0.0,0
site14_158.png_X256_Y0,2114,site14_158.png,256,0,0.0614013671875,1
site14_158.png_X0_Y256,2114,site14_158.png,0,256,0.0076141357421875,0
site14_158.png_X256_Y256,2114,site14_158.png,256,256,0.510986328125,2
site14_159.png_X0_Y0,2115,site14_159.png,0,0,0.0075225830078125,0
site14_159.png_X256_Y0,2115,site14_159.png,256,0,0.0,0
site14_159.png_X0_Y256,2115,site14_159.png,0,256,0.0117645263671875,0
site14_159.png_X256_Y256,2115,site14_159.png,256,256,0.0,0
site14_162.png_X0_Y0,2117,site14_162.png,0,0,0.0,0
site14_162.png_X256_Y0,2117,site14_162.png,256,0,0.26666259765625,1
site14_162.png_X0_Y256,2117,site14_162.png,0,256,0.0,0
site14_162.png_X256_Y256,2117,site14_162.png,256,256,0.0140533447265625,0
site14_163.png_X0_Y0,2118,site14_163.png,0,0,0.3081817626953125,1
site14_163.png_X256_Y0,2118,site14_163.png,256,0,0.00341796875,0
site14_163.png_X0_Y256,2118,site14_163.png,0,256,0.0,0
site14_163.png_X256_Y256,2118,site14_163.png,256,256,0.0,0
site14_164.png_X0_Y0,2119,site14_164.png,0,0,0.0,0
site14_164.png_X256_Y0,2119,site14_164.png,256,0,0.20654296875,1
site14_164.png_X0_Y256,2119,site14_164.png,0,256,0.0,0
site14_164.png_X256_Y256,2119,site14_164.png,256,256,0.0,0
site14_165.png_X0_Y0,2120,site14_165.png,0,0,0.98272705078125,2
site14_165.png_X256_Y0,2120,site14_165.png,256,0,0.9803466796875,2
site14_165.png_X0_Y256,2120,site14_165.png,0,256,0.69134521484375,2
site14_165.png_X256_Y256,2120,site14_165.png,256,256,0.9415740966796875,2
site14_166.png_X0_Y0,2121,site14_166.png,0,0,0.896240234375,2
site14_166.png_X256_Y0,2121,site14_166.png,256,0,0.785247802734375,2
site14_166.png_X0_Y256,2121,site14_166.png,0,256,0.824676513671875,2
site14_166.png_X256_Y256,2121,site14_166.png,256,256,0.2986907958984375,1
site14_167.png_X0_Y0,2122,site14_167.png,0,0,0.0,0
site14_167.png_X256_Y0,2122,site14_167.png,256,0,0.0,0
site14_167.png_X0_Y256,2122,site14_167.png,0,256,0.0,0
site14_167.png_X256_Y256,2122,site14_167.png,256,256,0.050323486328125,1
site14_168.png_X0_Y0,2123,site14_168.png,0,0,0.0,0
site14_168.png_X256_Y0,2123,site14_168.png,256,0,0.0,0
site14_168.png_X0_Y256,2123,site14_168.png,0,256,0.0,0
site14_168.png_X256_Y256,2123,site14_168.png,256,256,0.0,0
site14_169.png_X0_Y0,2124,site14_169.png,0,0,0.3696441650390625,1
site14_169.png_X256_Y0,2124,site14_169.png,256,0,0.648193359375,2
site14_169.png_X0_Y256,2124,site14_169.png,0,256,4.57763671875e-05,0
site14_169.png_X256_Y256,2124,site14_169.png,256,256,0.261749267578125,1
site14_170.png_X0_Y0,2125,site14_170.png,0,0,0.0,0
site14_170.png_X256_Y0,2125,site14_170.png,256,0,0.0,0
site14_170.png_X0_Y256,2125,site14_170.png,0,256,0.008453369140625,0
site14_170.png_X256_Y256,2125,site14_170.png,256,256,0.2721405029296875,1
site14_174.png_X0_Y0,2129,site14_174.png,0,0,0.0041046142578125,0
site14_174.png_X256_Y0,2129,site14_174.png,256,0,0.0069122314453125,0
site14_174.png_X0_Y256,2129,site14_174.png,0,256,0.0,0
site14_174.png_X256_Y256,2129,site14_174.png,256,256,0.0,0
site14_176.png_X0_Y0,2131,site14_176.png,0,0,0.0,0
site14_176.png_X256_Y0,2131,site14_176.png,256,0,0.0,0
site14_176.png_X0_Y256,2131,site14_176.png,0,256,0.0,0
site14_176.png_X256_Y256,2131,site14_176.png,256,256,0.0,0
site14_177.png_X0_Y0,2132,site14_177.png,0,0,0.211700439453125,1
site14_177.png_X256_Y0,2132,site14_177.png,256,0,0.0,0
site14_177.png_X0_Y256,2132,site14_177.png,0,256,0.0190277099609375,0
site14_177.png_X256_Y256,2132,site14_177.png,256,256,0.0,0
site14_185.png_X0_Y0,2139,site14_185.png,0,0,0.0,0
site14_185.png_X256_Y0,2139,site14_185.png,256,0,0.6528472900390625,2
site14_185.png_X0_Y256,2139,site14_185.png,0,256,0.0,0
site14_185.png_X256_Y256,2139,site14_185.png,256,256,0.1087799072265625,1
site14_186.png_X0_Y0,2140,site14_186.png,0,0,0.8464508056640625,2
site14_186.png_X256_Y0,2140,site14_186.png,256,0,0.944580078125,2
site14_186.png_X0_Y256,2140,site14_186.png,0,256,0.97393798828125,2
site14_186.png_X256_Y256,2140,site14_186.png,256,256,0.89337158203125,2
site14_187.png_X0_Y0,2141,site14_187.png,0,0,0.958709716796875,2
site14_187.png_X256_Y0,2141,site14_187.png,256,0,0.8874359130859375,2
site14_187.png_X0_Y256,2141,site14_187.png,0,256,1.0,2
site14_187.png_X256_Y256,2141,site14_187.png,256,256,0.980499267578125,2
site14_188.png_X0_Y0,2142,site14_188.png,0,0,0.8855438232421875,2
site14_188.png_X256_Y0,2142,site14_188.png,256,0,0.054840087890625,1
site14_188.png_X0_Y256,2142,site14_188.png,0,256,0.605072021484375,2
site14_188.png_X256_Y256,2142,site14_188.png,256,256,0.67010498046875,2
site14_189.png_X0_Y0,2143,site14_189.png,0,0,0.112060546875,1
site14_189.png_X256_Y0,2143,site14_189.png,256,0,0.4727630615234375,2
site14_189.png_X0_Y256,2143,site14_189.png,0,256,0.0334014892578125,0
site14_189.png_X256_Y256,2143,site14_189.png,256,256,0.5193023681640625,2
site14_190.png_X0_Y0,2144,site14_190.png,0,0,0.0,0
site14_190.png_X256_Y0,2144,site14_190.png,256,0,0.386871337890625,1
site14_190.png_X0_Y256,2144,site14_190.png,0,256,0.5696868896484375,2
site14_190.png_X256_Y256,2144,site14_190.png,256,256,0.184326171875,1
site14_191.png_X0_Y0,2145,site14_191.png,0,0,0.0,0
site14_191.png_X256_Y0,2145,site14_191.png,256,0,0.0,0
site14_191.png_X0_Y256,2145,site14_191.png,0,256,0.0,0
site14_191.png_X256_Y256,2145,site14_191.png,256,256,0.0406951904296875,0
site14_203.png_X0_Y0,2154,site14_203.png,0,0,0.0,0
site14_203.png_X256_Y0,2154,site14_203.png,256,0,0.04571533203125,0
site14_203.png_X0_Y256,2154,site14_203.png,0,256,0.0,0
site14_203.png_X256_Y256,2154,site14_203.png,256,256,0.105621337890625,1
site14_206.png_X0_Y0,2157,site14_206.png,0,0,0.45068359375,2
site14_206.png_X256_Y0,2157,site14_206.png,256,0,0.989349365234375,2
site14_206.png_X0_Y256,2157,site14_206.png,0,256,0.0039520263671875,0
site14_206.png_X256_Y256,2157,site14_206.png,256,256,0.7220458984375,2
site14_207.png_X0_Y0,2158,site14_207.png,0,0,0.78411865234375,2
site14_207.png_X256_Y0,2158,site14_207.png,256,0,0.8341064453125,2
site14_207.png_X0_Y256,2158,site14_207.png,0,256,0.5928955078125,2
site14_207.png_X256_Y256,2158,site14_207.png,256,256,0.067138671875,1
site14_208.png_X0_Y0,2159,site14_208.png,0,0,0.315093994140625,1
site14_208.png_X256_Y0,2159,site14_208.png,256,0,0.2787017822265625,1
site14_208.png_X0_Y256,2159,site14_208.png,0,256,0.093780517578125,1
site14_208.png_X256_Y256,2159,site14_208.png,256,256,0.0,0
site14_209.png_X0_Y0,2160,site14_209.png,0,0,0.0,0
site14_209.png_X256_Y0,2160,site14_209.png,256,0,0.0194244384765625,0
site14_209.png_X0_Y256,2160,site14_209.png,0,256,0.1707763671875,1
site14_209.png_X256_Y256,2160,site14_209.png,256,256,0.245574951171875,1
site14_210.png_X0_Y0,2161,site14_210.png,0,0,0.7477874755859375,2
site14_210.png_X256_Y0,2161,site14_210.png,256,0,0.1545867919921875,1
site14_210.png_X0_Y256,2161,site14_210.png,0,256,0.152099609375,1
site14_210.png_X256_Y256,2161,site14_210.png,256,256,0.2091064453125,1
site14_211.png_X0_Y0,2162,site14_211.png,0,0,0.0,0
site14_211.png_X256_Y0,2162,site14_211.png,256,0,0.2263641357421875,1
site14_211.png_X0_Y256,2162,site14_211.png,0,256,0.1800384521484375,1
site14_211.png_X256_Y256,2162,site14_211.png,256,256,0.0,0
site14_212.png_X0_Y0,2163,site14_212.png,0,0,0.1643524169921875,1
site14_212.png_X256_Y0,2163,site14_212.png,256,0,0.04852294921875,0
site14_212.png_X0_Y256,2163,site14_212.png,0,256,0.5953216552734375,2
site14_212.png_X256_Y256,2163,site14_212.png,256,256,0.66998291015625,2
site14_223.png_X0_Y0,2172,site14_223.png,0,0,0.0,0
site14_223.png_X256_Y0,2172,site14_223.png,256,0,0.0,0
site14_223.png_X0_Y256,2172,site14_223.png,0,256,0.0,0
site14_223.png_X256_Y256,2172,site14_223.png,256,256,0.082733154296875,1
site14_225.png_X0_Y0,2174,site14_225.png,0,0,0.526458740234375,2
site14_225.png_X256_Y0,2174,site14_225.png,256,0,0.0961761474609375,1
site14_225.png_X0_Y256,2174,site14_225.png,0,256,0.151641845703125,1
site14_225.png_X256_Y256,2174,site14_225.png,256,256,0.0013885498046875,0
site14_226.png_X0_Y0,2175,site14_226.png,0,0,0.0,0
site14_226.png_X256_Y0,2175,site14_226.png,256,0,0.2815704345703125,1
site14_226.png_X0_Y256,2175,site14_226.png,0,256,0.3441925048828125,1
site14_226.png_X256_Y256,2175,site14_226.png,256,256,0.7000274658203125,2
site14_227.png_X0_Y0,2176,site14_227.png,0,0,0.240203857421875,1
site14_227.png_X256_Y0,2176,site14_227.png,256,0,0.276397705078125,1
site14_227.png_X0_Y256,2176,site14_227.png,0,256,0.0324554443359375,0
site14_227.png_X256_Y256,2176,site14_227.png,256,256,0.032440185546875,0
site14_230.png_X0_Y0,2179,site14_230.png,0,0,0.0,0
site14_230.png_X256_Y0,2179,site14_230.png,256,0,0.0627288818359375,1
site14_230.png_X0_Y256,2179,site14_230.png,0,256,0.011138916015625,0
site14_230.png_X256_Y256,2179,site14_230.png,256,256,0.0132293701171875,0
site14_231.png_X0_Y0,2180,site14_231.png,0,0,0.7486724853515625,2
site14_231.png_X256_Y0,2180,site14_231.png,256,0,0.20086669921875,1
site14_231.png_X0_Y256,2180,site14_231.png,0,256,0.2053680419921875,1
site14_231.png_X256_Y256,2180,site14_231.png,256,256,0.0721588134765625,1
site14_232.png_X0_Y0,2181,site14_232.png,0,0,0.00164794921875,0
site14_232.png_X256_Y0,2181,site14_232.png,256,0,0.126373291015625,1
site14_232.png_X0_Y256,2181,site14_232.png,0,256,0.0,0
site14_232.png_X256_Y256,2181,site14_232.png,256,256,0.0109100341796875,0
site14_233.png_X0_Y0,2182,site14_233.png,0,0,0.3189697265625,1
site14_233.png_X256_Y0,2182,site14_233.png,256,0,0.0089111328125,0
site14_233.png_X0_Y256,2182,site14_233.png,0,256,0.5178070068359375,2
site14_233.png_X256_Y256,2182,site14_233.png,256,256,0.3968353271484375,1
site14_237.png_X0_Y0,2186,site14_237.png,0,0,0.0,0
site14_237.png_X256_Y0,2186,site14_237.png,256,0,0.0,0
site14_237.png_X0_Y256,2186,site14_237.png,0,256,0.0,0
site14_237.png_X256_Y256,2186,site14_237.png,256,256,0.0,0
site14_238.png_X0_Y0,2187,site14_238.png,0,0,0.0577850341796875,1
site14_238.png_X256_Y0,2187,site14_238.png,256,0,0.051025390625,1
site14_238.png_X0_Y256,2187,site14_238.png,0,256,0.0,0
site14_238.png_X256_Y256,2187,site14_238.png,256,256,0.0,0
site14_243.png_X0_Y0,2189,site14_243.png,0,0,0.0,0
site14_243.png_X256_Y0,2189,site14_243.png,256,0,0.0,0
site14_243.png_X0_Y256,2189,site14_243.png,0,256,0.0,0
site14_243.png_X256_Y256,2189,site14_243.png,256,256,0.02581787109375,0
site14_244.png_X0_Y0,2190,site14_244.png,0,0,0.0,0
site14_244.png_X256_Y0,2190,site14_244.png,256,0,0.0,0
site14_244.png_X0_Y256,2190,site14_244.png,0,256,0.0,0
site14_244.png_X256_Y256,2190,site14_244.png,256,256,0.2259063720703125,1
site14_245.png_X0_Y0,2191,site14_245.png,0,0,0.15087890625,1
site14_245.png_X256_Y0,2191,site14_245.png,256,0,0.4549407958984375,2
site14_245.png_X0_Y256,2191,site14_245.png,0,256,0.92230224609375,2
site14_245.png_X256_Y256,2191,site14_245.png,256,256,0.5617218017578125,2
site14_246.png_X0_Y0,2192,site14_246.png,0,0,0.4462890625,2
site14_246.png_X256_Y0,2192,site14_246.png,256,0,0.0,0
site14_246.png_X0_Y256,2192,site14_246.png,0,256,0.217376708984375,1
site14_246.png_X256_Y256,2192,site14_246.png,256,256,0.0,0
site14_251.png_X0_Y0,2197,site14_251.png,0,0,0.0,0
site14_251.png_X256_Y0,2197,site14_251.png,256,0,0.236541748046875,1
site14_251.png_X0_Y256,2197,site14_251.png,0,256,0.0,0
site14_251.png_X256_Y256,2197,site14_251.png,256,256,0.0,0
site14_252.png_X0_Y0,2198,site14_252.png,0,0,0.389617919921875,1
site14_252.png_X256_Y0,2198,site14_252.png,256,0,0.0,0
site14_252.png_X0_Y256,2198,site14_252.png,0,256,0.0007476806640625,0
site14_252.png_X256_Y256,2198,site14_252.png,256,256,0.0,0
site14_256.png_X0_Y0,2202,site14_256.png,0,0,0.0,0
site14_256.png_X256_Y0,2202,site14_256.png,256,0,0.0,0
site14_256.png_X0_Y256,2202,site14_256.png,0,256,3.0517578125e-05,0
site14_256.png_X256_Y256,2202,site14_256.png,256,256,0.0,0
site14_257.png_X0_Y0,2203,site14_257.png,0,0,0.178375244140625,1
site14_257.png_X256_Y0,2203,site14_257.png,256,0,0.2429656982421875,1
site14_257.png_X0_Y256,2203,site14_257.png,0,256,0.172515869140625,1
site14_257.png_X256_Y256,2203,site14_257.png,256,256,0.153961181640625,1
site14_258.png_X0_Y0,2204,site14_258.png,0,0,0.0562286376953125,1
site14_258.png_X256_Y0,2204,site14_258.png,256,0,0.0,0
site14_258.png_X0_Y256,2204,site14_258.png,0,256,0.0,0
site14_258.png_X256_Y256,2204,site14_258.png,256,256,0.0,0
site14_264.png_X0_Y0,2207,site14_264.png,0,0,0.0,0
site14_264.png_X256_Y0,2207,site14_264.png,256,0,0.2392578125,1
site14_264.png_X0_Y256,2207,site14_264.png,0,256,0.0,0
site14_264.png_X256_Y256,2207,site14_264.png,256,256,0.00616455078125,0
site14_265.png_X0_Y0,2208,site14_265.png,0,0,0.281707763671875,1
site14_265.png_X256_Y0,2208,site14_265.png,256,0,0.0110931396484375,0
site14_265.png_X0_Y256,2208,site14_265.png,0,256,0.0785369873046875,1
site14_265.png_X256_Y256,2208,site14_265.png,256,256,0.3342132568359375,1
site14_266.png_X0_Y0,2209,site14_266.png,0,0,0.0,0
site14_266.png_X256_Y0,2209,site14_266.png,256,0,0.0,0
site14_266.png_X0_Y256,2209,site14_266.png,0,256,0.05047607421875,1
site14_266.png_X256_Y256,2209,site14_266.png,256,256,0.0,0
site14_272.png_X0_Y0,2215,site14_272.png,0,0,0.0,0
site14_272.png_X256_Y0,2215,site14_272.png,256,0,0.2406463623046875,1
site14_272.png_X0_Y256,2215,site14_272.png,0,256,0.0,0
site14_272.png_X256_Y256,2215,site14_272.png,256,256,0.0,0
site14_275.png_X0_Y0,2218,site14_275.png,0,0,0.0,0
site14_275.png_X256_Y0,2218,site14_275.png,256,0,0.0,0
site14_275.png_X0_Y256,2218,site14_275.png,0,256,0.0,0
site14_275.png_X256_Y256,2218,site14_275.png,256,256,0.0,0
site14_276.png_X0_Y0,2219,site14_276.png,0,0,0.0,0
site14_276.png_X256_Y0,2219,site14_276.png,256,0,0.1860504150390625,1
site14_276.png_X0_Y256,2219,site14_276.png,0,256,0.0,0
site14_276.png_X256_Y256,2219,site14_276.png,256,256,0.0,0
site14_277.png_X0_Y0,2220,site14_277.png,0,0,0.6842193603515625,2
site14_277.png_X256_Y0,2220,site14_277.png,256,0,0.211822509765625,1
site14_277.png_X0_Y256,2220,site14_277.png,0,256,0.3646697998046875,1
site14_277.png_X256_Y256,2220,site14_277.png,256,256,0.7778167724609375,2
site14_278.png_X0_Y0,2221,site14_278.png,0,0,0.0,0
site14_278.png_X256_Y0,2221,site14_278.png,256,0,0.0,0
site14_278.png_X0_Y256,2221,site14_278.png,0,256,0.015411376953125,0
site14_278.png_X256_Y256,2221,site14_278.png,256,256,0.0,0
site14_285.png_X0_Y0,2224,site14_285.png,0,0,0.2933502197265625,1
site14_285.png_X256_Y0,2224,site14_285.png,256,0,0.120452880859375,1
site14_285.png_X0_Y256,2224,site14_285.png,0,256,0.0,0
site14_285.png_X256_Y256,2224,site14_285.png,256,256,0.0074615478515625,0
site14_286.png_X0_Y0,2225,site14_286.png,0,0,0.0,0
site14_286.png_X256_Y0,2225,site14_286.png,256,0,0.0,0
site14_286.png_X0_Y256,2225,site14_286.png,0,256,0.0110321044921875,0
site14_286.png_X256_Y256,2225,site14_286.png,256,256,0.50677490234375,2
site14_287.png_X0_Y0,2226,site14_287.png,0,0,0.0,0
site14_287.png_X256_Y0,2226,site14_287.png,256,0,0.0,0
site14_287.png_X0_Y256,2226,site14_287.png,0,256,0.0807342529296875,1
site14_287.png_X256_Y256,2226,site14_287.png,256,256,0.0,0
site14_290.png_X0_Y0,2229,site14_290.png,0,0,0.0,0
site14_290.png_X256_Y0,2229,site14_290.png,256,0,0.0,0
site14_290.png_X0_Y256,2229,site14_290.png,0,256,0.0,0
site14_290.png_X256_Y256,2229,site14_290.png,256,256,0.0,0
site14_291.png_X0_Y0,2230,site14_291.png,0,0,0.0622406005859375,1
site14_291.png_X256_Y0,2230,site14_291.png,256,0,0.0,0
site14_291.png_X0_Y256,2230,site14_291.png,0,256,0.0,0
site14_291.png_X256_Y256,2230,site14_291.png,256,256,0.0,0
site14_294.png_X0_Y0,2233,site14_294.png,0,0,0.0,0
site14_294.png_X256_Y0,2233,site14_294.png,256,0,0.287322998046875,1
site14_294.png_X0_Y256,2233,site14_294.png,0,256,0.1402435302734375,1
site14_294.png_X256_Y256,2233,site14_294.png,256,256,0.284637451171875,1
site14_295.png_X0_Y0,2234,site14_295.png,0,0,0.0,0
site14_295.png_X256_Y0,2234,site14_295.png,256,0,0.0,0
site14_295.png_X0_Y256,2234,site14_295.png,0,256,0.0,0
site14_295.png_X256_Y256,2234,site14_295.png,256,256,0.0,0
site14_296.png_X0_Y0,2235,site14_296.png,0,0,0.0,0
site14_296.png_X256_Y0,2235,site14_296.png,256,0,0.016143798828125,0
site14_296.png_X0_Y256,2235,site14_296.png,0,256,0.111114501953125,1
site14_296.png_X256_Y256,2235,site14_296.png,256,256,0.2404937744140625,1
site14_297.png_X0_Y0,2236,site14_297.png,0,0,0.396514892578125,1
site14_297.png_X256_Y0,2236,site14_297.png,256,0,0.56097412109375,2
site14_297.png_X0_Y256,2236,site14_297.png,0,256,0.1532135009765625,1
site14_297.png_X256_Y256,2236,site14_297.png,256,256,0.44805908203125,2
site14_298.png_X0_Y0,2237,site14_298.png,0,0,0.6190948486328125,2
site14_298.png_X256_Y0,2237,site14_298.png,256,0,0.0,0
site14_298.png_X0_Y256,2237,site14_298.png,0,256,0.3717193603515625,1
site14_298.png_X256_Y256,2237,site14_298.png,256,256,0.03472900390625,0
site14_307.png_X0_Y0,2239,site14_307.png,0,0,0.449066162109375,2
site14_307.png_X256_Y0,2239,site14_307.png,256,0,0.0,0
site14_307.png_X0_Y256,2239,site14_307.png,0,256,0.1045074462890625,1
site14_307.png_X256_Y256,2239,site14_307.png,256,256,0.0,0
site14_310.png_X0_Y0,2242,site14_310.png,0,0,0.0,0
site14_310.png_X256_Y0,2242,site14_310.png,256,0,0.0,0
site14_310.png_X0_Y256,2242,site14_310.png,0,256,0.02899169921875,0
site14_310.png_X256_Y256,2242,site14_310.png,256,256,0.0,0
site14_314.png_X0_Y0,2246,site14_314.png,0,0,0.01336669921875,0
site14_314.png_X256_Y0,2246,site14_314.png,256,0,0.2766876220703125,1
site14_314.png_X0_Y256,2246,site14_314.png,0,256,0.0,0
site14_314.png_X256_Y256,2246,site14_314.png,256,256,0.0274200439453125,0
site14_315.png_X0_Y0,2247,site14_315.png,0,0,0.0136871337890625,0
site14_315.png_X256_Y0,2247,site14_315.png,256,0,0.6769561767578125,2
site14_315.png_X0_Y256,2247,site14_315.png,0,256,0.0225067138671875,0
site14_315.png_X256_Y256,2247,site14_315.png,256,256,0.3583221435546875,1
site14_316.png_X0_Y0,2248,site14_316.png,0,0,0.000701904296875,0
site14_316.png_X256_Y0,2248,site14_316.png,256,0,0.0,0
site14_316.png_X0_Y256,2248,site14_316.png,0,256,0.8322906494140625,2
site14_316.png_X256_Y256,2248,site14_316.png,256,256,0.4058685302734375,2
site14_317.png_X0_Y0,2249,site14_317.png,0,0,0.0389251708984375,0
site14_317.png_X256_Y0,2249,site14_317.png,256,0,0.0264892578125,0
site14_317.png_X0_Y256,2249,site14_317.png,0,256,0.053497314453125,1
site14_317.png_X256_Y256,2249,site14_317.png,256,256,0.0,0
site14_330.png_X0_Y0,2253,site14_330.png,0,0,0.0,0
site14_330.png_X256_Y0,2253,site14_330.png,256,0,0.0,0
site14_330.png_X0_Y256,2253,site14_330.png,0,256,0.0,0
site14_330.png_X256_Y256,2253,site14_330.png,256,256,0.0,0
site14_335.png_X0_Y0,2258,site14_335.png,0,0,0.0,0
site14_335.png_X256_Y0,2258,site14_335.png,256,0,0.0,0
site14_335.png_X0_Y256,2258,site14_335.png,0,256,0.0,0
site14_335.png_X256_Y256,2258,site14_335.png,256,256,0.0,0
site14_336.png_X0_Y0,2259,site14_336.png,0,0,0.933563232421875,2
site14_336.png_X256_Y0,2259,site14_336.png,256,0,1.0,2
site14_336.png_X0_Y256,2259,site14_336.png,0,256,0.3596954345703125,1
site14_336.png_X256_Y256,2259,site14_336.png,256,256,1.0,2
site14_337.png_X0_Y0,2260,site14_337.png,0,0,0.8225860595703125,2
site14_337.png_X256_Y0,2260,site14_337.png,256,0,0.4832763671875,2
site14_337.png_X0_Y256,2260,site14_337.png,0,256,1.0,2
site14_337.png_X256_Y256,2260,site14_337.png,256,256,1.0,2
site14_350.png_X0_Y0,2266,site14_350.png,0,0,0.110748291015625,1
site14_350.png_X256_Y0,2266,site14_350.png,256,0,0.088623046875,1
site14_350.png_X0_Y256,2266,site14_350.png,0,256,0.0,0
site14_350.png_X256_Y256,2266,site14_350.png,256,256,0.0,0
site14_356.png_X0_Y0,2272,site14_356.png,0,0,0.0,0
site14_356.png_X256_Y0,2272,site14_356.png,256,0,0.1268463134765625,1
site14_356.png_X0_Y256,2272,site14_356.png,0,256,0.0,0
site14_356.png_X256_Y256,2272,site14_356.png,256,256,0.0,0
site15_72.png_X0_Y0,2323,site15_72.png,0,0,0.0,0
site15_72.png_X256_Y0,2323,site15_72.png,256,0,0.0,0
site15_72.png_X0_Y256,2323,site15_72.png,0,256,0.0,0
site15_72.png_X256_Y256,2323,site15_72.png,256,256,0.2086944580078125,1
site15_73.png_X0_Y0,2324,site15_73.png,0,0,0.0,0
site15_73.png_X256_Y0,2324,site15_73.png,256,0,0.0,0
site15_73.png_X0_Y256,2324,site15_73.png,0,256,0.35321044921875,1
site15_73.png_X256_Y256,2324,site15_73.png,256,256,0.086456298828125,1
site15_75.png_X0_Y0,2326,site15_75.png,0,0,0.0,0
site15_75.png_X256_Y0,2326,site15_75.png,256,0,0.0,0
site15_75.png_X0_Y256,2326,site15_75.png,0,256,0.0,0
site15_75.png_X256_Y256,2326,site15_75.png,256,256,0.0,0
site15_81.png_X0_Y0,2331,site15_81.png,0,0,0.0,0
site15_81.png_X256_Y0,2331,site15_81.png,256,0,0.0,0
site15_81.png_X0_Y256,2331,site15_81.png,0,256,0.0,0
site15_81.png_X256_Y256,2331,site15_81.png,256,256,0.0001678466796875,0
site15_82.png_X0_Y0,2332,site15_82.png,0,0,0.0811309814453125,1
site15_82.png_X256_Y0,2332,site15_82.png,256,0,0.1783905029296875,1
site15_82.png_X0_Y256,2332,site15_82.png,0,256,0.10791015625,1
site15_82.png_X256_Y256,2332,site15_82.png,256,256,0.0,0
site15_83.png_X0_Y0,2333,site15_83.png,0,0,0.0214080810546875,0
site15_83.png_X256_Y0,2333,site15_83.png,256,0,0.893310546875,2
site15_83.png_X0_Y256,2333,site15_83.png,0,256,0.344970703125,1
site15_83.png_X256_Y256,2333,site15_83.png,256,256,0.805816650390625,2
site15_84.png_X0_Y0,2334,site15_84.png,0,0,0.993133544921875,2
site15_84.png_X256_Y0,2334,site15_84.png,256,0,0.25372314453125,1
site15_84.png_X0_Y256,2334,site15_84.png,0,256,0.9960174560546875,2
site15_84.png_X256_Y256,2334,site15_84.png,256,256,0.6911163330078125,2
site15_85.png_X0_Y0,2335,site15_85.png,0,0,0.36962890625,1
site15_85.png_X256_Y0,2335,site15_85.png,256,0,0.1285552978515625,1
site15_85.png_X0_Y256,2335,site15_85.png,0,256,0.7032012939453125,2
site15_85.png_X256_Y256,2335,site15_85.png,256,256,0.9705352783203125,2
site15_86.png_X0_Y0,2336,site15_86.png,0,0,0.4003753662109375,2
site15_86.png_X256_Y0,2336,site15_86.png,256,0,0.006561279296875,0
site15_86.png_X0_Y256,2336,site15_86.png,0,256,0.560577392578125,2
site15_86.png_X256_Y256,2336,site15_86.png,256,256,0.3019256591796875,1
site15_92.png_X0_Y0,2341,site15_92.png,0,0,0.0,0
site15_92.png_X256_Y0,2341,site15_92.png,256,0,0.340789794921875,1
site15_92.png_X0_Y256,2341,site15_92.png,0,256,0.0,0
site15_92.png_X256_Y256,2341,site15_92.png,256,256,0.49383544921875,2
site15_93.png_X0_Y0,2342,site15_93.png,0,0,0.951416015625,2
site15_93.png_X256_Y0,2342,site15_93.png,256,0,0.2333831787109375,1
site15_93.png_X0_Y256,2342,site15_93.png,0,256,0.1990814208984375,1
site15_93.png_X256_Y256,2342,site15_93.png,256,256,0.4726409912109375,2
site15_95.png_X0_Y0,2344,site15_95.png,0,0,0.0,0
site15_95.png_X256_Y0,2344,site15_95.png,256,0,0.132049560546875,1
site15_95.png_X0_Y256,2344,site15_95.png,0,256,0.0,0
site15_95.png_X256_Y256,2344,site15_95.png,256,256,0.0,0
site15_97.png_X0_Y0,2346,site15_97.png,0,0,0.076873779296875,1
site15_97.png_X256_Y0,2346,site15_97.png,256,0,0.10638427734375,1
site15_97.png_X0_Y256,2346,site15_97.png,0,256,0.0,0
site15_97.png_X256_Y256,2346,site15_97.png,256,256,0.0,0
site15_103.png_X0_Y0,2351,site15_103.png,0,0,0.0,0
site15_103.png_X256_Y0,2351,site15_103.png,256,0,0.38763427734375,1
site15_103.png_X0_Y256,2351,site15_103.png,0,256,0.0,0
site15_103.png_X256_Y256,2351,site15_103.png,256,256,0.0,0
site15_104.png_X0_Y0,2352,site15_104.png,0,0,0.0,0
site15_104.png_X256_Y0,2352,site15_104.png,256,0,0.0,0
site15_104.png_X0_Y256,2352,site15_104.png,0,256,0.0,0
site15_104.png_X256_Y256,2352,site15_104.png,256,256,0.0123443603515625,0
site15_105.png_X0_Y0,2353,site15_105.png,0,0,0.0,0
site15_105.png_X256_Y0,2353,site15_105.png,256,0,0.0880584716796875,1
site15_105.png_X0_Y256,2353,site15_105.png,0,256,0.0,0
site15_105.png_X256_Y256,2353,site15_105.png,256,256,0.0665283203125,1
site15_106.png_X0_Y0,2354,site15_106.png,0,0,0.83447265625,2
site15_106.png_X256_Y0,2354,site15_106.png,256,0,0.3580474853515625,1
site15_106.png_X0_Y256,2354,site15_106.png,0,256,1.0,2
site15_106.png_X256_Y256,2354,site15_106.png,256,256,0.892852783203125,2
site15_107.png_X0_Y0,2355,site15_107.png,0,0,0.0,0
site15_107.png_X256_Y0,2355,site15_107.png,256,0,0.0,0
site15_107.png_X0_Y256,2355,site15_107.png,0,256,0.0719146728515625,1
site15_107.png_X256_Y256,2355,site15_107.png,256,256,0.2101898193359375,1
site15_114.png_X0_Y0,2361,site15_114.png,0,0,0.0,0
site15_114.png_X256_Y0,2361,site15_114.png,256,0,0.0,0
site15_114.png_X0_Y256,2361,site15_114.png,0,256,0.0,0
site15_114.png_X256_Y256,2361,site15_114.png,256,256,0.0,0
site15_115.png_X0_Y0,2362,site15_115.png,0,0,0.673065185546875,2
site15_115.png_X256_Y0,2362,site15_115.png,256,0,0.645660400390625,2
site15_115.png_X0_Y256,2362,site15_115.png,0,256,0.344940185546875,1
site15_115.png_X256_Y256,2362,site15_115.png,256,256,0.311798095703125,1
site15_116.png_X0_Y0,2363,site15_116.png,0,0,0.161346435546875,1
site15_116.png_X256_Y0,2363,site15_116.png,256,0,0.0,0
site15_116.png_X0_Y256,2363,site15_116.png,0,256,0.681854248046875,2
site15_116.png_X256_Y256,2363,site15_116.png,256,256,0.3387908935546875,1
site15_117.png_X0_Y0,2364,site15_117.png,0,0,0.3546295166015625,1
site15_117.png_X256_Y0,2364,site15_117.png,256,0,0.1621856689453125,1
site15_117.png_X0_Y256,2364,site15_117.png,0,256,0.7828521728515625,2
site15_117.png_X256_Y256,2364,site15_117.png,256,256,0.24884033203125,1
site15_118.png_X0_Y0,2365,site15_118.png,0,0,0.719451904296875,2
site15_118.png_X256_Y0,2365,site15_118.png,256,0,0.87213134765625,2
site15_118.png_X0_Y256,2365,site15_118.png,0,256,0.0,0
site15_118.png_X256_Y256,2365,site15_118.png,256,256,0.1190185546875,1
site15_119.png_X0_Y0,2366,site15_119.png,0,0,0.2143096923828125,1
site15_119.png_X256_Y0,2366,site15_119.png,256,0,0.0,0
site15_119.png_X0_Y256,2366,site15_119.png,0,256,0.0469512939453125,0
site15_119.png_X256_Y256,2366,site15_119.png,256,256,0.0,0
site15_126.png_X0_Y0,2371,site15_126.png,0,0,0.0,0
site15_126.png_X256_Y0,2371,site15_126.png,256,0,0.1251678466796875,1
site15_126.png_X0_Y256,2371,site15_126.png,0,256,0.0,0
site15_126.png_X256_Y256,2371,site15_126.png,256,256,0.0,0
site15_127.png_X0_Y0,2372,site15_127.png,0,0,0.7678070068359375,2
site15_127.png_X256_Y0,2372,site15_127.png,256,0,0.64422607421875,2
site15_127.png_X0_Y256,2372,site15_127.png,0,256,0.05938720703125,1
site15_127.png_X256_Y256,2372,site15_127.png,256,256,0.5571746826171875,2
site15_128.png_X0_Y0,2373,site15_128.png,0,0,0.9906768798828125,2
site15_128.png_X256_Y0,2373,site15_128.png,256,0,0.48602294921875,2
site15_128.png_X0_Y256,2373,site15_128.png,0,256,0.505218505859375,2
site15_128.png_X256_Y256,2373,site15_128.png,256,256,0.1054229736328125,1
site15_129.png_X0_Y0,2374,site15_129.png,0,0,0.4748077392578125,2
site15_129.png_X256_Y0,2374,site15_129.png,256,0,0.0,0
site15_129.png_X0_Y256,2374,site15_129.png,0,256,0.1174163818359375,1
site15_129.png_X256_Y256,2374,site15_129.png,256,256,0.14459228515625,1
site15_139.png_X0_Y0,2382,site15_139.png,0,0,0.0123748779296875,0
site15_139.png_X256_Y0,2382,site15_139.png,256,0,0.0,0
site15_139.png_X0_Y256,2382,site15_139.png,0,256,0.0,0
site15_139.png_X256_Y256,2382,site15_139.png,256,256,0.0,0
site15_140.png_X0_Y0,2383,site15_140.png,0,0,0.0425262451171875,0
site15_140.png_X256_Y0,2383,site15_140.png,256,0,0.314422607421875,1
site15_140.png_X0_Y256,2383,site15_140.png,0,256,0.4688720703125,2
site15_140.png_X256_Y256,2383,site15_140.png,256,256,0.1077728271484375,1
site15_151.png_X0_Y0,2392,site15_151.png,0,0,0.093902587890625,1
site15_151.png_X256_Y0,2392,site15_151.png,256,0,0.0072021484375,0
site15_151.png_X0_Y256,2392,site15_151.png,0,256,0.0,0
site15_151.png_X256_Y256,2392,site15_151.png,256,256,0.0,0
site15_152.png_X0_Y0,2393,site15_152.png,0,0,0.0,0
site15_152.png_X256_Y0,2393,site15_152.png,256,0,0.0,0
site15_152.png_X0_Y256,2393,site15_152.png,0,256,0.0,0
site15_152.png_X256_Y256,2393,site15_152.png,256,256,0.0,0
site15_153.png_X0_Y0,2394,site15_153.png,0,0,0.0,0
site15_153.png_X256_Y0,2394,site15_153.png,256,0,0.0,0
site15_153.png_X0_Y256,2394,site15_153.png,0,256,0.1116943359375,1
site15_153.png_X256_Y256,2394,site15_153.png,256,256,0.0,0
site15_163.png_X0_Y0,2402,site15_163.png,0,0,0.0,0
site15_163.png_X256_Y0,2402,site15_163.png,256,0,0.0577392578125,1
site15_163.png_X0_Y256,2402,site15_163.png,0,256,0.0,0
site15_163.png_X256_Y256,2402,site15_163.png,256,256,0.0,0
site15_164.png_X0_Y0,2403,site15_164.png,0,0,0.1003265380859375,1
site15_164.png_X256_Y0,2403,site15_164.png,256,0,0.0,0
site15_164.png_X0_Y256,2403,site15_164.png,0,256,0.0,0
site15_164.png_X256_Y256,2403,site15_164.png,256,256,0.0,0
site12_17.png_X0_Y0,2421,site12_17.png,0,0,0.0,0
site12_17.png_X256_Y0,2421,site12_17.png,256,0,0.0,0
site12_17.png_X0_Y256,2421,site12_17.png,0,256,0.0,0
site12_17.png_X256_Y256,2421,site12_17.png,256,256,0.0,0
site12_19.png_X0_Y0,2423,site12_19.png,0,0,0.0,0
site12_19.png_X256_Y0,2423,site12_19.png,256,0,0.0,0
site12_19.png_X0_Y256,2423,site12_19.png,0,256,0.0,0
site12_19.png_X256_Y256,2423,site12_19.png,256,256,0.0,0
site12_33.png_X0_Y0,2436,site12_33.png,0,0,0.4580078125,2
site12_33.png_X256_Y0,2436,site12_33.png,256,0,0.4831695556640625,2
site12_33.png_X0_Y256,2436,site12_33.png,0,256,0.0,0
site12_33.png_X256_Y256,2436,site12_33.png,256,256,0.0,0
site12_34.png_X0_Y0,2437,site12_34.png,0,0,0.33209228515625,1
site12_34.png_X256_Y0,2437,site12_34.png,256,0,0.380340576171875,1
site12_34.png_X0_Y256,2437,site12_34.png,0,256,0.0,0
site12_34.png_X256_Y256,2437,site12_34.png,256,256,0.1197509765625,1
site12_35.png_X0_Y0,2438,site12_35.png,0,0,0.5610198974609375,2
site12_35.png_X256_Y0,2438,site12_35.png,256,0,0.4139556884765625,2
site12_35.png_X0_Y256,2438,site12_35.png,0,256,0.089752197265625,1
site12_35.png_X256_Y256,2438,site12_35.png,256,256,0.01873779296875,0
site12_36.png_X0_Y0,2439,site12_36.png,0,0,0.16229248046875,1
site12_36.png_X256_Y0,2439,site12_36.png,256,0,0.0,0
site12_36.png_X0_Y256,2439,site12_36.png,0,256,0.3135833740234375,1
site12_36.png_X256_Y256,2439,site12_36.png,256,256,0.00396728515625,0
site12_37.png_X0_Y0,2440,site12_37.png,0,0,0.0,0
site12_37.png_X256_Y0,2440,site12_37.png,256,0,0.0,0
site12_37.png_X0_Y256,2440,site12_37.png,0,256,0.15606689453125,1
site12_37.png_X256_Y256,2440,site12_37.png,256,256,0.0,0
site12_38.png_X0_Y0,2441,site12_38.png,0,0,0.0388641357421875,0
site12_38.png_X256_Y0,2441,site12_38.png,256,0,0.2594757080078125,1
site12_38.png_X0_Y256,2441,site12_38.png,0,256,0.0034942626953125,0
site12_38.png_X256_Y256,2441,site12_38.png,256,256,0.23046875,1
site12_39.png_X0_Y0,2442,site12_39.png,0,0,0.296661376953125,1
site12_39.png_X256_Y0,2442,site12_39.png,256,0,0.3907470703125,1
site12_39.png_X0_Y256,2442,site12_39.png,0,256,0.81707763671875,2
site12_39.png_X256_Y256,2442,site12_39.png,256,256,0.9358978271484375,2
site12_40.png_X0_Y0,2443,site12_40.png,0,0,0.520599365234375,2
site12_40.png_X256_Y0,2443,site12_40.png,256,0,0.6597442626953125,2
site12_40.png_X0_Y256,2443,site12_40.png,0,256,0.876800537109375,2
site12_40.png_X256_Y256,2443,site12_40.png,256,256,1.0,2
site12_41.png_X0_Y0,2444,site12_41.png,0,0,0.571014404296875,2
site12_41.png_X256_Y0,2444,site12_41.png,256,0,0.611572265625,2
site12_41.png_X0_Y256,2444,site12_41.png,0,256,0.93609619140625,2
site12_41.png_X256_Y256,2444,site12_41.png,256,256,1.0,2
site12_42.png_X0_Y0,2445,site12_42.png,0,0,0.5879974365234375,2
site12_42.png_X256_Y0,2445,site12_42.png,256,0,0.6005859375,2
site12_42.png_X0_Y256,2445,site12_42.png,0,256,0.948272705078125,2
site12_42.png_X256_Y256,2445,site12_42.png,256,256,0.989654541015625,2
site12_43.png_X0_Y0,2446,site12_43.png,0,0,0.6165618896484375,2
site12_43.png_X256_Y0,2446,site12_43.png,256,0,0.6246490478515625,2
site12_43.png_X0_Y256,2446,site12_43.png,0,256,1.0,2
site12_43.png_X256_Y256,2446,site12_43.png,256,256,1.0,2
site12_44.png_X0_Y0,2447,site12_44.png,0,0,0.2098388671875,1
site12_44.png_X256_Y0,2447,site12_44.png,256,0,0.0,0
site12_44.png_X0_Y256,2447,site12_44.png,0,256,0.3834228515625,1
site12_44.png_X256_Y256,2447,site12_44.png,256,256,0.0,0
site12_45.png_X0_Y0,2448,site12_45.png,0,0,0.0,0
site12_45.png_X256_Y0,2448,site12_45.png,256,0,0.0,0
site12_45.png_X0_Y256,2448,site12_45.png,0,256,0.0,0
site12_45.png_X256_Y256,2448,site12_45.png,256,256,0.0,0
site12_52.png_X0_Y0,2454,site12_52.png,0,0,0.2396087646484375,1
site12_52.png_X256_Y0,2454,site12_52.png,256,0,0.0807647705078125,1
site12_52.png_X0_Y256,2454,site12_52.png,0,256,0.0144500732421875,0
site12_52.png_X256_Y256,2454,site12_52.png,256,256,0.0,0
site12_53.png_X0_Y0,2455,site12_53.png,0,0,0.005401611328125,0
site12_53.png_X256_Y0,2455,site12_53.png,256,0,0.2324371337890625,1
site12_53.png_X0_Y256,2455,site12_53.png,0,256,0.2985382080078125,1
site12_53.png_X256_Y256,2455,site12_53.png,256,256,0.03375244140625,0
site12_54.png_X0_Y0,2456,site12_54.png,0,0,0.1386566162109375,1
site12_54.png_X256_Y0,2456,site12_54.png,256,0,0.5281524658203125,2
site12_54.png_X0_Y256,2456,site12_54.png,0,256,0.239410400390625,1
site12_54.png_X256_Y256,2456,site12_54.png,256,256,0.618316650390625,2
site12_55.png_X0_Y0,2457,site12_55.png,0,0,0.9351654052734375,2
site12_55.png_X256_Y0,2457,site12_55.png,256,0,1.0,2
site12_55.png_X0_Y256,2457,site12_55.png,0,256,0.986328125,2
site12_55.png_X256_Y256,2457,site12_55.png,256,256,1.0,2
site12_56.png_X0_Y0,2458,site12_56.png,0,0,0.969390869140625,2
site12_56.png_X256_Y0,2458,site12_56.png,256,0,1.0,2
site12_56.png_X0_Y256,2458,site12_56.png,0,256,0.9706878662109375,2
site12_56.png_X256_Y256,2458,site12_56.png,256,256,1.0,2
site12_57.png_X0_Y0,2459,site12_57.png,0,0,0.943817138671875,2
site12_57.png_X256_Y0,2459,site12_57.png,256,0,1.0,2
site12_57.png_X0_Y256,2459,site12_57.png,0,256,0.994598388671875,2
site12_57.png_X256_Y256,2459,site12_57.png,256,256,1.0,2
site12_58.png_X0_Y0,2460,site12_58.png,0,0,0.952423095703125,2
site12_58.png_X256_Y0,2460,site12_58.png,256,0,0.9445343017578125,2
site12_58.png_X0_Y256,2460,site12_58.png,0,256,0.9409027099609375,2
site12_58.png_X256_Y256,2460,site12_58.png,256,256,0.9404754638671875,2
site12_59.png_X0_Y0,2461,site12_59.png,0,0,1.0,2
site12_59.png_X256_Y0,2461,site12_59.png,256,0,1.0,2
site12_59.png_X0_Y256,2461,site12_59.png,0,256,1.0,2
site12_59.png_X256_Y256,2461,site12_59.png,256,256,1.0,2
site12_60.png_X0_Y0,2462,site12_60.png,0,0,0.358551025390625,1
site12_60.png_X256_Y0,2462,site12_60.png,256,0,0.0,0
site12_60.png_X0_Y256,2462,site12_60.png,0,256,0.3022308349609375,1
site12_60.png_X256_Y256,2462,site12_60.png,256,256,0.0,0
site12_61.png_X0_Y0,2463,site12_61.png,0,0,0.89447021484375,2
site12_61.png_X256_Y0,2463,site12_61.png,256,0,0.8672027587890625,2
site12_61.png_X0_Y256,2463,site12_61.png,0,256,1.0,2
site12_61.png_X256_Y256,2463,site12_61.png,256,256,1.0,2
site12_62.png_X0_Y0,2464,site12_62.png,0,0,0.78765869140625,2
site12_62.png_X256_Y0,2464,site12_62.png,256,0,0.7457275390625,2
site12_62.png_X0_Y256,2464,site12_62.png,0,256,1.0,2
site12_62.png_X256_Y256,2464,site12_62.png,256,256,1.0,2
site12_63.png_X0_Y0,2465,site12_63.png,0,0,0.6609954833984375,2
site12_63.png_X256_Y0,2465,site12_63.png,256,0,0.6015777587890625,2
site12_63.png_X0_Y256,2465,site12_63.png,0,256,1.0,2
site12_63.png_X256_Y256,2465,site12_63.png,256,256,1.0,2
site12_69.png_X0_Y0,2469,site12_69.png,0,0,0.0,0
site12_69.png_X256_Y0,2469,site12_69.png,256,0,0.03619384765625,0
site12_69.png_X0_Y256,2469,site12_69.png,0,256,0.0,0
site12_69.png_X256_Y256,2469,site12_69.png,256,256,0.109283447265625,1
site12_70.png_X0_Y0,2470,site12_70.png,0,0,0.6372528076171875,2
site12_70.png_X256_Y0,2470,site12_70.png,256,0,0.375946044921875,1
site12_70.png_X0_Y256,2470,site12_70.png,0,256,0.38677978515625,1
site12_70.png_X256_Y256,2470,site12_70.png,256,256,0.4418487548828125,2
site12_71.png_X0_Y0,2471,site12_71.png,0,0,1.0,2
site12_71.png_X256_Y0,2471,site12_71.png,256,0,1.0,2
site12_71.png_X0_Y256,2471,site12_71.png,0,256,1.0,2
site12_71.png_X256_Y256,2471,site12_71.png,256,256,1.0,2
site12_72.png_X0_Y0,2472,site12_72.png,0,0,0.972381591796875,2
site12_72.png_X256_Y0,2472,site12_72.png,256,0,1.0,2
site12_72.png_X0_Y256,2472,site12_72.png,0,256,0.5023040771484375,2
site12_72.png_X256_Y256,2472,site12_72.png,256,256,0.274505615234375,1
site12_73.png_X0_Y0,2473,site12_73.png,0,0,1.0,2
site12_73.png_X256_Y0,2473,site12_73.png,256,0,1.0,2
site12_73.png_X0_Y256,2473,site12_73.png,0,256,1.0,2
site12_73.png_X256_Y256,2473,site12_73.png,256,256,1.0,2
site12_74.png_X0_Y0,2474,site12_74.png,0,0,0.9058380126953125,2
site12_74.png_X256_Y0,2474,site12_74.png,256,0,0.94244384765625,2
site12_74.png_X0_Y256,2474,site12_74.png,0,256,0.57293701171875,2
site12_74.png_X256_Y256,2474,site12_74.png,256,256,0.6436767578125,2
site12_75.png_X0_Y0,2475,site12_75.png,0,0,1.0,2
site12_75.png_X256_Y0,2475,site12_75.png,256,0,0.9490966796875,2
site12_75.png_X0_Y256,2475,site12_75.png,0,256,1.0,2
site12_75.png_X256_Y256,2475,site12_75.png,256,256,0.88238525390625,2
site12_76.png_X0_Y0,2476,site12_76.png,0,0,0.2310028076171875,1
site12_76.png_X256_Y0,2476,site12_76.png,256,0,0.0,0
site12_76.png_X0_Y256,2476,site12_76.png,0,256,0.11474609375,1
site12_76.png_X256_Y256,2476,site12_76.png,256,256,0.0,0
site12_77.png_X0_Y0,2477,site12_77.png,0,0,1.0,2
site12_77.png_X256_Y0,2477,site12_77.png,256,0,1.0,2
site12_77.png_X0_Y256,2477,site12_77.png,0,256,1.0,2
site12_77.png_X256_Y256,2477,site12_77.png,256,256,1.0,2
site12_78.png_X0_Y0,2478,site12_78.png,0,0,1.0,2
site12_78.png_X256_Y0,2478,site12_78.png,256,0,1.0,2
site12_78.png_X0_Y256,2478,site12_78.png,0,256,1.0,2
site12_78.png_X256_Y256,2478,site12_78.png,256,256,1.0,2
site12_79.png_X0_Y0,2479,site12_79.png,0,0,1.0,2
site12_79.png_X256_Y0,2479,site12_79.png,256,0,1.0,2
site12_79.png_X0_Y256,2479,site12_79.png,0,256,1.0,2
site12_79.png_X256_Y256,2479,site12_79.png,256,256,1.0,2
site12_84.png_X0_Y0,2483,site12_84.png,0,0,0.0,0
site12_84.png_X256_Y0,2483,site12_84.png,256,0,0.3489837646484375,1
site12_84.png_X0_Y256,2483,site12_84.png,0,256,0.0,0
site12_84.png_X256_Y256,2483,site12_84.png,256,256,0.0,0
site12_85.png_X0_Y0,2484,site12_85.png,0,0,0.0,0
site12_85.png_X256_Y0,2484,site12_85.png,256,0,0.20819091796875,1
site12_85.png_X0_Y256,2484,site12_85.png,0,256,0.0,0
site12_85.png_X256_Y256,2484,site12_85.png,256,256,0.28094482421875,1
site12_86.png_X0_Y0,2485,site12_86.png,0,0,0.20111083984375,1
site12_86.png_X256_Y0,2485,site12_86.png,256,0,0.184906005859375,1
site12_86.png_X0_Y256,2485,site12_86.png,0,256,0.22296142578125,1
site12_86.png_X256_Y256,2485,site12_86.png,256,256,0.353271484375,1
site12_87.png_X0_Y0,2486,site12_87.png,0,0,1.0,2
site12_87.png_X256_Y0,2486,site12_87.png,256,0,1.0,2
site12_87.png_X0_Y256,2486,site12_87.png,0,256,1.0,2
site12_87.png_X256_Y256,2486,site12_87.png,256,256,1.0,2
site12_88.png_X0_Y0,2487,site12_88.png,0,0,0.297943115234375,1
site12_88.png_X256_Y0,2487,site12_88.png,256,0,0.0146942138671875,0
site12_88.png_X0_Y256,2487,site12_88.png,0,256,0.342254638671875,1
site12_88.png_X256_Y256,2487,site12_88.png,256,256,0.1812744140625,1
site12_89.png_X0_Y0,2488,site12_89.png,0,0,1.0,2
site12_89.png_X256_Y0,2488,site12_89.png,256,0,1.0,2
site12_89.png_X0_Y256,2488,site12_89.png,0,256,1.0,2
site12_89.png_X256_Y256,2488,site12_89.png,256,256,1.0,2
site12_90.png_X0_Y0,2489,site12_90.png,0,0,0.27557373046875,1
site12_90.png_X256_Y0,2489,site12_90.png,256,0,0.322998046875,1
site12_90.png_X0_Y256,2489,site12_90.png,0,256,0.0,0
site12_90.png_X256_Y256,2489,site12_90.png,256,256,0.383056640625,1
site12_91.png_X0_Y0,2490,site12_91.png,0,0,1.0,2
site12_91.png_X256_Y0,2490,site12_91.png,256,0,0.8037872314453125,2
site12_91.png_X0_Y256,2490,site12_91.png,0,256,1.0,2
site12_91.png_X256_Y256,2490,site12_91.png,256,256,0.7433319091796875,2
site12_92.png_X0_Y0,2491,site12_92.png,0,0,0.0,0
site12_92.png_X256_Y0,2491,site12_92.png,256,0,0.0014190673828125,0
site12_92.png_X0_Y256,2491,site12_92.png,0,256,0.0,0
site12_92.png_X256_Y256,2491,site12_92.png,256,256,0.0416107177734375,0
site12_93.png_X0_Y0,2492,site12_93.png,0,0,1.0,2
site12_93.png_X256_Y0,2492,site12_93.png,256,0,1.0,2
site12_93.png_X0_Y256,2492,site12_93.png,0,256,1.0,2
site12_93.png_X256_Y256,2492,site12_93.png,256,256,1.0,2
site12_94.png_X0_Y0,2493,site12_94.png,0,0,1.0,2
site12_94.png_X256_Y0,2493,site12_94.png,256,0,1.0,2
site12_94.png_X0_Y256,2493,site12_94.png,0,256,1.0,2
site12_94.png_X256_Y256,2493,site12_94.png,256,256,0.97393798828125,2
site12_95.png_X0_Y0,2494,site12_95.png,0,0,1.0,2
site12_95.png_X256_Y0,2494,site12_95.png,256,0,1.0,2
site12_95.png_X0_Y256,2494,site12_95.png,0,256,0.895782470703125,2
site12_95.png_X256_Y256,2494,site12_95.png,256,256,0.9591064453125,2
site12_100.png_X0_Y0,2498,site12_100.png,0,0,0.0,0
site12_100.png_X256_Y0,2498,site12_100.png,256,0,0.0883636474609375,1
site12_100.png_X0_Y256,2498,site12_100.png,0,256,0.0,0
site12_100.png_X256_Y256,2498,site12_100.png,256,256,0.0,0
site12_101.png_X0_Y0,2499,site12_101.png,0,0,0.0841522216796875,1
site12_101.png_X256_Y0,2499,site12_101.png,256,0,0.6932830810546875,2
site12_101.png_X0_Y256,2499,site12_101.png,0,256,0.3719940185546875,1
site12_101.png_X256_Y256,2499,site12_101.png,256,256,0.543212890625,2
site12_102.png_X0_Y0,2500,site12_102.png,0,0,0.2869720458984375,1
site12_102.png_X256_Y0,2500,site12_102.png,256,0,0.377105712890625,1
site12_102.png_X0_Y256,2500,site12_102.png,0,256,0.177276611328125,1
site12_102.png_X256_Y256,2500,site12_102.png,256,256,0.43524169921875,2
site12_103.png_X0_Y0,2501,site12_103.png,0,0,1.0,2
site12_103.png_X256_Y0,2501,site12_103.png,256,0,1.0,2
site12_103.png_X0_Y256,2501,site12_103.png,0,256,1.0,2
site12_103.png_X256_Y256,2501,site12_103.png,256,256,1.0,2
site12_104.png_X0_Y0,2502,site12_104.png,0,0,0.449737548828125,2
site12_104.png_X256_Y0,2502,site12_104.png,256,0,0.26641845703125,1
site12_104.png_X0_Y256,2502,site12_104.png,0,256,0.48248291015625,2
site12_104.png_X256_Y256,2502,site12_104.png,256,256,0.331390380859375,1
site12_105.png_X0_Y0,2503,site12_105.png,0,0,1.0,2
site12_105.png_X256_Y0,2503,site12_105.png,256,0,0.995880126953125,2
site12_105.png_X0_Y256,2503,site12_105.png,0,256,1.0,2
site12_105.png_X256_Y256,2503,site12_105.png,256,256,0.94732666015625,2
site12_106.png_X0_Y0,2504,site12_106.png,0,0,0.0,0
site12_106.png_X256_Y0,2504,site12_106.png,256,0,0.45947265625,2
site12_106.png_X0_Y256,2504,site12_106.png,0,256,0.0,0
site12_106.png_X256_Y256,2504,site12_106.png,256,256,0.5169525146484375,2
site12_107.png_X0_Y0,2505,site12_107.png,0,0,1.0,2
site12_107.png_X256_Y0,2505,site12_107.png,256,0,0.6722869873046875,2
site12_107.png_X0_Y256,2505,site12_107.png,0,256,1.0,2
site12_107.png_X256_Y256,2505,site12_107.png,256,256,0.6142578125,2
site12_108.png_X0_Y0,2506,site12_108.png,0,0,0.0,0
site12_108.png_X256_Y0,2506,site12_108.png,256,0,0.1182403564453125,1
site12_108.png_X0_Y256,2506,site12_108.png,0,256,0.0,0
site12_108.png_X256_Y256,2506,site12_108.png,256,256,0.1719970703125,1
site12_109.png_X0_Y0,2507,site12_109.png,0,0,1.0,2
site12_109.png_X256_Y0,2507,site12_109.png,256,0,1.0,2
site12_109.png_X0_Y256,2507,site12_109.png,0,256,1.0,2
site12_109.png_X256_Y256,2507,site12_109.png,256,256,1.0,2
site12_110.png_X0_Y0,2508,site12_110.png,0,0,1.0,2
site12_110.png_X256_Y0,2508,site12_110.png,256,0,0.8035888671875,2
site12_110.png_X0_Y256,2508,site12_110.png,0,256,0.98541259765625,2
site12_110.png_X256_Y256,2508,site12_110.png,256,256,0.4866790771484375,2
site12_111.png_X0_Y0,2509,site12_111.png,0,0,0.0,0
site12_111.png_X256_Y0,2509,site12_111.png,256,0,0.0,0
site12_111.png_X0_Y256,2509,site12_111.png,0,256,0.0,0
site12_111.png_X256_Y256,2509,site12_111.png,256,256,0.0,0
site12_116.png_X0_Y0,2513,site12_116.png,0,0,0.0,0
site12_116.png_X256_Y0,2513,site12_116.png,256,0,0.0,0
site12_116.png_X0_Y256,2513,site12_116.png,0,256,0.0,0
site12_116.png_X256_Y256,2513,site12_116.png,256,256,0.0029449462890625,0
site12_117.png_X0_Y0,2514,site12_117.png,0,0,0.0108489990234375,0
site12_117.png_X256_Y0,2514,site12_117.png,256,0,0.757843017578125,2
site12_117.png_X0_Y256,2514,site12_117.png,0,256,0.2584075927734375,1
site12_117.png_X256_Y256,2514,site12_117.png,256,256,0.8979034423828125,2
site12_118.png_X0_Y0,2515,site12_118.png,0,0,0.0867767333984375,1
site12_118.png_X256_Y0,2515,site12_118.png,256,0,0.5843658447265625,2
site12_118.png_X0_Y256,2515,site12_118.png,0,256,0.3479766845703125,1
site12_118.png_X256_Y256,2515,site12_118.png,256,256,0.6032867431640625,2
site12_119.png_X0_Y0,2516,site12_119.png,0,0,1.0,2
site12_119.png_X256_Y0,2516,site12_119.png,256,0,1.0,2
site12_119.png_X0_Y256,2516,site12_119.png,0,256,0.9957733154296875,2
site12_119.png_X256_Y256,2516,site12_119.png,256,256,1.0,2
site12_120.png_X0_Y0,2517,site12_120.png,0,0,0.3511810302734375,1
site12_120.png_X256_Y0,2517,site12_120.png,256,0,0.3361968994140625,1
site12_120.png_X0_Y256,2517,site12_120.png,0,256,0.059967041015625,1
site12_120.png_X256_Y256,2517,site12_120.png,256,256,0.30999755859375,1
site12_121.png_X0_Y0,2518,site12_121.png,0,0,1.0,2
site12_121.png_X256_Y0,2518,site12_121.png,256,0,0.87115478515625,2
site12_121.png_X0_Y256,2518,site12_121.png,0,256,1.0,2
site12_121.png_X256_Y256,2518,site12_121.png,256,256,0.8114166259765625,2
site12_122.png_X0_Y0,2519,site12_122.png,0,0,0.0,0
site12_122.png_X256_Y0,2519,site12_122.png,256,0,0.5904083251953125,2
site12_122.png_X0_Y256,2519,site12_122.png,0,256,0.0,0
site12_122.png_X256_Y256,2519,site12_122.png,256,256,0.649017333984375,2
site12_123.png_X0_Y0,2520,site12_123.png,0,0,1.0,2
site12_123.png_X256_Y0,2520,site12_123.png,256,0,0.542022705078125,2
site12_123.png_X0_Y256,2520,site12_123.png,0,256,1.0,2
site12_123.png_X256_Y256,2520,site12_123.png,256,256,0.48388671875,2
site12_124.png_X0_Y0,2521,site12_124.png,0,0,0.0,0
site12_124.png_X256_Y0,2521,site12_124.png,256,0,0.2383880615234375,1
site12_124.png_X0_Y256,2521,site12_124.png,0,256,0.0,0
site12_124.png_X256_Y256,2521,site12_124.png,256,256,0.29168701171875,1
site12_125.png_X0_Y0,2522,site12_125.png,0,0,1.0,2
site12_125.png_X256_Y0,2522,site12_125.png,256,0,1.0,2
site12_125.png_X0_Y256,2522,site12_125.png,0,256,1.0,2
site12_125.png_X256_Y256,2522,site12_125.png,256,256,1.0,2
site12_126.png_X0_Y0,2523,site12_126.png,0,0,0.9171905517578125,2
site12_126.png_X256_Y0,2523,site12_126.png,256,0,0.334075927734375,1
site12_126.png_X0_Y256,2523,site12_126.png,0,256,0.86090087890625,2
site12_126.png_X256_Y256,2523,site12_126.png,256,256,0.2987518310546875,1
site12_127.png_X0_Y0,2524,site12_127.png,0,0,0.017181396484375,0
site12_127.png_X256_Y0,2524,site12_127.png,256,0,0.581146240234375,2
site12_127.png_X0_Y256,2524,site12_127.png,0,256,0.0,0
site12_127.png_X256_Y256,2524,site12_127.png,256,256,0.14739990234375,1
site12_132.png_X0_Y0,2528,site12_132.png,0,0,0.205596923828125,1
site12_132.png_X256_Y0,2528,site12_132.png,256,0,0.4183349609375,2
site12_132.png_X0_Y256,2528,site12_132.png,0,256,0.0,0
site12_132.png_X256_Y256,2528,site12_132.png,256,256,0.0,0
site12_133.png_X0_Y0,2529,site12_133.png,0,0,0.1759796142578125,1
site12_133.png_X256_Y0,2529,site12_133.png,256,0,0.0,0
site12_133.png_X0_Y256,2529,site12_133.png,0,256,0.0,0
site12_133.png_X256_Y256,2529,site12_133.png,256,256,0.0,0
site12_134.png_X0_Y0,2530,site12_134.png,0,0,0.0,0
site12_134.png_X256_Y0,2530,site12_134.png,256,0,0.0263519287109375,0
site12_134.png_X0_Y256,2530,site12_134.png,0,256,0.0,0
site12_134.png_X256_Y256,2530,site12_134.png,256,256,0.0,0
site12_135.png_X0_Y0,2531,site12_135.png,0,0,0.03265380859375,0
site12_135.png_X256_Y0,2531,site12_135.png,256,0,1.0,2
site12_135.png_X0_Y256,2531,site12_135.png,0,256,0.0207366943359375,0
site12_135.png_X256_Y256,2531,site12_135.png,256,256,0.1831207275390625,1
site12_136.png_X0_Y0,2532,site12_136.png,0,0,0.1960296630859375,1
site12_136.png_X256_Y0,2532,site12_136.png,256,0,0.30145263671875,1
site12_136.png_X0_Y256,2532,site12_136.png,0,256,0.0015716552734375,0
site12_136.png_X256_Y256,2532,site12_136.png,256,256,0.0416259765625,0
site12_137.png_X0_Y0,2533,site12_137.png,0,0,0.226287841796875,1
site12_137.png_X256_Y0,2533,site12_137.png,256,0,0.16241455078125,1
site12_137.png_X0_Y256,2533,site12_137.png,0,256,0.0188751220703125,0
site12_137.png_X256_Y256,2533,site12_137.png,256,256,0.0,0
site12_138.png_X0_Y0,2534,site12_138.png,0,0,0.0,0
site12_138.png_X256_Y0,2534,site12_138.png,256,0,0.2722930908203125,1
site12_138.png_X0_Y256,2534,site12_138.png,0,256,0.0,0
site12_138.png_X256_Y256,2534,site12_138.png,256,256,0.0,0
site12_139.png_X0_Y0,2535,site12_139.png,0,0,0.4571075439453125,2
site12_139.png_X256_Y0,2535,site12_139.png,256,0,0.21368408203125,1
site12_139.png_X0_Y256,2535,site12_139.png,0,256,0.0,0
site12_139.png_X256_Y256,2535,site12_139.png,256,256,0.0,0
site12_140.png_X0_Y0,2536,site12_140.png,0,0,0.0,0
site12_140.png_X256_Y0,2536,site12_140.png,256,0,0.277374267578125,1
site12_140.png_X0_Y256,2536,site12_140.png,0,256,0.0,0
site12_140.png_X256_Y256,2536,site12_140.png,256,256,0.4275970458984375,2
site12_141.png_X0_Y0,2537,site12_141.png,0,0,0.8849639892578125,2
site12_141.png_X256_Y0,2537,site12_141.png,256,0,0.9309844970703125,2
site12_141.png_X0_Y256,2537,site12_141.png,0,256,1.0,2
site12_141.png_X256_Y256,2537,site12_141.png,256,256,1.0,2
site12_142.png_X0_Y0,2538,site12_142.png,0,0,0.7487030029296875,2
site12_142.png_X256_Y0,2538,site12_142.png,256,0,0.0,0
site12_142.png_X0_Y256,2538,site12_142.png,0,256,0.782073974609375,2
site12_142.png_X256_Y256,2538,site12_142.png,256,256,0.0,0
site12_143.png_X0_Y0,2539,site12_143.png,0,0,0.0,0
site12_143.png_X256_Y0,2539,site12_143.png,256,0,0.0,0
site12_143.png_X0_Y256,2539,site12_143.png,0,256,0.0,0
site12_143.png_X256_Y256,2539,site12_143.png,256,256,0.0,0
site12_155.png_X0_Y0,2550,site12_155.png,0,0,0.0,0
site12_155.png_X256_Y0,2550,site12_155.png,256,0,0.542633056640625,2
site12_155.png_X0_Y256,2550,site12_155.png,0,256,0.0,0
site12_155.png_X256_Y256,2550,site12_155.png,256,256,0.3878173828125,1
site12_156.png_X0_Y0,2551,site12_156.png,0,0,0.0,0
site12_156.png_X256_Y0,2551,site12_156.png,256,0,0.2236480712890625,1
site12_156.png_X0_Y256,2551,site12_156.png,0,256,0.0,0
site12_156.png_X256_Y256,2551,site12_156.png,256,256,0.0,0
site12_157.png_X0_Y0,2552,site12_157.png,0,0,0.5197906494140625,2
site12_157.png_X256_Y0,2552,site12_157.png,256,0,0.5686798095703125,2
site12_157.png_X0_Y256,2552,site12_157.png,0,256,0.0,0
site12_157.png_X256_Y256,2552,site12_157.png,256,256,0.0,0
site12_158.png_X0_Y0,2553,site12_158.png,0,0,0.4571685791015625,2
site12_158.png_X256_Y0,2553,site12_158.png,256,0,0.0,0
site12_158.png_X0_Y256,2553,site12_158.png,0,256,0.0,0
site12_158.png_X256_Y256,2553,site12_158.png,256,256,0.0,0
site12_169.png_X0_Y0,2563,site12_169.png,0,0,0.0,0
site12_169.png_X256_Y0,2563,site12_169.png,256,0,0.0,0
site12_169.png_X0_Y256,2563,site12_169.png,0,256,0.0,0
site12_169.png_X256_Y256,2563,site12_169.png,256,256,0.1669464111328125,1
site12_170.png_X0_Y0,2564,site12_170.png,0,0,0.0,0
site12_170.png_X256_Y0,2564,site12_170.png,256,0,0.0,0
site12_170.png_X0_Y256,2564,site12_170.png,0,256,0.5967559814453125,2
site12_170.png_X256_Y256,2564,site12_170.png,256,256,0.475677490234375,2
site12_171.png_X0_Y0,2565,site12_171.png,0,0,0.0,0
site12_171.png_X256_Y0,2565,site12_171.png,256,0,0.0,0
site12_171.png_X0_Y256,2565,site12_171.png,0,256,0.343048095703125,1
site12_171.png_X256_Y256,2565,site12_171.png,256,256,0.0672149658203125,1
site12_185.png_X0_Y0,2577,site12_185.png,0,0,0.0,0
site12_185.png_X256_Y0,2577,site12_185.png,256,0,0.12200927734375,1
site12_185.png_X0_Y256,2577,site12_185.png,0,256,0.0,0
site12_185.png_X256_Y256,2577,site12_185.png,256,256,0.0,0
site12_186.png_X0_Y0,2578,site12_186.png,0,0,0.4801025390625,2
site12_186.png_X256_Y0,2578,site12_186.png,256,0,0.6248321533203125,2
site12_186.png_X0_Y256,2578,site12_186.png,0,256,0.0,0
site12_186.png_X256_Y256,2578,site12_186.png,256,256,0.0,0
site12_187.png_X0_Y0,2579,site12_187.png,0,0,0.8248748779296875,2
site12_187.png_X256_Y0,2579,site12_187.png,256,0,0.3322601318359375,1
site12_187.png_X0_Y256,2579,site12_187.png,0,256,0.0,0
site12_187.png_X256_Y256,2579,site12_187.png,256,256,0.0,0
site17_2.png_X0_Y0,2595,site17_2.png,0,0,0.55120849609375,2
site17_2.png_X256_Y0,2595,site17_2.png,256,0,0.5440216064453125,2
site17_2.png_X0_Y256,2595,site17_2.png,0,256,0.8717041015625,2
site17_2.png_X256_Y256,2595,site17_2.png,256,256,0.875457763671875,2
site17_3.png_X0_Y0,2596,site17_3.png,0,0,0.5865478515625,2
site17_3.png_X256_Y0,2596,site17_3.png,256,0,0.611114501953125,2
site17_3.png_X0_Y256,2596,site17_3.png,0,256,0.86956787109375,2
site17_3.png_X256_Y256,2596,site17_3.png,256,256,0.7658233642578125,2
site17_4.png_X0_Y0,2597,site17_4.png,0,0,0.647186279296875,2
site17_4.png_X256_Y0,2597,site17_4.png,256,0,0.6497039794921875,2
site17_4.png_X0_Y256,2597,site17_4.png,0,256,0.81378173828125,2
site17_4.png_X256_Y256,2597,site17_4.png,256,256,0.630126953125,2
site17_5.png_X0_Y0,2598,site17_5.png,0,0,0.6702880859375,2
site17_5.png_X256_Y0,2598,site17_5.png,256,0,0.07696533203125,1
site17_5.png_X0_Y256,2598,site17_5.png,0,256,0.117828369140625,1
site17_5.png_X256_Y256,2598,site17_5.png,256,256,0.0,0
site17_6.png_X0_Y0,2599,site17_6.png,0,0,0.0,0
site17_6.png_X256_Y0,2599,site17_6.png,256,0,0.0,0
site17_6.png_X0_Y256,2599,site17_6.png,0,256,0.0,0
site17_6.png_X256_Y256,2599,site17_6.png,256,256,0.0,0
site17_7.png_X0_Y0,2600,site17_7.png,0,0,0.0,0
site17_7.png_X256_Y0,2600,site17_7.png,256,0,0.0175323486328125,0
site17_7.png_X0_Y256,2600,site17_7.png,0,256,0.0904998779296875,1
site17_7.png_X256_Y256,2600,site17_7.png,256,256,0.655792236328125,2
site17_8.png_X0_Y0,2601,site17_8.png,0,0,0.40380859375,2
site17_8.png_X256_Y0,2601,site17_8.png,256,0,0.359222412109375,1
site17_8.png_X0_Y256,2601,site17_8.png,0,256,1.0,2
site17_8.png_X256_Y256,2601,site17_8.png,256,256,1.0,2
site17_9.png_X0_Y0,2602,site17_9.png,0,0,0.6589202880859375,2
site17_9.png_X256_Y0,2602,site17_9.png,256,0,0.8679656982421875,2
site17_9.png_X0_Y256,2602,site17_9.png,0,256,1.0,2
site17_9.png_X256_Y256,2602,site17_9.png,256,256,1.0,2
site17_10.png_X0_Y0,2603,site17_10.png,0,0,0.96734619140625,2
site17_10.png_X256_Y0,2603,site17_10.png,256,0,0.992950439453125,2
site17_10.png_X0_Y256,2603,site17_10.png,0,256,1.0,2
site17_10.png_X256_Y256,2603,site17_10.png,256,256,1.0,2
site17_11.png_X0_Y0,2604,site17_11.png,0,0,0.9918060302734375,2
site17_11.png_X256_Y0,2604,site17_11.png,256,0,0.9628143310546875,2
site17_11.png_X0_Y256,2604,site17_11.png,0,256,1.0,2
site17_11.png_X256_Y256,2604,site17_11.png,256,256,1.0,2
site17_12.png_X0_Y0,2605,site17_12.png,0,0,0.1654510498046875,1
site17_12.png_X256_Y0,2605,site17_12.png,256,0,0.0,0
site17_12.png_X0_Y256,2605,site17_12.png,0,256,0.353485107421875,1
site17_12.png_X256_Y256,2605,site17_12.png,256,256,0.0,0
site17_19.png_X0_Y0,2610,site17_19.png,0,0,0.0,0
site17_19.png_X256_Y0,2610,site17_19.png,256,0,0.3119354248046875,1
site17_19.png_X0_Y256,2610,site17_19.png,0,256,0.0,0
site17_19.png_X256_Y256,2610,site17_19.png,256,256,0.004302978515625,0
site17_20.png_X0_Y0,2611,site17_20.png,0,0,0.9277801513671875,2
site17_20.png_X256_Y0,2611,site17_20.png,256,0,1.0,2
site17_20.png_X0_Y256,2611,site17_20.png,0,256,0.76434326171875,2
site17_20.png_X256_Y256,2611,site17_20.png,256,256,0.94744873046875,2
site17_21.png_X0_Y0,2612,site17_21.png,0,0,1.0,2
site17_21.png_X256_Y0,2612,site17_21.png,256,0,0.9739227294921875,2
site17_21.png_X0_Y256,2612,site17_21.png,0,256,0.3618011474609375,1
site17_21.png_X256_Y256,2612,site17_21.png,256,256,0.0300140380859375,0
site17_22.png_X0_Y0,2613,site17_22.png,0,0,0.9004669189453125,2
site17_22.png_X256_Y0,2613,site17_22.png,256,0,0.71441650390625,2
site17_22.png_X0_Y256,2613,site17_22.png,0,256,0.000152587890625,0
site17_22.png_X256_Y256,2613,site17_22.png,256,256,0.0,0
site17_23.png_X0_Y0,2614,site17_23.png,0,0,0.6782073974609375,2
site17_23.png_X256_Y0,2614,site17_23.png,256,0,0.8394622802734375,2
site17_23.png_X0_Y256,2614,site17_23.png,0,256,0.0,0
site17_23.png_X256_Y256,2614,site17_23.png,256,256,0.1797637939453125,1
site17_24.png_X0_Y0,2615,site17_24.png,0,0,1.0,2
site17_24.png_X256_Y0,2615,site17_24.png,256,0,1.0,2
site17_24.png_X0_Y256,2615,site17_24.png,0,256,0.316253662109375,1
site17_24.png_X256_Y256,2615,site17_24.png,256,256,0.2231597900390625,1
site17_25.png_X0_Y0,2616,site17_25.png,0,0,0.8500518798828125,2
site17_25.png_X256_Y0,2616,site17_25.png,256,0,0.0536651611328125,1
site17_25.png_X0_Y256,2616,site17_25.png,0,256,0.41229248046875,2
site17_25.png_X256_Y256,2616,site17_25.png,256,256,0.0775299072265625,1
site17_29.png_X0_Y0,2618,site17_29.png,0,0,0.0,0
site17_29.png_X256_Y0,2618,site17_29.png,256,0,0.0,0
site17_29.png_X0_Y256,2618,site17_29.png,0,256,0.0,0
site17_29.png_X256_Y256,2618,site17_29.png,256,256,0.0,0
site17_30.png_X0_Y0,2619,site17_30.png,0,0,0.138397216796875,1
site17_30.png_X256_Y0,2619,site17_30.png,256,0,0.194976806640625,1
site17_30.png_X0_Y256,2619,site17_30.png,0,256,0.120269775390625,1
site17_30.png_X256_Y256,2619,site17_30.png,256,256,0.135162353515625,1
site17_31.png_X0_Y0,2620,site17_31.png,0,0,0.1457672119140625,1
site17_31.png_X256_Y0,2620,site17_31.png,256,0,0.441070556640625,2
site17_31.png_X0_Y256,2620,site17_31.png,0,256,0.624542236328125,2
site17_31.png_X256_Y256,2620,site17_31.png,256,256,0.3240814208984375,1
site17_32.png_X0_Y0,2621,site17_32.png,0,0,0.0,0
site17_32.png_X256_Y0,2621,site17_32.png,256,0,0.0,0
site17_32.png_X0_Y256,2621,site17_32.png,0,256,0.062225341796875,1
site17_32.png_X256_Y256,2621,site17_32.png,256,256,0.0,0
site17_33.png_X0_Y0,2622,site17_33.png,0,0,0.0,0
site17_33.png_X256_Y0,2622,site17_33.png,256,0,0.0,0
site17_33.png_X0_Y256,2622,site17_33.png,0,256,0.0,0
site17_33.png_X256_Y256,2622,site17_33.png,256,256,0.0,0
site17_40.png_X0_Y0,2627,site17_40.png,0,0,0.0,0
site17_40.png_X256_Y0,2627,site17_40.png,256,0,0.0,0
site17_40.png_X0_Y256,2627,site17_40.png,0,256,0.1165771484375,1
site17_40.png_X256_Y256,2627,site17_40.png,256,256,0.0656890869140625,1
site17_42.png_X0_Y0,2629,site17_42.png,0,0,0.5744171142578125,2
site17_42.png_X256_Y0,2629,site17_42.png,256,0,0.8083648681640625,2
site17_42.png_X0_Y256,2629,site17_42.png,0,256,0.5039520263671875,2
site17_42.png_X256_Y256,2629,site17_42.png,256,256,0.1571502685546875,1
site17_43.png_X0_Y0,2630,site17_43.png,0,0,0.098541259765625,1
site17_43.png_X256_Y0,2630,site17_43.png,256,0,0.0,0
site17_43.png_X0_Y256,2630,site17_43.png,0,256,0.0,0
site17_43.png_X256_Y256,2630,site17_43.png,256,256,0.0,0
site17_44.png_X0_Y0,2631,site17_44.png,0,0,0.0175628662109375,0
site17_44.png_X256_Y0,2631,site17_44.png,256,0,0.03863525390625,0
site17_44.png_X0_Y256,2631,site17_44.png,0,256,0.9221954345703125,2
site17_44.png_X256_Y256,2631,site17_44.png,256,256,0.9836273193359375,2
site17_45.png_X0_Y0,2632,site17_45.png,0,0,0.480072021484375,2
site17_45.png_X256_Y0,2632,site17_45.png,256,0,0.127655029296875,1
site17_45.png_X0_Y256,2632,site17_45.png,0,256,0.0,0
site17_45.png_X256_Y256,2632,site17_45.png,256,256,0.0,0
site17_46.png_X0_Y0,2633,site17_46.png,0,0,0.6302947998046875,2
site17_46.png_X256_Y0,2633,site17_46.png,256,0,0.4795379638671875,2
site17_46.png_X0_Y256,2633,site17_46.png,0,256,0.0,0
site17_46.png_X256_Y256,2633,site17_46.png,256,256,0.0,0
site17_47.png_X0_Y0,2634,site17_47.png,0,0,0.0,0
site17_47.png_X256_Y0,2634,site17_47.png,256,0,0.0,0
site17_47.png_X0_Y256,2634,site17_47.png,0,256,0.609466552734375,2
site17_47.png_X256_Y256,2634,site17_47.png,256,256,0.09912109375,1
site17_53.png_X0_Y0,2638,site17_53.png,0,0,0.4149322509765625,2
site17_53.png_X256_Y0,2638,site17_53.png,256,0,0.343017578125,1
site17_53.png_X0_Y256,2638,site17_53.png,0,256,0.1771087646484375,1
site17_53.png_X256_Y256,2638,site17_53.png,256,256,0.1619720458984375,1
site17_54.png_X0_Y0,2639,site17_54.png,0,0,0.0,0
site17_54.png_X256_Y0,2639,site17_54.png,256,0,0.00982666015625,0
site17_54.png_X0_Y256,2639,site17_54.png,0,256,0.0,0
site17_54.png_X256_Y256,2639,site17_54.png,256,256,0.330902099609375,1
site17_55.png_X0_Y0,2640,site17_55.png,0,0,0.1170654296875,1
site17_55.png_X256_Y0,2640,site17_55.png,256,0,0.0,0
site17_55.png_X0_Y256,2640,site17_55.png,0,256,0.967559814453125,2
site17_55.png_X256_Y256,2640,site17_55.png,256,256,0.726806640625,2
site17_56.png_X0_Y0,2641,site17_56.png,0,0,0.9123382568359375,2
site17_56.png_X256_Y0,2641,site17_56.png,256,0,0.9157257080078125,2
site17_56.png_X0_Y256,2641,site17_56.png,0,256,0.9700164794921875,2
site17_56.png_X256_Y256,2641,site17_56.png,256,256,0.936737060546875,2
site17_57.png_X0_Y0,2642,site17_57.png,0,0,0.372833251953125,1
site17_57.png_X256_Y0,2642,site17_57.png,256,0,0.01312255859375,0
site17_57.png_X0_Y256,2642,site17_57.png,0,256,0.956329345703125,2
site17_57.png_X256_Y256,2642,site17_57.png,256,256,0.929443359375,2
site17_58.png_X0_Y0,2643,site17_58.png,0,0,0.0,0
site17_58.png_X256_Y0,2643,site17_58.png,256,0,0.0,0
site17_58.png_X0_Y256,2643,site17_58.png,0,256,0.0475311279296875,0
site17_58.png_X256_Y256,2643,site17_58.png,256,256,0.3170318603515625,1
site17_59.png_X0_Y0,2644,site17_59.png,0,0,0.0,0
site17_59.png_X256_Y0,2644,site17_59.png,256,0,0.0,0
site17_59.png_X0_Y256,2644,site17_59.png,0,256,0.0,0
site17_59.png_X256_Y256,2644,site17_59.png,256,256,0.0,0
site17_60.png_X0_Y0,2645,site17_60.png,0,0,0.1936492919921875,1
site17_60.png_X256_Y0,2645,site17_60.png,256,0,0.791259765625,2
site17_60.png_X0_Y256,2645,site17_60.png,0,256,0.0,0
site17_60.png_X256_Y256,2645,site17_60.png,256,256,0.048187255859375,0
site17_61.png_X0_Y0,2646,site17_61.png,0,0,0.2696990966796875,1
site17_61.png_X256_Y0,2646,site17_61.png,256,0,0.138336181640625,1
site17_61.png_X0_Y256,2646,site17_61.png,0,256,0.8171234130859375,2
site17_61.png_X256_Y256,2646,site17_61.png,256,256,0.335662841796875,1
site17_62.png_X0_Y0,2647,site17_62.png,0,0,0.0,0
site17_62.png_X256_Y0,2647,site17_62.png,256,0,0.0,0
site17_62.png_X0_Y256,2647,site17_62.png,0,256,0.0,0
site17_62.png_X256_Y256,2647,site17_62.png,256,256,0.0,0
site17_63.png_X0_Y0,2648,site17_63.png,0,0,0.0,0
site17_63.png_X256_Y0,2648,site17_63.png,256,0,0.0,0
site17_63.png_X0_Y256,2648,site17_63.png,0,256,0.0142364501953125,0
site17_63.png_X256_Y256,2648,site17_63.png,256,256,0.258575439453125,1
site17_68.png_X0_Y0,2651,site17_68.png,0,0,0.2045440673828125,1
site17_68.png_X256_Y0,2651,site17_68.png,256,0,0.9790496826171875,2
site17_68.png_X0_Y256,2651,site17_68.png,0,256,0.4532012939453125,2
site17_68.png_X256_Y256,2651,site17_68.png,256,256,1.0,2
site17_69.png_X0_Y0,2652,site17_69.png,0,0,1.0,2
site17_69.png_X256_Y0,2652,site17_69.png,256,0,0.9208984375,2
site17_69.png_X0_Y256,2652,site17_69.png,0,256,1.0,2
site17_69.png_X256_Y256,2652,site17_69.png,256,256,0.975250244140625,2
site17_70.png_X0_Y0,2653,site17_70.png,0,0,0.62200927734375,2
site17_70.png_X256_Y0,2653,site17_70.png,256,0,1.0,2
site17_70.png_X0_Y256,2653,site17_70.png,0,256,0.035308837890625,0
site17_70.png_X256_Y256,2653,site17_70.png,256,256,0.333892822265625,1
site17_71.png_X0_Y0,2654,site17_71.png,0,0,0.4870758056640625,2
site17_71.png_X256_Y0,2654,site17_71.png,256,0,0.4854278564453125,2
site17_71.png_X0_Y256,2654,site17_71.png,0,256,0.97332763671875,2
site17_71.png_X256_Y256,2654,site17_71.png,256,256,0.681732177734375,2
site17_72.png_X0_Y0,2655,site17_72.png,0,0,0.192474365234375,1
site17_72.png_X256_Y0,2655,site17_72.png,256,0,0.0,0
site17_72.png_X0_Y256,2655,site17_72.png,0,256,0.0,0
site17_72.png_X256_Y256,2655,site17_72.png,256,256,0.0,0
site17_74.png_X0_Y0,2657,site17_74.png,0,0,0.0246124267578125,0
site17_74.png_X256_Y0,2657,site17_74.png,256,0,0.7887420654296875,2
site17_74.png_X0_Y256,2657,site17_74.png,0,256,0.0,0
site17_74.png_X256_Y256,2657,site17_74.png,256,256,0.190216064453125,1
site17_75.png_X0_Y0,2658,site17_75.png,0,0,0.7332763671875,2
site17_75.png_X256_Y0,2658,site17_75.png,256,0,0.050750732421875,1
site17_75.png_X0_Y256,2658,site17_75.png,0,256,0.6090240478515625,2
site17_75.png_X256_Y256,2658,site17_75.png,256,256,0.41949462890625,2
site17_76.png_X0_Y0,2659,site17_76.png,0,0,0.8237152099609375,2
site17_76.png_X256_Y0,2659,site17_76.png,256,0,0.99993896484375,2
site17_76.png_X0_Y256,2659,site17_76.png,0,256,0.350341796875,1
site17_76.png_X256_Y256,2659,site17_76.png,256,256,0.27313232421875,1
site17_80.png_X0_Y0,2660,site17_80.png,0,0,0.0,0
site17_80.png_X256_Y0,2660,site17_80.png,256,0,0.0,0
site17_80.png_X0_Y256,2660,site17_80.png,0,256,0.0,0
site17_80.png_X256_Y256,2660,site17_80.png,256,256,0.0,0
site17_84.png_X0_Y0,2664,site17_84.png,0,0,0.844940185546875,2
site17_84.png_X256_Y0,2664,site17_84.png,256,0,0.703887939453125,2
site17_84.png_X0_Y256,2664,site17_84.png,0,256,0.0,0
site17_84.png_X256_Y256,2664,site17_84.png,256,256,0.0,0
site17_85.png_X0_Y0,2665,site17_85.png,0,0,0.235015869140625,1
site17_85.png_X256_Y0,2665,site17_85.png,256,0,0.0,0
site17_85.png_X0_Y256,2665,site17_85.png,0,256,0.0,0
site17_85.png_X256_Y256,2665,site17_85.png,256,256,0.0,0
site7_2.png_X0_Y0,2671,site7_2.png,0,0,0.0,0
site7_2.png_X256_Y0,2671,site7_2.png,256,0,0.0,0
site7_2.png_X0_Y256,2671,site7_2.png,0,256,0.153656005859375,1
site7_2.png_X256_Y256,2671,site7_2.png,256,256,0.44683837890625,2
site7_3.png_X0_Y0,2672,site7_3.png,0,0,0.0,0
site7_3.png_X256_Y0,2672,site7_3.png,256,0,0.0,0
site7_3.png_X0_Y256,2672,site7_3.png,0,256,0.3499908447265625,1
site7_3.png_X256_Y256,2672,site7_3.png,256,256,0.0001373291015625,0
site7_5.png_X0_Y0,2673,site7_5.png,0,0,0.0,0
site7_5.png_X256_Y0,2673,site7_5.png,256,0,0.0,0
site7_5.png_X0_Y256,2673,site7_5.png,0,256,0.0,0
site7_5.png_X256_Y256,2673,site7_5.png,256,256,0.0,0
site7_6.png_X0_Y0,2674,site7_6.png,0,0,0.6365814208984375,2
site7_6.png_X256_Y0,2674,site7_6.png,256,0,1.0,2
site7_6.png_X0_Y256,2674,site7_6.png,0,256,0.1868438720703125,1
site7_6.png_X256_Y256,2674,site7_6.png,256,256,0.208648681640625,1
site7_7.png_X0_Y0,2675,site7_7.png,0,0,0.8284912109375,2
site7_7.png_X256_Y0,2675,site7_7.png,256,0,0.54608154296875,2
site7_7.png_X0_Y256,2675,site7_7.png,0,256,0.12213134765625,1
site7_7.png_X256_Y256,2675,site7_7.png,256,256,0.145233154296875,1
site10_12.png_X0_Y0,2680,site10_12.png,0,0,0.0,0
site10_12.png_X256_Y0,2680,site10_12.png,256,0,0.0,0
site10_12.png_X0_Y256,2680,site10_12.png,0,256,0.0,0
site10_12.png_X256_Y256,2680,site10_12.png,256,256,0.0,0
site10_13.png_X0_Y0,2681,site10_13.png,0,0,0.1264190673828125,1
site10_13.png_X256_Y0,2681,site10_13.png,256,0,0.0,0
site10_13.png_X0_Y256,2681,site10_13.png,0,256,0.0,0
site10_13.png_X256_Y256,2681,site10_13.png,256,256,0.0,0
site10_20.png_X0_Y0,2685,site10_20.png,0,0,0.0,0
site10_20.png_X256_Y0,2685,site10_20.png,256,0,0.0,0
site10_20.png_X0_Y256,2685,site10_20.png,0,256,0.0,0
site10_20.png_X256_Y256,2685,site10_20.png,256,256,0.0027313232421875,0
site10_21.png_X0_Y0,2686,site10_21.png,0,0,0.0119476318359375,0
site10_21.png_X256_Y0,2686,site10_21.png,256,0,0.0,0
site10_21.png_X0_Y256,2686,site10_21.png,0,256,0.011077880859375,0
site10_21.png_X256_Y256,2686,site10_21.png,256,256,0.0,0
site10_22.png_X0_Y0,2687,site10_22.png,0,0,0.0,0
site10_22.png_X256_Y0,2687,site10_22.png,256,0,0.0,0
site10_22.png_X0_Y256,2687,site10_22.png,0,256,0.0,0
site10_22.png_X256_Y256,2687,site10_22.png,256,256,0.0639801025390625,1
site10_27.png_X0_Y0,2688,site10_27.png,0,0,0.0,0
site10_27.png_X256_Y0,2688,site10_27.png,256,0,0.0331878662109375,0
site10_27.png_X0_Y256,2688,site10_27.png,0,256,0.0,0
site10_27.png_X256_Y256,2688,site10_27.png,256,256,0.0145416259765625,0
site10_28.png_X0_Y0,2689,site10_28.png,0,0,0.899444580078125,2
site10_28.png_X256_Y0,2689,site10_28.png,256,0,0.224945068359375,1
site10_28.png_X0_Y256,2689,site10_28.png,0,256,0.1841278076171875,1
site10_28.png_X256_Y256,2689,site10_28.png,256,256,0.0,0
site10_51.png_X0_Y0,2692,site10_51.png,0,0,0.0016021728515625,0
site10_51.png_X256_Y0,2692,site10_51.png,256,0,0.0,0
site10_51.png_X0_Y256,2692,site10_51.png,0,256,0.7474822998046875,2
site10_51.png_X256_Y256,2692,site10_51.png,256,256,0.7479400634765625,2
site1_17.png_X0_Y0,2704,site1_17.png,0,0,0.0,0
site1_17.png_X256_Y0,2704,site1_17.png,256,0,0.1491241455078125,1
site1_17.png_X0_Y256,2704,site1_17.png,0,256,0.0,0
site1_17.png_X256_Y256,2704,site1_17.png,256,256,0.0,0
site1_32.png_X0_Y0,2718,site1_32.png,0,0,0.0,0
site1_32.png_X256_Y0,2718,site1_32.png,256,0,0.0,0
site1_32.png_X0_Y256,2718,site1_32.png,0,256,0.1936187744140625,1
site1_32.png_X256_Y256,2718,site1_32.png,256,256,0.1266937255859375,1
site1_33.png_X0_Y0,2719,site1_33.png,0,0,0.0,0
site1_33.png_X256_Y0,2719,site1_33.png,256,0,0.0,0
site1_33.png_X0_Y256,2719,site1_33.png,0,256,0.0,0
site1_33.png_X256_Y256,2719,site1_33.png,256,256,0.0,0
site1_34.png_X0_Y0,2720,site1_34.png,0,0,0.0,0
site1_34.png_X256_Y0,2720,site1_34.png,256,0,0.0,0
site1_34.png_X0_Y256,2720,site1_34.png,0,256,0.1812286376953125,1
site1_34.png_X256_Y256,2720,site1_34.png,256,256,0.0,0
site1_35.png_X0_Y0,2721,site1_35.png,0,0,0.0,0
site1_35.png_X256_Y0,2721,site1_35.png,256,0,0.0,0
site1_35.png_X0_Y256,2721,site1_35.png,0,256,0.0,0
site1_35.png_X256_Y256,2721,site1_35.png,256,256,0.027740478515625,0
site1_37.png_X0_Y0,2723,site1_37.png,0,0,0.0,0
site1_37.png_X256_Y0,2723,site1_37.png,256,0,0.0,0
site1_37.png_X0_Y256,2723,site1_37.png,0,256,0.0042724609375,0
site1_37.png_X256_Y256,2723,site1_37.png,256,256,0.0,0
site1_41.png_X0_Y0,2726,site1_41.png,0,0,0.0054779052734375,0
site1_41.png_X256_Y0,2726,site1_41.png,256,0,0.35955810546875,1
site1_41.png_X0_Y256,2726,site1_41.png,0,256,0.0,0
site1_41.png_X256_Y256,2726,site1_41.png,256,256,0.2846527099609375,1
site1_42.png_X0_Y0,2727,site1_42.png,0,0,0.17559814453125,1
site1_42.png_X256_Y0,2727,site1_42.png,256,0,0.2166595458984375,1
site1_42.png_X0_Y256,2727,site1_42.png,0,256,0.14599609375,1
site1_42.png_X256_Y256,2727,site1_42.png,256,256,0.26275634765625,1
site1_44.png_X0_Y0,2729,site1_44.png,0,0,0.0450286865234375,0
site1_44.png_X256_Y0,2729,site1_44.png,256,0,0.0847930908203125,1
site1_44.png_X0_Y256,2729,site1_44.png,0,256,0.0736083984375,1
site1_44.png_X256_Y256,2729,site1_44.png,256,256,0.150421142578125,1
site1_45.png_X0_Y0,2730,site1_45.png,0,0,0.6331939697265625,2
site1_45.png_X256_Y0,2730,site1_45.png,256,0,0.3588409423828125,1
site1_45.png_X0_Y256,2730,site1_45.png,0,256,0.3429107666015625,1
site1_45.png_X256_Y256,2730,site1_45.png,256,256,0.7468719482421875,2
site1_47.png_X0_Y0,2732,site1_47.png,0,0,0.0,0
site1_47.png_X256_Y0,2732,site1_47.png,256,0,0.0,0
site1_47.png_X0_Y256,2732,site1_47.png,0,256,0.0,0
site1_47.png_X256_Y256,2732,site1_47.png,256,256,0.0,0
site1_48.png_X0_Y0,2733,site1_48.png,0,0,0.0576934814453125,1
site1_48.png_X256_Y0,2733,site1_48.png,256,0,0.2757415771484375,1
site1_48.png_X0_Y256,2733,site1_48.png,0,256,0.0526580810546875,1
site1_48.png_X256_Y256,2733,site1_48.png,256,256,0.31414794921875,1
site1_50.png_X0_Y0,2735,site1_50.png,0,0,0.0057373046875,0
site1_50.png_X256_Y0,2735,site1_50.png,256,0,0.0,0
site1_50.png_X0_Y256,2735,site1_50.png,0,256,0.0,0
site1_50.png_X256_Y256,2735,site1_50.png,256,256,0.0,0
site1_55.png_X0_Y0,2739,site1_55.png,0,0,0.04241943359375,0
site1_55.png_X256_Y0,2739,site1_55.png,256,0,0.2770843505859375,1
site1_55.png_X0_Y256,2739,site1_55.png,0,256,0.3668365478515625,1
site1_55.png_X256_Y256,2739,site1_55.png,256,256,0.6986846923828125,2
site1_56.png_X0_Y0,2740,site1_56.png,0,0,0.0,0
site1_56.png_X256_Y0,2740,site1_56.png,256,0,0.0,0
site1_56.png_X0_Y256,2740,site1_56.png,0,256,0.3180694580078125,1
site1_56.png_X256_Y256,2740,site1_56.png,256,256,0.0,0
site1_61.png_X0_Y0,2745,site1_61.png,0,0,0.0,0
site1_61.png_X256_Y0,2745,site1_61.png,256,0,0.0,0
site1_61.png_X0_Y256,2745,site1_61.png,0,256,0.140716552734375,1
site1_61.png_X256_Y256,2745,site1_61.png,256,256,0.0,0
site1_67.png_X0_Y0,2749,site1_67.png,0,0,0.0,0
site1_67.png_X256_Y0,2749,site1_67.png,256,0,0.0,0
site1_67.png_X0_Y256,2749,site1_67.png,0,256,0.0,0
site1_67.png_X256_Y256,2749,site1_67.png,256,256,0.0,0
site1_68.png_X0_Y0,2750,site1_68.png,0,0,0.636383056640625,2
site1_68.png_X256_Y0,2750,site1_68.png,256,0,0.371978759765625,1
site1_68.png_X0_Y256,2750,site1_68.png,0,256,0.0,0
site1_68.png_X256_Y256,2750,site1_68.png,256,256,0.0,0
site1_69.png_X0_Y0,2751,site1_69.png,0,0,0.3058013916015625,1
site1_69.png_X256_Y0,2751,site1_69.png,256,0,0.0,0
site1_69.png_X0_Y256,2751,site1_69.png,0,256,0.00860595703125,0
site1_69.png_X256_Y256,2751,site1_69.png,256,256,0.0,0
site1_71.png_X0_Y0,2753,site1_71.png,0,0,0.0,0
site1_71.png_X256_Y0,2753,site1_71.png,256,0,0.01153564453125,0
site1_71.png_X0_Y256,2753,site1_71.png,0,256,0.0,0
site1_71.png_X256_Y256,2753,site1_71.png,256,256,0.0,0
site1_72.png_X0_Y0,2754,site1_72.png,0,0,0.0,0
site1_72.png_X256_Y0,2754,site1_72.png,256,0,0.0,0
site1_72.png_X0_Y256,2754,site1_72.png,0,256,0.0167388916015625,0
site1_72.png_X256_Y256,2754,site1_72.png,256,256,0.0,0
site1_73.png_X0_Y0,2755,site1_73.png,0,0,0.0,0
site1_73.png_X256_Y0,2755,site1_73.png,256,0,0.0,0
site1_73.png_X0_Y256,2755,site1_73.png,0,256,0.0,0
site1_73.png_X256_Y256,2755,site1_73.png,256,256,0.0,0
site1_74.png_X0_Y0,2756,site1_74.png,0,0,0.0727386474609375,1
site1_74.png_X256_Y0,2756,site1_74.png,256,0,0.0,0
site1_74.png_X0_Y256,2756,site1_74.png,0,256,0.0,0
site1_74.png_X256_Y256,2756,site1_74.png,256,256,0.0,0
site1_83.png_X0_Y0,2763,site1_83.png,0,0,0.0521392822265625,1
site1_83.png_X256_Y0,2763,site1_83.png,256,0,0.128173828125,1
site1_83.png_X0_Y256,2763,site1_83.png,0,256,0.0168304443359375,0
site1_83.png_X256_Y256,2763,site1_83.png,256,256,0.1207427978515625,1
site1_84.png_X0_Y0,2764,site1_84.png,0,0,0.0,0
site1_84.png_X256_Y0,2764,site1_84.png,256,0,0.0,0
site1_84.png_X0_Y256,2764,site1_84.png,0,256,0.0,0
site1_84.png_X256_Y256,2764,site1_84.png,256,256,0.0490875244140625,0
site1_85.png_X0_Y0,2765,site1_85.png,0,0,0.0,0
site1_85.png_X256_Y0,2765,site1_85.png,256,0,0.0,0
site1_85.png_X0_Y256,2765,site1_85.png,0,256,0.8046722412109375,2
site1_85.png_X256_Y256,2765,site1_85.png,256,256,0.076324462890625,1
site1_86.png_X0_Y0,2766,site1_86.png,0,0,0.5760040283203125,2
site1_86.png_X256_Y0,2766,site1_86.png,256,0,0.7050628662109375,2
site1_86.png_X0_Y256,2766,site1_86.png,0,256,0.0,0
site1_86.png_X256_Y256,2766,site1_86.png,256,256,0.0,0
site1_96.png_X0_Y0,2774,site1_96.png,0,0,0.0,0
site1_96.png_X256_Y0,2774,site1_96.png,256,0,0.0,0
site1_96.png_X0_Y256,2774,site1_96.png,0,256,0.12896728515625,1
site1_96.png_X256_Y256,2774,site1_96.png,256,256,0.42645263671875,2
site1_97.png_X0_Y0,2775,site1_97.png,0,0,0.0,0
site1_97.png_X256_Y0,2775,site1_97.png,256,0,0.049530029296875,0
site1_97.png_X0_Y256,2775,site1_97.png,0,256,0.6485443115234375,2
site1_97.png_X256_Y256,2775,site1_97.png,256,256,0.1170654296875,1
site1_98.png_X0_Y0,2776,site1_98.png,0,0,0.3214874267578125,1
site1_98.png_X256_Y0,2776,site1_98.png,256,0,0.2566375732421875,1
site1_98.png_X0_Y256,2776,site1_98.png,0,256,0.8228912353515625,2
site1_98.png_X256_Y256,2776,site1_98.png,256,256,0.7227020263671875,2
site1_99.png_X0_Y0,2777,site1_99.png,0,0,0.268768310546875,1
site1_99.png_X256_Y0,2777,site1_99.png,256,0,0.1083526611328125,1
site1_99.png_X0_Y256,2777,site1_99.png,0,256,0.08135986328125,1
site1_99.png_X256_Y256,2777,site1_99.png,256,256,0.0,0
site1_109.png_X0_Y0,2785,site1_109.png,0,0,0.4590606689453125,2
site1_109.png_X256_Y0,2785,site1_109.png,256,0,0.1313934326171875,1
site1_109.png_X0_Y256,2785,site1_109.png,0,256,0.0,0
site1_109.png_X256_Y256,2785,site1_109.png,256,256,0.0,0
site1_110.png_X0_Y0,2786,site1_110.png,0,0,0.0291290283203125,0
site1_110.png_X256_Y0,2786,site1_110.png,256,0,0.227386474609375,1
site1_110.png_X0_Y256,2786,site1_110.png,0,256,0.54827880859375,2
site1_110.png_X256_Y256,2786,site1_110.png,256,256,0.994110107421875,2
site1_111.png_X0_Y0,2787,site1_111.png,0,0,0.5841217041015625,2
site1_111.png_X256_Y0,2787,site1_111.png,256,0,0.6793365478515625,2
site1_111.png_X0_Y256,2787,site1_111.png,0,256,1.0,2
site1_111.png_X256_Y256,2787,site1_111.png,256,256,1.0,2
site1_123.png_X0_Y0,2797,site1_123.png,0,0,0.3427581787109375,1
site1_123.png_X256_Y0,2797,site1_123.png,256,0,0.704345703125,2
site1_123.png_X0_Y256,2797,site1_123.png,0,256,0.0,0
site1_123.png_X256_Y256,2797,site1_123.png,256,256,0.0,0
site8_25.png_X0_Y0,2824,site8_25.png,0,0,0.0,0
site8_25.png_X256_Y0,2824,site8_25.png,256,0,0.0,0
site8_25.png_X0_Y256,2824,site8_25.png,0,256,0.0,0
site8_25.png_X256_Y256,2824,site8_25.png,256,256,0.0,0
site8_26.png_X0_Y0,2825,site8_26.png,0,0,0.0,0
site8_26.png_X256_Y0,2825,site8_26.png,256,0,0.0,0
site8_26.png_X0_Y256,2825,site8_26.png,0,256,0.0,0
site8_26.png_X256_Y256,2825,site8_26.png,256,256,0.0,0
site8_35.png_X0_Y0,2830,site8_35.png,0,0,0.0,0
site8_35.png_X256_Y0,2830,site8_35.png,256,0,0.2435150146484375,1
site8_35.png_X0_Y256,2830,site8_35.png,0,256,0.0,0
site8_35.png_X256_Y256,2830,site8_35.png,256,256,0.1891937255859375,1
site8_36.png_X0_Y0,2831,site8_36.png,0,0,1.0,2
site8_36.png_X256_Y0,2831,site8_36.png,256,0,1.0,2
site8_36.png_X0_Y256,2831,site8_36.png,0,256,1.0,2
site8_36.png_X256_Y256,2831,site8_36.png,256,256,1.0,2
site8_37.png_X0_Y0,2832,site8_37.png,0,0,1.0,2
site8_37.png_X256_Y0,2832,site8_37.png,256,0,0.9995880126953125,2
site8_37.png_X0_Y256,2832,site8_37.png,0,256,1.0,2
site8_37.png_X256_Y256,2832,site8_37.png,256,256,1.0,2
site8_45.png_X0_Y0,2837,site8_45.png,0,0,0.0,0
site8_45.png_X256_Y0,2837,site8_45.png,256,0,0.034088134765625,0
site8_45.png_X0_Y256,2837,site8_45.png,0,256,0.0,0
site8_45.png_X256_Y256,2837,site8_45.png,256,256,0.0,0
site8_46.png_X0_Y0,2838,site8_46.png,0,0,0.768218994140625,2
site8_46.png_X256_Y0,2838,site8_46.png,256,0,0.772308349609375,2
site8_46.png_X0_Y256,2838,site8_46.png,0,256,0.0,0
site8_46.png_X256_Y256,2838,site8_46.png,256,256,0.0,0
site8_47.png_X0_Y0,2839,site8_47.png,0,0,0.6968841552734375,2
site8_47.png_X256_Y0,2839,site8_47.png,256,0,0.6417999267578125,2
site8_47.png_X0_Y256,2839,site8_47.png,0,256,0.0,0
site8_47.png_X256_Y256,2839,site8_47.png,256,256,0.0,0
site8_48.png_X0_Y0,2840,site8_48.png,0,0,0.06915283203125,1
site8_48.png_X256_Y0,2840,site8_48.png,256,0,0.0,0
site8_48.png_X0_Y256,2840,site8_48.png,0,256,0.0,0
site8_48.png_X256_Y256,2840,site8_48.png,256,256,0.0,0
site8_57.png_X0_Y0,2847,site8_57.png,0,0,0.0,0
site8_57.png_X256_Y0,2847,site8_57.png,256,0,0.0025787353515625,0
site8_57.png_X0_Y256,2847,site8_57.png,0,256,0.415252685546875,2
site8_57.png_X256_Y256,2847,site8_57.png,256,256,0.45465087890625,2
site8_58.png_X0_Y0,2848,site8_58.png,0,0,0.06201171875,1
site8_58.png_X256_Y0,2848,site8_58.png,256,0,0.0,0
site8_58.png_X0_Y256,2848,site8_58.png,0,256,0.5357818603515625,2
site8_58.png_X256_Y256,2848,site8_58.png,256,256,0.0026702880859375,0
site8_65.png_X0_Y0,2853,site8_65.png,0,0,0.0,0
site8_65.png_X256_Y0,2853,site8_65.png,256,0,0.008575439453125,0
site8_65.png_X0_Y256,2853,site8_65.png,0,256,0.0,0
site8_65.png_X256_Y256,2853,site8_65.png,256,256,0.0074005126953125,0
site8_93.png_X0_Y0,2877,site8_93.png,0,0,0.0,0
site8_93.png_X256_Y0,2877,site8_93.png,256,0,0.1787872314453125,1
site8_93.png_X0_Y256,2877,site8_93.png,0,256,0.0,0
site8_93.png_X256_Y256,2877,site8_93.png,256,256,0.011505126953125,0
site8_103.png_X0_Y0,2886,site8_103.png,0,0,0.0,0
site8_103.png_X256_Y0,2886,site8_103.png,256,0,0.0,0
site8_103.png_X0_Y256,2886,site8_103.png,0,256,0.0,0
site8_103.png_X256_Y256,2886,site8_103.png,256,256,0.0,0
site8_104.png_X0_Y0,2887,site8_104.png,0,0,0.12640380859375,1
site8_104.png_X256_Y0,2887,site8_104.png,256,0,0.0,0
site8_104.png_X0_Y256,2887,site8_104.png,0,256,0.1462860107421875,1
site8_104.png_X256_Y256,2887,site8_104.png,256,256,0.0,0
site8_113.png_X0_Y0,2895,site8_113.png,0,0,0.0,0
site8_113.png_X256_Y0,2895,site8_113.png,256,0,0.0,0
site8_113.png_X0_Y256,2895,site8_113.png,0,256,0.0,0
site8_113.png_X256_Y256,2895,site8_113.png,256,256,0.0,0
site8_114.png_X0_Y0,2896,site8_114.png,0,0,0.0,0
site8_114.png_X256_Y0,2896,site8_114.png,256,0,0.0,0
site8_114.png_X0_Y256,2896,site8_114.png,0,256,0.13763427734375,1
site8_114.png_X256_Y256,2896,site8_114.png,256,256,0.0,0
site8_123.png_X0_Y0,2904,site8_123.png,0,0,0.0,0
site8_123.png_X256_Y0,2904,site8_123.png,256,0,0.0,0
site8_123.png_X0_Y256,2904,site8_123.png,0,256,0.0,0
site8_123.png_X256_Y256,2904,site8_123.png,256,256,0.0,0
site8_124.png_X0_Y0,2905,site8_124.png,0,0,0.515533447265625,2
site8_124.png_X256_Y0,2905,site8_124.png,256,0,0.50921630859375,2
site8_124.png_X0_Y256,2905,site8_124.png,0,256,0.1965179443359375,1
site8_124.png_X256_Y256,2905,site8_124.png,256,256,0.2459716796875,1
site8_133.png_X0_Y0,2913,site8_133.png,0,0,0.0,0
site8_133.png_X256_Y0,2913,site8_133.png,256,0,0.102142333984375,1
site8_133.png_X0_Y256,2913,site8_133.png,0,256,0.0,0
site8_133.png_X256_Y256,2913,site8_133.png,256,256,0.204437255859375,1
site8_134.png_X0_Y0,2914,site8_134.png,0,0,0.197357177734375,1
site8_134.png_X256_Y0,2914,site8_134.png,256,0,0.0,0
site8_134.png_X0_Y256,2914,site8_134.png,0,256,0.0098114013671875,0
site8_134.png_X256_Y256,2914,site8_134.png,256,256,0.3274078369140625,1
site8_135.png_X0_Y0,2915,site8_135.png,0,0,0.1192626953125,1
site8_135.png_X256_Y0,2915,site8_135.png,256,0,0.0,0
site8_135.png_X0_Y256,2915,site8_135.png,0,256,0.041046142578125,0
site8_135.png_X256_Y256,2915,site8_135.png,256,256,0.0,0
site8_143.png_X0_Y0,2922,site8_143.png,0,0,0.0,0
site8_143.png_X256_Y0,2922,site8_143.png,256,0,0.148529052734375,1
site8_143.png_X0_Y256,2922,site8_143.png,0,256,0.0,0
site8_143.png_X256_Y256,2922,site8_143.png,256,256,0.230133056640625,1
site8_144.png_X0_Y0,2923,site8_144.png,0,0,0.35272216796875,1
site8_144.png_X256_Y0,2923,site8_144.png,256,0,0.4524078369140625,2
site8_144.png_X0_Y256,2923,site8_144.png,0,256,0.8085174560546875,2
site8_144.png_X256_Y256,2923,site8_144.png,256,256,0.9324951171875,2
site8_145.png_X0_Y0,2924,site8_145.png,0,0,0.0,0
site8_145.png_X256_Y0,2924,site8_145.png,256,0,0.0,0
site8_145.png_X0_Y256,2924,site8_145.png,0,256,0.0,0
site8_145.png_X256_Y256,2924,site8_145.png,256,256,0.2739410400390625,1
site8_146.png_X0_Y0,2925,site8_146.png,0,0,0.0,0
site8_146.png_X256_Y0,2925,site8_146.png,256,0,0.026824951171875,0
site8_146.png_X0_Y256,2925,site8_146.png,0,256,0.2760162353515625,1
site8_146.png_X256_Y256,2925,site8_146.png,256,256,0.20770263671875,1
site8_147.png_X0_Y0,2926,site8_147.png,0,0,0.11492919921875,1
site8_147.png_X256_Y0,2926,site8_147.png,256,0,0.3232879638671875,1
site8_147.png_X0_Y256,2926,site8_147.png,0,256,0.209747314453125,1
site8_147.png_X256_Y256,2926,site8_147.png,256,256,0.7272491455078125,2
site8_155.png_X0_Y0,2933,site8_155.png,0,0,0.0,0
site8_155.png_X256_Y0,2933,site8_155.png,256,0,0.0,0
site8_155.png_X0_Y256,2933,site8_155.png,0,256,0.0,0
site8_155.png_X256_Y256,2933,site8_155.png,256,256,0.0,0
site8_156.png_X0_Y0,2934,site8_156.png,0,0,0.632110595703125,2
site8_156.png_X256_Y0,2934,site8_156.png,256,0,0.9527435302734375,2
site8_156.png_X0_Y256,2934,site8_156.png,0,256,0.545166015625,2
site8_156.png_X256_Y256,2934,site8_156.png,256,256,1.0,2
site8_157.png_X0_Y0,2935,site8_157.png,0,0,0.667724609375,2
site8_157.png_X256_Y0,2935,site8_157.png,256,0,0.193115234375,1
site8_157.png_X0_Y256,2935,site8_157.png,0,256,0.819580078125,2
site8_157.png_X256_Y256,2935,site8_157.png,256,256,0.0911407470703125,1
site8_166.png_X0_Y0,2943,site8_166.png,0,0,0.4693450927734375,2
site8_166.png_X256_Y0,2943,site8_166.png,256,0,1.0,2
site8_166.png_X0_Y256,2943,site8_166.png,0,256,0.4200592041015625,2
site8_166.png_X256_Y256,2943,site8_166.png,256,256,1.0,2
site8_167.png_X0_Y0,2944,site8_167.png,0,0,0.8176727294921875,2
site8_167.png_X256_Y0,2944,site8_167.png,256,0,0.018035888671875,0
site8_167.png_X0_Y256,2944,site8_167.png,0,256,0.9846954345703125,2
site8_167.png_X256_Y256,2944,site8_167.png,256,256,0.0677490234375,1
site8_168.png_X0_Y0,2945,site8_168.png,0,0,0.0689544677734375,1
site8_168.png_X256_Y0,2945,site8_168.png,256,0,0.0,0
site8_168.png_X0_Y256,2945,site8_168.png,0,256,0.6064453125,2
site8_168.png_X256_Y256,2945,site8_168.png,256,256,0.0,0
site8_175.png_X0_Y0,2951,site8_175.png,0,0,0.0,0
site8_175.png_X256_Y0,2951,site8_175.png,256,0,0.2310028076171875,1
site8_175.png_X0_Y256,2951,site8_175.png,0,256,0.0,0
site8_175.png_X256_Y256,2951,site8_175.png,256,256,0.53131103515625,2
site8_176.png_X0_Y0,2952,site8_176.png,0,0,0.51336669921875,2
site8_176.png_X256_Y0,2952,site8_176.png,256,0,0.988494873046875,2
site8_176.png_X0_Y256,2952,site8_176.png,0,256,0.0121612548828125,0
site8_176.png_X256_Y256,2952,site8_176.png,256,256,0.0016632080078125,0
site8_177.png_X0_Y0,2953,site8_177.png,0,0,0.859100341796875,2
site8_177.png_X256_Y0,2953,site8_177.png,256,0,0.02716064453125,0
site8_177.png_X0_Y256,2953,site8_177.png,0,256,0.0,0
site8_177.png_X256_Y256,2953,site8_177.png,256,256,0.0,0
site8_178.png_X0_Y0,2954,site8_178.png,0,0,0.6176300048828125,2
site8_178.png_X256_Y0,2954,site8_178.png,256,0,0.0,0
site8_178.png_X0_Y256,2954,site8_178.png,0,256,0.0,0
site8_178.png_X256_Y256,2954,site8_178.png,256,256,0.0665130615234375,1
site8_179.png_X0_Y0,2955,site8_179.png,0,0,0.0,0
site8_179.png_X256_Y0,2955,site8_179.png,256,0,0.0,0
site8_179.png_X0_Y256,2955,site8_179.png,0,256,0.10113525390625,1
site8_179.png_X256_Y256,2955,site8_179.png,256,256,0.0,0
site8_185.png_X0_Y0,2960,site8_185.png,0,0,0.0,0
site8_185.png_X256_Y0,2960,site8_185.png,256,0,0.487152099609375,2
site8_185.png_X0_Y256,2960,site8_185.png,0,256,0.0,0
site8_185.png_X256_Y256,2960,site8_185.png,256,256,0.043792724609375,0
site8_186.png_X0_Y0,2961,site8_186.png,0,0,0.6285552978515625,2
site8_186.png_X256_Y0,2961,site8_186.png,256,0,0.4000701904296875,2
site8_186.png_X0_Y256,2961,site8_186.png,0,256,0.1192779541015625,1
site8_186.png_X256_Y256,2961,site8_186.png,256,256,0.1270751953125,1
site8_187.png_X0_Y0,2962,site8_187.png,0,0,0.18121337890625,1
site8_187.png_X256_Y0,2962,site8_187.png,256,0,0.0,0
site8_187.png_X0_Y256,2962,site8_187.png,0,256,0.0338134765625,0
site8_187.png_X256_Y256,2962,site8_187.png,256,256,0.0,0
site8_188.png_X0_Y0,2963,site8_188.png,0,0,0.0,0
site8_188.png_X256_Y0,2963,site8_188.png,256,0,0.0,0
site8_188.png_X0_Y256,2963,site8_188.png,0,256,0.0,0
site8_188.png_X256_Y256,2963,site8_188.png,256,256,0.000213623046875,0
site8_189.png_X0_Y0,2964,site8_189.png,0,0,0.0,0
site8_189.png_X256_Y0,2964,site8_189.png,256,0,0.0,0
site8_189.png_X0_Y256,2964,site8_189.png,0,256,0.0,0
site8_189.png_X256_Y256,2964,site8_189.png,256,256,0.0,0
site8_193.png_X0_Y0,2967,site8_193.png,0,0,0.0,0
site8_193.png_X256_Y0,2967,site8_193.png,256,0,0.0,0
site8_193.png_X0_Y256,2967,site8_193.png,0,256,0.0,0
site8_193.png_X256_Y256,2967,site8_193.png,256,256,0.0,0
site8_194.png_X0_Y0,2968,site8_194.png,0,0,0.0,0
site8_194.png_X256_Y0,2968,site8_194.png,256,0,0.0,0
site8_194.png_X0_Y256,2968,site8_194.png,0,256,0.03253173828125,0
site8_194.png_X256_Y256,2968,site8_194.png,256,256,0.0,0
site8_196.png_X0_Y0,2970,site8_196.png,0,0,0.0,0
site8_196.png_X256_Y0,2970,site8_196.png,256,0,0.0,0
site8_196.png_X0_Y256,2970,site8_196.png,0,256,0.0,0
site8_196.png_X256_Y256,2970,site8_196.png,256,256,0.0,0
site8_198.png_X0_Y0,2972,site8_198.png,0,0,0.0,0
site8_198.png_X256_Y0,2972,site8_198.png,256,0,0.0,0
site8_198.png_X0_Y256,2972,site8_198.png,0,256,0.0,0
site8_198.png_X256_Y256,2972,site8_198.png,256,256,0.1996612548828125,1
site8_199.png_X0_Y0,2973,site8_199.png,0,0,0.015716552734375,0
site8_199.png_X256_Y0,2973,site8_199.png,256,0,0.0,0
site8_199.png_X0_Y256,2973,site8_199.png,0,256,0.0,0
site8_199.png_X256_Y256,2973,site8_199.png,256,256,0.0,0
site8_204.png_X0_Y0,2977,site8_204.png,0,0,0.0082550048828125,0
site8_204.png_X256_Y0,2977,site8_204.png,256,0,0.0,0
site8_204.png_X0_Y256,2977,site8_204.png,0,256,0.0,0
site8_204.png_X256_Y256,2977,site8_204.png,256,256,0.0,0
site8_206.png_X0_Y0,2979,site8_206.png,0,0,0.1554718017578125,1
site8_206.png_X256_Y0,2979,site8_206.png,256,0,0.0395050048828125,0
site8_206.png_X0_Y256,2979,site8_206.png,0,256,0.0,0
site8_206.png_X256_Y256,2979,site8_206.png,256,256,0.0,0
site8_207.png_X0_Y0,2980,site8_207.png,0,0,0.02020263671875,0
site8_207.png_X256_Y0,2980,site8_207.png,256,0,0.0,0
site8_207.png_X0_Y256,2980,site8_207.png,0,256,0.01654052734375,0
site8_207.png_X256_Y256,2980,site8_207.png,256,256,0.0,0
site8_214.png_X0_Y0,2986,site8_214.png,0,0,0.0,0
site8_214.png_X256_Y0,2986,site8_214.png,256,0,0.001739501953125,0
site8_214.png_X0_Y256,2986,site8_214.png,0,256,0.0,0
site8_214.png_X256_Y256,2986,site8_214.png,256,256,0.0676116943359375,1
site8_224.png_X0_Y0,2995,site8_224.png,0,0,0.0,0
site8_224.png_X256_Y0,2995,site8_224.png,256,0,0.0,0
site8_224.png_X0_Y256,2995,site8_224.png,0,256,0.0112152099609375,0
site8_224.png_X256_Y256,2995,site8_224.png,256,256,0.0147552490234375,0
site8_233.png_X0_Y0,3003,site8_233.png,0,0,0.019317626953125,0
site8_233.png_X256_Y0,3003,site8_233.png,256,0,0.0,0
site8_233.png_X0_Y256,3003,site8_233.png,0,256,0.1154327392578125,1
site8_233.png_X256_Y256,3003,site8_233.png,256,256,0.0285797119140625,0
site8_234.png_X0_Y0,3004,site8_234.png,0,0,0.0,0
site8_234.png_X256_Y0,3004,site8_234.png,256,0,0.0,0
site8_234.png_X0_Y256,3004,site8_234.png,0,256,0.140289306640625,1
site8_234.png_X256_Y256,3004,site8_234.png,256,256,0.0,0
site8_235.png_X0_Y0,3005,site8_235.png,0,0,7.62939453125e-05,0
site8_235.png_X256_Y0,3005,site8_235.png,256,0,0.01416015625,0
site8_235.png_X0_Y256,3005,site8_235.png,0,256,0.0654144287109375,1
site8_235.png_X256_Y256,3005,site8_235.png,256,256,0.0525360107421875,1
site8_236.png_X0_Y0,3006,site8_236.png,0,0,0.0,0
site8_236.png_X256_Y0,3006,site8_236.png,256,0,0.0,0
site8_236.png_X0_Y256,3006,site8_236.png,0,256,0.163360595703125,1
site8_236.png_X256_Y256,3006,site8_236.png,256,256,0.0433349609375,0
site8_244.png_X0_Y0,3011,site8_244.png,0,0,0.0560760498046875,1
site8_244.png_X256_Y0,3011,site8_244.png,256,0,0.979278564453125,2
site8_244.png_X0_Y256,3011,site8_244.png,0,256,0.0195159912109375,0
site8_244.png_X256_Y256,3011,site8_244.png,256,256,0.9992523193359375,2
site8_246.png_X0_Y0,3013,site8_246.png,0,0,0.179718017578125,1
site8_246.png_X256_Y0,3013,site8_246.png,256,0,0.0543365478515625,1
site8_246.png_X0_Y256,3013,site8_246.png,0,256,0.0,0
site8_246.png_X256_Y256,3013,site8_246.png,256,256,0.0,0
site8_247.png_X0_Y0,3014,site8_247.png,0,0,0.0,0
site8_247.png_X256_Y0,3014,site8_247.png,256,0,0.0022430419921875,0
site8_247.png_X0_Y256,3014,site8_247.png,0,256,0.0,0
site8_247.png_X256_Y256,3014,site8_247.png,256,256,0.1837615966796875,1
site8_254.png_X0_Y0,3018,site8_254.png,0,0,0.0,0
site8_254.png_X256_Y0,3018,site8_254.png,256,0,0.988037109375,2
site8_254.png_X0_Y256,3018,site8_254.png,0,256,0.0,0
site8_254.png_X256_Y256,3018,site8_254.png,256,256,0.9662628173828125,2
site8_255.png_X0_Y0,3019,site8_255.png,0,0,0.0,0
site8_255.png_X256_Y0,3019,site8_255.png,256,0,0.0,0
site8_255.png_X0_Y256,3019,site8_255.png,0,256,0.0151214599609375,0
site8_255.png_X256_Y256,3019,site8_255.png,256,256,0.0,0
site13_6.png_X0_Y0,3022,site13_6.png,0,0,0.3403778076171875,1
site13_6.png_X256_Y0,3022,site13_6.png,256,0,0.1902008056640625,1
site13_6.png_X0_Y256,3022,site13_6.png,0,256,0.0,0
site13_6.png_X256_Y256,3022,site13_6.png,256,256,0.0,0
site13_7.png_X0_Y0,3023,site13_7.png,0,0,0.04638671875,0
site13_7.png_X256_Y0,3023,site13_7.png,256,0,0.060943603515625,1
site13_7.png_X0_Y256,3023,site13_7.png,0,256,0.00946044921875,0
site13_7.png_X256_Y256,3023,site13_7.png,256,256,0.0034027099609375,0
site13_8.png_X0_Y0,3024,site13_8.png,0,0,0.0,0
site13_8.png_X256_Y0,3024,site13_8.png,256,0,0.0,0
site13_8.png_X0_Y256,3024,site13_8.png,0,256,0.0669097900390625,1
site13_8.png_X256_Y256,3024,site13_8.png,256,256,0.0,0
site13_16.png_X0_Y0,3025,site13_16.png,0,0,0.32763671875,1
site13_16.png_X256_Y0,3025,site13_16.png,256,0,0.082122802734375,1
site13_16.png_X0_Y256,3025,site13_16.png,0,256,0.0,0
site13_16.png_X256_Y256,3025,site13_16.png,256,256,0.0794525146484375,1
site13_17.png_X0_Y0,3026,site13_17.png,0,0,0.0461578369140625,0
site13_17.png_X256_Y0,3026,site13_17.png,256,0,0.3318634033203125,1
site13_17.png_X0_Y256,3026,site13_17.png,0,256,0.4533233642578125,2
site13_17.png_X256_Y256,3026,site13_17.png,256,256,0.0496826171875,0
site13_24.png_X0_Y0,3028,site13_24.png,0,0,0.0,0
site13_24.png_X256_Y0,3028,site13_24.png,256,0,0.0,0
site13_24.png_X0_Y256,3028,site13_24.png,0,256,0.0,0
site13_24.png_X256_Y256,3028,site13_24.png,256,256,0.0,0
site13_25.png_X0_Y0,3029,site13_25.png,0,0,0.0135498046875,0
site13_25.png_X256_Y0,3029,site13_25.png,256,0,0.0,0
site13_25.png_X0_Y256,3029,site13_25.png,0,256,0.0,0
site13_25.png_X256_Y256,3029,site13_25.png,256,256,0.0,0
site13_26.png_X0_Y0,3030,site13_26.png,0,0,0.22369384765625,1
site13_26.png_X256_Y0,3030,site13_26.png,256,0,0.0134124755859375,0
site13_26.png_X0_Y256,3030,site13_26.png,0,256,0.29620361328125,1
site13_26.png_X256_Y256,3030,site13_26.png,256,256,0.4134368896484375,2
site13_27.png_X0_Y0,3031,site13_27.png,0,0,0.0,0
site13_27.png_X256_Y0,3031,site13_27.png,256,0,0.0,0
site13_27.png_X0_Y256,3031,site13_27.png,0,256,0.5013885498046875,2
site13_27.png_X256_Y256,3031,site13_27.png,256,256,0.134552001953125,1
site13_31.png_X0_Y0,3033,site13_31.png,0,0,0.0,0
site13_31.png_X256_Y0,3033,site13_31.png,256,0,0.0,0
site13_31.png_X0_Y256,3033,site13_31.png,0,256,0.0,0
site13_31.png_X256_Y256,3033,site13_31.png,256,256,0.003265380859375,0
site13_32.png_X0_Y0,3034,site13_32.png,0,0,0.0400543212890625,0
site13_32.png_X256_Y0,3034,site13_32.png,256,0,0.2600250244140625,1
site13_32.png_X0_Y256,3034,site13_32.png,0,256,0.3169403076171875,1
site13_32.png_X256_Y256,3034,site13_32.png,256,256,0.458221435546875,2
site13_33.png_X0_Y0,3035,site13_33.png,0,0,0.1109161376953125,1
site13_33.png_X256_Y0,3035,site13_33.png,256,0,0.0,0
site13_33.png_X0_Y256,3035,site13_33.png,0,256,0.4516754150390625,2
site13_33.png_X256_Y256,3035,site13_33.png,256,256,0.0,0
site13_34.png_X0_Y0,3036,site13_34.png,0,0,0.0206756591796875,0
site13_34.png_X256_Y0,3036,site13_34.png,256,0,0.0,0
site13_34.png_X0_Y256,3036,site13_34.png,0,256,0.0,0
site13_34.png_X256_Y256,3036,site13_34.png,256,256,0.0,0
site13_35.png_X0_Y0,3037,site13_35.png,0,0,0.02142333984375,0
site13_35.png_X256_Y0,3037,site13_35.png,256,0,0.0,0
site13_35.png_X0_Y256,3037,site13_35.png,0,256,0.0,0
site13_35.png_X256_Y256,3037,site13_35.png,256,256,0.002899169921875,0
site13_36.png_X0_Y0,3038,site13_36.png,0,0,0.77764892578125,2
site13_36.png_X256_Y0,3038,site13_36.png,256,0,1.0,2
site13_36.png_X0_Y256,3038,site13_36.png,0,256,0.7136077880859375,2
site13_36.png_X256_Y256,3038,site13_36.png,256,256,1.0,2
site13_37.png_X0_Y0,3039,site13_37.png,0,0,1.0,2
site13_37.png_X256_Y0,3039,site13_37.png,256,0,0.484100341796875,2
site13_37.png_X0_Y256,3039,site13_37.png,0,256,1.0,2
site13_37.png_X256_Y256,3039,site13_37.png,256,256,0.3768463134765625,1
site13_42.png_X0_Y0,3042,site13_42.png,0,0,0.0,0
site13_42.png_X256_Y0,3042,site13_42.png,256,0,0.5570526123046875,2
site13_42.png_X0_Y256,3042,site13_42.png,0,256,0.0,0
site13_42.png_X256_Y256,3042,site13_42.png,256,256,0.3005828857421875,1
site13_43.png_X0_Y0,3043,site13_43.png,0,0,0.2381134033203125,1
site13_43.png_X256_Y0,3043,site13_43.png,256,0,0.13397216796875,1
site13_43.png_X0_Y256,3043,site13_43.png,0,256,0.2723541259765625,1
site13_43.png_X256_Y256,3043,site13_43.png,256,256,0.372467041015625,1
site13_44.png_X0_Y0,3044,site13_44.png,0,0,0.0,0
site13_44.png_X256_Y0,3044,site13_44.png,256,0,0.0,0
site13_44.png_X0_Y256,3044,site13_44.png,0,256,0.2401580810546875,1
site13_44.png_X256_Y256,3044,site13_44.png,256,256,0.0,0
site13_45.png_X0_Y0,3045,site13_45.png,0,0,0.1041259765625,1
site13_45.png_X256_Y0,3045,site13_45.png,256,0,0.4480743408203125,2
site13_45.png_X0_Y256,3045,site13_45.png,0,256,0.153350830078125,1
site13_45.png_X256_Y256,3045,site13_45.png,256,256,0.523101806640625,2
site13_46.png_X0_Y0,3046,site13_46.png,0,0,0.6536407470703125,2
site13_46.png_X256_Y0,3046,site13_46.png,256,0,1.0,2
site13_46.png_X0_Y256,3046,site13_46.png,0,256,0.5844879150390625,2
site13_46.png_X256_Y256,3046,site13_46.png,256,256,1.0,2
site13_47.png_X0_Y0,3047,site13_47.png,0,0,1.0,2
site13_47.png_X256_Y0,3047,site13_47.png,256,0,0.4742279052734375,2
site13_47.png_X0_Y256,3047,site13_47.png,0,256,1.0,2
site13_47.png_X256_Y256,3047,site13_47.png,256,256,0.529022216796875,2
site13_52.png_X0_Y0,3050,site13_52.png,0,0,0.0,0
site13_52.png_X256_Y0,3050,site13_52.png,256,0,0.0349273681640625,0
site13_52.png_X0_Y256,3050,site13_52.png,0,256,0.100616455078125,1
site13_52.png_X256_Y256,3050,site13_52.png,256,256,0.17352294921875,1
site13_53.png_X0_Y0,3051,site13_53.png,0,0,0.1430816650390625,1
site13_53.png_X256_Y0,3051,site13_53.png,256,0,0.0088958740234375,0
site13_53.png_X0_Y256,3051,site13_53.png,0,256,0.4091033935546875,2
site13_53.png_X256_Y256,3051,site13_53.png,256,256,0.3966827392578125,1
site13_54.png_X0_Y0,3052,site13_54.png,0,0,0.1267547607421875,1
site13_54.png_X256_Y0,3052,site13_54.png,256,0,0.0,0
site13_54.png_X0_Y256,3052,site13_54.png,0,256,0.0737152099609375,1
site13_54.png_X256_Y256,3052,site13_54.png,256,256,0.0041656494140625,0
site13_55.png_X0_Y0,3053,site13_55.png,0,0,0.007232666015625,0
site13_55.png_X256_Y0,3053,site13_55.png,256,0,0.4951324462890625,2
site13_55.png_X0_Y256,3053,site13_55.png,0,256,0.0,0
site13_55.png_X256_Y256,3053,site13_55.png,256,256,0.3647308349609375,1
site13_56.png_X0_Y0,3054,site13_56.png,0,0,0.29095458984375,1
site13_56.png_X256_Y0,3054,site13_56.png,256,0,0.621673583984375,2
site13_56.png_X0_Y256,3054,site13_56.png,0,256,0.1070556640625,1
site13_56.png_X256_Y256,3054,site13_56.png,256,256,0.1141815185546875,1
site13_57.png_X0_Y0,3055,site13_57.png,0,0,0.6058349609375,2
site13_57.png_X256_Y0,3055,site13_57.png,256,0,0.07196044921875,1
site13_57.png_X0_Y256,3055,site13_57.png,0,256,0.0843505859375,1
site13_57.png_X256_Y256,3055,site13_57.png,256,256,0.0,0
site13_61.png_X0_Y0,3057,site13_61.png,0,0,0.0,0
site13_61.png_X256_Y0,3057,site13_61.png,256,0,0.0,0
site13_61.png_X0_Y256,3057,site13_61.png,0,256,0.0,0
site13_61.png_X256_Y256,3057,site13_61.png,256,256,0.010009765625,0
site13_62.png_X0_Y0,3058,site13_62.png,0,0,0.23712158203125,1
site13_62.png_X256_Y0,3058,site13_62.png,256,0,0.1797943115234375,1
site13_62.png_X0_Y256,3058,site13_62.png,0,256,0.195648193359375,1
site13_62.png_X256_Y256,3058,site13_62.png,256,256,0.3690643310546875,1
site13_63.png_X0_Y0,3059,site13_63.png,0,0,0.42218017578125,2
site13_63.png_X256_Y0,3059,site13_63.png,256,0,0.319183349609375,1
site13_63.png_X0_Y256,3059,site13_63.png,0,256,0.2660980224609375,1
site13_63.png_X256_Y256,3059,site13_63.png,256,256,0.01177978515625,0
site13_64.png_X0_Y0,3060,site13_64.png,0,0,0.293304443359375,1
site13_64.png_X256_Y0,3060,site13_64.png,256,0,0.001007080078125,0
site13_64.png_X0_Y256,3060,site13_64.png,0,256,0.3682708740234375,1
site13_64.png_X256_Y256,3060,site13_64.png,256,256,0.8629150390625,2
site13_65.png_X0_Y0,3061,site13_65.png,0,0,0.0,0
site13_65.png_X256_Y0,3061,site13_65.png,256,0,0.0,0
site13_65.png_X0_Y256,3061,site13_65.png,0,256,0.1000518798828125,1
site13_65.png_X256_Y256,3061,site13_65.png,256,256,0.0,0
site13_66.png_X0_Y0,3062,site13_66.png,0,0,0.3951416015625,1
site13_66.png_X256_Y0,3062,site13_66.png,256,0,0.76507568359375,2
site13_66.png_X0_Y256,3062,site13_66.png,0,256,0.9157867431640625,2
site13_66.png_X256_Y256,3062,site13_66.png,256,256,0.9866943359375,2
site13_67.png_X0_Y0,3063,site13_67.png,0,0,0.0185546875,0
site13_67.png_X256_Y0,3063,site13_67.png,256,0,0.0,0
site13_67.png_X0_Y256,3063,site13_67.png,0,256,0.2576141357421875,1
site13_67.png_X256_Y256,3063,site13_67.png,256,256,0.0,0
site13_71.png_X0_Y0,3066,site13_71.png,0,0,0.1326446533203125,1
site13_71.png_X256_Y0,3066,site13_71.png,256,0,0.36590576171875,1
site13_71.png_X0_Y256,3066,site13_71.png,0,256,0.125885009765625,1
site13_71.png_X256_Y256,3066,site13_71.png,256,256,0.543609619140625,2
site13_72.png_X0_Y0,3067,site13_72.png,0,0,0.6416778564453125,2
site13_72.png_X256_Y0,3067,site13_72.png,256,0,0.681640625,2
site13_72.png_X0_Y256,3067,site13_72.png,0,256,1.0,2
site13_72.png_X256_Y256,3067,site13_72.png,256,256,1.0,2
site13_73.png_X0_Y0,3068,site13_73.png,0,0,0.9924468994140625,2
site13_73.png_X256_Y0,3068,site13_73.png,256,0,1.0,2
site13_73.png_X0_Y256,3068,site13_73.png,0,256,1.0,2
site13_73.png_X256_Y256,3068,site13_73.png,256,256,1.0,2
site13_74.png_X0_Y0,3069,site13_74.png,0,0,1.0,2
site13_74.png_X256_Y0,3069,site13_74.png,256,0,1.0,2
site13_74.png_X0_Y256,3069,site13_74.png,0,256,1.0,2
site13_74.png_X256_Y256,3069,site13_74.png,256,256,1.0,2
site13_75.png_X0_Y0,3070,site13_75.png,0,0,0.9820709228515625,2
site13_75.png_X256_Y0,3070,site13_75.png,256,0,0.18841552734375,1
site13_75.png_X0_Y256,3070,site13_75.png,0,256,1.0,2
site13_75.png_X256_Y256,3070,site13_75.png,256,256,0.43475341796875,2
site13_76.png_X0_Y0,3071,site13_76.png,0,0,0.227630615234375,1
site13_76.png_X256_Y0,3071,site13_76.png,256,0,0.9602508544921875,2
site13_76.png_X0_Y256,3071,site13_76.png,0,256,0.0,0
site13_76.png_X256_Y256,3071,site13_76.png,256,256,0.42303466796875,2
site13_77.png_X0_Y0,3072,site13_77.png,0,0,0.4524383544921875,2
site13_77.png_X256_Y0,3072,site13_77.png,256,0,0.0375823974609375,0
site13_77.png_X0_Y256,3072,site13_77.png,0,256,0.7220001220703125,2
site13_77.png_X256_Y256,3072,site13_77.png,256,256,0.1180877685546875,1
site13_82.png_X0_Y0,3075,site13_82.png,0,0,1.0,2
site13_82.png_X256_Y0,3075,site13_82.png,256,0,1.0,2
site13_82.png_X0_Y256,3075,site13_82.png,0,256,0.9998016357421875,2
site13_82.png_X256_Y256,3075,site13_82.png,256,256,1.0,2
site13_83.png_X0_Y0,3076,site13_83.png,0,0,1.0,2
site13_83.png_X256_Y0,3076,site13_83.png,256,0,1.0,2
site13_83.png_X0_Y256,3076,site13_83.png,0,256,1.0,2
site13_83.png_X256_Y256,3076,site13_83.png,256,256,1.0,2
site13_84.png_X0_Y0,3077,site13_84.png,0,0,1.0,2
site13_84.png_X256_Y0,3077,site13_84.png,256,0,1.0,2
site13_84.png_X0_Y256,3077,site13_84.png,0,256,1.0,2
site13_84.png_X256_Y256,3077,site13_84.png,256,256,1.0,2
site13_85.png_X0_Y0,3078,site13_85.png,0,0,0.7451324462890625,2
site13_85.png_X256_Y0,3078,site13_85.png,256,0,0.0147552490234375,0
site13_85.png_X0_Y256,3078,site13_85.png,0,256,0.6164703369140625,2
site13_85.png_X256_Y256,3078,site13_85.png,256,256,0.0,0
site13_86.png_X0_Y0,3079,site13_86.png,0,0,0.0473175048828125,0
site13_86.png_X256_Y0,3079,site13_86.png,256,0,0.1357574462890625,1
site13_86.png_X0_Y256,3079,site13_86.png,0,256,0.166900634765625,1
site13_86.png_X256_Y256,3079,site13_86.png,256,256,0.9920196533203125,2
site13_87.png_X0_Y0,3080,site13_87.png,0,0,0.995086669921875,2
site13_87.png_X256_Y0,3080,site13_87.png,256,0,0.8031005859375,2
site13_87.png_X0_Y256,3080,site13_87.png,0,256,1.0,2
site13_87.png_X256_Y256,3080,site13_87.png,256,256,0.4395904541015625,2
site13_92.png_X0_Y0,3083,site13_92.png,0,0,0.95703125,2
site13_92.png_X256_Y0,3083,site13_92.png,256,0,1.0,2
site13_92.png_X0_Y256,3083,site13_92.png,0,256,0.902984619140625,2
site13_92.png_X256_Y256,3083,site13_92.png,256,256,1.0,2
site13_93.png_X0_Y0,3084,site13_93.png,0,0,1.0,2
site13_93.png_X256_Y0,3084,site13_93.png,256,0,1.0,2
site13_93.png_X0_Y256,3084,site13_93.png,0,256,1.0,2
site13_93.png_X256_Y256,3084,site13_93.png,256,256,1.0,2
site13_94.png_X0_Y0,3085,site13_94.png,0,0,1.0,2
site13_94.png_X256_Y0,3085,site13_94.png,256,0,1.0,2
site13_94.png_X0_Y256,3085,site13_94.png,0,256,1.0,2
site13_94.png_X256_Y256,3085,site13_94.png,256,256,1.0,2
site13_95.png_X0_Y0,3086,site13_95.png,0,0,0.7033843994140625,2
site13_95.png_X256_Y0,3086,site13_95.png,256,0,0.0,0
site13_95.png_X0_Y256,3086,site13_95.png,0,256,0.7627410888671875,2
site13_95.png_X256_Y256,3086,site13_95.png,256,256,0.0,0
site13_96.png_X0_Y0,3087,site13_96.png,0,0,0.0,0
site13_96.png_X256_Y0,3087,site13_96.png,256,0,0.1858978271484375,1
site13_96.png_X0_Y256,3087,site13_96.png,0,256,0.0,0
site13_96.png_X256_Y256,3087,site13_96.png,256,256,0.0,0
site13_97.png_X0_Y0,3088,site13_97.png,0,0,0.2489166259765625,1
site13_97.png_X256_Y0,3088,site13_97.png,256,0,0.0218048095703125,0
site13_97.png_X0_Y256,3088,site13_97.png,0,256,0.0,0
site13_97.png_X256_Y256,3088,site13_97.png,256,256,0.0,0
site13_98.png_X0_Y0,3089,site13_98.png,0,0,0.0,0
site13_98.png_X256_Y0,3089,site13_98.png,256,0,0.0,0
site13_98.png_X0_Y256,3089,site13_98.png,0,256,0.2272491455078125,1
site13_98.png_X256_Y256,3089,site13_98.png,256,256,0.0,0
site13_102.png_X0_Y0,3091,site13_102.png,0,0,0.8307647705078125,2
site13_102.png_X256_Y0,3091,site13_102.png,256,0,1.0,2
site13_102.png_X0_Y256,3091,site13_102.png,0,256,0.771942138671875,2
site13_102.png_X256_Y256,3091,site13_102.png,256,256,1.0,2
site13_103.png_X0_Y0,3092,site13_103.png,0,0,1.0,2
site13_103.png_X256_Y0,3092,site13_103.png,256,0,1.0,2
site13_103.png_X0_Y256,3092,site13_103.png,0,256,1.0,2
site13_103.png_X256_Y256,3092,site13_103.png,256,256,1.0,2
site13_104.png_X0_Y0,3093,site13_104.png,0,0,1.0,2
site13_104.png_X256_Y0,3093,site13_104.png,256,0,1.0,2
site13_104.png_X0_Y256,3093,site13_104.png,0,256,1.0,2
site13_104.png_X256_Y256,3093,site13_104.png,256,256,1.0,2
site13_105.png_X0_Y0,3094,site13_105.png,0,0,0.859954833984375,2
site13_105.png_X256_Y0,3094,site13_105.png,256,0,0.0,0
site13_105.png_X0_Y256,3094,site13_105.png,0,256,0.9531402587890625,2
site13_105.png_X256_Y256,3094,site13_105.png,256,256,0.0013275146484375,0
site13_106.png_X0_Y0,3095,site13_106.png,0,0,0.0,0
site13_106.png_X256_Y0,3095,site13_106.png,256,0,0.0,0
site13_106.png_X0_Y256,3095,site13_106.png,0,256,0.0,0
site13_106.png_X256_Y256,3095,site13_106.png,256,256,0.21417236328125,1
site13_107.png_X0_Y0,3096,site13_107.png,0,0,0.074737548828125,1
site13_107.png_X256_Y0,3096,site13_107.png,256,0,0.0,0
site13_107.png_X0_Y256,3096,site13_107.png,0,256,0.974822998046875,2
site13_107.png_X256_Y256,3096,site13_107.png,256,256,0.5428009033203125,2
site13_108.png_X0_Y0,3097,site13_108.png,0,0,0.1849365234375,1
site13_108.png_X256_Y0,3097,site13_108.png,256,0,0.0,0
site13_108.png_X0_Y256,3097,site13_108.png,0,256,0.43743896484375,2
site13_108.png_X256_Y256,3097,site13_108.png,256,256,0.0,0
site13_112.png_X0_Y0,3099,site13_112.png,0,0,0.698638916015625,2
site13_112.png_X256_Y0,3099,site13_112.png,256,0,1.0,2
site13_112.png_X0_Y256,3099,site13_112.png,0,256,0.6398162841796875,2
site13_112.png_X256_Y256,3099,site13_112.png,256,256,1.0,2
site13_113.png_X0_Y0,3100,site13_113.png,0,0,1.0,2
site13_113.png_X256_Y0,3100,site13_113.png,256,0,1.0,2
site13_113.png_X0_Y256,3100,site13_113.png,0,256,1.0,2
site13_113.png_X256_Y256,3100,site13_113.png,256,256,1.0,2
site13_114.png_X0_Y0,3101,site13_114.png,0,0,1.0,2
site13_114.png_X256_Y0,3101,site13_114.png,256,0,1.0,2
site13_114.png_X0_Y256,3101,site13_114.png,0,256,1.0,2
site13_114.png_X256_Y256,3101,site13_114.png,256,256,1.0,2
site13_115.png_X0_Y0,3102,site13_115.png,0,0,0.9884796142578125,2
site13_115.png_X256_Y0,3102,site13_115.png,256,0,0.0296173095703125,0
site13_115.png_X0_Y256,3102,site13_115.png,0,256,0.9506683349609375,2
site13_115.png_X256_Y256,3102,site13_115.png,256,256,0.0,0
site13_116.png_X0_Y0,3103,site13_116.png,0,0,0.0,0
site13_116.png_X256_Y0,3103,site13_116.png,256,0,0.4407806396484375,2
site13_116.png_X0_Y256,3103,site13_116.png,0,256,0.0,0
site13_116.png_X256_Y256,3103,site13_116.png,256,256,0.12750244140625,1
site13_117.png_X0_Y0,3104,site13_117.png,0,0,0.9960784912109375,2
site13_117.png_X256_Y0,3104,site13_117.png,256,0,0.9748687744140625,2
site13_117.png_X0_Y256,3104,site13_117.png,0,256,0.8730010986328125,2
site13_117.png_X256_Y256,3104,site13_117.png,256,256,0.8977508544921875,2
site13_118.png_X0_Y0,3105,site13_118.png,0,0,0.448883056640625,2
site13_118.png_X256_Y0,3105,site13_118.png,256,0,0.0,0
site13_118.png_X0_Y256,3105,site13_118.png,0,256,0.82568359375,2
site13_118.png_X256_Y256,3105,site13_118.png,256,256,0.75531005859375,2
site13_119.png_X0_Y0,3106,site13_119.png,0,0,0.0,0
site13_119.png_X256_Y0,3106,site13_119.png,256,0,0.0,0
site13_119.png_X0_Y256,3106,site13_119.png,0,256,0.1728668212890625,1
site13_119.png_X256_Y256,3106,site13_119.png,256,256,0.0,0
site13_122.png_X0_Y0,3107,site13_122.png,0,0,0.493743896484375,2
site13_122.png_X256_Y0,3107,site13_122.png,256,0,0.5130615234375,2
site13_122.png_X0_Y256,3107,site13_122.png,0,256,0.1397552490234375,1
site13_122.png_X256_Y256,3107,site13_122.png,256,256,0.0,0
site13_123.png_X0_Y0,3108,site13_123.png,0,0,0.95947265625,2
site13_123.png_X256_Y0,3108,site13_123.png,256,0,0.7950439453125,2
site13_123.png_X0_Y256,3108,site13_123.png,0,256,0.1504058837890625,1
site13_123.png_X256_Y256,3108,site13_123.png,256,256,0.1526336669921875,1
site13_124.png_X0_Y0,3109,site13_124.png,0,0,0.6799468994140625,2
site13_124.png_X256_Y0,3109,site13_124.png,256,0,0.4217681884765625,2
site13_124.png_X0_Y256,3109,site13_124.png,0,256,0.0908050537109375,1
site13_124.png_X256_Y256,3109,site13_124.png,256,256,0.0,0
site13_126.png_X0_Y0,3111,site13_126.png,0,0,0.0,0
site13_126.png_X256_Y0,3111,site13_126.png,256,0,0.3923187255859375,1
site13_126.png_X0_Y256,3111,site13_126.png,0,256,0.1373748779296875,1
site13_126.png_X256_Y256,3111,site13_126.png,256,256,0.9719390869140625,2
site13_127.png_X0_Y0,3112,site13_127.png,0,0,0.773468017578125,2
site13_127.png_X256_Y0,3112,site13_127.png,256,0,0.41546630859375,2
site13_127.png_X0_Y256,3112,site13_127.png,0,256,1.0,2
site13_127.png_X256_Y256,3112,site13_127.png,256,256,1.0,2
site13_128.png_X0_Y0,3113,site13_128.png,0,0,0.8277740478515625,2
site13_128.png_X256_Y0,3113,site13_128.png,256,0,1.0,2
site13_128.png_X0_Y256,3113,site13_128.png,0,256,0.9446563720703125,2
site13_128.png_X256_Y256,3113,site13_128.png,256,256,0.96044921875,2
site13_129.png_X0_Y0,3114,site13_129.png,0,0,0.23138427734375,1
site13_129.png_X256_Y0,3114,site13_129.png,256,0,0.0,0
site13_129.png_X0_Y256,3114,site13_129.png,0,256,0.000396728515625,0
site13_129.png_X256_Y256,3114,site13_129.png,256,256,0.0,0
site13_131.png_X0_Y0,3115,site13_131.png,0,0,0.232025146484375,1
site13_131.png_X256_Y0,3115,site13_131.png,256,0,0.193695068359375,1
site13_131.png_X0_Y256,3115,site13_131.png,0,256,0.6649627685546875,2
site13_131.png_X256_Y256,3115,site13_131.png,256,256,0.5680389404296875,2
site13_132.png_X0_Y0,3116,site13_132.png,0,0,0.009124755859375,0
site13_132.png_X256_Y0,3116,site13_132.png,256,0,0.3234710693359375,1
site13_132.png_X0_Y256,3116,site13_132.png,0,256,0.606719970703125,2
site13_132.png_X256_Y256,3116,site13_132.png,256,256,0.7409515380859375,2
site13_133.png_X0_Y0,3117,site13_133.png,0,0,0.8577880859375,2
site13_133.png_X256_Y0,3117,site13_133.png,256,0,0.9344024658203125,2
site13_133.png_X0_Y256,3117,site13_133.png,0,256,1.0,2
site13_133.png_X256_Y256,3117,site13_133.png,256,256,1.0,2
site13_134.png_X0_Y0,3118,site13_134.png,0,0,1.0,2
site13_134.png_X256_Y0,3118,site13_134.png,256,0,0.71539306640625,2
site13_134.png_X0_Y256,3118,site13_134.png,0,256,1.0,2
site13_134.png_X256_Y256,3118,site13_134.png,256,256,0.9058380126953125,2
site13_135.png_X0_Y0,3119,site13_135.png,0,0,0.32904052734375,1
site13_135.png_X256_Y0,3119,site13_135.png,256,0,0.0,0
site13_135.png_X0_Y256,3119,site13_135.png,0,256,0.545196533203125,2
site13_135.png_X256_Y256,3119,site13_135.png,256,256,0.0,0
site13_136.png_X0_Y0,3120,site13_136.png,0,0,0.3823089599609375,1
site13_136.png_X256_Y0,3120,site13_136.png,256,0,1.0,2
site13_136.png_X0_Y256,3120,site13_136.png,0,256,0.553955078125,2
site13_136.png_X256_Y256,3120,site13_136.png,256,256,1.0,2
site13_137.png_X0_Y0,3121,site13_137.png,0,0,1.0,2
site13_137.png_X256_Y0,3121,site13_137.png,256,0,1.0,2
site13_137.png_X0_Y256,3121,site13_137.png,0,256,1.0,2
site13_137.png_X256_Y256,3121,site13_137.png,256,256,1.0,2
site13_138.png_X0_Y0,3122,site13_138.png,0,0,1.0,2
site13_138.png_X256_Y0,3122,site13_138.png,256,0,1.0,2
site13_138.png_X0_Y256,3122,site13_138.png,0,256,1.0,2
site13_138.png_X256_Y256,3122,site13_138.png,256,256,1.0,2
site13_139.png_X0_Y0,3123,site13_139.png,0,0,0.188507080078125,1
site13_139.png_X256_Y0,3123,site13_139.png,256,0,0.0,0
site13_139.png_X0_Y256,3123,site13_139.png,0,256,0.4083709716796875,2
site13_139.png_X256_Y256,3123,site13_139.png,256,256,0.0,0
site13_141.png_X0_Y0,3124,site13_141.png,0,0,0.5510711669921875,2
site13_141.png_X256_Y0,3124,site13_141.png,256,0,0.639923095703125,2
site13_141.png_X0_Y256,3124,site13_141.png,0,256,0.459503173828125,2
site13_141.png_X256_Y256,3124,site13_141.png,256,256,0.63299560546875,2
site13_142.png_X0_Y0,3125,site13_142.png,0,0,0.5106048583984375,2
site13_142.png_X256_Y0,3125,site13_142.png,256,0,0.341278076171875,1
site13_142.png_X0_Y256,3125,site13_142.png,0,256,0.0,0
site13_142.png_X256_Y256,3125,site13_142.png,256,256,0.0,0
site13_143.png_X0_Y0,3126,site13_143.png,0,0,0.70550537109375,2
site13_143.png_X256_Y0,3126,site13_143.png,256,0,0.6192474365234375,2
site13_143.png_X0_Y256,3126,site13_143.png,0,256,0.0,0
site13_143.png_X256_Y256,3126,site13_143.png,256,256,0.0,0
site13_144.png_X0_Y0,3127,site13_144.png,0,0,0.0,0
site13_144.png_X256_Y0,3127,site13_144.png,256,0,0.0,0
site13_144.png_X0_Y256,3127,site13_144.png,0,256,0.07110595703125,1
site13_144.png_X256_Y256,3127,site13_144.png,256,256,0.574005126953125,2
site13_145.png_X0_Y0,3128,site13_145.png,0,0,0.0,0
site13_145.png_X256_Y0,3128,site13_145.png,256,0,0.0,0
site13_145.png_X0_Y256,3128,site13_145.png,0,256,0.6415557861328125,2
site13_145.png_X256_Y256,3128,site13_145.png,256,256,0.5897979736328125,2
site13_146.png_X0_Y0,3129,site13_146.png,0,0,0.2187957763671875,1
site13_146.png_X256_Y0,3129,site13_146.png,256,0,0.9654083251953125,2
site13_146.png_X0_Y256,3129,site13_146.png,0,256,0.590545654296875,2
site13_146.png_X256_Y256,3129,site13_146.png,256,256,0.83477783203125,2
site13_147.png_X0_Y0,3130,site13_147.png,0,0,1.0,2
site13_147.png_X256_Y0,3130,site13_147.png,256,0,1.0,2
site13_147.png_X0_Y256,3130,site13_147.png,0,256,0.9578399658203125,2
site13_147.png_X256_Y256,3130,site13_147.png,256,256,0.9712066650390625,2
site13_148.png_X0_Y0,3131,site13_148.png,0,0,1.0,2
site13_148.png_X256_Y0,3131,site13_148.png,256,0,0.974273681640625,2
site13_148.png_X0_Y256,3131,site13_148.png,0,256,0.569732666015625,2
site13_148.png_X256_Y256,3131,site13_148.png,256,256,0.6270599365234375,2
site13_149.png_X0_Y0,3132,site13_149.png,0,0,0.0,0
site13_149.png_X256_Y0,3132,site13_149.png,256,0,0.0,0
site13_149.png_X0_Y256,3132,site13_149.png,0,256,0.214752197265625,1
site13_149.png_X256_Y256,3132,site13_149.png,256,256,0.0,0
site13_151.png_X0_Y0,3133,site13_151.png,0,0,0.345001220703125,1
site13_151.png_X256_Y0,3133,site13_151.png,256,0,0.865692138671875,2
site13_151.png_X0_Y256,3133,site13_151.png,0,256,0.2514190673828125,1
site13_151.png_X256_Y256,3133,site13_151.png,256,256,0.8647613525390625,2
site13_152.png_X0_Y0,3134,site13_152.png,0,0,0.6466217041015625,2
site13_152.png_X256_Y0,3134,site13_152.png,256,0,0.0,0
site13_152.png_X0_Y256,3134,site13_152.png,0,256,0.686309814453125,2
site13_152.png_X256_Y256,3134,site13_152.png,256,256,0.4016265869140625,2
site13_153.png_X0_Y0,3135,site13_153.png,0,0,0.0519561767578125,1
site13_153.png_X256_Y0,3135,site13_153.png,256,0,0.0,0
site13_153.png_X0_Y256,3135,site13_153.png,0,256,0.80926513671875,2
site13_153.png_X256_Y256,3135,site13_153.png,256,256,0.0467529296875,0
site13_154.png_X0_Y0,3136,site13_154.png,0,0,0.0006103515625,0
site13_154.png_X256_Y0,3136,site13_154.png,256,0,0.500732421875,2
site13_154.png_X0_Y256,3136,site13_154.png,0,256,0.0,0
site13_154.png_X256_Y256,3136,site13_154.png,256,256,0.154571533203125,1
site13_155.png_X0_Y0,3137,site13_155.png,0,0,1.0,2
site13_155.png_X256_Y0,3137,site13_155.png,256,0,0.9788665771484375,2
site13_155.png_X0_Y256,3137,site13_155.png,0,256,0.4264068603515625,2
site13_155.png_X256_Y256,3137,site13_155.png,256,256,0.1964263916015625,1
site13_156.png_X0_Y0,3138,site13_156.png,0,0,0.4460906982421875,2
site13_156.png_X256_Y0,3138,site13_156.png,256,0,1.0,2
site13_156.png_X0_Y256,3138,site13_156.png,0,256,0.174957275390625,1
site13_156.png_X256_Y256,3138,site13_156.png,256,256,0.986236572265625,2
site13_157.png_X0_Y0,3139,site13_157.png,0,0,1.0,2
site13_157.png_X256_Y0,3139,site13_157.png,256,0,1.0,2
site13_157.png_X0_Y256,3139,site13_157.png,0,256,1.0,2
site13_157.png_X256_Y256,3139,site13_157.png,256,256,0.999359130859375,2
site13_158.png_X0_Y0,3140,site13_158.png,0,0,1.0,2
site13_158.png_X256_Y0,3140,site13_158.png,256,0,0.883941650390625,2
site13_158.png_X0_Y256,3140,site13_158.png,0,256,0.9755706787109375,2
site13_158.png_X256_Y256,3140,site13_158.png,256,256,0.983734130859375,2
site13_159.png_X0_Y0,3141,site13_159.png,0,0,0.1072845458984375,1
site13_159.png_X256_Y0,3141,site13_159.png,256,0,0.0,0
site13_159.png_X0_Y256,3141,site13_159.png,0,256,0.5010223388671875,2
site13_159.png_X256_Y256,3141,site13_159.png,256,256,0.0,0
site13_162.png_X0_Y0,3142,site13_162.png,0,0,0.6474761962890625,2
site13_162.png_X256_Y0,3142,site13_162.png,256,0,0.092987060546875,1
site13_162.png_X0_Y256,3142,site13_162.png,0,256,0.212615966796875,1
site13_162.png_X256_Y256,3142,site13_162.png,256,256,0.0,0
site13_163.png_X0_Y0,3143,site13_163.png,0,0,0.0,0
site13_163.png_X256_Y0,3143,site13_163.png,256,0,0.0316009521484375,0
site13_163.png_X0_Y256,3143,site13_163.png,0,256,0.2267608642578125,1
site13_163.png_X256_Y256,3143,site13_163.png,256,256,0.2016754150390625,1
site13_165.png_X0_Y0,3145,site13_165.png,0,0,0.03948974609375,0
site13_165.png_X256_Y0,3145,site13_165.png,256,0,0.24017333984375,1
site13_165.png_X0_Y256,3145,site13_165.png,0,256,0.406524658203125,2
site13_165.png_X256_Y256,3145,site13_165.png,256,256,0.9896392822265625,2
site13_166.png_X0_Y0,3146,site13_166.png,0,0,0.0015411376953125,0
site13_166.png_X256_Y0,3146,site13_166.png,256,0,0.6140594482421875,2
site13_166.png_X0_Y256,3146,site13_166.png,0,256,0.146148681640625,1
site13_166.png_X256_Y256,3146,site13_166.png,256,256,0.0600128173828125,1
site13_167.png_X0_Y0,3147,site13_167.png,0,0,0.973052978515625,2
site13_167.png_X256_Y0,3147,site13_167.png,256,0,0.9323272705078125,2
site13_167.png_X0_Y256,3147,site13_167.png,0,256,0.881561279296875,2
site13_167.png_X256_Y256,3147,site13_167.png,256,256,0.90643310546875,2
site13_168.png_X0_Y0,3148,site13_168.png,0,0,1.0,2
site13_168.png_X256_Y0,3148,site13_168.png,256,0,0.9270782470703125,2
site13_168.png_X0_Y256,3148,site13_168.png,0,256,1.0,2
site13_168.png_X256_Y256,3148,site13_168.png,256,256,0.915924072265625,2
site13_169.png_X0_Y0,3149,site13_169.png,0,0,0.7952423095703125,2
site13_169.png_X256_Y0,3149,site13_169.png,256,0,0.0,0
site13_169.png_X0_Y256,3149,site13_169.png,0,256,0.76416015625,2
site13_169.png_X256_Y256,3149,site13_169.png,256,256,0.0,0
site13_172.png_X0_Y0,3150,site13_172.png,0,0,0.725738525390625,2
site13_172.png_X256_Y0,3150,site13_172.png,256,0,0.012481689453125,0
site13_172.png_X0_Y256,3150,site13_172.png,0,256,0.7204742431640625,2
site13_172.png_X256_Y256,3150,site13_172.png,256,256,0.0,0
site13_173.png_X0_Y0,3151,site13_173.png,0,0,0.0,0
site13_173.png_X256_Y0,3151,site13_173.png,256,0,0.0223236083984375,0
site13_173.png_X0_Y256,3151,site13_173.png,0,256,0.0,0
site13_173.png_X256_Y256,3151,site13_173.png,256,256,0.0,0
site13_175.png_X0_Y0,3153,site13_175.png,0,0,0.0486602783203125,0
site13_175.png_X256_Y0,3153,site13_175.png,256,0,0.7140045166015625,2
site13_175.png_X0_Y256,3153,site13_175.png,0,256,0.0,0
site13_175.png_X256_Y256,3153,site13_175.png,256,256,0.7873382568359375,2
site13_176.png_X0_Y0,3154,site13_176.png,0,0,0.0,0
site13_176.png_X256_Y0,3154,site13_176.png,256,0,0.0,0
site13_176.png_X0_Y256,3154,site13_176.png,0,256,0.0833587646484375,1
site13_176.png_X256_Y256,3154,site13_176.png,256,256,0.0,0
site13_177.png_X0_Y0,3155,site13_177.png,0,0,0.9993133544921875,2
site13_177.png_X256_Y0,3155,site13_177.png,256,0,0.9131927490234375,2
site13_177.png_X0_Y256,3155,site13_177.png,0,256,0.601104736328125,2
site13_177.png_X256_Y256,3155,site13_177.png,256,256,0.44598388671875,2
site13_178.png_X0_Y0,3156,site13_178.png,0,0,1.0,2
site13_178.png_X256_Y0,3156,site13_178.png,256,0,0.923583984375,2
site13_178.png_X0_Y256,3156,site13_178.png,0,256,0.396881103515625,1
site13_178.png_X256_Y256,3156,site13_178.png,256,256,0.5265350341796875,2
site13_179.png_X0_Y0,3157,site13_179.png,0,0,0.645599365234375,2
site13_179.png_X256_Y0,3157,site13_179.png,256,0,0.0,0
site13_179.png_X0_Y256,3157,site13_179.png,0,256,0.0535430908203125,1
site13_179.png_X256_Y256,3157,site13_179.png,256,256,0.0,0
site13_182.png_X0_Y0,3158,site13_182.png,0,0,0.754241943359375,2
site13_182.png_X256_Y0,3158,site13_182.png,256,0,0.0,0
site13_182.png_X0_Y256,3158,site13_182.png,0,256,0.77935791015625,2
site13_182.png_X256_Y256,3158,site13_182.png,256,256,0.0,0
site13_185.png_X0_Y0,3161,site13_185.png,0,0,0.0,0
site13_185.png_X256_Y0,3161,site13_185.png,256,0,0.5478057861328125,2
site13_185.png_X0_Y256,3161,site13_185.png,0,256,0.0,0
site13_185.png_X256_Y256,3161,site13_185.png,256,256,0.0,0
site13_186.png_X0_Y0,3162,site13_186.png,0,0,0.3294525146484375,1
site13_186.png_X256_Y0,3162,site13_186.png,256,0,0.0,0
site13_186.png_X0_Y256,3162,site13_186.png,0,256,0.0,0
site13_186.png_X256_Y256,3162,site13_186.png,256,256,0.0,0
site13_187.png_X0_Y0,3163,site13_187.png,0,0,0.0,0
site13_187.png_X256_Y0,3163,site13_187.png,256,0,0.1377410888671875,1
site13_187.png_X0_Y256,3163,site13_187.png,0,256,0.0,0
site13_187.png_X256_Y256,3163,site13_187.png,256,256,0.015960693359375,0
site13_188.png_X0_Y0,3164,site13_188.png,0,0,0.3339080810546875,1
site13_188.png_X256_Y0,3164,site13_188.png,256,0,0.0869293212890625,1
site13_188.png_X0_Y256,3164,site13_188.png,0,256,0.0,0
site13_188.png_X256_Y256,3164,site13_188.png,256,256,0.0,0
site13_189.png_X0_Y0,3165,site13_189.png,0,0,0.059722900390625,1
site13_189.png_X256_Y0,3165,site13_189.png,256,0,0.010223388671875,0
site13_189.png_X0_Y256,3165,site13_189.png,0,256,0.0,0
site13_189.png_X256_Y256,3165,site13_189.png,256,256,0.0294036865234375,0
site13_192.png_X0_Y0,3166,site13_192.png,0,0,0.809814453125,2
site13_192.png_X256_Y0,3166,site13_192.png,256,0,0.0792388916015625,1
site13_192.png_X0_Y256,3166,site13_192.png,0,256,0.8358001708984375,2
site13_192.png_X256_Y256,3166,site13_192.png,256,256,0.0,0
site13_195.png_X0_Y0,3169,site13_195.png,0,0,0.0,0
site13_195.png_X256_Y0,3169,site13_195.png,256,0,0.0,0
site13_195.png_X0_Y256,3169,site13_195.png,0,256,0.0,0
site13_195.png_X256_Y256,3169,site13_195.png,256,256,0.0087127685546875,0
site13_199.png_X0_Y0,3173,site13_199.png,0,0,0.0,0
site13_199.png_X256_Y0,3173,site13_199.png,256,0,0.0,0
site13_199.png_X0_Y256,3173,site13_199.png,0,256,0.0,0
site13_199.png_X256_Y256,3173,site13_199.png,256,256,0.0,0
site13_202.png_X0_Y0,3174,site13_202.png,0,0,0.372039794921875,1
site13_202.png_X256_Y0,3174,site13_202.png,256,0,0.0,0
site13_202.png_X0_Y256,3174,site13_202.png,0,256,0.0,0
site13_202.png_X256_Y256,3174,site13_202.png,256,256,0.0,0
site13_209.png_X0_Y0,3181,site13_209.png,0,0,0.0,0
site13_209.png_X256_Y0,3181,site13_209.png,256,0,0.0,0
site13_209.png_X0_Y256,3181,site13_209.png,0,256,0.0,0
site13_209.png_X256_Y256,3181,site13_209.png,256,256,0.0,0
site13_210.png_X0_Y0,3182,site13_210.png,0,0,0.509521484375,2
site13_210.png_X256_Y0,3182,site13_210.png,256,0,0.074951171875,1
site13_210.png_X0_Y256,3182,site13_210.png,0,256,0.8609161376953125,2
site13_210.png_X256_Y256,3182,site13_210.png,256,256,0.9033966064453125,2
site13_219.png_X0_Y0,3190,site13_219.png,0,0,0.0,0
site13_219.png_X256_Y0,3190,site13_219.png,256,0,0.0,0
site13_219.png_X0_Y256,3190,site13_219.png,0,256,0.0,0
site13_219.png_X256_Y256,3190,site13_219.png,256,256,0.0,0
site2_36.png_X0_Y0,3208,site2_36.png,0,0,0.2410125732421875,1
site2_36.png_X256_Y0,3208,site2_36.png,256,0,0.0,0
site2_36.png_X0_Y256,3208,site2_36.png,0,256,0.131011962890625,1
site2_36.png_X256_Y256,3208,site2_36.png,256,256,0.00787353515625,0
site2_37.png_X0_Y0,3209,site2_37.png,0,0,0.0,0
site2_37.png_X256_Y0,3209,site2_37.png,256,0,0.0,0
site2_37.png_X0_Y256,3209,site2_37.png,0,256,0.144989013671875,1
site2_37.png_X256_Y256,3209,site2_37.png,256,256,0.15234375,1
site2_49.png_X0_Y0,3217,site2_49.png,0,0,0.0,0
site2_49.png_X256_Y0,3217,site2_49.png,256,0,0.0,0
site2_49.png_X0_Y256,3217,site2_49.png,0,256,0.0052032470703125,0
site2_49.png_X256_Y256,3217,site2_49.png,256,256,0.0029296875,0
site2_50.png_X0_Y0,3218,site2_50.png,0,0,0.50689697265625,2
site2_50.png_X256_Y0,3218,site2_50.png,256,0,0.0,0
site2_50.png_X0_Y256,3218,site2_50.png,0,256,0.071014404296875,1
site2_50.png_X256_Y256,3218,site2_50.png,256,256,0.00311279296875,0
site2_51.png_X0_Y0,3219,site2_51.png,0,0,0.2673187255859375,1
site2_51.png_X256_Y0,3219,site2_51.png,256,0,0.014678955078125,0
site2_51.png_X0_Y256,3219,site2_51.png,0,256,0.9724273681640625,2
site2_51.png_X256_Y256,3219,site2_51.png,256,256,0.3070831298828125,1
site2_63.png_X0_Y0,3228,site2_63.png,0,0,0.040313720703125,0
site2_63.png_X256_Y0,3228,site2_63.png,256,0,0.4175567626953125,2
site2_63.png_X0_Y256,3228,site2_63.png,0,256,0.0105743408203125,0
site2_63.png_X256_Y256,3228,site2_63.png,256,256,0.4546661376953125,2
site2_64.png_X0_Y0,3229,site2_64.png,0,0,0.1089324951171875,1
site2_64.png_X256_Y0,3229,site2_64.png,256,0,0.068359375,1
site2_64.png_X0_Y256,3229,site2_64.png,0,256,0.0405731201171875,0
site2_64.png_X256_Y256,3229,site2_64.png,256,256,0.628509521484375,2
site2_65.png_X0_Y0,3230,site2_65.png,0,0,0.520172119140625,2
site2_65.png_X256_Y0,3230,site2_65.png,256,0,0.0,0
site2_65.png_X0_Y256,3230,site2_65.png,0,256,0.4871063232421875,2
site2_65.png_X256_Y256,3230,site2_65.png,256,256,0.0,0
site2_66.png_X0_Y0,3231,site2_66.png,0,0,0.0680084228515625,1
site2_66.png_X256_Y0,3231,site2_66.png,256,0,0.0,0
site2_66.png_X0_Y256,3231,site2_66.png,0,256,0.0,0
site2_66.png_X256_Y256,3231,site2_66.png,256,256,0.0,0
site2_77.png_X0_Y0,3240,site2_77.png,0,0,0.0561981201171875,1
site2_77.png_X256_Y0,3240,site2_77.png,256,0,0.14556884765625,1
site2_77.png_X0_Y256,3240,site2_77.png,0,256,0.0107879638671875,0
site2_77.png_X256_Y256,3240,site2_77.png,256,256,0.0,0
site2_78.png_X0_Y0,3241,site2_78.png,0,0,0.06793212890625,1
site2_78.png_X256_Y0,3241,site2_78.png,256,0,0.389892578125,1
site2_78.png_X0_Y256,3241,site2_78.png,0,256,0.0,0
site2_78.png_X256_Y256,3241,site2_78.png,256,256,0.0,0
site2_79.png_X0_Y0,3242,site2_79.png,0,0,0.0367431640625,0
site2_79.png_X256_Y0,3242,site2_79.png,256,0,0.0,0
site2_79.png_X0_Y256,3242,site2_79.png,0,256,0.112518310546875,1
site2_79.png_X256_Y256,3242,site2_79.png,256,256,0.0,0
site2_88.png_X0_Y0,3249,site2_88.png,0,0,0.0,0
site2_88.png_X256_Y0,3249,site2_88.png,256,0,0.0,0
site2_88.png_X0_Y256,3249,site2_88.png,0,256,0.0,0
site2_88.png_X256_Y256,3249,site2_88.png,256,256,0.0,0
site2_90.png_X0_Y0,3251,site2_90.png,0,0,0.0,0
site2_90.png_X256_Y0,3251,site2_90.png,256,0,0.0,0
site2_90.png_X0_Y256,3251,site2_90.png,0,256,0.0,0
site2_90.png_X256_Y256,3251,site2_90.png,256,256,0.0,0
site2_91.png_X0_Y0,3252,site2_91.png,0,0,0.0,0
site2_91.png_X256_Y0,3252,site2_91.png,256,0,0.0,0
site2_91.png_X0_Y256,3252,site2_91.png,0,256,0.0615234375,1
site2_91.png_X256_Y256,3252,site2_91.png,256,256,0.0,0
site2_93.png_X0_Y0,3254,site2_93.png,0,0,0.0,0
site2_93.png_X256_Y0,3254,site2_93.png,256,0,0.0,0
site2_93.png_X0_Y256,3254,site2_93.png,0,256,0.0,0
site2_93.png_X256_Y256,3254,site2_93.png,256,256,0.0,0
site2_94.png_X0_Y0,3255,site2_94.png,0,0,0.0049285888671875,0
site2_94.png_X256_Y0,3255,site2_94.png,256,0,0.0,0
site2_94.png_X0_Y256,3255,site2_94.png,0,256,0.1886749267578125,1
site2_94.png_X256_Y256,3255,site2_94.png,256,256,0.0,0
site2_103.png_X0_Y0,3262,site2_103.png,0,0,0.0,0
site2_103.png_X256_Y0,3262,site2_103.png,256,0,0.0,0
site2_103.png_X0_Y256,3262,site2_103.png,0,256,0.0309906005859375,0
site2_103.png_X256_Y256,3262,site2_103.png,256,256,0.0,0
site2_104.png_X0_Y0,3263,site2_104.png,0,0,0.0,0
site2_104.png_X256_Y0,3263,site2_104.png,256,0,0.0,0
site2_104.png_X0_Y256,3263,site2_104.png,0,256,0.0,0
site2_104.png_X256_Y256,3263,site2_104.png,256,256,0.0,0
site2_105.png_X0_Y0,3264,site2_105.png,0,0,0.0476226806640625,0
site2_105.png_X256_Y0,3264,site2_105.png,256,0,0.0,0
site2_105.png_X0_Y256,3264,site2_105.png,0,256,0.0,0
site2_105.png_X256_Y256,3264,site2_105.png,256,256,0.0,0
site2_107.png_X0_Y0,3266,site2_107.png,0,0,0.0,0
site2_107.png_X256_Y0,3266,site2_107.png,256,0,0.0,0
site2_107.png_X0_Y256,3266,site2_107.png,0,256,0.0,0
site2_107.png_X256_Y256,3266,site2_107.png,256,256,0.0,0
site2_108.png_X0_Y0,3267,site2_108.png,0,0,0.244049072265625,1
site2_108.png_X256_Y0,3267,site2_108.png,256,0,0.0,0
site2_108.png_X0_Y256,3267,site2_108.png,0,256,0.0,0
site2_108.png_X256_Y256,3267,site2_108.png,256,256,0.240753173828125,1
site2_116.png_X0_Y0,3274,site2_116.png,0,0,0.0,0
site2_116.png_X256_Y0,3274,site2_116.png,256,0,0.0,0
site2_116.png_X0_Y256,3274,site2_116.png,0,256,0.0,0
site2_116.png_X256_Y256,3274,site2_116.png,256,256,0.0,0
site2_117.png_X0_Y0,3275,site2_117.png,0,0,0.0849609375,1
site2_117.png_X256_Y0,3275,site2_117.png,256,0,0.317047119140625,1
site2_117.png_X0_Y256,3275,site2_117.png,0,256,0.0041656494140625,0
site2_117.png_X256_Y256,3275,site2_117.png,256,256,0.3590545654296875,1
site2_118.png_X0_Y0,3276,site2_118.png,0,0,0.08251953125,1
site2_118.png_X256_Y0,3276,site2_118.png,256,0,0.0105743408203125,0
site2_118.png_X0_Y256,3276,site2_118.png,0,256,0.00970458984375,0
site2_118.png_X256_Y256,3276,site2_118.png,256,256,0.0,0
site2_130.png_X0_Y0,3286,site2_130.png,0,0,0.0,0
site2_130.png_X256_Y0,3286,site2_130.png,256,0,0.1947479248046875,1
site2_130.png_X0_Y256,3286,site2_130.png,0,256,0.0,0
site2_130.png_X256_Y256,3286,site2_130.png,256,256,0.0,0
site2_131.png_X0_Y0,3287,site2_131.png,0,0,0.0,0
site2_131.png_X256_Y0,3287,site2_131.png,256,0,0.140289306640625,1
site2_131.png_X0_Y256,3287,site2_131.png,0,256,0.0,0
site2_131.png_X256_Y256,3287,site2_131.png,256,256,0.0,0
site2_132.png_X0_Y0,3288,site2_132.png,0,0,0.0,0
site2_132.png_X256_Y0,3288,site2_132.png,256,0,0.520538330078125,2
site2_132.png_X0_Y256,3288,site2_132.png,0,256,0.0405731201171875,0
site2_132.png_X256_Y256,3288,site2_132.png,256,256,0.4286956787109375,2
site2_133.png_X0_Y0,3289,site2_133.png,0,0,0.0,0
site2_133.png_X256_Y0,3289,site2_133.png,256,0,0.0,0
site2_133.png_X0_Y256,3289,site2_133.png,0,256,0.06134033203125,1
site2_133.png_X256_Y256,3289,site2_133.png,256,256,0.0,0
site2_165.png_X0_Y0,3314,site2_165.png,0,0,0.0,0
site2_165.png_X256_Y0,3314,site2_165.png,256,0,0.07061767578125,1
site2_165.png_X0_Y256,3314,site2_165.png,0,256,0.0,0
site2_165.png_X256_Y256,3314,site2_165.png,256,256,0.18243408203125,1
site11_323.png_X0_Y0,3590,site11_323.png,0,0,0.0,0
site11_323.png_X256_Y0,3590,site11_323.png,256,0,0.047821044921875,0
site11_323.png_X0_Y256,3590,site11_323.png,0,256,0.0,0
site11_323.png_X256_Y256,3590,site11_323.png,256,256,0.3657379150390625,1
site11_324.png_X0_Y0,3591,site11_324.png,0,0,0.099334716796875,1
site11_324.png_X256_Y0,3591,site11_324.png,256,0,0.0,0
site11_324.png_X0_Y256,3591,site11_324.png,0,256,0.867645263671875,2
site11_324.png_X256_Y256,3591,site11_324.png,256,256,0.618377685546875,2
site11_325.png_X0_Y0,3592,site11_325.png,0,0,0.0,0
site11_325.png_X256_Y0,3592,site11_325.png,256,0,0.0,0
site11_325.png_X0_Y256,3592,site11_325.png,0,256,0.0,0
site11_325.png_X256_Y256,3592,site11_325.png,256,256,0.005279541015625,0
site11_357.png_X0_Y0,3623,site11_357.png,0,0,0.0,0
site11_357.png_X256_Y0,3623,site11_357.png,256,0,0.0971527099609375,1
site11_357.png_X0_Y256,3623,site11_357.png,0,256,0.0,0
site11_357.png_X256_Y256,3623,site11_357.png,256,256,0.1583709716796875,1
site11_358.png_X0_Y0,3624,site11_358.png,0,0,0.5008392333984375,2
site11_358.png_X256_Y0,3624,site11_358.png,256,0,0.734161376953125,2
site11_358.png_X0_Y256,3624,site11_358.png,0,256,0.501861572265625,2
site11_358.png_X256_Y256,3624,site11_358.png,256,256,0.8188018798828125,2
site11_359.png_X0_Y0,3625,site11_359.png,0,0,0.0238189697265625,0
site11_359.png_X256_Y0,3625,site11_359.png,256,0,0.209808349609375,1
site11_359.png_X0_Y256,3625,site11_359.png,0,256,0.0450897216796875,0
site11_359.png_X256_Y256,3625,site11_359.png,256,256,0.233245849609375,1
site11_360.png_X0_Y0,3626,site11_360.png,0,0,0.4527587890625,2
site11_360.png_X256_Y0,3626,site11_360.png,256,0,0.0,0
site11_360.png_X0_Y256,3626,site11_360.png,0,256,0.0655059814453125,1
site11_360.png_X256_Y256,3626,site11_360.png,256,256,0.0,0
site11_361.png_X0_Y0,3627,site11_361.png,0,0,0.0,0
site11_361.png_X256_Y0,3627,site11_361.png,256,0,0.0,0
site11_361.png_X0_Y256,3627,site11_361.png,0,256,0.0,0
site11_361.png_X256_Y256,3627,site11_361.png,256,256,0.0,0
site11_362.png_X0_Y0,3628,site11_362.png,0,0,0.0,0
site11_362.png_X256_Y0,3628,site11_362.png,256,0,0.0,0
site11_362.png_X0_Y256,3628,site11_362.png,0,256,0.2563629150390625,1
site11_362.png_X256_Y256,3628,site11_362.png,256,256,0.0,0
site11_390.png_X0_Y0,3655,site11_390.png,0,0,0.0,0
site11_390.png_X256_Y0,3655,site11_390.png,256,0,0.101959228515625,1
site11_390.png_X0_Y256,3655,site11_390.png,0,256,0.3266143798828125,1
site11_390.png_X256_Y256,3655,site11_390.png,256,256,0.52911376953125,2
site11_391.png_X0_Y0,3656,site11_391.png,0,0,0.0,0
site11_391.png_X256_Y0,3656,site11_391.png,256,0,0.034027099609375,0
site11_391.png_X0_Y256,3656,site11_391.png,0,256,0.0,0
site11_391.png_X256_Y256,3656,site11_391.png,256,256,0.0,0
site11_392.png_X0_Y0,3657,site11_392.png,0,0,0.3951568603515625,1
site11_392.png_X256_Y0,3657,site11_392.png,256,0,0.40643310546875,2
site11_392.png_X0_Y256,3657,site11_392.png,0,256,0.0,0
site11_392.png_X256_Y256,3657,site11_392.png,256,256,0.0371551513671875,0
site11_393.png_X0_Y0,3658,site11_393.png,0,0,0.0,0
site11_393.png_X256_Y0,3658,site11_393.png,256,0,0.4891510009765625,2
site11_393.png_X0_Y256,3658,site11_393.png,0,256,0.2201690673828125,1
site11_393.png_X256_Y256,3658,site11_393.png,256,256,0.097137451171875,1
site11_394.png_X0_Y0,3659,site11_394.png,0,0,0.208709716796875,1
site11_394.png_X256_Y0,3659,site11_394.png,256,0,0.0,0
site11_394.png_X0_Y256,3659,site11_394.png,0,256,0.00030517578125,0
site11_394.png_X256_Y256,3659,site11_394.png,256,256,0.0,0
site11_395.png_X0_Y0,3660,site11_395.png,0,0,0.05645751953125,1
site11_395.png_X256_Y0,3660,site11_395.png,256,0,0.3095245361328125,1
site11_395.png_X0_Y256,3660,site11_395.png,0,256,0.3830413818359375,1
site11_395.png_X256_Y256,3660,site11_395.png,256,256,1.0,2
site11_396.png_X0_Y0,3661,site11_396.png,0,0,0.598114013671875,2
site11_396.png_X256_Y0,3661,site11_396.png,256,0,0.0,0
site11_396.png_X0_Y256,3661,site11_396.png,0,256,0.2508087158203125,1
site11_396.png_X256_Y256,3661,site11_396.png,256,256,0.0,0
site11_421.png_X0_Y0,3685,site11_421.png,0,0,0.0,0
site11_421.png_X256_Y0,3685,site11_421.png,256,0,0.0,0
site11_421.png_X0_Y256,3685,site11_421.png,0,256,0.0,0
site11_421.png_X256_Y256,3685,site11_421.png,256,256,0.1134185791015625,1
site11_422.png_X0_Y0,3686,site11_422.png,0,0,0.0,0
site11_422.png_X256_Y0,3686,site11_422.png,256,0,0.0,0
site11_422.png_X0_Y256,3686,site11_422.png,0,256,0.4606475830078125,2
site11_422.png_X256_Y256,3686,site11_422.png,256,256,0.430450439453125,2
site11_423.png_X0_Y0,3687,site11_423.png,0,0,0.0,0
site11_423.png_X256_Y0,3687,site11_423.png,256,0,0.0,0
site11_423.png_X0_Y256,3687,site11_423.png,0,256,0.1357269287109375,1
site11_423.png_X256_Y256,3687,site11_423.png,256,256,0.026885986328125,0
site11_424.png_X0_Y0,3688,site11_424.png,0,0,0.0865020751953125,1
site11_424.png_X256_Y0,3688,site11_424.png,256,0,0.0962677001953125,1
site11_424.png_X0_Y256,3688,site11_424.png,0,256,0.12054443359375,1
site11_424.png_X256_Y256,3688,site11_424.png,256,256,0.0,0
site11_426.png_X0_Y0,3690,site11_426.png,0,0,0.0,0
site11_426.png_X256_Y0,3690,site11_426.png,256,0,0.0,0
site11_426.png_X0_Y256,3690,site11_426.png,0,256,0.0,0
site11_426.png_X256_Y256,3690,site11_426.png,256,256,0.313720703125,1
site11_427.png_X0_Y0,3691,site11_427.png,0,0,0.6336822509765625,2
site11_427.png_X256_Y0,3691,site11_427.png,256,0,0.4401397705078125,2
site11_427.png_X0_Y256,3691,site11_427.png,0,256,0.401031494140625,2
site11_427.png_X256_Y256,3691,site11_427.png,256,256,0.0741119384765625,1
site11_428.png_X0_Y0,3692,site11_428.png,0,0,0.9525146484375,2
site11_428.png_X256_Y0,3692,site11_428.png,256,0,0.2282867431640625,1
site11_428.png_X0_Y256,3692,site11_428.png,0,256,0.73052978515625,2
site11_428.png_X256_Y256,3692,site11_428.png,256,256,0.66961669921875,2
site11_429.png_X0_Y0,3693,site11_429.png,0,0,0.27349853515625,1
site11_429.png_X256_Y0,3693,site11_429.png,256,0,0.55743408203125,2
site11_429.png_X0_Y256,3693,site11_429.png,0,256,0.1509552001953125,1
site11_429.png_X256_Y256,3693,site11_429.png,256,256,0.0834808349609375,1
site11_455.png_X0_Y0,3718,site11_455.png,0,0,0.0068817138671875,0
site11_455.png_X256_Y0,3718,site11_455.png,256,0,0.3429107666015625,1
site11_455.png_X0_Y256,3718,site11_455.png,0,256,6.103515625e-05,0
site11_455.png_X256_Y256,3718,site11_455.png,256,256,0.1988983154296875,1
site11_456.png_X0_Y0,3719,site11_456.png,0,0,0.0015106201171875,0
site11_456.png_X256_Y0,3719,site11_456.png,256,0,0.0026397705078125,0
site11_456.png_X0_Y256,3719,site11_456.png,0,256,0.6809844970703125,2
site11_456.png_X256_Y256,3719,site11_456.png,256,256,0.4983367919921875,2
site11_457.png_X0_Y0,3720,site11_457.png,0,0,0.1370849609375,1
site11_457.png_X256_Y0,3720,site11_457.png,256,0,0.1643524169921875,1
site11_457.png_X0_Y256,3720,site11_457.png,0,256,0.266815185546875,1
site11_457.png_X256_Y256,3720,site11_457.png,256,256,0.4815673828125,2
site11_458.png_X0_Y0,3721,site11_458.png,0,0,0.0782012939453125,1
site11_458.png_X256_Y0,3721,site11_458.png,256,0,0.0,0
site11_458.png_X0_Y256,3721,site11_458.png,0,256,0.0,0
site11_458.png_X256_Y256,3721,site11_458.png,256,256,0.0,0
site11_459.png_X0_Y0,3722,site11_459.png,0,0,0.0487213134765625,0
site11_459.png_X256_Y0,3722,site11_459.png,256,0,0.0,0
site11_459.png_X0_Y256,3722,site11_459.png,0,256,0.3523101806640625,1
site11_459.png_X256_Y256,3722,site11_459.png,256,256,0.0,0
site11_460.png_X0_Y0,3723,site11_460.png,0,0,0.0,0
site11_460.png_X256_Y0,3723,site11_460.png,256,0,0.66717529296875,2
site11_460.png_X0_Y256,3723,site11_460.png,0,256,0.0,0
site11_460.png_X256_Y256,3723,site11_460.png,256,256,0.0598297119140625,1
site11_461.png_X0_Y0,3724,site11_461.png,0,0,0.845001220703125,2
site11_461.png_X256_Y0,3724,site11_461.png,256,0,0.136444091796875,1
site11_461.png_X0_Y256,3724,site11_461.png,0,256,0.180755615234375,1
site11_461.png_X256_Y256,3724,site11_461.png,256,256,0.357818603515625,1
site11_462.png_X0_Y0,3725,site11_462.png,0,0,0.4623260498046875,2
site11_462.png_X256_Y0,3725,site11_462.png,256,0,0.7317047119140625,2
site11_462.png_X0_Y256,3725,site11_462.png,0,256,0.46014404296875,2
site11_462.png_X256_Y256,3725,site11_462.png,256,256,0.727752685546875,2
site11_463.png_X0_Y0,3726,site11_463.png,0,0,0.095611572265625,1
site11_463.png_X256_Y0,3726,site11_463.png,256,0,0.0,0
site11_463.png_X0_Y256,3726,site11_463.png,0,256,0.3774566650390625,1
site11_463.png_X256_Y256,3726,site11_463.png,256,256,0.0,0
site11_490.png_X0_Y0,3752,site11_490.png,0,0,0.0444183349609375,0
site11_490.png_X256_Y0,3752,site11_490.png,256,0,0.115570068359375,1
site11_490.png_X0_Y256,3752,site11_490.png,0,256,0.0,0
site11_490.png_X256_Y256,3752,site11_490.png,256,256,0.0,0
site11_491.png_X0_Y0,3753,site11_491.png,0,0,0.2762298583984375,1
site11_491.png_X256_Y0,3753,site11_491.png,256,0,0.4321746826171875,2
site11_491.png_X0_Y256,3753,site11_491.png,0,256,0.0,0
site11_491.png_X256_Y256,3753,site11_491.png,256,256,0.0,0
site11_492.png_X0_Y0,3754,site11_492.png,0,0,0.278045654296875,1
site11_492.png_X256_Y0,3754,site11_492.png,256,0,0.0,0
site11_492.png_X0_Y256,3754,site11_492.png,0,256,0.0,0
site11_492.png_X256_Y256,3754,site11_492.png,256,256,0.0,0
site11_493.png_X0_Y0,3755,site11_493.png,0,0,0.1749420166015625,1
site11_493.png_X256_Y0,3755,site11_493.png,256,0,0.0785675048828125,1
site11_493.png_X0_Y256,3755,site11_493.png,0,256,0.0,0
site11_493.png_X256_Y256,3755,site11_493.png,256,256,0.420745849609375,2
site11_494.png_X0_Y0,3756,site11_494.png,0,0,0.3795318603515625,1
site11_494.png_X256_Y0,3756,site11_494.png,256,0,0.479583740234375,2
site11_494.png_X0_Y256,3756,site11_494.png,0,256,0.2234954833984375,1
site11_494.png_X256_Y256,3756,site11_494.png,256,256,0.9496917724609375,2
site11_495.png_X0_Y0,3757,site11_495.png,0,0,0.16064453125,1
site11_495.png_X256_Y0,3757,site11_495.png,256,0,0.0,0
site11_495.png_X0_Y256,3757,site11_495.png,0,256,0.1338958740234375,1
site11_495.png_X256_Y256,3757,site11_495.png,256,256,0.0,0
site11_496.png_X0_Y0,3758,site11_496.png,0,0,0.0,0
site11_496.png_X256_Y0,3758,site11_496.png,256,0,0.0616912841796875,1
site11_496.png_X0_Y256,3758,site11_496.png,0,256,0.0,0
site11_496.png_X256_Y256,3758,site11_496.png,256,256,0.2825775146484375,1
site11_526.png_X0_Y0,3787,site11_526.png,0,0,0.0,0
site11_526.png_X256_Y0,3787,site11_526.png,256,0,0.0,0
site11_526.png_X0_Y256,3787,site11_526.png,0,256,0.0,0
site11_526.png_X256_Y256,3787,site11_526.png,256,256,0.0,0
site11_527.png_X0_Y0,3788,site11_527.png,0,0,0.0920257568359375,1
site11_527.png_X256_Y0,3788,site11_527.png,256,0,0.500701904296875,2
site11_527.png_X0_Y256,3788,site11_527.png,0,256,0.0233917236328125,0
site11_527.png_X256_Y256,3788,site11_527.png,256,256,0.3090362548828125,1
site11_528.png_X0_Y0,3789,site11_528.png,0,0,0.4950103759765625,2
site11_528.png_X256_Y0,3789,site11_528.png,256,0,0.5169219970703125,2
site11_528.png_X0_Y256,3789,site11_528.png,0,256,0.0820770263671875,1
site11_528.png_X256_Y256,3789,site11_528.png,256,256,0.0565185546875,1
site11_529.png_X0_Y0,3790,site11_529.png,0,0,0.1701202392578125,1
site11_529.png_X256_Y0,3790,site11_529.png,256,0,0.0,0
site11_529.png_X0_Y256,3790,site11_529.png,0,256,0.3402252197265625,1
site11_529.png_X256_Y256,3790,site11_529.png,256,256,0.0,0
site11_560.png_X0_Y0,3820,site11_560.png,0,0,0.0480804443359375,0
site11_560.png_X256_Y0,3820,site11_560.png,256,0,0.2613067626953125,1
site11_560.png_X0_Y256,3820,site11_560.png,0,256,0.0,0
site11_560.png_X256_Y256,3820,site11_560.png,256,256,0.0,0
site11_561.png_X0_Y0,3821,site11_561.png,0,0,0.22796630859375,1
site11_561.png_X256_Y0,3821,site11_561.png,256,0,0.0,0
site11_561.png_X0_Y256,3821,site11_561.png,0,256,0.0,0
site11_561.png_X256_Y256,3821,site11_561.png,256,256,0.0,0
site11_562.png_X0_Y0,3822,site11_562.png,0,0,0.0405120849609375,0
site11_562.png_X256_Y0,3822,site11_562.png,256,0,0.0,0
site11_562.png_X0_Y256,3822,site11_562.png,0,256,0.0,0
site11_562.png_X256_Y256,3822,site11_562.png,256,256,0.0,0
site11_563.png_X0_Y0,3823,site11_563.png,0,0,0.0,0
site11_563.png_X256_Y0,3823,site11_563.png,256,0,0.0,0
site11_563.png_X0_Y256,3823,site11_563.png,0,256,0.1314697265625,1
site11_563.png_X256_Y256,3823,site11_563.png,256,256,0.0,0
site11_564.png_X0_Y0,3824,site11_564.png,0,0,0.1136627197265625,1
site11_564.png_X256_Y0,3824,site11_564.png,256,0,0.0,0
site11_564.png_X0_Y256,3824,site11_564.png,0,256,0.12091064453125,1
site11_564.png_X256_Y256,3824,site11_564.png,256,256,0.0,0
site16_303.png_X0_Y0,4376,site16_303.png,0,0,0.0,0
site16_303.png_X256_Y0,4376,site16_303.png,256,0,0.0105743408203125,0
site16_303.png_X0_Y256,4376,site16_303.png,0,256,0.0,0
site16_303.png_X256_Y256,4376,site16_303.png,256,256,0.137481689453125,1
site16_304.png_X0_Y0,4377,site16_304.png,0,0,0.5457611083984375,2
site16_304.png_X256_Y0,4377,site16_304.png,256,0,0.0,0
site16_304.png_X0_Y256,4377,site16_304.png,0,256,0.594268798828125,2
site16_304.png_X256_Y256,4377,site16_304.png,256,256,0.088165283203125,1
site16_329.png_X0_Y0,4401,site16_329.png,0,0,0.0,0
site16_329.png_X256_Y0,4401,site16_329.png,256,0,0.19390869140625,1
site16_329.png_X0_Y256,4401,site16_329.png,0,256,0.0,0
site16_329.png_X256_Y256,4401,site16_329.png,256,256,0.7421722412109375,2
site16_330.png_X0_Y0,4402,site16_330.png,0,0,0.0706939697265625,1
site16_330.png_X256_Y0,4402,site16_330.png,256,0,0.0,0
site16_330.png_X0_Y256,4402,site16_330.png,0,256,0.1133270263671875,1
site16_330.png_X256_Y256,4402,site16_330.png,256,256,0.0,0
site16_355.png_X0_Y0,4424,site16_355.png,0,0,0.1261138916015625,1
site16_355.png_X256_Y0,4424,site16_355.png,256,0,0.9825286865234375,2
site16_355.png_X0_Y256,4424,site16_355.png,0,256,0.280914306640625,1
site16_355.png_X256_Y256,4424,site16_355.png,256,256,0.5121917724609375,2
site16_380.png_X0_Y0,4445,site16_380.png,0,0,0.0,0
site16_380.png_X256_Y0,4445,site16_380.png,256,0,0.0,0
site16_380.png_X0_Y256,4445,site16_380.png,0,256,0.0,0
site16_380.png_X256_Y256,4445,site16_380.png,256,256,0.0,0
site16_381.png_X0_Y0,4446,site16_381.png,0,0,0.4123687744140625,2
site16_381.png_X256_Y0,4446,site16_381.png,256,0,0.4810791015625,2
site16_381.png_X0_Y256,4446,site16_381.png,0,256,0.4332427978515625,2
site16_381.png_X256_Y256,4446,site16_381.png,256,256,0.092529296875,1
site16_406.png_X0_Y0,4468,site16_406.png,0,0,0.0,0
site16_406.png_X256_Y0,4468,site16_406.png,256,0,0.0223541259765625,0
site16_406.png_X0_Y256,4468,site16_406.png,0,256,0.0,0
site16_406.png_X256_Y256,4468,site16_406.png,256,256,0.2334747314453125,1
site16_407.png_X0_Y0,4469,site16_407.png,0,0,0.99578857421875,2
site16_407.png_X256_Y0,4469,site16_407.png,256,0,0.0370635986328125,0
site16_407.png_X0_Y256,4469,site16_407.png,0,256,0.9949188232421875,2
site16_407.png_X256_Y256,4469,site16_407.png,256,256,0.1681671142578125,1
site16_432.png_X0_Y0,4492,site16_432.png,0,0,0.0,0
site16_432.png_X256_Y0,4492,site16_432.png,256,0,0.6064300537109375,2
site16_432.png_X0_Y256,4492,site16_432.png,0,256,0.0,0
site16_432.png_X256_Y256,4492,site16_432.png,256,256,0.4520416259765625,2
site16_433.png_X0_Y0,4493,site16_433.png,0,0,0.9952392578125,2
site16_433.png_X256_Y0,4493,site16_433.png,256,0,0.0798492431640625,1
site16_433.png_X0_Y256,4493,site16_433.png,0,256,0.6892242431640625,2
site16_433.png_X256_Y256,4493,site16_433.png,256,256,0.0,0
site16_458.png_X0_Y0,4517,site16_458.png,0,0,0.0,0
site16_458.png_X256_Y0,4517,site16_458.png,256,0,0.0,0
site16_458.png_X0_Y256,4517,site16_458.png,0,256,0.0,0
site16_458.png_X256_Y256,4517,site16_458.png,256,256,0.0,0
site16_459.png_X0_Y0,4518,site16_459.png,0,0,0.0,0
site16_459.png_X256_Y0,4518,site16_459.png,256,0,0.0,0
site16_459.png_X0_Y256,4518,site16_459.png,0,256,0.0610198974609375,1
site16_459.png_X256_Y256,4518,site16_459.png,256,256,0.0,0
site16_484.png_X0_Y0,4542,site16_484.png,0,0,0.0,0
site16_484.png_X256_Y0,4542,site16_484.png,256,0,0.16058349609375,1
site16_484.png_X0_Y256,4542,site16_484.png,0,256,0.0182952880859375,0
site16_484.png_X256_Y256,4542,site16_484.png,256,256,0.3512725830078125,1
site16_485.png_X0_Y0,4543,site16_485.png,0,0,0.2857513427734375,1
site16_485.png_X256_Y0,4543,site16_485.png,256,0,0.0,0
site16_485.png_X0_Y256,4543,site16_485.png,0,256,0.157073974609375,1
site16_485.png_X256_Y256,4543,site16_485.png,256,256,0.213623046875,1
site16_486.png_X0_Y0,4544,site16_486.png,0,0,0.0,0
site16_486.png_X256_Y0,4544,site16_486.png,256,0,0.0,0
site16_486.png_X0_Y256,4544,site16_486.png,0,256,0.1077423095703125,1
site16_486.png_X256_Y256,4544,site16_486.png,256,256,0.0,0
site16_487.png_X0_Y0,4545,site16_487.png,0,0,0.0,0
site16_487.png_X256_Y0,4545,site16_487.png,256,0,0.0,0
site16_487.png_X0_Y256,4545,site16_487.png,0,256,0.0,0
site16_487.png_X256_Y256,4545,site16_487.png,256,256,0.0,0
site16_509.png_X0_Y0,4565,site16_509.png,0,0,0.0,0
site16_509.png_X256_Y0,4565,site16_509.png,256,0,0.0,0
site16_509.png_X0_Y256,4565,site16_509.png,0,256,0.0,0
site16_509.png_X256_Y256,4565,site16_509.png,256,256,0.0,0
site16_510.png_X0_Y0,4566,site16_510.png,0,0,0.389678955078125,1
site16_510.png_X256_Y0,4566,site16_510.png,256,0,0.0,0
site16_510.png_X0_Y256,4566,site16_510.png,0,256,0.1374053955078125,1
site16_510.png_X256_Y256,4566,site16_510.png,256,256,0.0,0
site16_511.png_X0_Y0,4567,site16_511.png,0,0,0.0,0
site16_511.png_X256_Y0,4567,site16_511.png,256,0,0.066192626953125,1
site16_511.png_X0_Y256,4567,site16_511.png,0,256,0.1083984375,1
site16_511.png_X256_Y256,4567,site16_511.png,256,256,0.0,0
site16_512.png_X0_Y0,4568,site16_512.png,0,0,0.035247802734375,0
site16_512.png_X256_Y0,4568,site16_512.png,256,0,0.133697509765625,1
site16_512.png_X0_Y256,4568,site16_512.png,0,256,0.0632171630859375,1
site16_512.png_X256_Y256,4568,site16_512.png,256,256,0.1076507568359375,1
site16_513.png_X0_Y0,4569,site16_513.png,0,0,0.157684326171875,1
site16_513.png_X256_Y0,4569,site16_513.png,256,0,0.0392913818359375,0
site16_513.png_X0_Y256,4569,site16_513.png,0,256,0.0,0
site16_513.png_X256_Y256,4569,site16_513.png,256,256,0.001068115234375,0
site16_514.png_X0_Y0,4570,site16_514.png,0,0,0.0941925048828125,1
site16_514.png_X256_Y0,4570,site16_514.png,256,0,0.0,0
site16_514.png_X0_Y256,4570,site16_514.png,0,256,0.0,0
site16_514.png_X256_Y256,4570,site16_514.png,256,256,0.0,0
site16_535.png_X0_Y0,4589,site16_535.png,0,0,0.0,0
site16_535.png_X256_Y0,4589,site16_535.png,256,0,0.0,0
site16_535.png_X0_Y256,4589,site16_535.png,0,256,0.0,0
site16_535.png_X256_Y256,4589,site16_535.png,256,256,0.0367279052734375,0
site16_536.png_X0_Y0,4590,site16_536.png,0,0,0.1236572265625,1
site16_536.png_X256_Y0,4590,site16_536.png,256,0,0.0144500732421875,0
site16_536.png_X0_Y256,4590,site16_536.png,0,256,0.0995025634765625,1
site16_536.png_X256_Y256,4590,site16_536.png,256,256,0.8531341552734375,2
site16_537.png_X0_Y0,4591,site16_537.png,0,0,0.22564697265625,1
site16_537.png_X256_Y0,4591,site16_537.png,256,0,0.1382598876953125,1
site16_537.png_X0_Y256,4591,site16_537.png,0,256,0.5941009521484375,2
site16_537.png_X256_Y256,4591,site16_537.png,256,256,0.0099639892578125,0
site16_538.png_X0_Y0,4592,site16_538.png,0,0,0.0494537353515625,0
site16_538.png_X256_Y0,4592,site16_538.png,256,0,0.0,0
site16_538.png_X0_Y256,4592,site16_538.png,0,256,0.033447265625,0
site16_538.png_X256_Y256,4592,site16_538.png,256,256,0.0,0
site16_561.png_X0_Y0,4613,site16_561.png,0,0,0.0,0
site16_561.png_X256_Y0,4613,site16_561.png,256,0,0.0485382080078125,0
site16_561.png_X0_Y256,4613,site16_561.png,0,256,0.0,0
site16_561.png_X256_Y256,4613,site16_561.png,256,256,0.237396240234375,1
site16_562.png_X0_Y0,4614,site16_562.png,0,0,0.7212066650390625,2
site16_562.png_X256_Y0,4614,site16_562.png,256,0,0.7522735595703125,2
site16_562.png_X0_Y256,4614,site16_562.png,0,256,0.9679412841796875,2
site16_562.png_X256_Y256,4614,site16_562.png,256,256,0.248443603515625,1
site16_563.png_X0_Y0,4615,site16_563.png,0,0,0.135894775390625,1
site16_563.png_X256_Y0,4615,site16_563.png,256,0,0.0,0
site16_563.png_X0_Y256,4615,site16_563.png,0,256,0.0,0
site16_563.png_X256_Y256,4615,site16_563.png,256,256,0.0155487060546875,0
site16_587.png_X0_Y0,4637,site16_587.png,0,0,0.235107421875,1
site16_587.png_X256_Y0,4637,site16_587.png,256,0,0.560394287109375,2
site16_587.png_X0_Y256,4637,site16_587.png,0,256,0.2041473388671875,1
site16_587.png_X256_Y256,4637,site16_587.png,256,256,0.0725860595703125,1
site16_588.png_X0_Y0,4638,site16_588.png,0,0,0.02490234375,0
site16_588.png_X256_Y0,4638,site16_588.png,256,0,0.1841888427734375,1
site16_588.png_X0_Y256,4638,site16_588.png,0,256,0.0,0
site16_588.png_X256_Y256,4638,site16_588.png,256,256,0.0,0
site16_613.png_X0_Y0,4658,site16_613.png,0,0,0.2168426513671875,1
site16_613.png_X256_Y0,4658,site16_613.png,256,0,0.0,0
site16_613.png_X0_Y256,4658,site16_613.png,0,256,0.0,0
site16_613.png_X256_Y256,4658,site16_613.png,256,256,0.0,0
site16_638.png_X0_Y0,4677,site16_638.png,0,0,0.0,0
site16_638.png_X256_Y0,4677,site16_638.png,256,0,0.0,0
site16_638.png_X0_Y256,4677,site16_638.png,0,256,0.02020263671875,0
site16_638.png_X256_Y256,4677,site16_638.png,256,256,0.0205230712890625,0
site16_664.png_X0_Y0,4699,site16_664.png,0,0,0.3704833984375,1
site16_664.png_X256_Y0,4699,site16_664.png,256,0,0.0967559814453125,1
site16_664.png_X0_Y256,4699,site16_664.png,0,256,0.0158843994140625,0
site16_664.png_X256_Y256,4699,site16_664.png,256,256,0.0,0
site16_667.png_X0_Y0,4702,site16_667.png,0,0,0.0234527587890625,0
site16_667.png_X256_Y0,4702,site16_667.png,256,0,0.4732208251953125,2
site16_667.png_X0_Y256,4702,site16_667.png,0,256,0.0032196044921875,0
site16_667.png_X256_Y256,4702,site16_667.png,256,256,0.2255859375,1
site16_668.png_X0_Y0,4703,site16_668.png,0,0,0.0967559814453125,1
site16_668.png_X256_Y0,4703,site16_668.png,256,0,0.0,0
site16_668.png_X0_Y256,4703,site16_668.png,0,256,0.1452789306640625,1
site16_668.png_X256_Y256,4703,site16_668.png,256,256,0.0052032470703125,0
site16_689.png_X0_Y0,4721,site16_689.png,0,0,0.0,0
site16_689.png_X256_Y0,4721,site16_689.png,256,0,0.0,0
site16_689.png_X0_Y256,4721,site16_689.png,0,256,0.0,0
site16_689.png_X256_Y256,4721,site16_689.png,256,256,0.028778076171875,0
site16_690.png_X0_Y0,4722,site16_690.png,0,0,0.170654296875,1
site16_690.png_X256_Y0,4722,site16_690.png,256,0,0.0,0
site16_690.png_X0_Y256,4722,site16_690.png,0,256,0.16107177734375,1
site16_690.png_X256_Y256,4722,site16_690.png,256,256,0.0,0
site16_693.png_X0_Y0,4725,site16_693.png,0,0,0.0896759033203125,1
site16_693.png_X256_Y0,4725,site16_693.png,256,0,0.10626220703125,1
site16_693.png_X0_Y256,4725,site16_693.png,0,256,0.1125030517578125,1
site16_693.png_X256_Y256,4725,site16_693.png,256,256,0.3970184326171875,1
site16_694.png_X0_Y0,4726,site16_694.png,0,0,0.8922576904296875,2
site16_694.png_X256_Y0,4726,site16_694.png,256,0,0.2596588134765625,1
site16_694.png_X0_Y256,4726,site16_694.png,0,256,0.6685943603515625,2
site16_694.png_X256_Y256,4726,site16_694.png,256,256,0.2411956787109375,1
site16_696.png_X0_Y0,4728,site16_696.png,0,0,0.0,0
site16_696.png_X256_Y0,4728,site16_696.png,256,0,0.000152587890625,0
site16_696.png_X0_Y256,4728,site16_696.png,0,256,0.0,0
site16_696.png_X256_Y256,4728,site16_696.png,256,256,0.40582275390625,2
site16_697.png_X0_Y0,4729,site16_697.png,0,0,0.0172882080078125,0
site16_697.png_X256_Y0,4729,site16_697.png,256,0,0.0355682373046875,0
site16_697.png_X0_Y256,4729,site16_697.png,0,256,0.402984619140625,2
site16_697.png_X256_Y256,4729,site16_697.png,256,256,0.140411376953125,1
site16_698.png_X0_Y0,4730,site16_698.png,0,0,0.018341064453125,0
site16_698.png_X256_Y0,4730,site16_698.png,256,0,0.0,0
site16_698.png_X0_Y256,4730,site16_698.png,0,256,0.085174560546875,1
site16_698.png_X256_Y256,4730,site16_698.png,256,256,0.0,0
site16_715.png_X0_Y0,4743,site16_715.png,0,0,0.0,0
site16_715.png_X256_Y0,4743,site16_715.png,256,0,0.152435302734375,1
site16_715.png_X0_Y256,4743,site16_715.png,0,256,0.0,0
site16_715.png_X256_Y256,4743,site16_715.png,256,256,0.0643310546875,1
site16_719.png_X0_Y0,4747,site16_719.png,0,0,0.4248809814453125,2
site16_719.png_X256_Y0,4747,site16_719.png,256,0,0.0,0
site16_719.png_X0_Y256,4747,site16_719.png,0,256,0.070648193359375,1
site16_719.png_X256_Y256,4747,site16_719.png,256,256,0.0,0
site16_720.png_X0_Y0,4748,site16_720.png,0,0,0.5160369873046875,2
site16_720.png_X256_Y0,4748,site16_720.png,256,0,0.2518463134765625,1
site16_720.png_X0_Y256,4748,site16_720.png,0,256,0.0,0
site16_720.png_X256_Y256,4748,site16_720.png,256,256,0.0,0
site16_722.png_X0_Y0,4750,site16_722.png,0,0,0.2164306640625,1
site16_722.png_X256_Y0,4750,site16_722.png,256,0,0.0016021728515625,0
site16_722.png_X0_Y256,4750,site16_722.png,0,256,0.0845794677734375,1
site16_722.png_X256_Y256,4750,site16_722.png,256,256,0.0785675048828125,1
site16_723.png_X0_Y0,4751,site16_723.png,0,0,0.0,0
site16_723.png_X256_Y0,4751,site16_723.png,256,0,0.0,0
site16_723.png_X0_Y256,4751,site16_723.png,0,256,0.0,0
site16_723.png_X256_Y256,4751,site16_723.png,256,256,0.0,0
site16_724.png_X0_Y0,4752,site16_724.png,0,0,0.3042755126953125,1
site16_724.png_X256_Y0,4752,site16_724.png,256,0,0.38818359375,1
site16_724.png_X0_Y256,4752,site16_724.png,0,256,0.7076873779296875,2
site16_724.png_X256_Y256,4752,site16_724.png,256,256,0.0407867431640625,0
site16_741.png_X0_Y0,4764,site16_741.png,0,0,0.0,0
site16_741.png_X256_Y0,4764,site16_741.png,256,0,0.0,0
site16_741.png_X0_Y256,4764,site16_741.png,0,256,0.0,0
site16_741.png_X256_Y256,4764,site16_741.png,256,256,0.0,0
site16_745.png_X0_Y0,4768,site16_745.png,0,0,0.21478271484375,1
site16_745.png_X256_Y0,4768,site16_745.png,256,0,0.0,0
site16_745.png_X0_Y256,4768,site16_745.png,0,256,0.0,0
site16_745.png_X256_Y256,4768,site16_745.png,256,256,0.0,0
site16_746.png_X0_Y0,4769,site16_746.png,0,0,0.002227783203125,0
site16_746.png_X256_Y0,4769,site16_746.png,256,0,0.0,0
site16_746.png_X0_Y256,4769,site16_746.png,0,256,0.012542724609375,0
site16_746.png_X256_Y256,4769,site16_746.png,256,256,0.0411224365234375,0
site16_747.png_X0_Y0,4770,site16_747.png,0,0,0.078704833984375,1
site16_747.png_X256_Y0,4770,site16_747.png,256,0,0.0,0
site16_747.png_X0_Y256,4770,site16_747.png,0,256,0.1785430908203125,1
site16_747.png_X256_Y256,4770,site16_747.png,256,256,0.0064239501953125,0
site16_749.png_X0_Y0,4772,site16_749.png,0,0,0.0,0
site16_749.png_X256_Y0,4772,site16_749.png,256,0,0.0,0
site16_749.png_X0_Y256,4772,site16_749.png,0,256,0.0253143310546875,0
site16_749.png_X256_Y256,4772,site16_749.png,256,256,0.05535888671875,1
site16_750.png_X0_Y0,4773,site16_750.png,0,0,0.145660400390625,1
site16_750.png_X256_Y0,4773,site16_750.png,256,0,0.0,0
site16_750.png_X0_Y256,4773,site16_750.png,0,256,0.0,0
site16_750.png_X256_Y256,4773,site16_750.png,256,256,0.0,0
site16_767.png_X0_Y0,4786,site16_767.png,0,0,0.343414306640625,1
site16_767.png_X256_Y0,4786,site16_767.png,256,0,0.0502777099609375,1
site16_767.png_X0_Y256,4786,site16_767.png,0,256,0.1614837646484375,1
site16_767.png_X256_Y256,4786,site16_767.png,256,256,0.0,0
site16_792.png_X0_Y0,4807,site16_792.png,0,0,0.0,0
site16_792.png_X256_Y0,4807,site16_792.png,256,0,0.0,0
site16_792.png_X0_Y256,4807,site16_792.png,0,256,0.0,0
site16_792.png_X256_Y256,4807,site16_792.png,256,256,0.0458526611328125,0
site16_793.png_X0_Y0,4808,site16_793.png,0,0,0.3650360107421875,1
site16_793.png_X256_Y0,4808,site16_793.png,256,0,0.0,0
site16_793.png_X0_Y256,4808,site16_793.png,0,256,0.106201171875,1
site16_793.png_X256_Y256,4808,site16_793.png,256,256,0.0,0
site16_818.png_X0_Y0,4828,site16_818.png,0,0,0.0,0
site16_818.png_X256_Y0,4828,site16_818.png,256,0,0.333221435546875,1
site16_818.png_X0_Y256,4828,site16_818.png,0,256,0.0,0
site16_818.png_X256_Y256,4828,site16_818.png,256,256,0.0,0
site16_823.png_X0_Y0,4833,site16_823.png,0,0,0.0,0
site16_823.png_X256_Y0,4833,site16_823.png,256,0,0.077056884765625,1
site16_823.png_X0_Y256,4833,site16_823.png,0,256,0.0,0
site16_823.png_X256_Y256,4833,site16_823.png,256,256,0.5145111083984375,2
site16_849.png_X0_Y0,4854,site16_849.png,0,0,0.0,0
site16_849.png_X256_Y0,4854,site16_849.png,256,0,0.4296417236328125,2
site16_849.png_X0_Y256,4854,site16_849.png,0,256,0.0,0
site16_849.png_X256_Y256,4854,site16_849.png,256,256,0.0382232666015625,0
site16_850.png_X0_Y0,4855,site16_850.png,0,0,0.14642333984375,1
site16_850.png_X256_Y0,4855,site16_850.png,256,0,0.0,0
site16_850.png_X0_Y256,4855,site16_850.png,0,256,0.734344482421875,2
site16_850.png_X256_Y256,4855,site16_850.png,256,256,0.03765869140625,0
site16_851.png_X0_Y0,4856,site16_851.png,0,0,0.0,0
site16_851.png_X256_Y0,4856,site16_851.png,256,0,0.0,0
site16_851.png_X0_Y256,4856,site16_851.png,0,256,0.0,0
site16_851.png_X256_Y256,4856,site16_851.png,256,256,0.0,0
site16_875.png_X0_Y0,4875,site16_875.png,0,0,0.0,0
site16_875.png_X256_Y0,4875,site16_875.png,256,0,0.1041717529296875,1
site16_875.png_X0_Y256,4875,site16_875.png,0,256,0.0,0
site16_875.png_X256_Y256,4875,site16_875.png,256,256,0.11199951171875,1
site16_877.png_X0_Y0,4877,site16_877.png,0,0,0.2438201904296875,1
site16_877.png_X256_Y0,4877,site16_877.png,256,0,0.0685882568359375,1
site16_877.png_X0_Y256,4877,site16_877.png,0,256,0.0,0
site16_877.png_X256_Y256,4877,site16_877.png,256,256,0.0,0
site16_1004.png_X0_Y0,4969,site16_1004.png,0,0,0.0,0
site16_1004.png_X256_Y0,4969,site16_1004.png,256,0,0.0,0
site16_1004.png_X0_Y256,4969,site16_1004.png,0,256,0.0,0
site16_1004.png_X256_Y256,4969,site16_1004.png,256,256,0.0,0
site16_1005.png_X0_Y0,4970,site16_1005.png,0,0,0.0,0
site16_1005.png_X256_Y0,4970,site16_1005.png,256,0,0.0,0
site16_1005.png_X0_Y256,4970,site16_1005.png,0,256,0.0823822021484375,1
site16_1005.png_X256_Y256,4970,site16_1005.png,256,256,0.0021209716796875,0
