Grid_ID,X1_Entropy,X2_Contrast,X3_Homogeneity,X4_Energy,X5_Correlation,X6_Indeks_ExG,X7_Indeks_ExR,X8_Indeks_ExGR,kepadatan,Y_Target
site3_26.png_X0_Y0,8.293796029267718,93.31973779616115,0.45044826809749217,0.3336774134449907,0.9858777419428043,29.150574,0.037333425,0.060133584,0.0,0
site3_26.png_X256_Y0,6.882102033643144,96.5820344338747,0.5780528147582245,0.4709527685531215,0.9890381366704866,17.965103,0.045084883,0.010130331,0.0,0
site3_26.png_X0_Y256,12.031336329388655,168.45844241098524,0.15013965648418479,0.02018983934624497,0.9069330689116673,28.492996,0.09209545,0.0005235188,0.0,0
site3_26.png_X256_Y256,11.247466542909041,90.34742178489581,0.20511913240459143,0.02727744085290162,0.9496188698696275,51.595642,0.017313516,0.16598344,0.0187530517578125,0
site3_56.png_X0_Y0,12.306058145257165,228.08270900916025,0.12436255146612225,0.017681787890373956,0.8281309103958324,61.0383,0.04393562,0.16162468,0.0,0
site3_56.png_X256_Y0,11.84970206077692,105.51977474109248,0.1893156036063478,0.02160194229207399,0.9503540509332737,47.95262,-0.021426074,0.26220053,0.0,0
site3_56.png_X0_Y256,11.940818093613727,179.3363992064441,0.11586073847498654,0.020236160026406273,0.8182893460565501,57.556534,0.041869357,0.15962847,0.0,0
site3_56.png_X256_Y256,12.844509776359583,213.4452171190223,0.1238219693389895,0.01454581527811315,0.9345353849033653,39.291702,0.049550448,0.12856469,0.0,0
site3_81.png_X0_Y0,14.27678397979797,995.2164236712468,0.05565359248797669,0.008249556183900244,0.8512471456202968,60.28981,0.009554608,0.24080414,0.0,0
site3_81.png_X256_Y0,14.36490891132748,1159.051792039208,0.053796210662939825,0.00808180789755089,0.8415502002739264,69.77144,-0.0056762146,0.28205362,0.0,0
site3_81.png_X0_Y256,14.18770516410016,1001.3517711036478,0.05166801382376685,0.008292357640445636,0.7972748411786276,60.537445,0.07338183,0.09668504,0.0,0
site3_81.png_X256_Y256,14.47498456244102,1307.5101026047312,0.045037491361301744,0.007283538178701952,0.7832198047746101,67.69153,0.04113099,0.15825841,0.02691650390625,0
site3_82.png_X0_Y0,14.070314422416761,717.7604072201807,0.05528750955096764,0.008465918682805721,0.8525231364580823,59.179306,0.03683342,0.13560335,0.0,0
site3_82.png_X256_Y0,13.890970466565804,710.2840491487877,0.05728309813670074,0.0091655520083232,0.815255158667346,55.402527,0.00092873874,0.20203136,0.0,0
site3_82.png_X0_Y256,14.101320218363952,735.7752151966477,0.0629575003331033,0.008581700799053682,0.8803554306400829,59.573853,0.0660693,0.0908611,0.0632476806640625,1
site3_82.png_X256_Y256,13.703282537264126,536.8028480632598,0.06519061232811178,0.009726030868488627,0.8542749662314139,60.698166,0.033809613,0.15540011,0.014434814453125,0
site3_112.png_X0_Y0,12.943817523258161,400.267199484574,0.07089263022738232,0.013349731216259379,0.7580765105420267,49.93167,0.14405853,-0.03942748,0.0465240478515625,0
site3_112.png_X256_Y0,13.244378691326473,435.0844014020933,0.0978781082921575,0.014651516627775623,0.8927756912053435,34.909683,0.14116177,-0.066830136,0.2047271728515625,1
site3_112.png_X0_Y256,13.28416171213006,435.8993422601809,0.0852454753929762,0.012382685613607954,0.8608368532155531,41.153122,0.14426383,-0.05486256,0.0635833740234375,1
site3_112.png_X256_Y256,12.977047515025173,367.9598102442542,0.08469892677015126,0.013675925245463169,0.827141159029681,41.1653,0.14850125,-0.06350537,0.05535888671875,1
site3_113.png_X0_Y0,12.266733881711652,238.92712404784265,0.14279694713870061,0.030591357570038297,0.8786629461794947,24.746124,0.15002215,-0.10525428,0.4920806884765625,2
site3_113.png_X256_Y0,12.331975251732597,164.4646302053331,0.11112757109709676,0.01642808092461578,0.8899830387509804,20.499344,0.16077487,-0.1168624,0.0538177490234375,1
site3_113.png_X0_Y256,12.42028136765876,185.12631418805483,0.1164739651588367,0.016265141090765607,0.89354900016258,22.12616,0.1663366,-0.12479257,0.058197021484375,1
site3_113.png_X256_Y256,12.89272193403932,205.41971615484692,0.09482557578010246,0.01320208642612341,0.9199754254940916,36.22502,0.13740468,-0.034886494,0.00286865234375,0
site3_117.png_X0_Y0,13.184316368091597,453.6308983774278,0.06842249309166067,0.01183229497861898,0.7720720885168315,75.93002,-0.019766878,0.3339273,0.0,0
site3_117.png_X256_Y0,13.118628335094199,357.7071259701858,0.07473892230906645,0.012557002021972396,0.8430853366521739,44.209976,0.073436126,0.07270816,0.0809783935546875,1
site3_117.png_X0_Y256,13.173904148383025,367.5782630929293,0.08037392517711842,0.012274020017342242,0.856855984639241,41.458862,0.092322685,0.05563039,0.0,0
site3_117.png_X256_Y256,12.366257936695401,193.0248764898163,0.0999417616936229,0.016241128537243403,0.8558298494883498,19.343857,0.14542636,-0.093423896,0.0,0
site3_143.png_X0_Y0,12.828707025429111,338.64022710616047,0.08765881356811006,0.013943382524240877,0.8146248047433403,38.026672,0.15283668,-0.07813948,0.004302978515625,0
site3_143.png_X256_Y0,11.698037770034006,221.1251281508319,0.1782823804676872,0.047769079123202024,0.8549913193152017,17.317719,0.15559022,-0.12622201,0.462310791015625,2
site3_143.png_X0_Y256,13.089976665397883,342.3710711625321,0.08582210286716616,0.01267876560143147,0.865463045670364,38.6942,0.15096784,-0.065937564,0.0,0
site3_143.png_X256_Y256,12.435413966026838,262.6759871653943,0.1004883477767844,0.016030625020243924,0.7991075774254235,24.508224,0.15723443,-0.11305998,0.0,0
site3_144.png_X0_Y0,12.914375003934069,181.33585764790755,0.1321242163824557,0.014750911535218297,0.974324850353144,24.406937,0.104829445,-0.014388859,0.0,0
site3_144.png_X256_Y0,12.946173576630201,335.87000785458406,0.13853111223101025,0.015317994092653013,0.932503512933115,29.190674,0.027377686,0.11902815,0.108551025390625,1
site3_144.png_X0_Y256,13.366380831301473,300.2279450812282,0.10901842855787931,0.011866509269355606,0.9542432582121615,19.376495,0.10580535,-0.033809975,0.0,0
site3_144.png_X256_Y256,13.812978875987692,567.6297733443994,0.06416777768381787,0.009514154159201427,0.8763543939371892,48.191193,0.035432648,0.12258245,0.0,0
site3_206.png_X0_Y0,12.883756896066648,220.74673600598615,0.09789720511983294,0.013894810474771391,0.9251727067981781,24.29837,0.16064042,-0.10389906,0.0,0
site3_206.png_X256_Y0,13.09594586773564,312.81018579092495,0.08033883461876282,0.012068448931019993,0.8698853104281696,56.177094,0.04656165,0.171235,0.0,0
site3_206.png_X0_Y256,12.466579581368778,185.75414003929063,0.10374727504033623,0.015481966466329366,0.8836304520606387,21.985153,0.16643152,-0.12347008,0.132598876953125,1
site3_206.png_X256_Y256,13.297069465971822,267.3331417904275,0.10618949659189685,0.012392438538684606,0.9590921172987378,36.929718,0.07081681,0.082885176,0.3791961669921875,1
site3_236.png_X0_Y0,13.472151277204457,454.6928870656636,0.0692204885357508,0.0110607013953245,0.8640801871459166,55.524673,0.14144894,-0.00708088,0.0091094970703125,0
site3_236.png_X256_Y0,12.829889289131325,302.78339038771327,0.08427396073578211,0.01409741910572047,0.8379213708965351,32.93228,0.16206446,-0.093023784,0.0001068115234375,0
site3_236.png_X0_Y256,13.746739596453507,648.5809492142407,0.07893712249950088,0.016332266920820782,0.8618444975225095,72.69949,0.10353571,0.10038828,0.1185760498046875,1
site3_236.png_X256_Y256,13.55357843740835,396.8328701401009,0.07380135135181061,0.010276314455924074,0.8984245338950498,40.20076,0.1185033,0.0039069876,0.0042724609375,0
site3_237.png_X0_Y0,12.286329714320656,171.75879039912692,0.11022507800758549,0.01698234981125574,0.8819543241034914,19.733368,0.16344249,-0.12774742,0.021881103515625,0
site3_237.png_X256_Y0,13.285084549555078,248.75817670787956,0.12941449534898977,0.017952973703098698,0.9645145497146796,20.990631,0.10096019,-0.02841566,0.3951416015625,1
site3_237.png_X0_Y256,12.318910000150563,188.9251766748386,0.10677697348060927,0.01681758959543703,0.8647986225666809,21.849945,0.16309205,-0.12347132,0.0,0
site3_237.png_X256_Y256,13.550004045520298,308.6006258860785,0.10084338543617795,0.011215706043511046,0.9504184637268489,48.55841,0.0646798,0.10440242,0.197235107421875,1
site3_266.png_X0_Y0,13.91225786489143,684.2624611177428,0.058703481727322204,0.009136468852087602,0.8452695200804261,63.375885,-0.006541876,0.26690176,0.0,0
site3_266.png_X256_Y0,14.192049045015427,934.5736455329827,0.04943162645190737,0.008114928988606773,0.8068989751751043,76.55838,-0.00028953538,0.27937394,0.0,0
site3_266.png_X0_Y256,13.897717645447155,735.1441635428973,0.05574062726968915,0.009139265442748647,0.8027273499102339,82.996185,0.000509226,0.30658525,0.0,0
site3_266.png_X256_Y256,13.997901518636098,928.1388207059904,0.04646714486285998,0.008680396930024058,0.7299849370567615,91.181595,0.0027522813,0.31427515,0.0,0
site3_267.png_X0_Y0,13.842397388118219,779.3736140997437,0.051749160497966795,0.009268070155847645,0.7562549366994339,56.06024,0.13059819,0.019311247,0.0781402587890625,1
site3_267.png_X256_Y0,12.669571292108605,300.3706819792891,0.08519185152761395,0.014895810358395153,0.7931164493616407,27.981415,0.1595369,-0.104955524,0.0,0
site3_267.png_X0_Y256,13.492811193347853,586.6378628111745,0.06501496083512444,0.01101697993769588,0.7848680902580963,35.491898,0.13957489,-0.058357306,0.287353515625,1
site3_267.png_X256_Y256,12.595770935044886,297.890859149731,0.0817603148636341,0.015136291135657405,0.7676538382942419,29.786453,0.1588152,-0.09896006,0.0051116943359375,0
site3_268.png_X0_Y0,12.373459895540826,233.60826184640868,0.0934844799065794,0.016698083023463615,0.7996381675293045,23.928574,0.1661587,-0.118734285,0.003692626953125,0
site3_268.png_X256_Y0,12.147361557579927,250.92302900326087,0.23729176534729665,0.08703829875146901,0.9700857137959458,17.399017,0.12667158,-0.081986636,0.0,0
site3_268.png_X0_Y256,12.681346582341693,247.55847600682483,0.09165753882351106,0.01481776841114731,0.8537793363175552,23.964264,0.16613925,-0.11795667,0.0,0
site3_268.png_X256_Y256,12.738130772542233,259.6879058985762,0.15579800104494154,0.056985856058473505,0.9535702597012274,31.712769,0.12846455,-0.030898113,0.0,0
site3_292.png_X0_Y0,14.02154205773389,919.4030108011403,0.052118210726542616,0.008588376567411167,0.7757099984978935,80.37581,-0.03169938,0.3785404,0.0,0
site3_292.png_X256_Y0,13.450055113709112,474.2593808571351,0.07716182916112259,0.010800498375664574,0.8509294122683981,68.55559,-0.036080264,0.3381896,0.0,0
site3_292.png_X0_Y256,13.962747146275715,701.9805655727466,0.06509854577602325,0.008944627554467434,0.8620149747307564,71.12509,-0.0018504299,0.2966667,0.0,0
site3_292.png_X256_Y256,13.079400837551855,344.00135051723674,0.08238651201609773,0.012425400016303424,0.8561089896516347,85.72772,-0.05879517,0.37612534,0.0,0
site3_294.png_X0_Y0,14.325092392544423,1200.1467621828278,0.043771920239835144,0.007713115527310341,0.7465790916858643,85.35353,0.012284006,0.27226925,0.0,0
site3_294.png_X256_Y0,14.15605822074599,975.1594967380802,0.050036465237445184,0.008310651767766792,0.7775820620071502,83.3293,0.010605981,0.29140753,0.0,0
site3_294.png_X0_Y256,13.374855112170497,482.7950623708564,0.08966314988714644,0.012652633275793884,0.8854569466479979,74.127625,-0.05572474,0.4576671,0.0,0
site3_294.png_X256_Y256,13.709249792616273,430.2189367971507,0.07507594710923332,0.009697389432686008,0.9062133303996929,79.316605,0.03520903,0.24543533,0.045928955078125,0
site3_298.png_X0_Y0,13.762984234276074,560.7075896440198,0.06371150693866602,0.009662514697853588,0.858300446164744,53.920395,0.09369899,0.06639514,0.1989288330078125,1
site3_298.png_X256_Y0,13.007985021176207,340.89846809220137,0.0942034471544797,0.014963091058064534,0.8653488438877334,25.88028,0.14867958,-0.089538984,0.0901031494140625,1
site3_298.png_X0_Y256,13.161246431370945,434.77761006883816,0.0941100336832845,0.015053352252088285,0.8658998816681215,30.208878,0.14019027,-0.07329106,0.4032135009765625,2
site3_298.png_X256_Y256,12.958509502590289,364.2064502384924,0.08050319708266307,0.01345691805245372,0.8073779889193737,26.353928,0.15466824,-0.100209035,0.09356689453125,1
site3_299.png_X0_Y0,12.432208495636907,235.98686248978902,0.1176251855053497,0.016960080331963355,0.8611009789445809,20.503998,0.15724453,-0.12049319,0.0652313232421875,1
site3_299.png_X256_Y0,13.000484100018483,285.779839064308,0.08985959059681252,0.01325805426718539,0.8869457333920717,36.31549,0.12966233,-0.027261563,0.0,0
site3_299.png_X0_Y256,12.008999820477992,163.82291740256332,0.12201158665461785,0.019159716829223343,0.854513495854404,21.348297,0.15282106,-0.11616324,0.0,0
site3_299.png_X256_Y256,13.303239054464486,264.9073060391514,0.0922310057536776,0.011525734877915922,0.9404324527697506,37.534653,0.10026513,0.034946673,0.111419677734375,1
site3_320.png_X0_Y0,13.578980123865382,550.5771370686913,0.06600335632760149,0.010295102510990212,0.8246543681526468,59.415558,0.03363829,0.2373397,0.0,0
site3_320.png_X256_Y0,13.607018911226765,539.4384059466582,0.06383201210235091,0.010577845942456119,0.8412399376692941,57.67923,0.066044174,0.16165546,0.12841796875,1
site3_320.png_X0_Y256,13.635646428460769,667.3079922085459,0.055051813031164236,0.01005122607052968,0.7475960383553366,41.757233,0.12180501,0.02794673,0.0,0
site3_320.png_X256_Y256,13.530131234121049,509.50779902862973,0.06611752668025611,0.010666122726658792,0.8288154542944439,25.181747,0.16494545,-0.088182084,0.053436279296875,1
site3_321.png_X0_Y0,13.459992347600155,327.7962932526002,0.0852790564085482,0.010907527578491671,0.9205956514677945,40.89183,0.11680409,0.020769171,0.0,0
site3_321.png_X256_Y0,12.661091863034038,234.64990101463727,0.11463708179554392,0.015477974446081608,0.8936917028645598,29.561752,0.15552226,-0.095831156,0.154205322265625,1
site3_321.png_X0_Y256,13.619756317251115,553.942261119529,0.060278868378183255,0.010248849894621001,0.8128410050884153,64.827805,0.10775778,0.08890619,0.0296783447265625,0
site3_321.png_X256_Y256,13.010146675056086,312.8456552167476,0.08005894685303952,0.012853960097397059,0.8524080132399889,52.530365,0.14344564,-0.015297723,0.00128173828125,0
site3_322.png_X0_Y0,13.118891881011583,404.00699035526725,0.09064822783113625,0.01330143121000523,0.8467812231834057,36.040573,0.1432028,-0.07253561,0.25445556640625,1
site3_322.png_X256_Y0,13.560181405846441,534.7681132857462,0.0662506290547,0.010366095321228334,0.8261475886060495,52.27858,0.12377612,-0.007318479,0.0097808837890625,0
site3_322.png_X0_Y256,12.364204116395053,200.873345392999,0.1195049810394724,0.016804733386992867,0.8869962894351444,27.368607,0.15032059,-0.098876715,0.29852294921875,1
site3_322.png_X256_Y256,12.264327106474157,189.35240604575364,0.10694867837884944,0.017038291406353163,0.8498182770421339,28.559097,0.15569827,-0.10337023,0.052093505859375,1
site3_323.png_X0_Y0,13.093877816534196,548.932095423027,0.12027091990219743,0.025145060494571145,0.8464904466079017,25.250687,0.14458984,-0.093653455,0.717437744140625,2
site3_323.png_X256_Y0,12.783629630709866,345.4835418018277,0.13210541893022426,0.023223144612319835,0.8899378160606128,24.069199,0.14520693,-0.09838617,0.4584503173828125,2
site3_323.png_X0_Y256,13.018797722598492,335.6116158298496,0.09238106126346346,0.012963991488211792,0.8631924255700012,25.20369,0.16192862,-0.110908344,0.18243408203125,1
site3_323.png_X256_Y256,12.667289513487336,224.22481553068667,0.11418151798494904,0.015094253358195699,0.9007480979310567,26.37642,0.15142569,-0.09914173,0.1520538330078125,1
site3_324.png_X0_Y0,13.983056334364633,691.9663869966065,0.06478266566167631,0.009031411238756986,0.8714977581765306,62.41893,0.026856828,0.2256965,0.01776123046875,0
site3_324.png_X256_Y0,13.82268051820639,528.1686577428206,0.06972720110175847,0.009352254879736514,0.8872472851823788,53.817413,0.07245584,0.1275976,0.0,0
site3_324.png_X0_Y256,13.133387038956734,420.45081200739577,0.10414018874261614,0.01592692825155381,0.8947552089413009,24.844131,0.14535736,-0.08934389,0.3903045654296875,1
site3_324.png_X256_Y256,13.28497035530198,397.10634227219975,0.10522839638070022,0.02273580460936286,0.9093527808617966,51.56038,0.101732835,0.036914896,0.13311767578125,1
site3_325.png_X0_Y0,13.783636694470125,689.8487097510744,0.05928560224407438,0.009426008671693,0.7952471092827205,78.86839,0.013762571,0.2814772,0.0,0
site3_325.png_X256_Y0,13.467157238012895,459.26072948205126,0.07083890840793118,0.010944616924222945,0.8533185086041897,46.129242,0.12717287,-0.0064129233,0.072357177734375,1
site3_325.png_X0_Y256,13.067391792709927,307.48621430158835,0.0935753484310701,0.012847513608749249,0.8886690478536391,31.31755,0.15869024,-0.09190085,0.0,0
site3_325.png_X256_Y256,12.521604393547344,234.35309775687494,0.10071912333187576,0.016320295503302704,0.8669515879667683,24.666641,0.17444465,-0.12528259,0.0,0
site3_326.png_X0_Y0,13.076115914741514,239.94091315539816,0.09350866012155179,0.01260475593461616,0.921835649459825,69.37744,0.084589005,0.10502317,0.0,0
site3_326.png_X256_Y0,12.861622024337697,280.7597209907246,0.09445885999097281,0.013984810771644051,0.8817080862608668,35.39514,0.15562561,-0.08036117,0.0,0
site3_326.png_X0_Y256,12.251791478302017,146.92411519908427,0.12475908075489062,0.017117635832176813,0.9075233649849765,29.249527,0.16375598,-0.10757138,0.0,0
site3_326.png_X256_Y256,12.560011349894822,279.6278912858055,0.11501536410180803,0.016841336947745637,0.8520236260004157,26.240051,0.15241227,-0.10576178,0.0866546630859375,1
site3_328.png_X0_Y0,12.815799254427445,225.13847271782663,0.10068753295737704,0.013853395226806169,0.9028330328092035,28.791107,0.16155478,-0.10232734,0.0,0
site3_328.png_X256_Y0,12.146354210987157,191.1026234200798,0.11195626195037603,0.01748811656825596,0.8355825405591113,25.192444,0.14953718,-0.10656574,0.0,0
site3_328.png_X0_Y256,12.874546629619884,203.85577869689826,0.10390452414829938,0.0131246648175862,0.9270807016722091,29.985306,0.15656021,-0.08815262,0.0009613037109375,0
site3_328.png_X256_Y256,13.178812969361982,332.4938637333192,0.11757235997766902,0.013615773360466108,0.9351813440633784,42.384308,0.033501487,0.16157076,0.0655364990234375,1
site3_330.png_X0_Y0,12.28448032180215,200.21962350718655,0.1185452035853159,0.01757980017390021,0.8808760294635001,19.965576,0.15119451,-0.116019994,0.0110015869140625,0
site3_330.png_X256_Y0,13.134351187983654,321.02799099206214,0.08580188756438173,0.012395722523263517,0.8916447894484663,34.67636,0.14012244,-0.040606655,0.1432647705078125,1
site3_330.png_X0_Y256,11.992315928986148,168.48808093642066,0.11477847618217973,0.019735121489374473,0.8514966001532197,25.137054,0.15554245,-0.11028753,0.0,0
site3_330.png_X256_Y256,12.931593472511825,221.65530212238414,0.10822195875345646,0.015364860812387438,0.9305932085063469,38.081024,0.13349247,-0.03665343,0.0,0
site3_351.png_X0_Y0,13.484955693299096,614.0444475982864,0.0579425366084405,0.01064538299337081,0.7315808115530649,46.35016,0.1441895,-0.009999828,0.0,0
site3_351.png_X256_Y0,13.436646417463923,521.9775517979916,0.0624625349284854,0.010945284815375305,0.7862888133047987,40.11255,0.1612493,-0.05095197,0.0,0
site3_351.png_X0_Y256,13.877887842198339,615.9253279538,0.06005457176340558,0.009060482808850311,0.8528529361809238,55.050873,0.06931271,0.14982507,0.0099029541015625,0
site3_351.png_X256_Y256,13.8077483736435,616.0224257647402,0.060721306392807636,0.009615963122901127,0.8316884027065925,41.436462,0.13654575,-0.004356988,0.1360931396484375,1
site3_352.png_X0_Y0,13.30364894118852,400.0310641490171,0.08150550029360398,0.011921888882990117,0.8661403332859997,31.001678,0.1645779,-0.08149808,0.17108154296875,1
site3_352.png_X256_Y0,13.027954197963982,265.83372011366095,0.09072002250480178,0.012900521401892365,0.8997570246974083,33.960876,0.15629314,-0.0706352,0.1766815185546875,1
site3_352.png_X0_Y256,13.593237483293692,372.30244557382923,0.08738718470609777,0.010300848644725302,0.9254870052110744,21.561737,0.14105296,-0.06587569,0.3717041015625,1
site3_352.png_X256_Y256,13.15603142998835,303.2200337910846,0.10806729716291905,0.013397857456564303,0.9379080192125777,13.45726,0.15061557,-0.117112845,0.5432586669921875,2
site3_353.png_X0_Y0,13.039740722624,283.7959106623667,0.0846820717132224,0.012672398580253454,0.8856390079788213,37.282776,0.16240683,-0.06727877,0.0806884765625,1
site3_353.png_X256_Y0,12.640651900990942,231.62152705690244,0.10137752449764718,0.014998042193222493,0.8757468943310882,21.256271,0.17304331,-0.12971467,0.1289215087890625,1
site3_353.png_X0_Y256,12.986322076794753,311.0037550911933,0.09477237086699705,0.013525112475437641,0.8796785449695455,24.722122,0.1692303,-0.11453909,0.2119903564453125,1
site3_353.png_X256_Y256,12.377767080027182,233.5092966947836,0.1024866586534488,0.016867337369873003,0.8202308757688469,17.060715,0.18099344,-0.14902964,0.078857421875,1
site3_354.png_X0_Y0,12.560605511989323,188.60497304222153,0.10005447950475425,0.015133875139606128,0.8919758781343711,15.189682,0.18332285,-0.15256268,0.0,0
site3_354.png_X256_Y0,12.913764172497148,141.18288616457787,0.11740240230704513,0.012916024919561404,0.9697121302415002,22.696579,0.1388586,-0.05275206,0.0562591552734375,1
site3_354.png_X0_Y256,13.365533447332536,402.4684580750245,0.06858516699897876,0.011091266687470196,0.8543302253090315,55.465576,0.12079696,0.056355484,0.0,0
site3_354.png_X256_Y256,12.900218065387012,447.44799159280103,0.08988950093513147,0.014420339978390689,0.7774190476659387,56.763046,-0.0010217624,0.31071466,0.0,0
site3_358.png_X0_Y0,13.791904004957303,592.5862389015094,0.0645438157142032,0.00946022746704797,0.8470202631358582,73.02605,0.038722884,0.24488531,0.0,0
site3_358.png_X256_Y0,14.169334254486099,856.1693234573372,0.058817687566178764,0.008399926299786687,0.8536991205643218,62.312424,0.017496318,0.23536563,0.0,0
site3_358.png_X0_Y256,12.541271248101404,355.2852637056984,0.11482084282422089,0.019642633671144445,0.8883115475066321,61.38826,-0.05152776,0.4846182,0.0,0
site3_358.png_X256_Y256,11.717674669796974,367.6576073055442,0.17816078234958993,0.03196839704772995,0.873490245536824,34.80397,-0.03928369,0.34439722,0.0,0
site3_359.png_X0_Y0,13.617306964473832,474.6673438701646,0.07361934831680604,0.010450814685214796,0.8867531357607683,91.14044,0.02089975,0.3044612,0.077972412109375,1
site3_359.png_X256_Y0,13.777404465354858,618.5865580996651,0.06027763106072894,0.0094394546020443,0.8353878221139823,76.2672,0.02755257,0.24366854,0.0,0
site3_359.png_X0_Y256,13.891807494845452,725.5431383212282,0.058894707298576904,0.009257945662661358,0.82443131710603,69.5641,0.016603412,0.26241577,0.0,0
site3_359.png_X256_Y256,13.611032854381758,495.71790830150144,0.0765527435448348,0.010234265108918303,0.8866358263977245,79.28853,-0.008345326,0.3568,0.0,0
site3_360.png_X0_Y0,14.114863678519473,783.609754901964,0.051113802229758386,0.008365721126887198,0.8302232686161666,94.09683,0.013455792,0.31418878,0.0,0
site3_360.png_X256_Y0,13.476263992033042,522.1748828124995,0.07033540812854519,0.011147663385109158,0.8270628529855706,59.551422,0.12562492,0.020585073,0.0,0
site3_360.png_X0_Y256,14.206703945108826,1072.217633211967,0.04547502839088204,0.007945790753437262,0.7632284267185342,79.046936,0.0069444706,0.30266574,0.0,0
site3_360.png_X256_Y256,13.866820421120998,608.6832840884449,0.06500841548516795,0.009252984007685516,0.8712120667487481,56.95038,0.09697826,0.07525834,0.0,0
site3_361.png_X0_Y0,13.148952750877374,363.1580891964608,0.0841749631373736,0.012938323610162996,0.8679992023740719,30.338715,0.14609897,-0.07985301,0.0991058349609375,1
site3_361.png_X256_Y0,13.349727432888091,335.78797361592797,0.11008682565952374,0.012869579486589972,0.9526406169049924,38.719376,0.08029822,0.065349214,0.230438232421875,1
site3_361.png_X0_Y256,13.077172889862094,355.0845381734215,0.0772363297518363,0.012578493591905028,0.8340277622397525,34.56958,0.15331438,-0.071758024,0.1027069091796875,1
site3_361.png_X256_Y256,13.325112441480593,565.9746161332105,0.12957951259072792,0.04268867848945647,0.9064975840450158,30.803696,0.116174564,-0.034276783,0.5399627685546875,2
site3_383.png_X0_Y0,12.589703226097718,309.59950303071093,0.11099376182593199,0.01709888921946636,0.8683422643129675,49.881744,-0.045297876,0.35666156,0.0,0
site3_383.png_X256_Y0,13.86303819425426,765.6936870134323,0.053209314499973154,0.009253404197486163,0.7850139871952686,53.895065,0.03700842,0.13688332,0.0,0
site3_383.png_X0_Y256,13.330779234301575,550.0123541126023,0.05735650464817442,0.011237282766748001,0.726124476764044,105.86688,0.059056304,0.2599024,0.0,0
site3_383.png_X256_Y256,13.16322040484963,419.82471905337195,0.12264531262757924,0.027441684928806408,0.9243194931821497,48.93036,0.102839164,0.03345338,0.289703369140625,1
site3_384.png_X0_Y0,12.61210282626045,280.7629887543299,0.09078732864460164,0.01530690908266163,0.8120975753965616,32.89624,0.15681167,-0.08903353,0.058746337890625,1
site3_384.png_X256_Y0,12.719697532702918,237.54639115664762,0.09529807686475616,0.014086004281434649,0.8754463998527018,21.595581,0.18103904,-0.13606824,0.0,0
site3_384.png_X0_Y256,12.691648567499934,292.1921192720381,0.09032203954125745,0.014891001815076795,0.8282679015200717,37.442825,0.15056075,-0.073072866,0.0744476318359375,1
site3_384.png_X256_Y256,12.283115483189984,210.58041229635467,0.09439474061744772,0.0166115784194079,0.8124282263723211,21.61296,0.18338227,-0.13835375,0.0,0
site3_385.png_X0_Y0,13.12635240441673,371.044378574354,0.07081653612121094,0.012208020429226547,0.8246798940653468,54.69893,0.1223935,0.03200795,0.0,0
site3_385.png_X256_Y0,13.155838532528263,497.1050529694153,0.06328514949117836,0.012165884321305859,0.7114830259526973,102.75662,0.020194933,0.32226667,0.0,0
site3_385.png_X0_Y256,12.649950731297132,278.2245670535415,0.08191760502163478,0.0146559640132062,0.8067077851256392,32.747726,0.15580504,-0.079938844,0.00042724609375,0
site3_385.png_X256_Y256,13.017258471059936,212.73563369557914,0.09977359584376123,0.012584940252825791,0.9356566885650843,92.529205,-0.022342134,0.41726455,0.0099639892578125,0
site3_390.png_X0_Y0,13.821563306678208,663.8549819330433,0.062219899867996656,0.009425961061486965,0.8400316898414748,77.40286,-0.0023732544,0.2833303,0.0,0
site3_390.png_X256_Y0,13.422725944038683,559.5348428639267,0.05841015813846122,0.010953567799046897,0.7568477367420092,115.97508,0.015612737,0.3292945,0.0,0
site3_390.png_X0_Y256,13.710271139196747,615.6671802912367,0.06099052986013059,0.009604733712447397,0.8245602126516434,109.26413,-0.020423599,0.40273717,0.0,0
site3_390.png_X256_Y256,13.50813362715841,471.17112961361767,0.06744361872310423,0.010425783723723252,0.848696161462168,113.21062,-0.0179319,0.4215476,0.00982666015625,0
site3_391.png_X0_Y0,13.863657839391784,744.8792663879271,0.05198116237490688,0.009120672299295019,0.7775633215516533,94.37358,0.0022666873,0.33128554,0.0,0
site3_391.png_X256_Y0,13.426250466064555,503.3391684838749,0.06845612397489725,0.011223864754680487,0.8210013624393397,53.5186,0.12995327,0.0064236606,0.0,0
site3_391.png_X0_Y256,13.699847721467908,641.8851208970253,0.056733789208631646,0.009963943559594986,0.7896632623620516,89.30188,0.060501117,0.2019549,0.089996337890625,1
site3_391.png_X256_Y256,13.332813128810265,504.27019526744004,0.06944923296345398,0.011655463915496982,0.7930265231968164,49.563873,0.13544056,-0.025567463,0.0874481201171875,1
site3_392.png_X0_Y0,12.422486253627783,179.4890310517602,0.11695194213877731,0.01583896300218781,0.8970780349252502,29.426361,0.16509174,-0.10795201,0.0,0
site3_392.png_X256_Y0,12.615207584701755,236.53740576040667,0.10349583944330507,0.015518093513664066,0.8740113410139855,32.47737,0.14803568,-0.08098686,0.2078857421875,1
site3_392.png_X0_Y256,12.572462762104028,232.12928008458354,0.10398167660518544,0.015342887470135985,0.867985187450825,38.359146,0.14966844,-0.07466595,0.0,0
site3_392.png_X256_Y256,12.43201247316184,202.83295807201964,0.10896809625836398,0.016850603364373072,0.8753998286030097,32.191147,0.15081522,-0.085584715,0.035980224609375,0
site3_393.png_X0_Y0,13.607789366392705,535.5193834702784,0.08847068026323936,0.012968235497213928,0.8860780177490749,58.97638,0.08783518,0.058697164,0.2079010009765625,1
site3_393.png_X256_Y0,14.10302379854095,923.4657923634948,0.04786597238631832,0.008362383266935131,0.779511124006713,83.15378,0.02354807,0.22861025,0.012969970703125,0
site3_393.png_X0_Y256,12.648738086388025,270.27253269475875,0.1191634532566224,0.018995245634561307,0.8768238881760901,35.797546,0.13606396,-0.067087606,0.287078857421875,1
site3_393.png_X256_Y256,14.102622487120312,754.0109630610866,0.062360648079593725,0.008506353002384889,0.8733140131130634,60.264862,0.035418447,0.18839648,0.081787109375,1
site3_415.png_X0_Y0,12.331112997163263,228.30219541462597,0.10159107085575464,0.017191930022749657,0.8308596254685385,33.037506,0.14974444,-0.08719321,0.0,0
site3_415.png_X256_Y0,12.104252124674911,179.0631659698219,0.10218364861692916,0.017980326778539474,0.8218049477805386,25.40863,0.1722321,-0.123208016,0.0,0
site3_415.png_X0_Y256,12.426216215842047,217.65708722306502,0.10082889911516878,0.016277624473978514,0.8587730063866966,31.582336,0.1500723,-0.09054427,0.0,0
site3_415.png_X256_Y256,12.006059088746266,168.85369042255596,0.10796166060504464,0.018515598853404903,0.8208207919911676,27.033539,0.16729802,-0.11636999,0.0,0
site3_416.png_X0_Y0,12.454053229812223,335.1859802870274,0.17633044709555068,0.052422504424974405,0.9084660719288427,25.688126,0.13943763,-0.086545244,0.4728240966796875,2
site3_416.png_X256_Y0,12.684292066474478,216.4227696379,0.1263667142047491,0.016230967902453167,0.9490940171101633,36.55768,-0.007863215,0.24542744,0.18621826171875,1
site3_416.png_X0_Y256,12.658755145628888,253.47377366878277,0.10119269044246752,0.015020133034986153,0.8645169521740904,22.539764,0.1669696,-0.12384053,0.1446533203125,1
site3_416.png_X256_Y256,13.857916855210478,534.6784982789235,0.07914944722870902,0.009705909956875348,0.922879673918829,30.356857,0.07601079,0.06766027,0.318634033203125,1
site3_421.png_X0_Y0,13.438532292199707,553.8425855290006,0.05823944438525283,0.010837334328079307,0.7641290574448353,126.67677,-0.006163389,0.41180634,0.0,0
site3_421.png_X256_Y0,13.588043935223812,345.06246020160603,0.07571736682293587,0.01012335314283232,0.9238403531447766,77.369156,0.047849096,0.22553611,0.0470428466796875,0
site3_421.png_X0_Y256,13.4876392003641,563.1362917357495,0.05807670204465681,0.010631819282376137,0.7760793947632579,119.153595,-0.0027438765,0.39902785,0.0,0
site3_421.png_X256_Y256,13.235432557776946,371.21565990244295,0.07068159376161727,0.011358657389035614,0.8556406728471375,99.96628,-0.0022156728,0.3645745,0.0,0
site3_422.png_X0_Y0,13.330033135338383,437.073472807938,0.06518222690210491,0.011349263436724665,0.8209983287152294,72.14612,0.10595138,0.08717574,0.0,0
site3_422.png_X256_Y0,12.996279424599045,376.79596756655536,0.12617723892091257,0.03736266333733202,0.9024502681635469,31.229218,0.13970286,-0.07202716,0.1150360107421875,1
site3_422.png_X0_Y256,13.250469192505877,483.17401762543443,0.05965148276475662,0.011658022448829615,0.7590391706798254,75.8647,0.10083836,0.10599293,0.0,0
site3_422.png_X256_Y256,13.2774070967906,369.07046304305527,0.08487644608798547,0.011929088422020234,0.88462597328231,30.5009,0.14047235,-0.07235629,0.0,0
site3_423.png_X0_Y0,12.29205594824172,216.10714929354108,0.1448889993601367,0.03722626076063593,0.9019152877042054,34.41086,0.142107,-0.07443503,0.0,0
site3_423.png_X256_Y0,12.393710763287967,200.07260368608598,0.10351288197151237,0.016797656423701582,0.8683856845062117,33.352814,0.1547058,-0.08606301,0.0,0
site3_423.png_X0_Y256,11.981305740647914,146.99241860101978,0.13687775975014377,0.020522751423227875,0.905466949069345,36.79254,0.14173743,-0.06968391,0.0,0
site3_423.png_X256_Y256,12.43438087944979,160.66592054438453,0.1189983944159912,0.01615274995743056,0.9158071901791163,29.436676,0.15054794,-0.090130076,0.095184326171875,1
site3_424.png_X0_Y0,13.15576250761005,355.8468417045183,0.0809007365632155,0.012310799170605912,0.8604388267185832,36.82245,0.13677888,-0.04242748,0.118377685546875,1
site3_424.png_X256_Y0,13.84767754247374,726.7181699196228,0.055795145006043045,0.009172854260098989,0.7912419164697798,67.192154,0.023791457,0.23778827,0.0,0
site3_424.png_X0_Y256,13.00733082083477,326.6502626093393,0.08167179928585672,0.012848765028416406,0.8404945548583271,47.80789,0.11068815,0.0330834,0.0,0
site3_424.png_X256_Y256,13.468913211187928,508.2646000636897,0.06160686980515999,0.010913799022828389,0.8173121986548626,69.432175,0.038463935,0.22836931,0.0,0
site3_445.png_X0_Y0,13.504698351064112,575.2535951617253,0.06052523860286045,0.010484452534557386,0.7712636154988709,65.02083,0.02531605,0.22931074,0.0,0
site3_445.png_X256_Y0,13.185939864071178,390.1051350892746,0.07045343994146681,0.011892053740004196,0.8245866620212725,89.29823,0.019990342,0.25538442,0.0,0
site3_445.png_X0_Y256,13.660381773007096,615.2068642769823,0.062371189825923164,0.010037892628911521,0.8089109840365081,68.8508,-0.027797017,0.3319469,0.0,0
site3_445.png_X256_Y256,13.345610111420859,495.945592290224,0.06178231121091518,0.011207614780661717,0.7816320059002985,110.84387,-0.005006961,0.339781,0.0,0
site3_446.png_X0_Y0,11.946930813708803,239.82262914203804,0.18032367147570658,0.06545546072510591,0.8990354255144497,24.596512,0.14431214,-0.09896152,0.3424835205078125,1
site3_446.png_X256_Y0,12.01336837226712,160.83141647743872,0.10971142362471975,0.018527952151520408,0.8352691367508869,26.16188,0.16431862,-0.11439848,0.0,0
site3_446.png_X0_Y256,12.903810191175008,342.5630882202711,0.11727386037962961,0.02183047690381735,0.8914567847191504,26.941788,0.13562977,-0.07870188,0.5439300537109375,2
site3_446.png_X256_Y256,12.225005271573854,252.91933924152363,0.08876800422582715,0.017470697262773255,0.7228609531459476,24.035248,0.16366608,-0.11546832,0.0087890625,0
site3_447.png_X0_Y0,13.001862269282597,274.5313619160921,0.09058726927366106,0.012929271157486471,0.8941362645879215,15.709579,0.18177229,-0.14574921,0.22076416015625,1
site3_447.png_X256_Y0,13.2075542890866,291.7360974144717,0.10679376610661076,0.013187482286572641,0.9477160820233078,48.025177,-0.01865099,0.26659977,0.1833648681640625,1
site3_447.png_X0_Y256,12.98373834272898,332.5670650110561,0.09557763155662936,0.014540606486799685,0.8776078667815332,22.097763,0.16146763,-0.11435738,0.054534912109375,1
site3_447.png_X256_Y256,13.534464770623853,390.78040248945445,0.09017609525183498,0.011239730682506796,0.9368436716482686,25.07637,0.042352192,0.11146622,0.385284423828125,1
site3_453.png_X0_Y0,13.373723942883554,455.5457538867322,0.0635543667862791,0.01108733467425585,0.8316508556316587,86.36064,-0.0013161525,0.36341262,0.0,0
site3_453.png_X256_Y0,13.728912918927545,572.9939902020885,0.06282652403591879,0.009921138887159738,0.846826903725004,64.173584,0.082324736,0.102025196,0.007293701171875,0
site3_453.png_X0_Y256,13.508370900060601,647.4462952049714,0.05211714675936621,0.010470352496113429,0.7104572836554759,97.92166,0.057947353,0.23727587,0.0,0
site3_453.png_X256_Y256,13.55602717677236,472.4709168198435,0.07408886722750903,0.01054480744080436,0.8714117483552357,67.69827,0.09971137,0.081688434,0.0,0
site3_454.png_X0_Y0,12.386830298202925,198.80424675906096,0.12359070331097463,0.017381746930667637,0.8828720869110853,33.263,0.144147,-0.081366286,0.0482635498046875,0
site3_454.png_X256_Y0,12.48329945362952,203.6760393238195,0.10471432752980257,0.015788494733614933,0.8751655726084764,32.34761,0.15350552,-0.08647552,0.0,0
site3_454.png_X0_Y256,13.081799355967776,324.7023663825236,0.08119920115321341,0.012689262484967852,0.8649889826399634,28.663773,0.15722577,-0.09423331,0.0,0
site3_454.png_X256_Y256,13.193728234576668,290.8462148873032,0.08720031775403518,0.011728116726574025,0.9064149264527183,23.766647,0.15503888,-0.10142875,0.1165313720703125,1
site3_478.png_X0_Y0,12.236027485891118,223.97121329537248,0.08889604978665243,0.01666068230327011,0.7680417098408409,18.385971,0.17001724,-0.12844384,0.07391357421875,1
site3_478.png_X256_Y0,12.899871194466003,268.51760053226405,0.11106788672711024,0.014104039641707524,0.9148685618874998,26.224106,0.045842823,0.118904665,0.26763916015625,1
site3_478.png_X0_Y256,12.129113843876038,208.03368575187702,0.08977314269093613,0.01736498798863281,0.760169399097127,20.093002,0.16759706,-0.11475846,0.0,0
site3_478.png_X256_Y256,13.380080951150049,333.8064634545738,0.08691522153027309,0.011174335420483562,0.9128894523293218,21.757095,0.11025834,-0.0054479945,0.491241455078125,2
site3_484.png_X0_Y0,13.659654695748571,612.6606494647561,0.05720324536642408,0.010002035049694685,0.7912982663311514,79.825516,0.08846302,0.14155087,0.0,0
site3_484.png_X256_Y0,13.545711643543477,524.8582917327333,0.07393981209343238,0.010628487423697985,0.8513333935270205,47.73198,0.13243,-0.021944325,0.0,0
site3_484.png_X0_Y256,13.690562913977352,613.4408964400761,0.056178403958082906,0.009851063222936513,0.7976512082530935,64.47575,0.111827485,0.08166482,0.0,0
site3_484.png_X256_Y256,13.254191688238947,416.7141301873052,0.08324564420951207,0.012238791857352504,0.8660373675188956,29.313644,0.15842098,-0.099061474,0.0,0
site3_486.png_X0_Y0,13.307533743648335,490.39930851416204,0.06238970123097849,0.011524213028655,0.7732192024556913,46.68776,0.13124062,0.02234621,0.0,0
site3_486.png_X256_Y0,13.609389813518932,702.713943885771,0.05095733739367579,0.010051382454943676,0.7075098481338091,67.88872,0.091903776,0.14893049,0.0,0
site3_486.png_X0_Y256,13.22097634017079,487.87530496083394,0.06340750912546274,0.011706938409249001,0.7449777795420358,58.757828,0.13388944,0.029171677,0.0,0
site3_486.png_X256_Y256,13.600306506306932,541.2006132256921,0.06582908355511911,0.010125870672122535,0.8427528020014465,67.61948,0.03778623,0.2663572,0.0,0
site3_508.png_X0_Y0,13.413261224796837,463.16087092404985,0.06914155836403064,0.011157488614329563,0.8270377885143572,64.01558,0.06552222,0.1264831,0.0,0
site3_508.png_X256_Y0,12.733781215770026,361.0745833934205,0.07567125780149304,0.014421576477641598,0.7300283961555804,22.43666,0.14692174,-0.086442925,0.0380859375,0
site3_508.png_X0_Y256,13.495753350936768,537.1584590962851,0.07704980257392201,0.011988982573550836,0.8567933262999682,78.807846,0.037447732,0.21569887,0.1878814697265625,1
site3_508.png_X256_Y256,13.12812455110029,456.4229363706541,0.0800886743445327,0.012942676348702139,0.8028524154855772,17.295029,0.14374721,-0.10146955,0.253753662109375,1
site3_509.png_X0_Y0,12.953327656857086,246.24209971826514,0.08850000033975829,0.0131715122079352,0.904607539971818,25.45166,0.14078608,-0.072916865,0.084320068359375,1
site3_509.png_X256_Y0,13.222091333044078,260.5477622188735,0.10280616871286156,0.01222788864569339,0.9486607094561951,29.244263,0.086240664,0.03443943,0.2389984130859375,1
site3_509.png_X0_Y256,12.908899947341968,283.6688606395462,0.08372795325357077,0.01330598099181633,0.8620332640897174,19.49968,0.1390729,-0.080536656,0.0452423095703125,0
site3_509.png_X256_Y256,13.245015275431744,362.18353678576756,0.0970166340611282,0.012244990709982338,0.9227877779665272,31.292313,0.05486486,0.08866508,0.1307830810546875,1
site3_515.png_X0_Y0,13.836529171121555,710.2748923791409,0.0528822900851602,0.009314763252431238,0.7889030067494227,62.223602,0.10037898,0.10772678,0.0,0
site3_515.png_X256_Y0,13.653711371128168,516.2178195135245,0.06539830618376657,0.010036604563718646,0.852356508238428,34.827652,0.16048953,-0.06901188,0.0,0
site3_515.png_X0_Y256,13.56321766989602,597.6743611982167,0.05755063152700904,0.010273243877162046,0.7699006760124272,47.821747,0.14715749,-0.013041142,0.0,0
site3_515.png_X256_Y256,13.820957488090151,544.5411218641817,0.06377581693757015,0.009384153754909646,0.8711293046353115,48.00615,0.12247324,0.02295025,0.0,0
site3_516.png_X0_Y0,13.410027202746763,421.87162852028735,0.06997506655925621,0.011135707145425243,0.8536242230040171,40.56923,0.15183169,-0.042400025,0.0,0
site3_516.png_X256_Y0,13.333226164165062,254.08199655781095,0.10470157714849919,0.01134205990456897,0.9559809324423088,22.938248,0.14987582,-0.0730746,0.0,0
site3_516.png_X0_Y256,13.856116504652181,583.1577101055034,0.06800294406399393,0.009449976283047631,0.8763518049154123,42.40445,0.12919085,0.012045987,0.1079559326171875,1
site3_516.png_X256_Y256,13.432003502942234,278.0225419459983,0.09777269687830627,0.011189604092836522,0.956312363248952,24.479523,0.14809611,-0.06685851,0.0,0
site3_517.png_X0_Y0,11.821184949493377,327.8249520466858,0.24069303991816282,0.16115170301665227,0.9402645909624066,31.079681,0.13859105,-0.05904808,0.0045623779296875,0
site3_517.png_X256_Y0,12.201051099536215,498.11558680857,0.23169381801561792,0.14381277713126792,0.9535806957297674,29.49376,0.10434534,-0.00010193512,0.08917236328125,1
site3_517.png_X0_Y256,12.188903556000717,347.57145282163265,0.21388101254926056,0.13397945752382862,0.9417424973932528,29.49916,0.13726419,-0.056741074,0.0287628173828125,0
site3_517.png_X256_Y256,10.640366145942812,359.6426919333612,0.3448939481606388,0.21426339074512057,0.9601491842032759,7.594986,0.14402808,-0.12385307,0.092041015625,1
site3_519.png_X0_Y0,13.345142321364124,310.64808463091856,0.08138258391674957,0.011253078201594885,0.9098689150470834,62.47876,0.076816395,0.14329343,0.0149993896484375,0
site3_519.png_X256_Y0,13.100236252295485,368.12423665177545,0.07828872708248603,0.012595391990147514,0.8318139592641078,40.377884,0.15458088,-0.056104526,0.034210205078125,0
site3_519.png_X0_Y256,12.468902644166347,177.97961203323152,0.14372721085914655,0.019610031816259872,0.9516086703220153,19.947098,0.15266655,-0.10897726,0.02239990234375,0
site3_519.png_X256_Y256,11.89675073229699,168.8094428675265,0.171750348365158,0.027025096091956708,0.937817226431308,17.458252,0.14485887,-0.10976845,0.05401611328125,1
site3_539.png_X0_Y0,13.457746236991568,578.4578202344092,0.06013734285120855,0.010845450109378634,0.7485031503187876,85.25778,0.029776955,0.2646523,0.0,0
site3_539.png_X256_Y0,12.895901185869121,335.7520777315268,0.09429005766070553,0.014053154689579784,0.858458239331477,18.139832,0.13268185,-0.09190996,0.1922760009765625,1
site3_539.png_X0_Y256,13.263650780717008,508.8643948992044,0.06444021032921468,0.011635573027419754,0.7414881248330952,55.349396,0.05797981,0.16506164,0.0,0
site3_539.png_X256_Y256,13.41317612313296,408.4754177479929,0.07881649463591815,0.011306257630917603,0.8783671522971644,12.904465,0.1429406,-0.10839908,0.4186553955078125,2
site3_540.png_X0_Y0,12.73664937551,193.39494450752736,0.1112737645451046,0.013979761725328395,0.9223546689514014,12.700806,0.15166506,-0.12303096,0.0927581787109375,1
site3_540.png_X256_Y0,12.796891894963284,217.19955356714541,0.10559282866151753,0.014401973129666325,0.917666499899192,25.769012,0.12310493,-0.050151907,0.103363037109375,1
site3_540.png_X0_Y256,12.850115613696339,241.89847573650184,0.09866567128849348,0.013770783735133513,0.9001463910286878,11.222626,0.15764266,-0.13025764,0.09246826171875,1
site3_540.png_X256_Y256,12.687838289317522,194.41721920355388,0.09947412047928164,0.014090369130149813,0.9071106467182654,23.318207,0.13114248,-0.07678963,0.0,0
site3_544.png_X0_Y0,13.477258370825936,515.7403224571058,0.06396839631949106,0.010471184414152056,0.8108071375768556,97.06755,-0.0005296506,0.42920017,0.0,0
site3_544.png_X256_Y0,13.451271720713942,580.2240748149732,0.05752495332147676,0.010596376374127166,0.7500414182514774,101.78487,0.026383253,0.40127254,0.0,0
site3_544.png_X0_Y256,13.867523860569772,541.551906403201,0.06489361704986153,0.009413320040793868,0.8918448339627656,50.063675,0.08549281,0.14024796,0.0,0
site3_544.png_X256_Y256,13.43046707100917,536.49975644885,0.06249478519805083,0.01077602665873681,0.7777577353175046,66.77464,0.046210535,0.2678573,0.0,0
site3_545.png_X0_Y0,13.379853365437949,464.78678416955137,0.07202557671179395,0.010934951140356707,0.8393858307573496,74.858215,0.024243163,0.3425566,0.0,0
site3_545.png_X256_Y0,13.055957153565352,343.36065727425284,0.07946918472564393,0.012307955902293732,0.8484724001486526,68.00656,0.013457518,0.3214461,0.0,0
site3_545.png_X0_Y256,13.223560326478397,501.32764181745176,0.06126284035976298,0.011614092598182864,0.7312303407949132,83.62996,0.022973113,0.35220268,0.0,0
site3_545.png_X256_Y256,13.036915103557726,390.3244161650615,0.06855644419513081,0.01249692766693512,0.7797919037537895,72.66971,0.06100828,0.23842232,0.0,0
site3_546.png_X0_Y0,13.753418837906139,683.5851709228625,0.05747208250462146,0.009532198895343996,0.7885168984755754,66.94382,0.03806275,0.26460513,0.0506439208984375,1
site3_546.png_X256_Y0,13.683565734592332,722.8029686448912,0.05117046928290449,0.009827852495679284,0.723783273644916,71.59502,0.10311919,0.14635351,0.0,0
site3_546.png_X0_Y256,13.601013094087607,590.4935782812029,0.05907887654983631,0.010341792471028649,0.7878920057958381,51.012207,0.10600025,0.08331331,0.3162384033203125,1
site3_546.png_X256_Y256,13.53149482187954,550.9660585772341,0.05986823223844105,0.010550392624965892,0.7905603095096658,41.964203,0.15585247,-0.004913468,0.0,0
site3_549.png_X0_Y0,11.144432732158489,142.9956078791843,0.14905025546152986,0.03185731392575589,0.8650217754631199,3.278244,0.15814242,-0.14938745,0.0,0
site3_549.png_X256_Y0,11.284926308478102,145.63951707276362,0.14235224284397374,0.027621663194381647,0.8014914540871351,2.5040894,0.16022769,-0.15575516,0.0,0
site3_549.png_X0_Y256,13.581768822926602,443.0876940509705,0.11279089796954535,0.011469249422614514,0.9255857684196301,13.474091,0.17600879,-0.13657537,0.0,0
site3_549.png_X256_Y256,13.358299582367628,368.63216438689807,0.12142378749842714,0.01579837919268604,0.9544819505339428,9.798401,0.16648048,-0.12211893,0.108062744140625,1
site3_550.png_X0_Y0,11.8667727971859,193.89320594843622,0.1475883488463873,0.02408801397713043,0.8917467574554492,10.605392,0.15149072,-0.13060555,0.008697509765625,0
site3_550.png_X256_Y0,11.836599581079218,226.9414550893909,0.15161671598626708,0.026381666247277568,0.8882980803504962,16.545105,0.14733952,-0.11506743,0.007965087890625,0
site3_550.png_X0_Y256,13.283702312839775,282.67419706363376,0.11619518804671058,0.01251866884940543,0.9575125501163667,12.301224,0.16720751,-0.12105923,0.0485382080078125,0
site3_550.png_X256_Y256,13.176637953980237,315.989889525681,0.12147145230538141,0.013519301818172237,0.9535505293015061,16.668015,0.1415787,-0.07211344,0.01068115234375,0
site3_551.png_X0_Y0,13.04617821063567,398.6864136840318,0.12072848640610084,0.016620859513199235,0.9107197770684894,8.135727,0.1659436,-0.15125051,0.0,0
site3_551.png_X256_Y0,13.169968607773733,395.22136104502846,0.09505074125984576,0.012924318787204897,0.8722845270276386,25.979645,0.15471008,-0.09558491,0.033203125,0
site3_551.png_X0_Y256,13.469919992776706,403.8738164708266,0.11819087206334901,0.01215391061848475,0.9482486243021957,3.4254913,0.181317,-0.169442,0.0,0
site3_551.png_X256_Y256,13.59358608039426,527.9698701671309,0.08852825101756366,0.01083884438230673,0.8739963433370034,10.625931,0.18097788,-0.15099007,0.0110931396484375,0
site3_569.png_X0_Y0,13.563021733359768,663.3861484615343,0.053264550656765886,0.01029161904736546,0.7219497087184888,91.24364,0.05092273,0.271964,0.0,0
site3_569.png_X256_Y0,13.064745678981424,410.1729557592072,0.07049105039972525,0.012487724402190656,0.769683345443554,70.65361,0.060233332,0.20633183,0.0,0
site3_569.png_X0_Y256,13.384613687956556,585.1657253970835,0.05741777325554518,0.010934067739208214,0.7144768594836447,68.96483,0.105607875,0.13302395,0.0,0
site3_569.png_X256_Y256,12.804793128406253,332.9340124741735,0.0794920159263882,0.013732193165434515,0.7816338451989628,49.783615,0.09527342,0.1039567,0.0,0
site3_570.png_X0_Y0,13.086366937683037,353.4229159157596,0.08427423175157217,0.012640717971463981,0.8371883330106539,42.510513,0.07083045,0.12450321,0.0,0
site3_570.png_X256_Y0,12.802370400376878,326.712690356477,0.07862709744349532,0.013783263330536862,0.7870145920614332,23.332855,0.15187931,-0.08301425,0.0,0
site3_570.png_X0_Y256,13.022703585474872,429.397892442215,0.07033540335190153,0.012878483601894506,0.7403688074973608,60.929947,0.024565319,0.23422486,0.010162353515625,0
site3_570.png_X256_Y256,13.07105227524108,325.73540170849105,0.08258065641901378,0.012813606011152681,0.8602006467831811,21.490463,0.14275137,-0.07790138,0.0023193359375,0
site3_571.png_X0_Y0,13.1550257827312,302.1175690539734,0.08586034112806656,0.012015191547063363,0.8933545990152605,8.1577,0.16078085,-0.14142463,0.0365753173828125,0
site3_571.png_X256_Y0,13.07133302855081,243.56706290850056,0.09200844226658027,0.012285004006129585,0.9179367475667131,14.083313,0.15055121,-0.111423284,0.0,0
site3_571.png_X0_Y256,13.387690326979115,377.23690257354133,0.08598746068639174,0.01126494170133502,0.8935565385016473,16.240494,0.13904451,-0.09549515,0.1956787109375,1
site3_571.png_X256_Y256,13.009972082769742,223.8473028552754,0.0960724578907836,0.012480254868326157,0.9317048525377436,11.43959,0.15266281,-0.119804546,0.0,0
site3_572.png_X0_Y0,13.16069095393391,319.45013032848567,0.08237630631202585,0.012344931651467961,0.8805672471608362,33.817123,0.13835528,-0.023794876,0.0,0
site3_572.png_X256_Y0,13.595885461317316,628.0170660623411,0.05611035644027208,0.010076545192634213,0.7603957573833374,80.32796,0.028770715,0.3168013,0.0,0
site3_572.png_X0_Y256,13.117374903552886,275.53437920511726,0.09089943691054102,0.012652786671366684,0.9078591888777381,24.680466,0.15815815,-0.0780276,0.0055389404296875,0
site3_572.png_X256_Y256,13.183733774354526,443.893621113279,0.08710079347562773,0.01239262823643944,0.8382790063984509,67.95825,0.017374268,0.3315792,0.0654449462890625,1
site3_574.png_X0_Y0,13.040398102459712,335.96063108239997,0.07714200401073186,0.012421862137269833,0.8406557229342362,76.76457,0.06143975,0.2584506,0.0,0
site3_574.png_X256_Y0,13.400346824056868,580.4147370001965,0.056904134922689,0.010925425473562586,0.7239634922093575,69.20033,0.12413886,0.116803564,0.0,0
site3_574.png_X0_Y256,13.23404239465042,339.77691727642144,0.07957899628512728,0.011737973929433052,0.879828746896419,56.42131,0.07570677,0.18534175,0.0,0
site3_574.png_X256_Y256,13.321655162377343,433.9419308979768,0.06724867059754779,0.011271767104649982,0.821787143282883,57.0907,0.12061114,0.09366747,0.0,0
site3_575.png_X0_Y0,13.85736193182041,524.1644382569202,0.06606616814635519,0.009230005601234225,0.8887960976189889,22.011505,0.17966026,-0.10655838,0.0894317626953125,1
site3_575.png_X256_Y0,13.757850441232693,441.8046244833758,0.06879814277416768,0.00964591354478065,0.9056478753950457,46.014603,0.13042447,0.04958993,0.0,0
site3_575.png_X0_Y256,13.46841680954459,425.0149655781439,0.07181023808544791,0.011039580725397435,0.8681742211603428,14.650299,0.20742391,-0.15716267,0.1314239501953125,1
site3_575.png_X256_Y256,13.650677191717778,417.0093173448954,0.07460179029684169,0.009956344592447191,0.9053265138093125,22.208023,0.19136135,-0.106076136,0.147247314453125,1
site3_576.png_X0_Y0,13.296079328725323,482.939019172312,0.06421029576802477,0.011376095171146431,0.7769818834443246,67.78543,0.076695256,0.22424926,0.0,0
site3_576.png_X256_Y0,12.920900453080105,337.9198798689352,0.09600650058002638,0.013695834868752742,0.9079699067199496,57.98018,0.082011,0.18520832,0.051605224609375,1
site3_576.png_X0_Y256,13.344838531035105,322.7879178080642,0.11382276257462734,0.013026657305014573,0.9500409360599513,59.895264,0.020234967,0.30182597,0.0,0
site3_576.png_X256_Y256,13.415931271463489,308.76759892529844,0.09812015365544749,0.011111350511999003,0.9393341332861578,33.973373,0.14692858,-0.033279616,0.0,0
site3_577.png_X0_Y0,13.367069382460548,510.99086760501496,0.06370535343318741,0.011119249089659184,0.7794274447567886,64.682816,0.08080289,0.2013898,0.0,0
site3_577.png_X256_Y0,13.43603265474525,515.1017933006633,0.06739571376732022,0.010761125092475073,0.8122284671632016,45.601776,0.07289779,0.17737131,0.0,0
site3_577.png_X0_Y256,13.52757018906722,392.3210538915347,0.09506584500557763,0.01233962807391335,0.9440054163402348,38.949326,0.07806235,0.117255576,0.00323486328125,0
site3_577.png_X256_Y256,12.818644492788744,269.5715354070516,0.11629168862968864,0.016886797258672773,0.9266775954665767,8.468338,0.17420097,-0.14626744,0.0748748779296875,1
site3_578.png_X0_Y0,13.653729105539469,366.7168221206986,0.08293109688402237,0.009936924767127054,0.9334370297728357,30.920395,0.15123704,-0.051457185,0.0,0
site3_578.png_X256_Y0,10.64279888014742,129.30655909085903,0.19210310293466545,0.0360639300743351,0.7961693297940772,1.4715271,0.16070227,-0.15761527,0.0622100830078125,1
site3_578.png_X0_Y256,11.94995849947744,211.01566554931082,0.15734117223225474,0.023582774344900356,0.8910439174394769,-5.886856,0.19467905,-0.20832357,0.094940185546875,1
site3_578.png_X256_Y256,11.061337117375562,136.4225819096033,0.19242230905599383,0.034907170189663494,0.9128491585365823,2.2417755,0.17077093,-0.16327146,0.10040283203125,1
site3_579.png_X0_Y0,12.336131137376839,232.65786306649153,0.18487896433545925,0.02242961547912202,0.9087695817102655,2.2636108,0.19223389,-0.17986631,0.16253662109375,1
site3_579.png_X256_Y0,12.347296343677483,280.7968360726539,0.21271440020933302,0.02851025878370831,0.9528472557749188,9.564896,0.15193617,-0.12226928,0.0,0
site3_579.png_X0_Y256,11.499432567449157,184.7856309772693,0.29518284068896117,0.05243317347813113,0.9643696798650554,-4.2896423,0.17850092,-0.18142949,0.0661163330078125,1
site3_579.png_X256_Y256,13.074172371670109,302.00402873895166,0.13525436719271844,0.014291180343829679,0.9315420949720248,-8.650085,0.18945435,-0.21217848,0.23260498046875,1
site3_582.png_X0_Y0,13.553527236454041,627.9397779549838,0.1061986940029253,0.012296005900833176,0.9004549776698548,-14.592865,0.22081679,-0.2682515,0.0,0
site3_582.png_X256_Y0,13.681197511491025,627.4709536596604,0.09170477684044351,0.010812540201883061,0.8712219792948327,-5.663086,0.21240604,-0.23401543,0.0,0
site3_582.png_X0_Y256,13.5610330979304,651.2405834895349,0.07667639319026798,0.011800124266715468,0.8045189762567811,-19.14795,0.23466468,-0.2886566,0.0,0
site3_582.png_X256_Y256,13.698915111082684,712.7337965716406,0.07336961392472308,0.010760657182808884,0.8078377576039559,-17.126373,0.22875711,-0.2768681,0.0,0
site3_583.png_X0_Y0,11.93054634521791,298.67661671590423,0.20124475312024384,0.038964307500310276,0.9650989454383004,22.179886,0.14279649,-0.066411935,0.0,0
site3_583.png_X256_Y0,12.424218476181224,286.8009009605738,0.08404124575671527,0.016249917112837513,0.723130669134405,50.012177,0.10926022,0.07014203,0.0,0
site3_583.png_X0_Y256,10.476419470988596,183.993162710848,0.2508719358294931,0.05156589775920968,0.9694610369581259,9.552658,0.15205684,-0.11939319,0.0350494384765625,0
site3_583.png_X256_Y256,12.544321197788197,330.9095367016438,0.08331776561635088,0.01584481767494434,0.7265896078594951,54.91765,0.085948825,0.14209692,0.0,0
site3_600.png_X0_Y0,13.1604511407747,503.0289725706492,0.06111600171138319,0.011971010471816031,0.7064646034899957,69.79941,0.075019024,0.19183308,0.0,0
site3_600.png_X256_Y0,12.60974985385582,302.1953340812492,0.08165712676905035,0.014832607936599887,0.7647694092239212,60.1837,0.057368558,0.20444399,0.0,0
site3_600.png_X0_Y256,12.948737016795842,331.7450687085596,0.14055906618403635,0.019588867334665024,0.9520167321581183,44.936813,0.10124266,0.06936638,0.0,0
site3_600.png_X256_Y256,12.858588258015171,188.19153482134257,0.13456687846955268,0.014597436337593993,0.9657498331828445,20.269623,0.120224945,-0.043218028,0.0509796142578125,1
site3_601.png_X0_Y0,13.406455177576303,450.48773062046416,0.07532243121186066,0.011877136473702987,0.8752157726317246,23.658585,0.109988704,-0.016215507,0.37823486328125,1
site3_601.png_X256_Y0,13.62947143198892,457.57094382269736,0.07882166933542475,0.010234802714650633,0.9014830937812524,6.260208,0.15511996,-0.12201023,0.2696075439453125,1
site3_601.png_X0_Y256,12.525491066331815,203.87597148632676,0.12415321745221634,0.018085530205767628,0.9330336831464727,9.557114,0.124204814,-0.09631746,0.0682830810546875,1
site3_601.png_X256_Y256,11.560798807980857,154.42674925209485,0.17086037165094747,0.024339616646306374,0.9031050364013904,-0.55052185,0.12783504,-0.12779126,0.0473480224609375,0
site3_602.png_X0_Y0,13.34013750033561,294.27772791715313,0.11279357349050802,0.012037320177631875,0.9424748219815524,15.402069,0.13613705,-0.071346544,0.0908966064453125,1
site3_602.png_X256_Y0,12.994187094933173,234.68759006452183,0.1286322820934832,0.014206756250062487,0.9457603481017341,-11.878891,0.19496706,-0.20968583,0.265380859375,1
site3_602.png_X0_Y256,10.87514975766026,119.20119800678017,0.17579789992015735,0.030664775543310534,0.8227944103943257,-0.01638794,0.12358315,-0.123683065,0.0,0
site3_602.png_X256_Y256,10.354921089111798,60.33214372176603,0.17845715142903745,0.03492549749573186,0.8020573069390942,-0.3610077,0.12611353,-0.12678966,0.0,0
site3_603.png_X0_Y0,13.03446574185367,238.48915041690316,0.12381075360207468,0.01490541387167093,0.9561585620923008,2.991394,0.1891329,-0.17463641,0.162017822265625,1
site3_603.png_X256_Y0,13.32343642322122,313.40367744677087,0.09616838043614262,0.01196904909995914,0.9328117147897119,30.391373,0.14115694,-0.04890527,0.0,0
site3_603.png_X0_Y256,9.659537126442299,48.35279805243212,0.20322949721552352,0.04544949001487528,0.834517438172253,5.0173645,0.1379701,-0.12902257,0.0,0
site3_603.png_X256_Y256,9.386986853020016,39.99313196847397,0.20043995444660215,0.04709609110973362,0.6289472277368892,4.8357086,0.14513576,-0.13716753,0.0,0
site3_604.png_X0_Y0,12.850488323854997,300.68314877390554,0.11232988216764006,0.017177720136433088,0.9228297305958605,11.657837,0.17317078,-0.14428136,0.0,0
site3_604.png_X256_Y0,12.468314491554583,266.3006235432249,0.1196501466610503,0.022303202451661817,0.9182951657793246,13.555267,0.17287606,-0.13556118,0.0633087158203125,1
site3_604.png_X0_Y256,9.460165217158298,39.218413936346835,0.20298961805485843,0.04577338352142171,0.6641695244629799,3.535675,0.14827085,-0.14242002,0.0,0
site3_604.png_X256_Y256,9.307630620770468,37.2744858197572,0.20919318986524355,0.04920213373162106,0.6420515993099699,3.050583,0.14909285,-0.14399686,0.0,0
site3_608.png_X0_Y0,9.511729489919288,42.75815614787615,0.19906964383318485,0.04582304334069212,0.6457929544925894,0.9644928,0.15304694,-0.15141863,0.0,0
site3_608.png_X256_Y0,9.547822652873059,45.17877737829229,0.19310291152064202,0.04538919790120505,0.6213438478630136,-0.017593384,0.15400861,-0.15404716,0.0,0
site3_608.png_X0_Y256,12.059121901677873,249.3298144343505,0.15964438363561362,0.025978417582236332,0.9279866406450337,1.521164,0.16933894,-0.1657038,0.0330657958984375,0
site3_608.png_X256_Y256,13.432391387367442,473.14251447758807,0.10312166550296932,0.014002595623988695,0.9199248274731975,10.792633,0.16466185,-0.12995818,0.068878173828125,1
site3_609.png_X0_Y0,10.520128640744517,89.15746943783716,0.18591872052162445,0.04005309147481664,0.9098752274374686,2.3971863,0.15560517,-0.14874493,0.0,0
site3_609.png_X256_Y0,10.201077273935923,58.09124208537664,0.21161283170923206,0.03908644395182329,0.8407311950525027,-2.3058014,0.15842645,-0.16193701,0.0,0
site3_609.png_X0_Y256,13.774615725646044,476.27422824154104,0.09060255055002445,0.010068248499208414,0.9340676567525069,24.483429,0.10927268,0.008318469,0.0842132568359375,1
site3_609.png_X256_Y256,12.021406030891391,178.3158823379263,0.1743486408632317,0.022427834120449304,0.9295348865640252,-0.583313,0.16479318,-0.16313604,0.00579833984375,0
site3_610.png_X0_Y0,12.003892825617253,208.6231442834442,0.2647761180805076,0.04717659753985659,0.9723008266155423,-1.4155579,0.1636349,-0.16817003,0.0,0
site3_610.png_X256_Y0,13.111317067517628,351.1662792856133,0.1375122744170656,0.015309950054184477,0.916534783598445,6.5468903,0.17370835,-0.15010563,0.0748291015625,1
site3_610.png_X0_Y256,11.675285976216777,183.59769209859388,0.19288161022760386,0.03359900512321015,0.9351964727481529,-0.30297852,0.17449476,-0.1722947,0.0,0
site3_610.png_X256_Y256,12.882746779171448,369.4132429684464,0.16591487265725566,0.022991444941405766,0.9251949442784626,4.588806,0.19098306,-0.16797097,0.06793212890625,1
site3_611.png_X0_Y0,13.428935469188382,579.9470529664092,0.10860504593386733,0.012078327071610757,0.8453844982864409,-14.353729,0.20441753,-0.23848642,0.0,0
site3_611.png_X256_Y0,13.485466882996132,753.7054139633594,0.07746204452595082,0.01213887129560048,0.7722140437893509,-19.781677,0.2392277,-0.28637883,0.0,0
site3_611.png_X0_Y256,13.566158175434076,602.9309270172773,0.06532343072614276,0.010700975235421312,0.790947494650709,13.50238,0.20621195,-0.15874848,0.0847320556640625,1
site3_611.png_X256_Y256,13.321786445851213,539.1536409974713,0.06499163008048389,0.011671330315808746,0.7509709979751875,18.1492,0.21830304,-0.16360421,0.0,0
site3_632.png_X0_Y0,10.224023652486828,61.76037685325398,0.17355619000509231,0.03579346885679221,0.7421968747698414,-0.72636414,0.11796169,-0.11945903,0.0,0
site3_632.png_X256_Y0,10.580122137477591,76.90900323793787,0.16833840813375683,0.03263890263497518,0.7822354102377579,-0.52371216,0.11732148,-0.11842417,0.0,0
site3_632.png_X0_Y256,12.828611471675766,203.6589731863973,0.11517534345221497,0.014320208032302837,0.9506601106523944,19.719116,0.06302388,0.046711117,0.0,0
site3_632.png_X256_Y256,12.814644326587722,161.01207717585035,0.13395050097990027,0.01353354200853735,0.957595917058929,25.981934,0.03687188,0.10888216,0.0,0
site3_635.png_X0_Y0,12.714993055224042,321.377308922637,0.12808370178209694,0.019745488591612168,0.932738950081575,21.505478,0.13519949,-0.07230286,0.0,0
site3_635.png_X256_Y0,12.959123705457733,319.305105683501,0.12792875816715515,0.01689679357523607,0.9347273139287702,25.486725,0.12914768,-0.051157083,0.0034942626953125,0
site3_635.png_X0_Y256,13.329022645651463,450.4661562259962,0.06538219882833862,0.011620962567890553,0.8261931797307265,56.464813,0.09311995,0.14699715,0.0,0
site3_635.png_X256_Y256,13.126933031222826,390.40124974469904,0.07097065467389985,0.012286903865069119,0.8101924676894843,58.747833,0.104046345,0.12935267,0.0734405517578125,1
site3_638.png_X0_Y0,13.343282681203268,479.1390584601109,0.07207061925677463,0.011464407270721363,0.8166189517174806,52.846725,0.07689806,0.17632431,0.0,0
site3_638.png_X256_Y0,12.919502167982227,300.6026947718512,0.08936246298754791,0.013148975193844952,0.8606268424859547,59.323807,0.028996311,0.27452558,0.0,0
site3_638.png_X0_Y256,12.96246104437768,469.3558607717001,0.062233036537963665,0.012906720167719052,0.6627605750754764,115.01753,-0.017942734,0.5336364,0.0,0
site3_638.png_X256_Y256,12.978202683965925,399.5706450193692,0.0721311422207682,0.013467653645388974,0.7828424698982832,94.38249,0.009481892,0.41640085,0.0,0
site3_639.png_X0_Y0,13.78349187084951,581.1017434700781,0.06702091325281463,0.009526466330667427,0.8598626646271975,37.46031,0.08153873,0.059763525,0.0,0
site3_639.png_X256_Y0,13.722772724957636,621.2966078852102,0.06919960712029287,0.00999510913362624,0.8432627517897429,42.599945,0.07477582,0.15929353,0.0,0
site3_639.png_X0_Y256,13.163692464706868,431.0771903234598,0.07347142467041942,0.012779390119829122,0.8086227982839478,85.79433,0.004830388,0.39859042,0.107666015625,1
site3_639.png_X256_Y256,13.389270456700343,473.8414113412243,0.07163331266424175,0.011641281873563641,0.8615766673320717,59.00609,0.067759775,0.21450758,0.0007781982421875,0
site3_640.png_X0_Y0,13.3869617237271,506.8017846802022,0.06987208308431038,0.011347814127980752,0.816423418329481,54.41977,0.032688625,0.2940073,0.05426025390625,1
site3_640.png_X256_Y0,12.550168177245881,274.5955864481167,0.12464764513352417,0.01992713438957468,0.9209278911210628,10.099426,0.15410656,-0.120463766,0.0429534912109375,0
site3_640.png_X0_Y256,13.243353111923508,432.7874792297561,0.10250799336336189,0.013939441854137778,0.8854048905186691,50.7442,-0.0038098097,0.32797986,0.0,0
site3_640.png_X256_Y256,13.082916296335913,254.27827246430783,0.12608749124479474,0.014673251881807748,0.9689308867428335,13.642639,0.1334225,-0.04995427,0.0,0
site3_641.png_X0_Y0,11.310981764800317,152.38334201389122,0.15990972173761903,0.03174597713664919,0.9038492833182014,-1.1739197,0.17023638,-0.16376574,0.0,0
site3_641.png_X256_Y0,12.386550812985677,388.9278127552935,0.21038148314791844,0.03319804682381228,0.9176128264632579,-5.035507,0.20511217,-0.20405185,0.0,0
site3_641.png_X0_Y256,11.171000671212234,118.46094214064331,0.15938527129495741,0.030592004720620507,0.9085486958849411,-1.737503,0.16760671,-0.16077594,0.0,0
site3_641.png_X256_Y256,12.394691200605518,325.9590083291248,0.1900540977730287,0.02809170815657094,0.9100463962348254,-3.764206,0.19898413,-0.19388363,0.0,0
site3_642.png_X0_Y0,12.825012546613353,384.21971067322806,0.1509107388336845,0.02227591278304421,0.9441391513589155,16.723862,0.11930368,0.010452352,0.0779876708984375,1
site3_642.png_X256_Y0,12.289339682014234,421.34598142845897,0.18740820331406213,0.0308813314227949,0.9253312952820836,1.6178741,0.113401264,0.0064377636,0.0,0
site3_642.png_X0_Y256,13.082037455258378,398.02822437587645,0.13643162488292124,0.017027687512178265,0.9413893037068515,-4.657654,0.16665086,-0.19273251,0.0,0
site3_642.png_X256_Y256,13.8967230340959,868.6751872777504,0.06181595722278102,0.009771554759089833,0.7848956958292552,-22.626724,0.26265907,-0.33522516,0.0,0
site3_643.png_X0_Y0,13.592901478598872,564.0160079957355,0.08487859193644731,0.010907296371919362,0.8669813460752678,9.693939,0.18753201,-0.12706135,0.0,0
site3_643.png_X256_Y0,13.51553578154973,377.85240026373884,0.08709269464732591,0.010860526719681508,0.9211563047821492,39.393356,0.12684385,0.022552954,0.132720947265625,1
site3_643.png_X0_Y256,13.724950795943801,769.6945189199996,0.07308026091874542,0.010621005029359075,0.803334049661408,-8.956253,0.21578266,-0.22816026,0.0,0
site3_643.png_X256_Y256,13.664101760372391,483.89935837480476,0.07996866874235782,0.010319652530855067,0.8912148860699696,41.946045,0.099801734,0.07638179,0.14788818359375,1
site3_644.png_X0_Y0,13.431744324229825,586.5116097024202,0.12511865207347783,0.015156294196050683,0.9006554369307518,-8.172272,0.15921953,-0.1453763,0.1158447265625,1
site3_644.png_X256_Y0,13.695695124081569,712.4496173497125,0.07129109555016032,0.011138566942065206,0.8033669882991793,-20.121628,0.24873783,-0.31233764,0.0,0
site3_644.png_X0_Y256,13.42884751147562,503.67846277574927,0.1256674397785564,0.013987995172551726,0.9167160051438652,-10.790344,0.179763,-0.21983346,0.2332000732421875,1
site3_644.png_X256_Y256,13.819839701069421,765.9470727604703,0.06813968541947399,0.01011106821286029,0.826689530945011,-20.243027,0.24191353,-0.30692762,0.0,0
site3_663.png_X0_Y0,12.780810129052877,318.3637759065261,0.08288795808197505,0.014274291166212035,0.8323054278669717,26.297394,0.13188116,-0.011342337,0.0273895263671875,0
site3_663.png_X256_Y0,13.49003269636111,341.0816745212352,0.09147892204083789,0.011197291004823483,0.9401467839073742,14.534119,0.14414935,-0.07970846,0.0206298828125,0
site3_663.png_X0_Y256,13.23362203905983,431.2019459613125,0.070441160248392,0.012086012668657798,0.8185282683588017,35.267944,0.10781201,0.059516992,0.0,0
site3_663.png_X256_Y256,13.706676311262905,438.17040453193005,0.07784166550272621,0.009989027015996087,0.9154729010502582,21.672272,0.13053411,-0.03140206,0.0,0
site3_665.png_X0_Y0,13.189178925692271,414.8574257497128,0.07052326915727875,0.011763889845034499,0.8051177756529639,59.14514,0.028008783,0.22116038,0.0104827880859375,0
site3_665.png_X256_Y0,13.247223408891859,373.49322924178,0.07770121611053593,0.011811467417331125,0.8578966628010238,28.130905,0.15399759,-0.0471825,0.0695648193359375,1
site3_665.png_X0_Y256,13.10359526835175,282.8730838349571,0.08915569804244494,0.012538616658271079,0.9010325771646324,13.563446,0.16039395,-0.11339146,0.0,0
site3_665.png_X256_Y256,13.16688983281134,316.3008112865305,0.12174082918636103,0.018428256718292985,0.9409274942902284,16.025528,0.16771144,-0.122881785,0.1758575439453125,1
site3_666.png_X0_Y0,13.593361316655432,447.7228158040281,0.07317774447288782,0.0103995982557332,0.8876418431368792,56.05533,0.069117725,0.16771527,0.0,0
site3_666.png_X256_Y0,13.391963178244861,490.41658429153335,0.06433015108286423,0.011589290962256759,0.8532816760988445,65.147995,0.08657949,0.1859692,0.098785400390625,1
site3_666.png_X0_Y256,13.189955634775098,511.7837469662993,0.14678783009455565,0.056259032459457604,0.9428741988063245,35.685257,0.098725244,0.03305754,0.394439697265625,1
site3_666.png_X256_Y256,13.111624748118137,451.27777762760996,0.06334064482580179,0.012417887571080423,0.7504975421571456,86.91681,0.04242614,0.33395326,0.0015716552734375,0
site3_667.png_X0_Y0,13.124348771935942,471.97412888074757,0.06224355300288216,0.01231782512901978,0.7966457584908463,75.936295,0.06718988,0.2820999,0.0,0
site3_667.png_X256_Y0,13.19083532252105,420.17057568003713,0.06808547295234696,0.011982395411125998,0.7969014820256586,50.20775,0.122590944,0.08931154,0.04205322265625,0
site3_667.png_X0_Y256,13.079579406108166,475.002130100215,0.06261518331086273,0.01245718919029683,0.7615503887762922,71.5686,0.081346855,0.24591756,0.0,0
site3_667.png_X256_Y256,12.992638055433437,449.1433313509244,0.06311809064042051,0.012736031396473325,0.6981250579726734,67.510605,0.08047597,0.23307514,0.0,0
site3_668.png_X0_Y0,13.478079762349708,499.2695404411944,0.06400669511981603,0.010912149504803483,0.8267475065638697,70.11948,0.056007825,0.26178646,0.0,0
site3_668.png_X256_Y0,13.312363925451393,529.7326748576629,0.05984314408009257,0.011657275118577573,0.8112067351495089,103.23418,0.008738978,0.44716302,0.0781707763671875,1
site3_668.png_X0_Y256,13.140915233397038,468.252887936744,0.06459904903887395,0.012033973440064927,0.7464607172331941,66.393524,0.0718949,0.25366172,0.0,0
site3_668.png_X256_Y256,13.242136669885385,427.9369946505077,0.07177486618015201,0.011853989289153415,0.8312793671813965,86.473724,0.016158992,0.39475456,0.0,0
site3_669.png_X0_Y0,12.946943922305913,483.727206693342,0.062017646873877126,0.013050857367592516,0.6392719293608129,92.98154,0.030004589,0.40504736,0.0,0
site3_669.png_X256_Y0,12.739758198906797,331.8599580089536,0.08180923184033637,0.014308966805322025,0.7957937344735294,86.59369,0.008540178,0.43466866,0.0113983154296875,0
site3_669.png_X0_Y256,13.249715590770112,461.1002303651465,0.0795043925631167,0.011889272464254827,0.8246089385843505,70.57201,-0.031712633,0.4699082,0.0,0
site3_669.png_X256_Y256,13.339806264575206,448.66277489428296,0.0757429074070219,0.011321292323091555,0.8402823238168005,66.36008,-0.010595972,0.3908655,0.0,0
site3_670.png_X0_Y0,12.905844642794674,325.16969467874907,0.09387929911538168,0.013407711802429636,0.8608692487564169,73.19713,-0.0030740444,0.410639,0.030914306640625,0
site3_670.png_X256_Y0,13.275141551808348,442.4767415026872,0.07418820215057224,0.011553815686184571,0.8264916683133419,54.68953,0.07156968,0.2266571,0.0691680908203125,1
site3_670.png_X0_Y256,12.977766689701873,287.5332049121872,0.12343385220505401,0.01490053264171102,0.9212027415502072,55.52513,0.01620372,0.2765228,0.0,0
site3_670.png_X256_Y256,13.332394722882677,386.55702178849947,0.09648359286649122,0.01165558825721505,0.9042181438254258,53.871414,0.032693498,0.23879805,0.0124053955078125,0
site3_671.png_X0_Y0,13.628803459481087,555.5262801266493,0.065212167613028,0.010203029109516775,0.8337564237729471,53.248642,0.064771116,0.20666616,0.0,0
site3_671.png_X256_Y0,13.506632423895415,322.5916599384886,0.097570715845979,0.011016574718504767,0.9584295886186336,26.590302,0.11560573,0.027613848,0.0,0
site3_671.png_X0_Y256,13.204609102495517,366.9837906093917,0.09671237452415382,0.01402676068324413,0.9305425432849068,20.321915,0.14226836,-0.032488935,0.019683837890625,0
site3_671.png_X256_Y256,12.673259909577423,278.38364213883324,0.14040299399341946,0.019096941045845545,0.9479015591102041,4.036743,0.17016174,-0.15117049,0.1152496337890625,1
site3_674.png_X0_Y0,13.489772454885266,683.5610627973588,0.07695141223626642,0.01177265991480603,0.7835318466299487,-18.061188,0.22395633,-0.2673639,0.0,0
site3_674.png_X256_Y0,13.429698051490536,467.9200561382948,0.07752865766354552,0.011471580829987138,0.8569645670987999,43.14502,0.10735288,0.07874993,0.0,0
site3_674.png_X0_Y256,13.660515435976269,622.3445933655407,0.12927120492097927,0.012498624444288174,0.897206535145378,6.8167877,0.15550476,-0.10850041,0.0,0
site3_674.png_X256_Y256,13.448855302210339,495.5382292267727,0.07785458364553131,0.011501285533586942,0.845842977883568,29.84253,0.14903498,-0.03670706,0.0288238525390625,0
site3_696.png_X0_Y0,12.925847362491403,281.26868602221714,0.08394854834449535,0.013554437689231993,0.8802483785442825,36.844757,0.106916144,0.05173245,0.010589599609375,0
site3_696.png_X256_Y0,13.781234071147615,426.0884786951014,0.08559827689059595,0.009737009793227806,0.9416697444134425,43.355072,0.08369294,0.0982295,0.2195281982421875,1
site3_696.png_X0_Y256,11.509907320289978,310.4607270490778,0.31359325645496716,0.04332586453903714,0.9549961640069473,14.330429,0.111698754,-0.05930583,0.0,0
site3_696.png_X256_Y256,10.487455758814129,116.58171511557683,0.3808567268280957,0.05125278965596385,0.9748009601675525,10.488235,0.12375721,-0.10066427,0.0,0
site3_697.png_X0_Y0,13.654740748995785,499.03408696475617,0.11860875081040831,0.013346289397982705,0.9390156959278132,39.640793,0.07337041,0.09422356,0.069061279296875,1
site3_697.png_X256_Y0,12.608551085138728,314.6686974361039,0.18677475387503134,0.028025755799176547,0.9689130507887629,38.838196,0.08046247,0.09525154,0.053466796875,1
site3_697.png_X0_Y256,10.10489553750168,57.227663984402895,0.3878248319526948,0.04916657179289303,0.9906280344253535,5.7064514,0.121842355,-0.11087713,0.0,0
site3_697.png_X256_Y256,10.58403321312568,125.24347681780347,0.3501505272779101,0.04985267384835827,0.9857310089048084,4.4797974,0.114667505,-0.101351775,0.0,0
site3_699.png_X0_Y0,11.934713567819173,202.6072916216135,0.14011248898684936,0.02654622689696373,0.9529040773687264,17.669022,0.113757476,-0.042343203,0.0,0
site3_699.png_X256_Y0,10.836829016228181,148.99202788591504,0.17140699558242115,0.03702264584581418,0.9062436806497228,11.659378,0.13549432,-0.10567,0.0,0
site3_699.png_X0_Y256,13.10989874985869,340.1669541312338,0.1041620889899054,0.014435441583049121,0.9102460399394571,7.792923,0.15615268,-0.12606686,0.0,0
site3_699.png_X256_Y256,13.810849147985799,666.3791706615127,0.1091910826216322,0.01709448195746431,0.9116919594173498,6.3090057,0.16642661,-0.15370196,0.377166748046875,1
site3_700.png_X0_Y0,12.42107145125971,304.1000839220524,0.14749322414059235,0.01981685896563294,0.9003664769689728,3.7767487,0.137703,-0.12059608,0.0,0
site3_700.png_X256_Y0,11.465125145962798,129.19992568964062,0.17531280951601108,0.026890663993428474,0.9212946152858925,3.5203705,0.14721373,-0.13655911,0.0,0
site3_700.png_X0_Y256,13.473435339378558,476.7918769523818,0.07744369582728698,0.011455769349115907,0.8648386096060853,15.217987,0.16209362,-0.10774447,0.0765533447265625,1
site3_700.png_X256_Y256,13.335836525707439,411.94725661406227,0.08458907524609373,0.011809543276180568,0.8769102082775223,21.787872,0.16719575,-0.105918944,0.0,0
site3_731.png_X0_Y0,13.279936901695706,416.0092589388722,0.08797470021686485,0.012045447361995192,0.8790194204345568,21.028473,0.16568719,-0.11699401,0.06884765625,1
site3_731.png_X256_Y0,13.036933097295183,354.19986471549754,0.1034541273554122,0.013556420880551187,0.8945968446262452,16.467102,0.16634718,-0.1326046,0.0749359130859375,1
site3_731.png_X0_Y256,13.687733259898877,575.7323153654872,0.09066660214354913,0.010278902027058511,0.8838834925185277,10.5950165,0.16690266,-0.12670493,0.0525970458984375,1
site3_731.png_X256_Y256,13.058443610703023,372.7646557213619,0.09529903059291656,0.013350387297412211,0.8712361669108073,15.066055,0.16967925,-0.13812827,0.095123291015625,1
site3_766.png_X0_Y0,11.326307062915998,155.1596951893486,0.2730977322529189,0.04441186552688295,0.9496337638393423,-9.292084,0.18523625,-0.19897541,0.0,0
site3_766.png_X256_Y0,12.802907851239407,258.99497117996356,0.1465325302086503,0.017223307338180026,0.9456510261385894,-4.1666565,0.1361579,-0.15338874,0.01873779296875,0
site3_766.png_X0_Y256,11.40129966616576,165.90722477532705,0.2767854115036783,0.03770203680453007,0.9447029345838281,-7.0981445,0.17996322,-0.18975326,0.0,0
site3_766.png_X256_Y256,13.228171766109284,312.02300157992516,0.14805459687500874,0.013210037259210312,0.9536540119338462,2.4287262,0.15563707,-0.1547186,0.0442047119140625,0
site4_59.png_X0_Y0,13.375469494845749,846.765689803819,0.04543820173683684,0.011149714226510527,0.468444377843508,71.423706,0.049987245,0.2251317,0.0,0
site4_59.png_X256_Y0,13.419303894859985,1000.594237252528,0.0418408761211415,0.010921748127072748,0.36340107237487973,69.64279,0.084502146,0.14647393,0.0,0
site4_59.png_X0_Y256,13.369528222479508,847.1700590968906,0.04690506125921822,0.011194408432715469,0.4697894635238704,81.59027,0.019934557,0.30983257,0.0,0
site4_59.png_X256_Y256,13.352734276629985,869.0825903198368,0.046139241717320686,0.01114056654450994,0.4342297609288105,78.14015,0.066787094,0.19297636,0.0,0
site4_60.png_X0_Y0,13.247431702315938,887.3583944877093,0.044184644060685604,0.011650973408426248,0.3512170378647919,72.65488,0.07592443,0.16204652,0.0,0
site4_60.png_X256_Y0,13.490470499109607,997.7800717873172,0.04212585191002896,0.010654246423627684,0.411797483085104,65.08389,0.07564574,0.17098407,0.0,0
site4_60.png_X0_Y256,13.066732571951658,766.4505045385317,0.0478318259889991,0.012463568203976035,0.3603094317513782,66.76163,0.09073484,0.11234133,0.0,0
site4_60.png_X256_Y256,13.240404583015097,876.8302203179255,0.045616715121310894,0.011876863607154928,0.3689173833044061,66.85834,0.07366556,0.15485203,0.0,0
site4_76.png_X0_Y0,13.051656773778227,636.7148666828992,0.054679935453396056,0.012570122936523397,0.5092023032231785,30.611526,0.1668258,-0.06783427,0.0,0
site4_76.png_X256_Y0,13.26770676509765,703.6042952831162,0.059695731464794,0.01214664293932043,0.6181562263943867,69.44153,0.0068369415,0.2975087,0.0589752197265625,1
site4_76.png_X0_Y256,13.399744367155987,826.2773097787331,0.052113397932789546,0.011482539805277947,0.5398943091760375,54.37285,0.10021945,0.1258408,0.0,0
site4_76.png_X256_Y256,13.629200116562108,1037.133086523361,0.05457384056404851,0.011119000298948328,0.6754638157728949,95.238144,-0.06124165,0.46183988,0.15899658203125,1
site4_77.png_X0_Y0,14.468879246812131,1687.5537626305277,0.055397739083815796,0.007872819317433836,0.711467178408473,17.093185,0.106166795,-0.03821449,0.667510986328125,2
site4_77.png_X256_Y0,14.712110672197682,2037.5392011788344,0.041536015423419004,0.00706722423727767,0.6855442378118577,28.19638,0.082449876,0.02924711,0.9239959716796875,2
site4_77.png_X0_Y256,14.61888468658444,1965.4764749738379,0.04713492048522713,0.008035860516707054,0.7308643047159398,38.14177,0.06233927,0.09786546,1.0,2
site4_77.png_X256_Y256,14.886474258053408,2536.6926844095506,0.0424024502760188,0.006924546459140099,0.7029356269305569,11.692932,0.1065523,-0.05012674,1.0,2
site4_78.png_X0_Y0,14.524198945506472,1852.7152821935115,0.04586490124254923,0.007856919825718182,0.7283023949551486,22.881516,0.08360026,0.035242632,0.83648681640625,2
site4_78.png_X256_Y0,14.434829426129424,1617.6921413641276,0.047042541541654076,0.008061593425475874,0.7596044674673548,26.42572,0.09977117,0.0015088618,0.579071044921875,2
site4_78.png_X0_Y256,14.8904956333275,2472.532752532197,0.04324558340185543,0.0070864340508002,0.6967497239914284,1.1430664,0.12317837,-0.120523274,1.0,2
site4_78.png_X256_Y256,14.625862511762438,1738.8471284634356,0.049886224062671264,0.007270983292905055,0.7946752230915688,13.894852,0.0955693,-0.009114236,0.7615966796875,2
site4_79.png_X0_Y0,13.902936611952018,1152.7357296023488,0.04627421244115801,0.00947258299993993,0.6522835938360598,50.411438,0.071335234,0.14299175,0.1912384033203125,1
site4_79.png_X256_Y0,13.286317975797363,835.5068488081793,0.046732176336083966,0.011432840653741193,0.44298496703016277,58.75641,0.07146138,0.18765265,0.007293701171875,0
site4_79.png_X0_Y256,14.671007373988083,1899.8809372748742,0.059377051225218046,0.007269150405534932,0.7813477323401985,1.3397217,0.13001089,-0.122058146,0.7118988037109375,2
site4_79.png_X256_Y256,14.753143591150792,2280.4048150202043,0.05569573978253318,0.009257089665596858,0.7378015763853144,-0.53697205,0.14423113,-0.14407429,0.8782958984375,2
site4_80.png_X0_Y0,13.08216033886296,736.6424003238106,0.04871758299705713,0.01226053913106495,0.41629409904367715,61.058594,0.08445199,0.15451503,0.0,0
site4_80.png_X256_Y0,13.075076218274795,729.0989786079983,0.04824324126477161,0.012311391850479407,0.4099959515309585,66.65085,0.067200676,0.18860435,0.0,0
site4_80.png_X0_Y256,14.471195065136596,1841.5566803783327,0.06935334885347569,0.011857537411830727,0.7726581955406674,8.398239,0.12719563,-0.09820135,0.8654937744140625,2
site4_80.png_X256_Y256,13.96784114531061,1314.5084630462743,0.053555848841284975,0.009833873870558863,0.7268053244715915,47.191406,0.0634752,0.11831292,0.3744049072265625,1
site4_81.png_X0_Y0,12.918377492364815,681.7517909578128,0.050646613830933405,0.012957604842100125,0.3675910631239362,75.11998,0.031893473,0.26696754,0.0,0
site4_81.png_X256_Y0,13.064041412590438,754.4350145377103,0.04893139338419727,0.01249729339548001,0.4035969730299662,72.65727,0.043144066,0.2399589,0.0,0
site4_81.png_X0_Y256,13.189307566327006,893.419200277562,0.04490714717717961,0.011848543608186596,0.3267737634489983,77.66893,0.011309695,0.33679765,0.0,0
site4_81.png_X256_Y256,13.147020986711562,849.2261186953666,0.04578546806051106,0.012069243033486528,0.35150624487635973,76.65242,0.009057414,0.34319377,0.0,0
site4_94.png_X0_Y0,13.9033198266198,939.0705161927115,0.05863895577174241,0.009595692303491662,0.7372709142589782,142.21185,-0.005392862,0.4295355,0.0,0
site4_94.png_X256_Y0,14.073940284986922,1128.765954575924,0.05532534417787794,0.009037071600013259,0.7401415457079732,59.776,0.021622892,0.23118648,0.2290496826171875,1
site4_94.png_X0_Y256,13.490677074688943,745.0166767439576,0.053793524806518556,0.010764147362424113,0.6508550411376068,60.193726,0.07152734,0.17785676,0.0,0
site4_94.png_X256_Y256,13.860589868318977,972.5679644849606,0.0602200058916427,0.009923726463971326,0.7805800073724918,50.324814,0.020149205,0.20953658,0.2777099609375,1
site4_95.png_X0_Y0,14.4573530365947,1832.8316129165792,0.0416004972094956,0.00791730672280758,0.6465144198953056,35.192673,0.06595126,0.07737074,1.0,2
site4_95.png_X256_Y0,14.689498251760432,1874.547971318364,0.042671230336868676,0.007164886207739922,0.7375359757702022,17.9272,0.107976,-0.037588257,1.0,2
site4_95.png_X0_Y256,14.736798664278812,1998.256269253644,0.042660226543046825,0.006841911632815568,0.7080973398739515,21.528793,0.08213559,0.011628628,1.0,2
site4_95.png_X256_Y256,14.715794000607568,2203.8398487664485,0.04781777719203908,0.007640602837984333,0.7195642167906512,20.91072,0.091967195,0.000880003,1.0,2
site4_96.png_X0_Y0,14.393233219473576,1779.9914718200741,0.05031077475533048,0.008400443549568568,0.7020145966226625,32.440674,0.06619866,0.08613636,1.0,2
site4_96.png_X256_Y0,14.658676612378612,2080.995018863312,0.045145047379120284,0.007455630779678657,0.7122237091704311,16.524323,0.10310882,-0.020561086,0.9743499755859375,2
site4_96.png_X0_Y256,14.67482722579389,2132.6434386117326,0.046837682387693265,0.007399338514089169,0.701506750252461,19.942917,0.08325773,0.015108064,1.0,2
site4_96.png_X256_Y256,14.563749118968062,1722.6792254334014,0.049309298371694676,0.007498306099947145,0.7476437418297077,6.960846,0.13106987,-0.099844806,1.0,2
site4_97.png_X0_Y0,11.643512725082033,455.556782322308,0.18626942949588737,0.032122995324248955,0.8458560335113476,0.6190338,0.15626702,-0.15437654,0.088348388671875,1
site4_97.png_X256_Y0,12.476578334450556,1004.0951960634179,0.17499024227554877,0.029372127670263818,0.8243096130583548,-0.7108002,0.15782742,-0.15813945,0.3313751220703125,1
site4_97.png_X0_Y256,13.596249640066258,762.4655776474751,0.12101751375881081,0.012877553738172957,0.8833375138546976,-2.8750153,0.17101303,-0.16624653,0.1833953857421875,1
site4_97.png_X256_Y256,13.22427173846825,649.7366286554441,0.15270191257677004,0.017317801451652574,0.9138873659050016,-3.2624512,0.16364054,-0.17570801,0.3423309326171875,1
site4_98.png_X0_Y0,13.821703930607269,1473.7458245327043,0.10992993974440074,0.014557343582202377,0.7802067079420025,-4.9136505,0.15850803,-0.1720435,0.604278564453125,2
site4_98.png_X256_Y0,13.579352020724098,950.9612664901924,0.09831442452855885,0.013129077028940964,0.8545347791786124,16.593475,0.115017,-0.01664849,0.3577423095703125,1
site4_98.png_X0_Y256,12.737025706928328,296.17072742456486,0.16904682122370765,0.015530481445993644,0.9419651042159992,-2.3548126,0.1835796,-0.1958349,0.087921142578125,1
site4_98.png_X256_Y256,12.120073013608332,342.21315392517283,0.16553230874795874,0.02435189991214052,0.9092947450668991,-0.5528259,0.1599873,-0.16361661,0.0,0
site4_99.png_X0_Y0,13.487088229698545,950.9870679998119,0.05352309706624057,0.011348574847944149,0.6794387203947628,52.243256,0.04172422,0.23739082,0.0290985107421875,0
site4_99.png_X256_Y0,12.945432355475656,798.892526807653,0.054501451384959675,0.013251945702247983,0.39738248020486056,60.64473,0.03881033,0.28894493,0.0,0
site4_99.png_X0_Y256,11.872464626497283,190.220210000363,0.11314410203221904,0.02001220880900814,0.7861415074706972,0.6747894,0.15055782,-0.14942068,0.0030975341796875,0
site4_99.png_X256_Y256,12.034562575213185,341.4843412840077,0.10983716877556846,0.021863219136653945,0.8188787718935318,6.070053,0.1420565,-0.11753416,0.0,0
site4_112.png_X0_Y0,13.376639115528743,874.4056132557726,0.0586001526066536,0.011581648198907474,0.5219951004397638,48.55812,0.10710287,0.09226976,0.0,0
site4_112.png_X256_Y0,14.294860844420244,1352.43223425203,0.04862954445976425,0.008428035918976153,0.7420332714646987,38.721497,0.060541097,0.102072194,0.4293060302734375,2
site4_112.png_X0_Y256,13.219134249183705,840.2541309532978,0.06033060796555034,0.012530492559716458,0.4991622627146228,45.247574,0.09979965,0.10812325,0.0,0
site4_112.png_X256_Y256,14.141535729789467,1285.045828617791,0.05400638874304812,0.009108186635551989,0.726176189382949,36.076202,0.057831533,0.097687975,0.4598846435546875,2
site4_113.png_X0_Y0,14.795920226415873,2129.1897223574815,0.04676866642774076,0.009185537449501686,0.7283526101956999,12.777206,0.10793635,-0.06855631,1.0,2
site4_113.png_X256_Y0,14.82807793379109,2396.8401993225852,0.04730702132587529,0.008470162392367054,0.7135452635895669,5.273407,0.11859378,-0.10560649,1.0,2
site4_113.png_X0_Y256,14.601598727095748,1828.052306595104,0.04531176152887694,0.007487908871688807,0.7389443262269901,22.04042,0.06814723,0.026762232,1.0,2
site4_113.png_X256_Y256,14.82220366003711,2354.323711433372,0.04124829342549152,0.006725050993481459,0.6743403525746625,11.274704,0.10504282,-0.06642613,1.0,2
site4_114.png_X0_Y0,14.887515353676186,2235.8366763085614,0.044830759997741804,0.006496359896123141,0.7425387930599914,3.0997772,0.118689835,-0.101963855,1.0,2
site4_114.png_X256_Y0,14.322881290537902,1824.1091197349604,0.05311364347536978,0.008660453529370381,0.6773678461394697,10.554413,0.10431893,-0.036984958,0.9891204833984375,2
site4_114.png_X0_Y256,14.642507740177974,2147.75870839982,0.043743912321546806,0.007315163234457401,0.6768524865853877,12.218201,0.103078276,-0.040760063,0.9889373779296875,2
site4_114.png_X256_Y256,13.72534474205324,1139.8947582062187,0.07531581867974717,0.011550420381373787,0.7977740367668695,25.222458,0.026757032,0.19035593,0.4930572509765625,2
site4_115.png_X0_Y0,12.891717766191563,497.0853175011033,0.1597723042456214,0.018370115967026972,0.9316481998723036,-2.044693,0.1368646,-0.14016499,0.134613037109375,1
site4_115.png_X256_Y0,13.450018185023534,803.3695283815157,0.14138115628777836,0.014234225215838857,0.8946786656286577,-4.0045624,0.14253101,-0.15124041,0.3688812255859375,1
site4_115.png_X0_Y256,12.07104573535678,328.0383696624996,0.14928380736268296,0.02584869023050275,0.9148341016929373,-0.95336914,0.13825417,-0.13892648,0.0,0
site4_115.png_X256_Y256,12.673473160300222,363.1026930747799,0.14066787691703891,0.016952348116676466,0.9111148104908875,-2.4672394,0.14760752,-0.15249018,0.0,0
site4_116.png_X0_Y0,13.732096153786266,995.0234374099537,0.13944535044010078,0.013285545881618083,0.8866199278863318,-2.6367493,0.1445764,-0.14730394,0.54046630859375,2
site4_116.png_X256_Y0,14.101914198338424,1214.4658663735709,0.10636165610913784,0.010280182808165434,0.8511941108945736,-3.364853,0.1450915,-0.15169826,0.636077880859375,2
site4_116.png_X0_Y256,12.142473119972255,257.33159735738667,0.15312243054038427,0.020589737106661503,0.9202103150386597,-4.1603394,0.14743087,-0.15697092,0.0,0
site4_116.png_X256_Y256,11.911420710971758,255.99006665104662,0.16604697459266676,0.023536982225201272,0.9305022258633353,-3.639923,0.14323857,-0.15134066,0.0,0
site4_117.png_X0_Y0,14.375910421361715,1370.5754473940376,0.07385749697974311,0.008266301152592427,0.8412269052237942,-2.5698242,0.12734437,-0.1342685,0.9925994873046875,2
site4_117.png_X256_Y0,14.072497653999207,978.0090764670599,0.0845461283647245,0.009268980723725477,0.8505760655433847,-1.7361908,0.16534477,-0.1713861,0.285675048828125,1
site4_117.png_X0_Y256,12.694135247045242,448.61195238911796,0.15107326061644433,0.018201559019255277,0.8955281201993441,-2.5426636,0.14160037,-0.14728256,0.067047119140625,1
site4_117.png_X256_Y256,12.657446419243565,448.7462348916455,0.17975468670789524,0.018585578427585646,0.9310523478865456,-1.4326324,0.1473623,-0.14031895,0.0093994140625,0
site4_118.png_X0_Y0,13.372075291527448,676.2872675924169,0.12856022813306414,0.01292045327486347,0.8575696967171783,-0.8874359,0.18239729,-0.18528512,0.175628662109375,1
site4_118.png_X256_Y0,12.746651320944874,428.0319310481634,0.17289574676775038,0.016414329904586543,0.9232666803511386,-0.9091339,0.18464838,-0.18307987,0.233245849609375,1
site4_118.png_X0_Y256,13.346035459997337,779.6650892986506,0.1530269030128007,0.014906939591484359,0.8914201097979,-1.4309235,0.15307942,-0.15384772,0.3524017333984375,1
site4_118.png_X256_Y256,13.286913332859166,697.0367001574425,0.16408273731201617,0.015025877981445137,0.9004816842761537,-0.46821594,0.14774069,-0.14470953,0.4397430419921875,2
site4_119.png_X0_Y0,12.646371889208528,315.3659285791543,0.12502570296804924,0.01755717445226828,0.9128052126351558,-0.9039154,0.15683752,-0.16012031,0.115447998046875,1
site4_119.png_X256_Y0,12.142813903169497,198.44707118355979,0.12235963769082056,0.0190867808219523,0.9044055438025498,0.018218994,0.15579852,-0.15649295,0.0,0
site4_119.png_X0_Y256,13.810061672348372,854.361185376431,0.12200130648636652,0.011986377706965194,0.9009915110274912,-2.2037964,0.14120705,-0.14825423,0.8951263427734375,2
site4_119.png_X256_Y256,14.12154723264048,978.0964284470747,0.08516949229088387,0.009031933590713023,0.8796021585273086,-2.4750977,0.15917844,-0.16857976,0.5764617919921875,2
site4_120.png_X0_Y0,11.387897436069036,131.66805953539563,0.13391161226785628,0.02444332218525909,0.8499183338839905,2.050232,0.14633082,-0.14051369,0.0,0
site4_120.png_X256_Y0,11.99375594491035,258.4674949688705,0.14492517452357548,0.024696648269457007,0.9410596842389737,13.234192,0.11855336,-0.052356508,0.0,0
site4_120.png_X0_Y256,13.80124018590766,793.4575791463067,0.08584527707298897,0.010678121892058247,0.8632674039072745,-1.2806702,0.14227301,-0.14834745,0.2288970947265625,1
site4_120.png_X256_Y256,13.450295008535424,607.7340556216711,0.0877379770562786,0.011707511054190984,0.8693263831000204,-0.21081543,0.15492548,-0.15712714,0.0850067138671875,1
site4_130.png_X0_Y0,13.583450560995116,932.4615977629314,0.057283204355090926,0.010616095806673852,0.5779195800033413,48.257904,0.08937213,0.107517704,0.0,0
site4_130.png_X256_Y0,13.279742712881298,649.9803195435917,0.0888856950313425,0.0117752218711611,0.7123277106779458,50.761627,0.02855321,0.22158942,0.0850677490234375,1
site4_130.png_X0_Y256,13.972104848924277,1492.925003033828,0.040179332671973135,0.009123912121624743,0.4396840804747508,42.86934,0.09040619,0.09607412,0.0,0
site4_130.png_X256_Y256,12.803000843689443,647.4407914473888,0.12112490366769212,0.020460603686253027,0.8500968208781847,25.070282,0.061284315,0.11578314,0.0,0
site4_131.png_X0_Y0,13.641417777951133,1111.6623765350046,0.05511139135395302,0.010487942970708665,0.5877116524557588,49.18492,-0.002431497,0.28609234,0.451812744140625,2
site4_131.png_X256_Y0,13.735943221992812,1088.1192544335443,0.055992829048047435,0.010384915647816722,0.6704732816945795,32.12979,0.032221142,0.16025624,0.6739654541015625,2
site4_131.png_X0_Y256,13.333653403447915,673.6153472072706,0.07523986667135193,0.012131119674765769,0.7976786620807963,30.883636,0.072005786,0.072834305,0.0001068115234375,0
site4_131.png_X256_Y256,13.726509328818283,845.6923803946669,0.1092192111878248,0.011923128511667453,0.9061368781525541,17.95427,0.08198869,0.004028477,0.220855712890625,1
site4_132.png_X0_Y0,14.017926864300371,1489.4401304039131,0.058147422622725056,0.009776481329782741,0.7068950684662101,25.4021,0.05835667,0.11628466,0.6035614013671875,2
site4_132.png_X256_Y0,13.198614572781155,732.6304742016953,0.13011737819008512,0.01587967516134222,0.8647488483078359,6.2279205,0.10893455,-0.033186123,0.4329071044921875,2
site4_132.png_X0_Y256,12.587367818573531,634.7414297536671,0.10594980416691012,0.01753574320170232,0.6907537953272159,17.605743,0.08385952,0.04600636,0.1568603515625,1
site4_132.png_X256_Y256,12.605639051629062,392.63576794386904,0.18855256541664783,0.01952076648838557,0.9387239413925904,6.1828003,0.09877656,-0.027826142,0.1406707763671875,1
site4_137.png_X0_Y0,11.962485790023127,276.6451958231183,0.1528563600886352,0.022665834004999528,0.9217352478739069,-3.2231598,0.14112243,-0.1480376,0.0,0
site4_137.png_X256_Y0,12.32571493452794,344.7533586090731,0.15024250566547048,0.02056077118262905,0.9095013134776126,-4.018753,0.14401701,-0.15338905,0.0,0
site4_137.png_X0_Y256,12.171705236976656,276.1877399617933,0.15244108377227414,0.020105882471179892,0.9150085499942298,-0.38955688,0.14078583,-0.14119959,0.0,0
site4_137.png_X256_Y256,12.027623928048673,259.3794355536323,0.1615635038174885,0.021457182299146404,0.921656898774109,-1.7458496,0.13856483,-0.1419595,0.0,0
site4_138.png_X0_Y0,12.953546372732482,612.2479350640594,0.14375859170278638,0.017196964412815277,0.8809305339174907,-3.0981445,0.14320058,-0.14960441,0.1436767578125,1
site4_138.png_X256_Y0,12.615869739810467,517.765379631663,0.18342582584677058,0.052446627860708465,0.91867701406148,-1.152359,0.13509956,-0.13428995,0.1054229736328125,1
site4_138.png_X0_Y256,11.992604374261337,261.63048549535984,0.15115328759757676,0.021835678614152962,0.9136062929653948,-2.4325104,0.14050776,-0.14553344,0.0,0
site4_138.png_X256_Y256,11.510009258291948,209.04488734802914,0.1630793933863016,0.02811075890130009,0.9277434511852167,-1.2229614,0.13468802,-0.13793418,0.0,0
site4_140.png_X0_Y0,12.800133653333848,673.0508579032468,0.1726329029303412,0.06422675459025154,0.8953315855155021,1.3125,0.14505056,-0.14323026,0.0,0
site4_140.png_X256_Y0,13.513887955474729,828.8733422392119,0.0988113060336264,0.01230593653692115,0.8088423284728536,34.688065,0.07295458,0.082497746,0.0,0
site4_140.png_X0_Y256,12.626910904126422,395.0538029394153,0.10798281193357326,0.016646902901873088,0.7858295688423469,1.6144867,0.15595609,-0.15268812,0.0,0
site4_140.png_X256_Y256,13.156790693067157,584.5205411380573,0.06748711465952324,0.012401830990600337,0.6578813810030131,45.552795,0.048972614,0.17749214,0.0588836669921875,1
site4_141.png_X0_Y0,13.852232431795455,1096.1541155896552,0.05072554738386098,0.009767300581898737,0.6783886901942743,16.214859,0.1752757,-0.11659868,0.0735931396484375,1
site4_141.png_X256_Y0,13.14868552239716,1037.7068332043011,0.05818015992887988,0.013759610535173352,0.406614818750649,10.237793,0.20073175,-0.1675123,0.0,0
site4_141.png_X0_Y256,14.056558267476667,1531.5938222830407,0.055161605813617245,0.009465737093265814,0.5151057932712635,-0.112091064,0.16937828,-0.1705429,0.105133056640625,1
site4_141.png_X256_Y256,14.150577700958966,1872.6859614993502,0.037734149404881547,0.00868001272722677,0.375535833844333,5.9657593,0.167991,-0.15053144,0.0,0
site4_148.png_X0_Y0,14.093656054313847,1583.0292930904811,0.03658269566233984,0.008564336976721942,0.43046164033143564,63.09369,0.026554253,0.24100904,0.0,0
site4_148.png_X256_Y0,12.017529257907064,1010.681892256073,0.18493123044457224,0.034980878115842634,0.6634461245762008,-13.321487,0.22108445,-0.22787127,0.0,0
site4_148.png_X0_Y256,14.043171520502595,1258.5187252650455,0.04813472550099476,0.008936734942265196,0.6384134403514595,60.06476,0.046173237,0.17950697,0.034576416015625,0
site4_148.png_X256_Y256,13.657112971758371,903.4111452776996,0.11149055568598502,0.013468468539987833,0.8371471794563119,9.83873,0.14356023,-0.115636885,0.21173095703125,1
site4_149.png_X0_Y0,13.248242673505873,613.2992149053564,0.07301595369546812,0.012907660162382937,0.733614689191711,7.3495026,0.12870422,-0.10072188,0.0,0
site4_149.png_X256_Y0,13.725769366395571,684.5881032085471,0.07499987993933113,0.010236538568296812,0.8310096406005096,-0.6600952,0.1388546,-0.1436483,0.1506805419921875,1
site4_149.png_X0_Y256,13.325904916267056,617.0684566032335,0.05715913939179079,0.011143579252251118,0.6769495135271539,1.4751129,0.11908626,-0.11566163,0.0,0
site4_149.png_X256_Y256,12.69429129729728,457.2396612781241,0.07033650613251179,0.015125809369679657,0.5924147018923186,-1.5065918,0.12522143,-0.12952031,0.0,0
site4_158.png_X0_Y0,12.625172579285154,361.84702136801377,0.11310437068875212,0.01607188672535782,0.7938340185908503,9.619751,0.1444671,-0.10305974,0.0,0
site4_158.png_X256_Y0,13.42634152821595,749.1742410071081,0.07713400298377593,0.011557649151424014,0.7166199211848829,33.7986,0.08466298,0.095084324,0.055908203125,1
site4_158.png_X0_Y256,13.004647668948014,488.9975689038351,0.09060510825570646,0.01347844153651119,0.7833185814342659,19.215805,0.11787672,-0.02129063,0.0,0
site4_158.png_X256_Y256,13.937451075037696,1245.2882412866138,0.060976052987773796,0.009379737830397613,0.7577711018166595,24.365173,0.107444145,0.011149423,0.24713134765625,1
site4_159.png_X0_Y0,14.476438056005485,1761.653516120762,0.04779650455752685,0.007613965519452713,0.6274784155997197,4.1815643,0.17593472,-0.16432036,0.157745361328125,1
site4_159.png_X256_Y0,13.806621505761182,1345.4805365274938,0.042600357582647914,0.009897134943756365,0.4382884644196988,0.8910675,0.15441597,-0.15142563,0.0,0
site4_159.png_X0_Y256,13.997553264520027,1568.5231622003234,0.06552274899340767,0.010201779070778495,0.5870059745104871,0.4662323,0.14502604,-0.14503706,0.3437652587890625,1
site4_159.png_X256_Y256,13.55056123880485,1351.7818477719693,0.043690172459924397,0.011066494103378607,0.31646608265108656,0.6665497,0.14627737,-0.14488006,0.0,0
site4_166.png_X0_Y0,13.315418995089022,497.532096819771,0.07951332319084298,0.012318284276350615,0.8581709801482217,27.379242,0.09301707,0.008481532,0.1015777587890625,1
site4_166.png_X256_Y0,12.46521979119077,328.01105312560526,0.08147544032756247,0.015940538818992926,0.6722588124685047,1.8391876,0.11756847,-0.11334138,0.0,0
site4_166.png_X0_Y256,12.306174503771839,237.20189215086108,0.1026700023549258,0.016925566291566246,0.7930695627202123,18.537231,0.1156032,-0.050418727,0.0,0
site4_166.png_X256_Y256,12.157151372966075,218.43171732326854,0.10044795483946363,0.017394240192214375,0.7823662064035767,0.18670654,0.12601344,-0.12572311,0.0,0
site4_174.png_X0_Y0,11.586763451470272,1377.0778665509752,0.2482844940514698,0.0403008761132019,0.786108343809206,-5.308838,0.07548139,-0.123173654,0.0,0
site4_174.png_X256_Y0,12.438446940571065,957.5044615204042,0.16845038668653378,0.0242969604270091,0.814779053242247,11.141357,0.0425106,0.10401403,0.0161895751953125,0
site4_174.png_X0_Y256,12.087234608028382,256.7585740760742,0.1882522523090312,0.020165450044048253,0.9325625905977782,-3.7369995,0.12651587,-0.13294518,0.0,0
site4_174.png_X256_Y256,13.135753861426934,948.3960101735245,0.15186757643057427,0.0181667180445154,0.8854171941395881,2.6676178,0.13946187,-0.109882236,0.1562042236328125,1
site4_175.png_X0_Y0,13.821084209501679,1235.6694062081224,0.061370251887925484,0.010220453553999916,0.65122901430852,11.056885,0.12588453,-0.037082125,0.0661773681640625,1
site4_175.png_X256_Y0,13.00101110138431,800.5287876208625,0.09348370391263873,0.01586767853508506,0.6927061510865291,5.2895813,0.16531575,-0.13976252,0.0518341064453125,1
site4_175.png_X0_Y256,13.52093597336619,1002.0789267049834,0.11790589470858737,0.0185193529809942,0.8526828982910846,2.7522125,0.12920274,-0.11517052,0.0283966064453125,0
site4_175.png_X256_Y256,11.509650142562856,560.9190756561064,0.15101459507794446,0.03164589130747704,0.7424524608916596,-0.21711731,0.14922369,-0.15362751,0.0882568359375,1
site4_176.png_X0_Y0,13.197739521349114,615.740663987434,0.07747590155869458,0.012743410204402275,0.697273056935241,32.580276,0.08798276,0.07557413,0.0,0
site4_176.png_X256_Y0,13.736409644485681,1060.4334695341186,0.08642817330548788,0.012853028047449151,0.8369978306586612,15.654907,0.12968975,-0.047412045,0.2204742431640625,1
site4_176.png_X0_Y256,13.291821107058254,780.8088225682734,0.0718222719187838,0.013081021925216839,0.6434599900917418,45.448486,0.053350728,0.17041123,0.0,0
site4_176.png_X256_Y256,14.372567721399772,1652.5366144633292,0.06329753689657767,0.00877241855917392,0.6632760018574231,2.7382965,0.17221121,-0.16442204,0.23394775390625,1
site4_177.png_X0_Y0,13.73025175543064,1079.9095782422387,0.12756300064398782,0.015004706433558895,0.835311773660858,-4.222931,0.17596537,-0.19148503,0.0669403076171875,1
site4_177.png_X256_Y0,13.48531186877585,1259.6886758999535,0.04158486954261686,0.011092813315803684,0.2999822600611238,1.2789307,0.145708,-0.14307007,0.0,0
site4_177.png_X0_Y256,14.073796840529091,1688.1900757822166,0.0603796568491534,0.010554841782732877,0.5795543017166505,1.4242249,0.15579912,-0.15645447,0.0,0
site4_177.png_X256_Y256,13.672294004667828,1378.001885377676,0.038300638367329644,0.010263252529688344,0.31049648021254,3.5600128,0.14206001,-0.13473757,0.0,0
site4_184.png_X0_Y0,12.06032419276448,151.6610042862135,0.1370514265794728,0.019065278413448107,0.9095431106540727,9.332245,0.12080268,-0.083698794,0.0,0
site4_184.png_X256_Y0,11.337656777774317,120.89415465205813,0.13394099909953586,0.024784793233153652,0.8036987326946119,-2.261963,0.13142602,-0.13729562,0.0,0
site4_184.png_X0_Y256,12.571323930857005,219.29482210869494,0.14140990999404546,0.015847615002967108,0.9280793285225857,4.3286133,0.13259487,-0.11810294,0.1562652587890625,1
site4_184.png_X256_Y256,11.289077959669555,93.5835834324548,0.14989317493512425,0.024935543746100342,0.8729368754003412,-3.055359,0.13306656,-0.1412957,0.009307861328125,0
site4_193.png_X0_Y0,13.672526108479989,1006.3451091528398,0.09303276394556406,0.016311828965491496,0.8128625476055773,-0.7578125,0.13245931,-0.13808456,0.26751708984375,1
site4_193.png_X256_Y0,11.287940034743517,549.8923198560963,0.1729452124287954,0.040456274998307354,0.8716970879033477,-0.250412,0.14164759,-0.14924213,0.0796966552734375,1
site4_193.png_X0_Y256,13.581080869506449,762.2808779676457,0.09232229987797079,0.01237186753368485,0.8207367494839507,-0.65364075,0.13853887,-0.14450243,0.3958892822265625,1
site4_193.png_X256_Y256,9.964440647224713,144.20799590303437,0.21378838736992573,0.051245157705604956,0.8889905959139762,-0.06742859,0.1461133,-0.15040301,0.0092620849609375,0
site4_194.png_X0_Y0,13.205119329429174,689.5226794232201,0.06644628360451792,0.012180346789803696,0.6131961063189564,50.9908,0.017714713,0.2513752,0.012939453125,0
site4_194.png_X256_Y0,14.219070444617966,1712.143074163372,0.037078865586700885,0.00852389023376141,0.5188167497026617,20.819733,0.13885829,-0.07317242,0.0706634521484375,1
site4_194.png_X0_Y256,13.181007203683311,648.1767413525571,0.07483732121260059,0.013049545427727318,0.6979536015395761,47.841507,0.042473577,0.17117739,0.0785980224609375,1
site4_194.png_X256_Y256,13.408615452697486,972.5862624201789,0.049429280577187276,0.011677420931899185,0.4694487701950859,26.114746,0.13094203,-0.054535016,0.0001068115234375,0
site4_211.png_X0_Y0,13.01913922775227,407.1451315600174,0.1367386524404438,0.014593356914539758,0.8943061329951513,3.7392426,0.14185944,-0.120175414,0.1996612548828125,1
site4_211.png_X256_Y0,9.410112530380111,53.41289871984454,0.3126095971946135,0.062165664086001354,0.7973917579123602,6.843338,0.10474198,-0.045030616,0.0,0
site4_211.png_X0_Y256,11.174616932086,124.2820698769782,0.2457844621149405,0.03928331958063844,0.9477080145513244,0.5432434,0.13944848,-0.13589202,0.0,0
site4_211.png_X256_Y256,9.929995512875594,76.36881606533682,0.2968903936408015,0.056658318596794814,0.7738149902978639,16.131989,0.079841085,0.05989135,0.0,0
site5_27.png_X0_Y0,10.88703529190782,808.2938704163871,0.3927611964771299,0.10044330128820368,0.938988427770644,26.142761,0.08267641,-0.032597058,0.0,0
site5_27.png_X256_Y0,9.51749391897452,309.7876091677448,0.46554903827985666,0.07430228171601752,0.9670939721250258,32.5997,0.09607586,-0.0324737,0.0,0
site5_27.png_X0_Y256,11.764790588181068,425.79034930982425,0.26632135919781075,0.03744014098536687,0.9265055416810318,17.25711,0.07565615,0.0021592965,0.1315765380859375,1
site5_27.png_X256_Y256,7.897774754464162,5.268913834222431,0.45154470619533754,0.07715222900379232,0.9459954569532858,9.482559,0.084551334,-0.047677588,0.0,0
site5_28.png_X0_Y0,9.966158525062044,207.56594730694644,0.4621780340330544,0.06501857285922107,0.974973793515007,20.572952,0.09595837,-0.048376128,0.0,0
site5_28.png_X256_Y0,10.080590753292988,256.6479333670097,0.34813755991141093,0.05150920772843679,0.8853161301607884,11.323685,0.0857588,-0.05001373,0.06182861328125,1
site5_28.png_X0_Y256,9.012291285810385,67.6863716479279,0.4557912458838552,0.07486225819888152,0.9900388532224347,11.668045,0.09321838,-0.060299356,0.0,0
site5_28.png_X256_Y256,10.046789122128498,131.23431453648405,0.335781746964913,0.04162823927167825,0.9264582780786309,12.995956,0.092941,-0.056379665,0.0,0
site5_29.png_X0_Y0,9.218051917373042,13.759810965133623,0.3188473840511524,0.05069577811938552,0.9409762588567775,11.288116,0.094834685,-0.0644481,0.0,0
site5_29.png_X256_Y0,12.285257924751559,282.7676330317787,0.13182601602268954,0.018084144943396194,0.8326799199343711,16.147858,0.10839413,-0.06127976,0.0463409423828125,0
site5_29.png_X0_Y256,8.868356068427573,24.927377871492,0.3113102287722615,0.058389532505030366,0.8668731469530353,12.125488,0.09802754,-0.06743395,0.0,0
site5_29.png_X256_Y256,11.766998110098736,246.67040044695165,0.17862338387187593,0.02586491074900566,0.7478388214071132,14.808441,0.11075237,-0.065946504,0.0,0
site5_31.png_X0_Y0,12.411721741743847,389.95026660420143,0.077859698305625,0.016407969202631028,0.5545477424614039,13.817734,0.13466722,-0.088051155,0.0,0
site5_31.png_X256_Y0,12.304427680948534,303.5469335261755,0.09285430543879528,0.017116485145388202,0.6862662103368247,17.047012,0.13908932,-0.0744458,0.0,0
site5_31.png_X0_Y256,11.14743522191995,223.69277481918976,0.1898463696348639,0.030793743538120717,0.6419916641957739,16.72203,0.11432329,-0.057181872,0.0,0
site5_31.png_X256_Y256,10.214359706092281,95.38827548298946,0.2284826710966915,0.041153477977878127,0.7286056072548908,11.64592,0.107240394,-0.06976369,0.0,0
site5_32.png_X0_Y0,11.669721645380019,234.88769152790474,0.12794143174716832,0.023024305248704746,0.6311005116063901,17.412903,0.13526724,-0.06756245,0.0,0
site5_32.png_X256_Y0,11.091561520817091,128.22116546220562,0.18526649627453493,0.027108200325126862,0.7973780667556714,18.253143,0.11760816,-0.043500654,0.0,0
site5_32.png_X0_Y256,9.868474613553833,58.8738123858623,0.26777777673899644,0.04596358507133215,0.894728772073054,9.495728,0.10391766,-0.07415032,0.0,0
site5_32.png_X256_Y256,10.98392629590419,133.44766429979146,0.24373321003889883,0.037431477227773235,0.8886676459805737,10.893784,0.107330754,-0.07216727,0.0,0
site5_45.png_X0_Y0,12.69069377689594,451.4702239223461,0.1359640459612324,0.0173520000782564,0.8501576947478956,38.124207,0.035232455,0.17956208,0.1324005126953125,1
site5_45.png_X256_Y0,9.221496729593166,25.657857329512943,0.29725294951985737,0.053171575102317056,0.8507665141322699,14.085739,0.087632895,-0.035858903,0.000518798828125,0
site5_45.png_X0_Y256,12.517014745702854,361.0268175251412,0.10304940860387005,0.016211411462956907,0.7609596842173737,43.49907,0.0048464085,0.26325825,0.02099609375,0
site5_45.png_X256_Y256,11.357313715416412,227.8383740628862,0.1999269697541802,0.027901359616452844,0.8144318879082048,20.219727,0.07922709,0.017070336,0.02850341796875,0
site5_46.png_X0_Y0,9.185077395046875,30.9757455966459,0.28609219738315983,0.0517095247103324,0.8012506926199214,12.348053,0.10012392,-0.065255396,0.0,0
site5_46.png_X256_Y0,9.35812529611536,54.062143556565346,0.2663931109897949,0.048295866006694055,0.7573660646301137,14.300858,0.09875468,-0.063827425,0.0,0
site5_46.png_X0_Y256,10.124761866533671,78.80690865592862,0.23669729465558487,0.038564920814071126,0.8032605133240368,12.235001,0.104966104,-0.06948648,0.026153564453125,0
site5_46.png_X256_Y256,12.106512280678693,394.60029003271245,0.18773652897072596,0.022679053814271925,0.8726393108520403,12.772812,0.10351422,-0.06520122,0.1107177734375,1
site5_47.png_X0_Y0,9.5327780114476,24.800386434905132,0.2516475889812008,0.04664989042386911,0.8752207029201462,14.103638,0.10209736,-0.06909437,0.0,0
site5_47.png_X256_Y0,9.40435632019483,21.367110891844565,0.26599304904498233,0.05109245874552054,0.9304940052779668,12.546143,0.10201335,-0.06894228,0.0,0
site5_47.png_X0_Y256,13.312177922296948,855.5979778361183,0.12745771076705698,0.01464182801546288,0.758464544265148,12.805038,0.09803953,-0.06117376,0.2657318115234375,1
site5_47.png_X256_Y256,12.66726754922602,423.19722153140043,0.1177294008427551,0.016411977058247925,0.8231881255833615,14.109879,0.0918811,-0.055078186,0.255889892578125,1
site5_48.png_X0_Y0,10.565338152661797,96.93902932466204,0.24390149646495185,0.038087320856421594,0.9078657038595392,10.457169,0.10999368,-0.07724191,0.0394744873046875,0
site5_48.png_X256_Y0,11.218786035941179,235.06099577085752,0.23801364355536478,0.03286530997737565,0.875421158509553,10.171356,0.1225736,-0.08293983,0.0977935791015625,1
site5_48.png_X0_Y256,13.028704263272072,557.2149813923838,0.08778260915799636,0.013762782104941673,0.6707455489052665,14.355835,0.089029536,-0.055962443,0.74432373046875,2
site5_48.png_X256_Y256,9.012266895672084,62.98128780096616,0.23253690577522818,0.0626853502584201,0.5322399523297857,14.785858,0.14358327,-0.10412258,0.0,0
site5_49.png_X0_Y0,13.432979207615004,836.5190496594549,0.136388541464867,0.014405865916995499,0.8048007415644196,9.894623,0.13080385,-0.09831487,0.082244873046875,1
site5_49.png_X256_Y0,13.918935882197957,986.1211800149376,0.08877501192359169,0.009981085110636358,0.7742671995762556,11.613678,0.1487265,-0.118037045,0.14093017578125,1
site5_49.png_X0_Y256,12.700961449741373,728.6570582378532,0.10278888713946158,0.021610329688383216,0.5150490484651465,13.462967,0.1301575,-0.09388598,0.0,0
site5_49.png_X256_Y256,12.867838914952667,730.8204661368394,0.06941496449494619,0.014111675790889528,0.31592079960214975,13.875656,0.11567813,-0.08599416,0.0,0
site5_61.png_X0_Y0,13.167821764061813,678.0176648104408,0.06700643628379788,0.01252714071090405,0.5787103589480371,52.197754,0.02244579,0.21528205,0.0,0
site5_61.png_X256_Y0,13.532862983238008,842.6699820682243,0.06051339798269707,0.01066206007338101,0.6129486490401732,52.533005,-0.00081003224,0.2736144,0.0,0
site5_61.png_X0_Y256,13.676997698636335,1036.3639701227148,0.05620513931880941,0.010180434101118132,0.5538880991964177,53.74382,0.010202277,0.2726795,0.0,0
site5_61.png_X256_Y256,13.396522834222935,804.1248868824855,0.06422081074924471,0.011293550174219812,0.5872491552832511,48.844055,0.01533015,0.25321203,0.0,0
site5_62.png_X0_Y0,13.364328230856856,839.5581106425902,0.06940597455766503,0.011728083051411299,0.599405649670617,43.29161,0.002671169,0.27243608,0.0,0
site5_62.png_X256_Y0,12.813545231081255,578.507569144114,0.08245821019954962,0.014339902188433956,0.5781531258949861,38.605606,0.006968106,0.27412438,0.0,0
site5_62.png_X0_Y256,14.157566255843054,1399.9253847080722,0.06498318989234304,0.009173599727701489,0.7747548492520979,30.077652,0.05993027,0.09329378,0.4459228515625,2
site5_62.png_X256_Y256,14.305994685937572,1455.8211371228672,0.08691036701260739,0.01049122491021847,0.8475797521214002,21.581894,0.07701978,0.016578525,0.6809234619140625,2
site5_63.png_X0_Y0,13.247910436164563,793.768833967149,0.07033404234941269,0.012171542727786677,0.5825883614859642,41.42801,0.023780838,0.23343363,0.0,0
site5_63.png_X256_Y0,13.444669679567031,924.4079109598733,0.07094508457953194,0.011997940758468377,0.6968209163101193,35.14261,0.026001532,0.18808967,0.173095703125,1
site5_63.png_X0_Y256,14.392392848113204,1302.4839430898733,0.06253339777822181,0.008142163345428258,0.8107115411019996,28.86522,0.06257328,0.045512177,0.700836181640625,2
site5_63.png_X256_Y256,14.569428205851311,1696.673172472815,0.05758375494454871,0.007724681397708027,0.7581259134098886,16.769821,0.08496529,-0.032173485,0.9328155517578125,2
site5_64.png_X0_Y0,14.735762759937677,2167.850924629368,0.0555988852121102,0.007243437770170925,0.7058413015214605,13.510788,0.10126399,-0.07009718,0.93316650390625,2
site5_64.png_X256_Y0,14.584841737712917,2030.2181185571878,0.06475187525881193,0.008852310983165445,0.7214087974729145,13.05304,0.09158686,-0.06043927,1.0,2
site5_64.png_X0_Y256,14.544335833767088,1825.6321160430628,0.06213913580095617,0.009002207631026925,0.7338135367160754,10.910034,0.09824346,-0.075606056,1.0,2
site5_64.png_X256_Y256,13.78347982557138,1031.2676787474427,0.10045545469655787,0.012479460580688731,0.8203846981112365,10.195206,0.099366374,-0.07327528,0.60272216796875,2
site5_65.png_X0_Y0,14.035923337357456,1041.5198092681708,0.08883736575442505,0.009740977692489893,0.814053655618287,12.685623,0.09993855,-0.066067874,0.437103271484375,2
site5_65.png_X256_Y0,13.03972912031913,543.5764745681286,0.12381903497649407,0.014359014879306995,0.8244138654844047,8.9535675,0.113792524,-0.082785815,0.0098724365234375,0
site5_65.png_X0_Y256,10.975240264576058,168.60836099698608,0.2041813953967909,0.0331053938436267,0.8399193343989146,11.068832,0.079436325,-0.037214465,0.0,0
site5_65.png_X256_Y256,12.241027457480296,299.16524503799,0.1551549165131186,0.021487999494582837,0.8370057289632123,12.781113,0.08725173,-0.04520388,0.0,0
site5_66.png_X0_Y0,14.609256796493286,1800.3305239872338,0.06627680883865131,0.008353603010716252,0.7556530131638421,7.99559,0.09389385,-0.078893796,0.90960693359375,2
site5_66.png_X256_Y0,10.002131401175319,217.0267885699156,0.24042592631526635,0.05685429144007954,0.8346447839560904,12.249268,0.14331236,-0.11282294,0.1236572265625,1
site5_66.png_X0_Y256,13.848663351818136,1038.0044977292823,0.10914405259712974,0.013344649516914948,0.8343900226544566,12.965225,0.110768706,-0.079065144,0.57305908203125,2
site5_66.png_X256_Y256,12.040171742535307,560.3525552372078,0.17254669603457234,0.03312799171061698,0.8147531400618022,13.602142,0.12694308,-0.089508824,0.2811126708984375,1
site5_67.png_X0_Y0,11.031290977922104,330.1914577326165,0.17939874425707142,0.04369912833579068,0.638001012171474,14.62558,0.13610691,-0.09408288,0.0,0
site5_67.png_X256_Y0,12.425397291584888,351.712963193247,0.0957777404666034,0.01672678165563702,0.6947746015699979,15.200027,0.114361,-0.082456306,0.0,0
site5_67.png_X0_Y256,11.246392674166717,334.91101199058653,0.18512626450150016,0.0409286755041174,0.8237956041946894,15.30191,0.13381171,-0.0761219,0.0,0
site5_67.png_X256_Y256,13.1703587631553,732.7059422758173,0.05778198539666049,0.01298335404361561,0.5728504528155822,14.447922,0.1134463,-0.080821596,0.0,0
site5_76.png_X0_Y0,13.339704841299131,832.4736530871949,0.07428726149378298,0.012052599256575808,0.6010198164606342,49.691406,0.006945379,0.27034125,0.0,0
site5_76.png_X256_Y0,13.549362326180697,989.4637583802647,0.06620757278061117,0.010991189981751009,0.5786012023381644,50.674423,-0.004205152,0.29827952,0.0,0
site5_76.png_X0_Y256,13.367294976818417,751.3226549885273,0.09275436147915904,0.013031038944387424,0.7421245984946119,32.708557,0.061968632,0.12995797,0.0207061767578125,0
site5_76.png_X256_Y256,13.291888874045426,748.6158868885395,0.1116802342370019,0.01711552111664358,0.8307076267912499,40.72615,0.064661995,0.111021996,0.1056671142578125,1
site5_77.png_X0_Y0,13.71907765995351,1035.754511320823,0.05900215671602134,0.010078422670325974,0.5880334548865243,50.806824,0.00893374,0.2577808,0.0,0
site5_77.png_X256_Y0,13.542031364370224,858.9292788381028,0.060069741029510584,0.010789636708987747,0.5952417453722956,54.953323,0.024023388,0.23487517,0.0,0
site5_77.png_X0_Y256,12.843994303912012,360.008116409584,0.1406090048617384,0.015415940361954131,0.9073854039047582,34.077026,0.060600497,0.06921978,0.0,0
site5_77.png_X256_Y256,12.756432501227245,299.62009447990243,0.12294728814611214,0.015978767262995634,0.8824839640310038,23.400116,0.11737296,-0.059648655,0.0,0
site5_78.png_X0_Y0,13.318651685662331,603.8808395659371,0.07731331083592674,0.011735960379883958,0.7143478876300998,47.6239,0.046243563,0.17394276,0.00445556640625,0
site5_78.png_X256_Y0,13.49829543786504,674.3834338956763,0.07996389209610136,0.011247322414453368,0.7777529149603818,22.77797,0.13067316,-0.03613074,0.4077301025390625,2
site5_78.png_X0_Y256,12.906721886048924,376.00644645391105,0.14450270525813236,0.01572366836763179,0.9108301918464392,22.127777,0.10580174,-0.050831385,0.0814666748046875,1
site5_78.png_X256_Y256,13.8769120528018,1064.2267211530507,0.10811337721210908,0.019256586954355462,0.8820377523419218,7.821472,0.14452809,-0.12888359,0.948577880859375,2
site5_79.png_X0_Y0,14.387633852678519,1382.2606287845963,0.06979489767371949,0.008449124910661202,0.8001274300384399,21.984146,0.08747018,-0.025602244,0.6925201416015625,2
site5_79.png_X256_Y0,14.17113358803439,1538.6222275987184,0.08346562797919722,0.012007365504766141,0.744898571479945,18.259491,0.09009143,-0.05150438,0.989532470703125,2
site5_79.png_X0_Y256,13.907598660235344,1172.6353971729802,0.1031795264248075,0.013346276172502404,0.8020677163963332,14.543869,0.10309814,-0.07034531,0.8095855712890625,2
site5_79.png_X256_Y256,14.555728363892861,1809.774558703384,0.06189368587221571,0.00773259388340067,0.733180450887358,11.630585,0.104263484,-0.07695612,1.0,2
site5_80.png_X0_Y0,14.250409385407991,1493.3321515462596,0.09341007459036876,0.01211974693605235,0.8063681745184526,9.908371,0.106474645,-0.086289465,1.0,2
site5_80.png_X256_Y0,14.640276662411754,2027.9544183427402,0.06128974764290082,0.007346142679262646,0.7012931427394362,7.895935,0.10866767,-0.0935101,0.999755859375,2
site5_80.png_X0_Y256,14.332652064765744,1762.6851211675191,0.0868774007043451,0.010138690468747467,0.7888742284584405,9.732376,0.10554902,-0.078776315,0.8801422119140625,2
site5_80.png_X256_Y256,13.258711214844503,1135.5530323826156,0.12310920578015173,0.014860494201323736,0.7927064140297935,8.352097,0.11562018,-0.086638406,0.3372802734375,1
site5_81.png_X0_Y0,14.741166986086405,2161.582002805419,0.05873972976639261,0.007246752018471707,0.7349738502331029,7.5048065,0.099834695,-0.08429532,0.9387969970703125,2
site5_81.png_X256_Y0,13.498117853036835,1025.6260297873205,0.09944191759145819,0.012951451615240092,0.7450582519639333,10.36496,0.10905354,-0.08204603,0.3900604248046875,1
site5_81.png_X0_Y256,11.769247834002854,227.55736689315984,0.15149945859324565,0.024797286692181147,0.8497589422780207,6.592682,0.120677255,-0.08981089,0.0050201416015625,0
site5_81.png_X256_Y256,10.972674975634638,189.57875193736967,0.18152372792961335,0.030180564233342866,0.7116606832092783,2.9736176,0.14652014,-0.12961519,0.0,0
site5_82.png_X0_Y0,12.54692261923644,474.6746981480187,0.13044262439081702,0.017598502874268732,0.8473696944489253,9.853317,0.10466732,-0.06845459,0.1377410888671875,1
site5_82.png_X256_Y0,10.889593689073145,158.79644124256166,0.18731993759339308,0.03121298859296678,0.7751839875538142,8.063583,0.09828888,-0.058358155,0.0,0
site5_82.png_X0_Y256,10.908854935248945,400.30722208710654,0.22569112308197065,0.0386209563877324,0.7284424077913091,-4.427185,0.21284924,-0.22782499,0.0,0
site5_82.png_X256_Y256,11.118960076976395,304.43037916610047,0.2410289642414079,0.03616520433987168,0.8025948705935514,-7.532898,0.24576434,-0.27476645,0.0,0
site5_83.png_X0_Y0,10.353554302317304,143.77930813870438,0.23499519544543085,0.03969962857874945,0.6857845971870847,6.875595,0.09833108,-0.05974538,0.0,0
site5_83.png_X256_Y0,11.901535107642154,234.76902780783462,0.18966273407407613,0.03108473776381547,0.8932850128095967,1.3458557,0.16568711,-0.15826154,0.0871124267578125,1
site5_83.png_X0_Y256,10.343240061572725,200.36602086639124,0.2741083380835315,0.04626892470742998,0.8361874211468018,-11.573044,0.2630483,-0.30960906,0.0,0
site5_83.png_X256_Y256,9.081705474378325,75.10723635440878,0.2998485015234759,0.06412128526363617,0.5686268175359729,-15.376923,0.28962317,-0.34415913,0.0,0
site5_84.png_X0_Y0,13.409968230533114,553.6960701713649,0.10934362400932925,0.01224617128142633,0.8608107299905248,16.323334,0.12160266,-0.06758879,0.2604217529296875,1
site5_84.png_X256_Y0,13.60445622999569,686.4574281977976,0.09993982957527793,0.01188250466328445,0.9094083562401609,24.434296,0.06966971,0.09423452,0.32171630859375,1
site5_84.png_X0_Y256,12.61894882636761,473.19607889698443,0.12446576252945593,0.020072376089729765,0.7460616170162744,17.114975,0.15231591,-0.069608435,0.112823486328125,1
site5_84.png_X256_Y256,12.411120358463462,422.1803421160376,0.0883778160761324,0.017648105085595042,0.5878652816539515,32.51216,0.07834561,0.13567461,0.0,0
site5_85.png_X0_Y0,13.859209190618778,1178.2815396122369,0.09445207845422053,0.016569208504412746,0.765594616333054,14.789902,0.11766036,-0.07622026,0.1759490966796875,1
site5_85.png_X256_Y0,13.114988307026808,832.9623066398906,0.05064994142663593,0.0126795971603241,0.33980752459071467,15.407562,0.11250116,-0.079113215,0.0,0
site5_85.png_X0_Y256,14.20307164028485,1523.1015558169036,0.03668003932601397,0.00807516944195618,0.5200473491276916,17.588394,0.11179942,-0.06080586,0.0,0
site5_85.png_X256_Y256,13.648000194127984,1206.9975711866011,0.03874866802560664,0.010131688652669477,0.3445683234070637,15.547501,0.112305805,-0.077822775,0.0,0
site5_91.png_X0_Y0,2.9886268957645212,101.14363162606598,0.8472740215609483,0.7977824387842761,0.9753959510771608,3.0967102,0.009890091,0.00089714443,0.0,0
site5_91.png_X256_Y0,11.571373234026368,195.55290337551673,0.25915124281096996,0.029511135030696262,0.9634242022549797,18.406769,0.088830434,-0.04073862,0.0,0
site5_91.png_X0_Y256,6.097798177873523,147.46551424033123,0.6528650678190171,0.5688787964605652,0.9375329083973458,4.169754,0.020696506,0.008847102,0.0,0
site5_91.png_X256_Y256,12.049780667022116,227.30220905121865,0.19217732501369117,0.020144332885953554,0.8994767878281643,11.80249,0.067095116,-0.012946354,0.0,0
site5_92.png_X0_Y0,11.89657353432343,304.68821620593667,0.19635335769471068,0.023315325145974362,0.915949380615464,17.298248,0.08761778,-0.03664495,0.0,0
site5_92.png_X256_Y0,11.3922271771189,146.18515869798358,0.19380213345955893,0.026474328988668028,0.8958024059362437,17.782913,0.098997355,-0.049958635,0.0,0
site5_92.png_X0_Y256,12.1827976893636,313.36042946223915,0.15082899944944278,0.019536539334723553,0.7878967423854,12.889313,0.096148916,-0.051704995,0.0,0
site5_92.png_X256_Y256,12.384223706879084,420.32431593320746,0.13006496292766906,0.018338954983334897,0.8371119980101033,11.322693,0.109589905,-0.07321891,0.0,0
site5_93.png_X0_Y0,12.572437992887654,414.03631565987826,0.15456972886642867,0.017439618152528456,0.8181598852857139,13.371857,0.13419461,-0.09175922,0.12664794921875,1
site5_93.png_X256_Y0,10.459126830446479,75.46986690816176,0.22436681241545597,0.03378501590640444,0.808812994210711,15.69957,0.11048953,-0.07110408,0.0,0
site5_93.png_X0_Y256,12.12570553543663,346.014573796749,0.1057942378711581,0.02013284489415333,0.6184720448348309,11.937607,0.12887141,-0.09077375,0.0,0
site5_93.png_X256_Y256,9.725536037996015,54.734955786237194,0.2777656466605648,0.05116501943063838,0.8386744093475454,13.927307,0.1123645,-0.06977191,0.0,0
site5_94.png_X0_Y0,10.278187859696693,276.69907936553784,0.2999320094210681,0.05405070464750881,0.8973752897324974,19.016052,0.0952543,-0.050793596,0.0356597900390625,0
site5_94.png_X256_Y0,10.979247003068975,269.9637192276018,0.29095845486537597,0.06505825227358582,0.9398518000442742,17.150879,0.09342428,-0.04924787,0.277069091796875,1
site5_94.png_X0_Y256,10.978702574207016,123.50246481221913,0.2579988001604711,0.03144174374204426,0.903738871856054,18.389679,0.10392831,-0.057001665,0.0190887451171875,0
site5_94.png_X256_Y256,12.412488342108801,512.45479277806,0.2121665296484369,0.023238411818852923,0.9191303896191975,11.532486,0.11657177,-0.08136917,0.3378448486328125,1
site5_95.png_X0_Y0,11.805458167808622,652.3432768196628,0.26503666749891264,0.04967252228311904,0.906834535925157,14.687897,0.07443579,-0.031975977,0.5207366943359375,2
site5_95.png_X256_Y0,11.893728099712943,449.00060215725387,0.22042169897476352,0.03760514715640387,0.8951839035782987,14.558487,0.10226968,-0.059340395,0.2532806396484375,1
site5_95.png_X0_Y256,12.24068218390424,430.68939260141883,0.15361730743610943,0.021025587529482435,0.8050922026398541,5.0938416,0.14328149,-0.12671673,0.2168426513671875,1
site5_95.png_X256_Y256,13.054939381870676,823.4827543794265,0.1463620020532539,0.018049082492185595,0.7400625584323308,2.12146,0.21646446,-0.21696556,0.310760498046875,1
site5_96.png_X0_Y0,11.52658700136532,190.20038304078733,0.19739486625759292,0.02820083135355565,0.8441097520042401,10.833618,0.109484956,-0.0713731,0.0,0
site5_96.png_X256_Y0,10.460784184880747,222.3610472234408,0.21920463390893555,0.042856960955304634,0.7504582574815233,13.253403,0.116544716,-0.07610124,0.0,0
site5_96.png_X0_Y256,13.052088748861912,629.9028163147191,0.15023435563861248,0.015387734954721656,0.8433229258732974,-6.585434,0.21080914,-0.2378885,0.033355712890625,0
site5_96.png_X256_Y256,10.704795342928367,83.8810599889493,0.20367263571207525,0.03465995049615044,0.8952248964912739,15.244278,0.11250612,-0.06552142,0.0,0
site5_99.png_X0_Y0,9.318153642179851,140.84928625709819,0.2964347486659761,0.059042068049660223,0.6544398558704426,-15.269165,0.3044339,-0.37242436,0.0,0
site5_99.png_X256_Y0,12.917918580903269,648.8755401768894,0.16044641902852133,0.021878280125244315,0.8520064456410031,1.930603,0.16681042,-0.17220357,0.0682830810546875,1
site5_99.png_X0_Y256,11.249749746900193,377.9863061232393,0.1924337141930118,0.036964142054194696,0.8826801065402403,9.705704,0.13192046,-0.11845931,0.0,0
site5_99.png_X256_Y256,10.387068382646053,274.23570793084366,0.2028440207215979,0.051266873137619955,0.801125888613546,11.303116,0.11904986,-0.09969315,0.0,0
site5_102.png_X0_Y0,11.35470246571349,293.6574098904324,0.1822877541947848,0.04056663030141445,0.8194070715973316,5.6527863,0.19366284,-0.124595195,0.01617431640625,0
site5_102.png_X256_Y0,12.506713403466069,468.5207809045918,0.08129289909617886,0.015977036900730802,0.5419519221815736,38.62384,0.07761147,0.15062328,0.005157470703125,0
site5_102.png_X0_Y256,10.513314866491122,137.80397470324198,0.24708908997410498,0.04537368372248264,0.8663610192475648,-3.7333221,0.23557891,-0.22672385,0.0112152099609375,0
site5_102.png_X256_Y256,11.695974096118189,256.8651905517206,0.09728214862980755,0.021668982790141712,0.5839832684242705,51.97847,0.020099716,0.29340804,0.0033721923828125,0
site5_103.png_X0_Y0,13.967667867805329,941.7231680724603,0.08804761756681448,0.012406654865781271,0.8348652887128207,23.374619,0.06296934,0.06850236,0.0224151611328125,0
site5_103.png_X256_Y0,13.550756916278887,951.3043379950348,0.07643853444455435,0.013744563707158717,0.5832287700077479,14.793823,0.10116084,-0.067252204,0.00213623046875,0
site5_103.png_X0_Y256,13.592100868781031,743.3368908143468,0.11273301281096582,0.011603913731154842,0.8987781750330492,30.632675,0.051143993,0.14766094,0.1873016357421875,1
site5_103.png_X256_Y256,13.85813376077277,1028.9185059232666,0.12643880998590878,0.013938823398243072,0.8496038530767777,12.13649,0.113181934,-0.08576862,0.2981414794921875,1
site5_104.png_X0_Y0,12.524868220211369,567.7572010765207,0.07238071152957067,0.0167491708406031,0.3383253311036035,16.052826,0.12033545,-0.0860541,0.0,0
site5_104.png_X256_Y0,12.8418073899621,457.92291071944874,0.0877282989909579,0.014782550279057033,0.763462590166366,18.665085,0.13972135,-0.08876849,0.0,0
site5_104.png_X0_Y256,12.790831212227825,707.9178315131383,0.11328847664646029,0.0218341707112885,0.7486012383273914,15.602539,0.11267276,-0.08099441,0.0,0
site5_104.png_X256_Y256,12.883126921057402,540.0962637567528,0.07768456538919405,0.01416922885174163,0.5850725136142602,12.680328,0.13650183,-0.10235856,0.0,0
site5_105.png_X0_Y0,13.337211072317263,567.6680262699863,0.098257895505024,0.013742887284047907,0.8932103540363086,13.351929,0.15809584,-0.107049815,0.0,0
site5_105.png_X256_Y0,11.959339072542193,297.2463370308434,0.19584317357584582,0.03237799087588803,0.9284114940056175,15.100204,0.0020944625,0.059131768,0.0,0
site5_105.png_X0_Y256,12.80104548551041,534.0412059214237,0.07942059038311836,0.01443858097368828,0.553942896907162,13.752548,0.13607422,-0.090940855,0.0,0
site5_105.png_X256_Y256,12.660758817311658,359.1675343918407,0.12519817880485767,0.015294741711162909,0.8038444086419694,14.142685,0.12661326,-0.07965636,0.0,0
site5_109.png_X0_Y0,10.287146043029631,424.64564124977727,0.3468852500991684,0.2832546847580203,0.9533792057773434,8.28566,0.07088558,-0.047005825,0.491455078125,2
site5_109.png_X256_Y0,13.375343206527663,629.9417401660393,0.0730135834049032,0.011324480401426352,0.7659803320422238,10.451721,0.10681554,-0.07869376,0.862518310546875,2
site5_109.png_X0_Y256,12.428696617585656,671.3792335429904,0.14269181684467644,0.08963555969064876,0.8715546177944768,10.614014,0.09546673,-0.071308695,0.9065093994140625,2
site5_109.png_X256_Y256,13.28994818663952,724.163549821584,0.057230164605194415,0.011543821472091188,0.6107513841639785,10.617615,0.10805606,-0.08213447,1.0,2
site5_110.png_X0_Y0,10.366786676740082,299.21662255802744,0.2694739415481693,0.07101399168250193,0.880819852815782,11.863052,0.113017865,-0.09352487,0.056304931640625,1
site5_110.png_X256_Y0,9.755170202616537,230.30041956518807,0.27807881053142136,0.0794843595397344,0.7854416114909641,12.160385,0.11424868,-0.094510406,0.0,0
site5_110.png_X0_Y256,12.230360847349834,488.46230991384516,0.21074938384408504,0.040050652275770766,0.8944710487838348,12.383438,0.10801798,-0.08306458,0.2960968017578125,1
site5_110.png_X256_Y256,9.1008185173279,201.6098384185163,0.3180964449298359,0.09970990059966675,0.6691225724248369,11.985596,0.11443879,-0.09543787,0.0,0
site5_113.png_X0_Y0,12.05654526892227,233.52238880479055,0.1190121455493972,0.018765732154227284,0.7630466803134532,-4.6918488,0.20159425,-0.21397707,0.0,0
site5_113.png_X256_Y0,12.240534389789964,446.3348728103816,0.21490825124395666,0.05709790577872896,0.9191876473513412,9.023285,0.16216806,-0.13532498,0.1053924560546875,1
site5_113.png_X0_Y256,11.79864056711164,221.1322597378482,0.18398694021994194,0.02379489637978139,0.8181450519761794,12.08551,0.15379006,-0.11909026,0.0,0
site5_113.png_X256_Y256,10.606846343820205,114.2116507473144,0.24175307359010914,0.03998598841516425,0.8606868910116544,16.288803,0.105320595,-0.06015172,0.0,0
site5_118.png_X0_Y0,10.231043874128563,408.7919088211279,0.2242510176304504,0.05791809115365167,0.8163786885244415,11.627716,0.12655301,-0.10762122,0.0,0
site5_118.png_X256_Y0,10.46334774205841,463.32920817714614,0.21670497378824052,0.05360883608626227,0.726821646010972,13.008545,0.12142259,-0.09971915,0.0,0
site5_118.png_X0_Y256,10.697496279563863,251.77713223279184,0.22794702795804464,0.04276329746985845,0.9674558585579836,2.9862213,0.19735572,-0.2073924,0.0,0
site5_118.png_X256_Y256,11.279621507709951,533.0071366631755,0.17135198268896748,0.04065019053676538,0.8786321913050401,12.662994,0.12532443,-0.10413751,0.035491943359375,0
site5_119.png_X0_Y0,11.16037384224518,539.7011504739746,0.22228565303854664,0.04106465621406395,0.7758694368942659,14.993835,0.12255153,-0.0980817,0.0,0
site5_119.png_X256_Y0,9.705737799515672,121.7502637056715,0.25293057028788196,0.04926722188795503,0.7903266590842227,-12.170471,0.27227244,-0.31468785,0.0,0
site5_119.png_X0_Y256,12.295465499018878,562.4112748251525,0.18395176595732352,0.030537051701822224,0.9463624152556736,10.542297,0.14819565,-0.13240775,0.2951507568359375,1
site5_119.png_X256_Y256,11.520970072352025,226.74369667017368,0.21669695056577634,0.027145121687853886,0.9271682177195888,1.5732117,0.16323024,-0.15575492,0.0,0
site5_120.png_X0_Y0,9.003476134104856,92.43092814362478,0.2592383128455167,0.06671732244842786,0.46173185084420126,-12.002518,0.27170905,-0.30853453,0.0,0
site5_120.png_X256_Y0,11.607179840486946,270.6981717668841,0.11380910216107733,0.022696273582036963,0.6639570158256677,48.52858,0.060070295,0.18303698,0.0,0
site5_120.png_X0_Y256,13.815581249278456,988.8693733480782,0.07813963787504338,0.01098711532417691,0.7231918182062468,7.1788177,0.13107648,-0.1045472,0.574066162109375,2
site5_120.png_X256_Y256,11.799185417649635,227.42644385574079,0.1048847279201989,0.02068267550743974,0.6880959374791109,48.740616,0.068507805,0.14395046,0.0,0
site5_121.png_X0_Y0,12.821553840834444,555.5219382269127,0.08136985410205351,0.014814814161586474,0.5829757757398469,43.468338,0.037029184,0.24628973,0.0,0
site5_121.png_X256_Y0,13.957187287022448,946.3324571079106,0.11148547906622364,0.009983278532839824,0.8611349672879894,16.702408,0.07609173,-0.017703878,0.35638427734375,1
site5_121.png_X0_Y256,12.154879308737708,327.3828963319498,0.08748195317155791,0.018559182917522267,0.5704761873090853,49.74713,0.051513627,0.19489023,0.0,0
site5_121.png_X256_Y256,11.284465362184177,256.61469126958593,0.16167920509404232,0.03383657763228439,0.7988353355775966,16.321396,0.08947376,-0.007673068,0.0001983642578125,0
site5_122.png_X0_Y0,12.347218425309718,261.9368561370637,0.1719351382628448,0.01925658945796452,0.9149650832324154,13.8953705,0.11348941,-0.07991442,0.0,0
site5_122.png_X256_Y0,13.303302622456254,626.1552351259515,0.07751286294869661,0.013346660565767368,0.7738062808298917,9.884308,0.10938564,-0.07867993,0.036590576171875,0
site5_122.png_X0_Y256,13.076913202549719,590.9404109897889,0.07730304524531292,0.013748895456395889,0.6893237231029681,11.064819,0.10888225,-0.078914456,0.0,0
site5_122.png_X256_Y256,12.737670432366569,596.5948994828005,0.06565051965435725,0.01603699368281662,0.6109771693594807,9.489624,0.11038222,-0.08345936,0.0,0
site5_127.png_X0_Y0,12.806613422263311,699.5200563785561,0.11239102127359049,0.05707196384522361,0.8280875045741948,11.154526,0.09667384,-0.07074915,0.938079833984375,2
site5_127.png_X256_Y0,13.522181669900707,820.1685960327984,0.057084959847059066,0.010858923706741548,0.6443821242085024,10.675812,0.1020477,-0.073555104,1.0,2
site5_127.png_X0_Y256,9.132989663460279,404.8579065743991,0.40471001027152564,0.3645667330345772,0.9611516212128849,7.505417,0.06409475,-0.04622136,0.6301116943359375,2
site5_127.png_X256_Y256,13.365351881713089,708.3820502180754,0.06027837688421754,0.011309774402705978,0.6565512026453083,11.080734,0.100876495,-0.07104637,1.0,2
site5_128.png_X0_Y0,13.256834623733173,646.2634878562319,0.1272011368994445,0.01837592383595507,0.8544786749194977,11.004532,0.10658708,-0.08060756,0.614288330078125,2
site5_128.png_X256_Y0,9.843507109158757,257.9314332828679,0.28908809364569726,0.0843446361906736,0.7957506570286892,13.440765,0.10977596,-0.08675298,0.0,0
site5_128.png_X0_Y256,13.523552600211254,752.717250741925,0.07186062443284094,0.010759166000128193,0.7247530193456734,11.009476,0.10342413,-0.07425173,0.8691864013671875,2
site5_128.png_X256_Y256,9.304729355062575,244.943240850875,0.3009443266126095,0.09342746182606389,0.53443679656811,11.696594,0.11358155,-0.09483483,0.0,0
site5_131.png_X0_Y0,8.762441129691267,23.821839752139027,0.32130206391052263,0.06592589468785462,0.8169215723351693,16.359924,0.102256924,-0.056243233,0.0,0
site5_131.png_X256_Y0,9.368825879247755,28.987202668445136,0.27873150910947386,0.05014759313031404,0.8344445321856538,17.438354,0.09867891,-0.051467687,0.0,0
site5_131.png_X0_Y256,8.016977385913446,14.216902378292092,0.3549580147420599,0.0784715988613748,0.7453833712758522,15.89653,0.099237554,-0.053578526,0.0,0
site5_131.png_X256_Y256,8.87713368125109,24.38582966887763,0.3110482353529632,0.06327832716027845,0.8130556534433913,17.819016,0.10131338,-0.053263694,0.0,0
site5_132.png_X0_Y0,8.527344801383602,16.940746482723082,0.33945305654230884,0.06540383935309504,0.8158470384220142,19.027283,0.09906185,-0.049719136,0.0,0
site5_132.png_X256_Y0,10.886500054418349,73.93918656586489,0.21663206240975547,0.029127913437135354,0.9081167406602352,18.627975,0.12946284,-0.0904538,0.0,0
site5_132.png_X0_Y256,9.363470267810618,74.97351660118754,0.3014919740624873,0.0619441641968629,0.9109407634753822,18.366272,0.1028215,-0.05566872,0.0399322509765625,0
site5_132.png_X256_Y256,10.08683257594576,74.80521953695983,0.28474931454578895,0.05004923882946478,0.8871508136790227,19.816833,0.10941523,-0.060770985,0.0,0
site5_134.png_X0_Y0,9.211850210653662,97.30486156166216,0.2820558362703765,0.061012483294188395,0.5073081940322084,-8.956528,0.25831515,-0.28658366,0.0,0
site5_134.png_X256_Y0,9.600434564919592,123.81252473508262,0.27662260073573663,0.05584319025846584,0.717032710889468,-9.451248,0.26434386,-0.29677492,0.010223388671875,0
site5_134.png_X0_Y256,12.591746821551,465.62424267412507,0.15292772116412212,0.02157821513534184,0.8104513788715801,4.2801514,0.18509582,-0.17401591,0.315826416015625,1
site5_134.png_X256_Y256,13.242273233679672,895.6141041908743,0.1571112195940964,0.01750198778025687,0.8494513954274878,2.5095978,0.17758492,-0.17201047,0.400665283203125,2
site5_135.png_X0_Y0,10.943068388780523,245.05395444362313,0.2500661222210954,0.041425441830961175,0.8783948625779261,-7.535919,0.2533862,-0.28327417,0.2753143310546875,1
site5_135.png_X256_Y0,11.820471249278652,271.3321372639279,0.22368206929450518,0.02432439366153896,0.8354041885653575,-3.7604675,0.2401783,-0.25704947,0.5123748779296875,2
site5_135.png_X0_Y256,14.179869448514207,1230.1973395149978,0.09747582460665564,0.009260734807976076,0.8246219070462377,4.9666595,0.13818876,-0.12757443,1.0,2
site5_135.png_X256_Y256,13.774106364088986,968.5645158714149,0.11072377515888066,0.010883008612981252,0.8103099450124767,6.8880463,0.1442751,-0.12740293,1.0,2
site5_136.png_X0_Y0,13.482810847069777,923.9918485980261,0.1107785886129444,0.012784736421898011,0.7909464731827642,1.366394,0.1869697,-0.18680643,0.8720245361328125,2
site5_136.png_X256_Y0,14.341023114191977,1660.9887231025623,0.05086753956480937,0.008257040604965876,0.6736207795694762,3.5152893,0.11497295,-0.10664499,1.0,2
site5_136.png_X0_Y256,13.735702391592802,1093.9635355394012,0.09957778566565464,0.011272171193455246,0.7978986534752825,1.9142303,0.16973022,-0.16969517,1.0,2
site5_136.png_X256_Y256,14.689046430778296,2025.7606561329965,0.03703832452431441,0.006829689722553951,0.6159916433849254,6.6004333,0.08831922,-0.072631404,1.0,2
site5_137.png_X0_Y0,12.703530871924896,486.06045377684745,0.12091832105645693,0.01629354983919904,0.7593750076373655,5.8343353,0.13551793,-0.10987522,0.2212066650390625,1
site5_137.png_X256_Y0,11.47880785528926,303.95897066334857,0.14870277470310547,0.027381836765781285,0.6222518663700977,8.565887,0.105475366,-0.07087688,0.0279083251953125,0
site5_137.png_X0_Y256,12.084559766909031,515.3581925522029,0.14443539339580727,0.022610437771237505,0.6271525540315843,6.727768,0.126764,-0.10117105,0.1428680419921875,1
site5_137.png_X256_Y256,13.109681242837132,728.7414542634522,0.08890436550578805,0.014375671161454275,0.6216233805702558,9.337357,0.11066284,-0.078301415,0.4276580810546875,2
site5_138.png_X0_Y0,13.869447568833635,1211.9465721118236,0.0473512314983296,0.009592556836852766,0.5806352595358879,11.051178,0.10210887,-0.061947647,0.891265869140625,2
site5_138.png_X256_Y0,12.564306204667604,357.14765267567515,0.08721745597638951,0.015973879575597837,0.7481688402271089,44.19037,0.0899748,0.062085703,0.011444091796875,0
site5_138.png_X0_Y256,13.621540708584156,1046.991612946417,0.0522318005774943,0.010552021195739192,0.5030291604623405,10.038803,0.106873155,-0.071955815,0.98577880859375,2
site5_138.png_X256_Y256,12.946508128336205,489.01922406650283,0.0807129229242178,0.013951391729143302,0.726563936125094,36.896576,0.08643235,0.05008693,0.1895904541015625,1
site5_139.png_X0_Y0,12.418424935566332,289.12824017506733,0.09462541215519855,0.01627810447815044,0.7747018855558349,46.65233,0.08510883,0.0928639,0.0,0
site5_139.png_X256_Y0,12.726977726876864,542.2061731816204,0.12723119949172362,0.021265886723820595,0.78956068068857,32.562958,0.05813346,0.1099004,0.0,0
site5_139.png_X0_Y256,11.750690983527218,225.36557012327572,0.1009756186865183,0.020887929390010822,0.6362780031578943,37.032974,0.1089807,0.017107187,0.0,0
site5_139.png_X256_Y256,12.839963219439259,499.8905737577252,0.10653996722936568,0.015813788018560385,0.7808476876580054,41.274292,0.060385592,0.13403964,0.0587005615234375,1
site5_140.png_X0_Y0,13.07734907387623,547.3323017589663,0.12414231226636668,0.015441653582798373,0.775577736662718,11.654007,0.11658727,-0.0830984,0.0190277099609375,0
site5_140.png_X256_Y0,12.965268122997292,696.1588746966646,0.06262908917864472,0.014599698331078275,0.5827864448832917,11.152756,0.106951706,-0.07635097,0.0,0
site5_140.png_X0_Y256,13.062280685070753,437.95068337601697,0.1312314902270894,0.014729121112130433,0.8533704407471358,14.500778,0.115970016,-0.0735935,0.1779022216796875,1
site5_140.png_X256_Y256,12.784511612533283,582.7090617941616,0.06414019423595393,0.015259446907100419,0.5644437410069416,9.503265,0.11131266,-0.08462898,0.0,0
site5_142.png_X0_Y0,12.820563784446545,560.0594255364697,0.0679292444175142,0.014960338405428944,0.6462564109727693,9.587036,0.1062036,-0.08035633,0.0,0
site5_142.png_X256_Y0,12.66671758331163,443.9702577434261,0.08279755587797594,0.015718286208255987,0.6836935368107766,10.56636,0.09959617,-0.071405165,0.0,0
site5_142.png_X0_Y256,10.736754514864426,266.3682173022263,0.34160599107332285,0.05424021343178114,0.9487018808425438,9.682724,0.11136993,-0.09180215,0.0,0
site5_142.png_X256_Y256,10.38696671862692,200.48685846488337,0.3822969662893919,0.05590341582956451,0.9649597910715928,10.762451,0.110573985,-0.085359484,0.0,0
site5_145.png_X0_Y0,9.93250770801736,289.8698639645769,0.42075951272437956,0.21951138007041537,0.9726414186452932,14.756577,0.08159861,-0.050466295,0.243896484375,1
site5_145.png_X256_Y0,13.233315492883241,628.2769930885968,0.061445506150376576,0.011607588214950748,0.6622098087249135,10.495209,0.1033972,-0.07715675,1.0,2
site5_145.png_X0_Y256,10.736020320569953,223.8871294994714,0.3309841711346183,0.05802580285920946,0.8937790823511985,19.654114,0.08184897,-0.03956918,0.0197296142578125,0
site5_145.png_X256_Y256,12.938671248685534,514.9985017030708,0.07147737679555335,0.012825161743484978,0.6643574064763548,10.231552,0.10436463,-0.0799306,0.9548797607421875,2
site5_146.png_X0_Y0,13.10742655662501,617.2054136479973,0.05968369667633163,0.012114657567133516,0.6357213657304437,8.554337,0.10655652,-0.08366104,1.0,2
site5_146.png_X256_Y0,11.745412945862448,358.39459704499126,0.23113144210409353,0.04679906843459673,0.9176925609833991,10.592209,0.110039525,-0.08887547,0.1958160400390625,1
site5_146.png_X0_Y256,13.216223715196918,711.7728054714541,0.057025969149629346,0.01161944141331988,0.5841608706130217,9.0993805,0.10730249,-0.08339186,1.0,2
site5_146.png_X256_Y256,12.890082800610434,551.4823477148265,0.15791098397446166,0.025167465491655647,0.896817111750985,9.196869,0.11276873,-0.090857044,0.422943115234375,2
site5_148.png_X0_Y0,10.736774366149065,211.1976017637641,0.251549534688082,0.04121747262160412,0.8362675164915312,2.138733,0.13266966,-0.120865725,0.066986083984375,1
site5_148.png_X256_Y0,9.462018188446084,51.77039257737538,0.3181585755267212,0.05318668956124144,0.8100539358159609,9.9422,0.10606334,-0.06648601,0.0695343017578125,1
site5_148.png_X0_Y256,11.570031740005515,248.91979249266794,0.20988711904859508,0.026504582162956,0.9593249970344409,11.472488,0.10703876,-0.08498335,0.0,0
site5_148.png_X256_Y256,10.236696169798709,149.11035084163785,0.33667271549668915,0.04317004623563675,0.9817361428054636,8.898697,0.10620411,-0.07398932,0.0,0
site5_149.png_X0_Y0,12.243137090260962,782.7502265505904,0.21652787846496788,0.02219153938885097,0.9353773267074852,13.553482,0.09209791,-0.0518997,0.0642547607421875,1
site5_149.png_X256_Y0,13.07688261385615,816.5962354324292,0.196019497490666,0.017887928275151215,0.9074721658141114,11.810867,0.094469234,-0.05161781,0.3753204345703125,1
site5_149.png_X0_Y256,12.07365546630312,447.6463325855167,0.24326536303422763,0.023881996048234034,0.9438568562321428,6.3659515,0.09500626,-0.06664506,0.1785736083984375,1
site5_149.png_X256_Y256,12.85099856155821,878.4777029569689,0.22772849936505038,0.020620734085100165,0.920862003609693,7.2087097,0.0836194,-0.055708267,0.71307373046875,2
site5_150.png_X0_Y0,11.193100717274636,269.11786494379726,0.21138244784062885,0.032219671348134346,0.7820319434332674,10.853241,0.09803326,-0.057339318,0.0,0
site5_150.png_X256_Y0,12.942226706799858,485.83875265828885,0.2108201882553175,0.017313865786250326,0.9254209557965323,2.737091,0.1303204,-0.11936472,0.4575347900390625,2
site5_150.png_X0_Y256,9.24109986008266,24.95320585832392,0.30939968803123996,0.05049807086053045,0.8607655088441497,9.843185,0.08820417,-0.04984673,0.0,0
site5_150.png_X256_Y256,12.322279413287335,433.2060584571367,0.24185498446546697,0.024141430427474776,0.9338483369814772,12.387054,0.083769396,-0.043687195,0.4321441650390625,2
site5_151.png_X0_Y0,11.387648397691967,247.5179101187195,0.2502455061485792,0.03238111621922799,0.9069152353542698,7.184601,0.1725016,-0.14729641,0.1730804443359375,1
site5_151.png_X256_Y0,9.175925960726282,42.7729961132747,0.24593430877194777,0.05499051643653639,0.6662403909654169,17.36412,0.12181064,-0.074532874,0.0,0
site5_151.png_X0_Y256,13.90432189913858,1148.3869949359494,0.09915435465717724,0.01153516592385016,0.7870223631311737,13.457748,0.100324005,-0.06041431,0.46087646484375,2
site5_151.png_X256_Y256,10.086459350913964,59.34460170066947,0.2232521082267352,0.04263551012601583,0.8058940546924042,17.966614,0.1238806,-0.07577929,0.0,0
site5_152.png_X0_Y0,9.702686567194416,79.58477158725418,0.24263312574200313,0.046815738708324214,0.7225634220951921,15.173599,0.12397237,-0.080736324,0.0,0
site5_152.png_X256_Y0,9.215461571936704,50.59235656057858,0.2423719295405758,0.05611943530422256,0.6067260295023442,12.302963,0.13217266,-0.092906244,0.0,0
site5_152.png_X0_Y256,10.59962777973751,110.33648341383613,0.16518589764703326,0.0326548970074004,0.6805119310800067,17.619171,0.13164201,-0.08529199,0.0,0
site5_152.png_X256_Y256,11.68064824867928,376.10247989059803,0.1407348704112231,0.02571618548048092,0.7283063877261179,13.847977,0.13510704,-0.09755099,0.1163330078125,1
site5_153.png_X0_Y0,10.860593186787161,137.23681441633877,0.18208336194660862,0.034275528563564334,0.861682119909206,11.369446,0.13543248,-0.09974925,0.004302978515625,0
site5_153.png_X256_Y0,11.846221471891731,302.76927475313107,0.14362186539489258,0.024894786172815896,0.840218877461759,10.329758,0.13975506,-0.10827065,0.130401611328125,1
site5_153.png_X0_Y256,14.123779111243413,1414.0756459205113,0.08779876515267243,0.011125272891301104,0.7664019827495134,9.450119,0.121304795,-0.1009593,0.797576904296875,2
site5_153.png_X256_Y256,13.769175561690693,1084.6790997903936,0.110714056945805,0.013755368631798479,0.8302651690983163,10.651993,0.117156275,-0.09350431,0.6937408447265625,2
site5_154.png_X0_Y0,11.946390571974096,483.16874954952135,0.12975074613225973,0.024217337875034325,0.6562958872482533,8.049088,0.13473108,-0.108565725,0.1558837890625,1
site5_154.png_X256_Y0,11.84427708049048,573.3684794310685,0.14353792752479858,0.02787355712089914,0.6376671745446041,8.714066,0.120627016,-0.0905388,0.2459716796875,1
site5_154.png_X0_Y256,13.025510288743547,853.1989373379307,0.12198898241388086,0.018016730825192923,0.7818237343675882,10.57724,0.12734126,-0.09765348,0.4111785888671875,2
site5_154.png_X256_Y256,11.373631139183445,238.86939659627785,0.1400836951159516,0.026600060261903126,0.6505608766278002,11.414291,0.13068777,-0.094006404,0.0404052734375,0
site5_155.png_X0_Y0,11.840255188459352,417.8922452753269,0.16468273617981055,0.026415118616275733,0.8569023471888729,10.45871,0.119103655,-0.08527373,0.1682281494140625,1
site5_155.png_X256_Y0,14.377562391336303,1375.8412636517119,0.06048218717103267,0.008004683464602518,0.7441573979537748,10.732956,0.1295892,-0.1016856,0.9656524658203125,2
site5_155.png_X0_Y256,13.085108042844293,708.821775789446,0.10191828576576296,0.015958908549788226,0.79531873207126,12.251953,0.119355604,-0.08433922,0.24835205078125,1
site5_155.png_X256_Y256,14.600299409567764,1705.5380974265363,0.0627579779412467,0.00743024234833412,0.7610248864293749,12.136612,0.12445775,-0.09580402,0.988616943359375,2
site5_156.png_X0_Y0,14.431365674987571,1464.712389886132,0.07657615927137001,0.008201695633631923,0.7779979088935144,13.832687,0.10093343,-0.06868856,1.0,2
site5_156.png_X256_Y0,13.876538179157373,990.0688566898096,0.09036131610420338,0.012458016066751842,0.839273790161714,25.912445,0.09599879,-0.012744562,0.4993133544921875,2
site5_156.png_X0_Y256,13.901220482979014,1316.6751127871214,0.09365493121461094,0.015046650825000259,0.7306247938594862,15.410736,0.09325381,-0.06261779,1.0,2
site5_156.png_X256_Y256,14.277407172005368,1550.911298283751,0.07909565105184899,0.01348401934876296,0.7603972741099869,19.109116,0.09943426,-0.046104927,0.67547607421875,2
site5_157.png_X0_Y0,12.016081504520288,288.0897301819085,0.08497498986795361,0.018963726930755088,0.5657308368749748,49.31346,0.089117646,0.07603592,0.0,0
site5_157.png_X256_Y0,12.162628874697413,301.22208761354943,0.09141709471965487,0.018677007544878714,0.6431161567173966,45.922546,0.07783225,0.11739758,0.0,0
site5_157.png_X0_Y256,11.887093196691907,251.84761112013155,0.09458270420820226,0.01997198827213399,0.6049437711205023,46.716827,0.089807525,0.079889074,0.0,0
site5_157.png_X256_Y256,11.641099244595711,204.21390435770422,0.10321075250326704,0.021435995629635236,0.6232749286411674,41.206085,0.100125134,0.05087507,0.0,0
site5_158.png_X0_Y0,11.328457458663488,186.97282476992513,0.23749885641710153,0.033362728941871235,0.9161003317697619,18.440796,0.123978175,-0.086837925,0.03753662109375,0
site5_158.png_X256_Y0,10.119374502974843,126.09301680843839,0.31531442424959283,0.048891516136225915,0.949821366137592,10.639542,0.11442504,-0.095891654,0.0,0
site5_158.png_X0_Y256,11.993370609817996,334.8002192065415,0.2073612857368825,0.02957073191761708,0.9402053422314363,23.013779,0.12140636,-0.04704554,0.0699462890625,1
site5_158.png_X256_Y256,9.649971082499631,66.31493187716417,0.31372323621611314,0.052697456161582834,0.903417125233367,18.594635,0.12334392,-0.085980356,0.0115966796875,0
site5_159.png_X0_Y0,9.075054915443399,33.19147622008354,0.3811940336575904,0.07143765475036139,0.9542435162811076,8.553955,0.122706644,-0.108327776,0.0,0
site5_159.png_X256_Y0,9.510032817859221,26.311206807477895,0.3451984588071424,0.05249141676641924,0.9637658266416518,10.654388,0.12191341,-0.103615485,0.0,0
site5_159.png_X0_Y256,10.94265978786424,185.1171357921273,0.26340449250428954,0.03464885054888937,0.8405305120216231,16.465454,0.12864071,-0.090270735,0.16510009765625,1
site5_159.png_X256_Y256,10.202966149993165,153.30169802480026,0.28479535167125086,0.044776954618709876,0.8369175629182424,16.253403,0.12583354,-0.09254382,0.106109619140625,1
site5_160.png_X0_Y0,11.079570018503091,192.72336084679506,0.2028555344268258,0.035562084035693144,0.895692341001237,12.160309,0.12245801,-0.09794319,0.0,0
site5_160.png_X256_Y0,11.411617785938176,193.85944810890408,0.12639591609838005,0.026566968230804944,0.7395881829527873,14.7043,0.12234779,-0.090327814,0.0154266357421875,0
site5_160.png_X0_Y256,11.280774331540506,241.2921470408047,0.09054023384932507,0.02459330343900698,0.24936517975866357,14.514969,0.1127218,-0.08229014,0.0,0
site5_160.png_X256_Y256,11.050362436792264,190.2625751063315,0.1021190986676457,0.02665310897073436,0.31839766235230826,12.888351,0.10702331,-0.08075248,0.0,0
site5_161.png_X0_Y0,12.134135151147902,262.7376804594441,0.11651064542170783,0.020104359356754142,0.8162764307730465,12.511429,0.11246818,-0.084199816,0.1510162353515625,1
site5_161.png_X256_Y0,8.967899409182195,188.326435160156,0.3314008156920894,0.24703907748597054,0.9805453419696137,10.199524,0.07247229,-0.050980844,0.0,0
site5_161.png_X0_Y256,10.853025569158635,125.01910381524047,0.12728182009358963,0.02814625060980182,0.5476278942224755,12.134613,0.1055637,-0.08092141,0.0,0
site5_161.png_X256_Y256,10.713546776631684,222.52955606017102,0.17599045679808784,0.07715921978142717,0.9405780298710074,11.956421,0.09205683,-0.066392645,0.0,0
site5_163.png_X0_Y0,12.060518132686386,209.81395436851807,0.18887941350110063,0.020899433946835775,0.8849731517010104,12.198914,0.10230948,-0.06746137,0.0,0
site5_163.png_X256_Y0,12.198030043263884,287.5650832011828,0.12346864421969075,0.019674594266318037,0.7328379666902303,11.113571,0.10151678,-0.07167671,0.1730194091796875,1
site5_163.png_X0_Y256,11.017356013898763,151.6329630130258,0.2069997530670909,0.0289003123828075,0.7981651199013857,13.877457,0.08654717,-0.05092296,0.0,0
site5_163.png_X256_Y256,11.459316951323736,184.4400351577541,0.1472524270181037,0.023083892537520655,0.6754700888184192,10.446335,0.103192925,-0.0743514,0.0,0
site5_164.png_X0_Y0,12.100055474320325,309.52901435147277,0.14448049225810905,0.0203465368341039,0.8608877852692667,9.887222,0.10939577,-0.082027614,0.0,0
site5_164.png_X256_Y0,11.966995423972914,369.3210044964694,0.12711165441838218,0.019992728203241463,0.4954447963658945,8.93042,0.11804378,-0.09433112,0.0,0
site5_164.png_X0_Y256,11.617925033744655,180.14086252883828,0.13931768798209143,0.022605626969914597,0.7365963227239589,9.644531,0.10959845,-0.07721211,0.0,0
site5_164.png_X256_Y256,12.44473572421244,320.9404138882927,0.1086775665058069,0.016275354391323087,0.7362675090220229,11.405151,0.11309708,-0.07344445,0.0,0
site5_165.png_X0_Y0,12.350506617570286,553.5841571901551,0.11340225258559508,0.017719488076082406,0.5052572339144941,8.251434,0.12482655,-0.10274693,0.0,0
site5_165.png_X256_Y0,11.241646936149778,449.849785058669,0.3186846945620038,0.10035767153705494,0.9650641655323756,5.558655,0.12656179,-0.10474216,0.0,0
site5_165.png_X0_Y256,13.061989255064535,388.6162178008561,0.12306731398603962,0.013069677180830833,0.8688693483263346,14.938721,0.12351848,-0.06568055,0.105743408203125,1
site5_165.png_X256_Y256,12.052635314425169,346.5792130731158,0.17345685742551292,0.03270589451798878,0.8757211175035234,-8.544495,0.21366145,-0.21568702,0.0926513671875,1
site5_167.png_X0_Y0,12.18010407234396,887.2299000386571,0.22828342896230291,0.03940880100062521,0.8556037253437858,4.019516,0.08902882,-0.06917012,0.4518585205078125,2
site5_167.png_X256_Y0,12.775283384439145,864.701139931319,0.2302757539815446,0.021604782631043415,0.9096954252712737,6.170349,0.07291734,-0.048365932,0.6516265869140625,2
site5_167.png_X0_Y256,8.593673930946942,14.159638435337518,0.3792127220272197,0.06417311848917129,0.8915217956535597,5.685608,0.09966224,-0.064742684,0.0,0
site5_167.png_X256_Y256,11.926265423526033,352.1132506278068,0.24080849289464726,0.024626484139553557,0.8870261537655388,-3.9651794,0.14644508,-0.15782905,0.4637298583984375,2
site5_168.png_X0_Y0,9.221590550397483,66.30130323974278,0.3168121452896361,0.0613762037455918,0.7694997412922857,9.447098,0.08530435,-0.046063345,0.001556396484375,0
site5_168.png_X256_Y0,10.900676797464033,235.10943968368613,0.27763064930762665,0.03986950700385314,0.9326381003307924,12.655228,0.08576318,-0.043458596,0.2023468017578125,1
site5_168.png_X0_Y256,10.571498015261788,209.01740741243137,0.29925717902903015,0.04661236825148911,0.8630220646892635,4.5726166,0.106033474,-0.08472884,0.223876953125,1
site5_168.png_X256_Y256,8.876028384709045,77.3675832011771,0.3267998491251123,0.07976141587061118,0.822381456271499,11.957382,0.07970182,-0.036303442,0.0149688720703125,0
site5_169.png_X0_Y0,13.525895934313088,767.4137881164442,0.14250226161515056,0.014297720390840592,0.8929177337008428,13.506531,0.114992216,-0.06975464,0.71063232421875,2
site5_169.png_X256_Y0,11.849648872252613,210.1021546851086,0.15979484983461167,0.022654947955253593,0.8543454308502451,16.182892,0.119918376,-0.06900625,0.0945587158203125,1
site5_169.png_X0_Y256,13.061170770013673,987.0796975473247,0.2341744011535483,0.0483408061210938,0.9040751537189214,14.074936,0.082846366,-0.040897988,0.77032470703125,2
site5_169.png_X256_Y256,13.495588633992298,918.0571898880085,0.09409809634504356,0.01210063212138781,0.7231012993156792,12.846832,0.12496496,-0.08565136,0.28863525390625,1
site5_170.png_X0_Y0,12.388319105498855,486.87722099078115,0.14009735592229158,0.019197045200684246,0.7814597203389702,16.673782,0.11745497,-0.07154137,0.049407958984375,0
site5_170.png_X256_Y0,12.760848506489967,871.4954310542485,0.1186149697912793,0.020898094421172794,0.7161127502851009,14.699112,0.13397601,-0.09986411,0.3448028564453125,1
site5_170.png_X0_Y256,13.638717816079328,1276.7738786766686,0.08541038479156192,0.013330823840665152,0.6957051307010472,11.038559,0.13580716,-0.10391003,0.4741058349609375,2
site5_170.png_X256_Y256,13.468327520103418,860.079594461956,0.08925205240944155,0.012662185871173546,0.7468657436774787,10.513657,0.13566273,-0.1044436,0.242767333984375,1
site5_171.png_X0_Y0,14.61314254148081,1842.1432244359544,0.06334012729279373,0.0083969461714369,0.7925406231587252,9.939926,0.11148791,-0.08865051,1.0,2
site5_171.png_X256_Y0,14.22562696574012,1868.3984253802093,0.10268932251475804,0.02160038837807672,0.7659861536272062,10.38327,0.100716785,-0.080475345,1.0,2
site5_171.png_X0_Y256,14.321403079743835,1405.2446078883804,0.08446171573332824,0.00879214873875563,0.8380307153085996,5.6620636,0.1385202,-0.12774742,1.0,2
site5_171.png_X256_Y256,14.072454089576011,1260.4618764870072,0.07532278805493138,0.00933686612085103,0.7651203563780385,4.1805115,0.17012468,-0.16293846,1.0,2
site5_172.png_X0_Y0,14.539238621334055,2150.85013660622,0.08513420271706126,0.014764922255322527,0.7682894816731022,8.878204,0.11340433,-0.09527564,1.0,2
site5_172.png_X256_Y0,14.42549477944372,1864.8782520999148,0.060541885794152484,0.008311135844689156,0.7244385314969953,6.0889893,0.13017374,-0.11450997,0.9152069091796875,2
site5_172.png_X0_Y256,14.381126703870228,1729.3039129483518,0.08621918318035209,0.01505278660330828,0.8107671331405555,6.3207245,0.14663523,-0.13424742,1.0,2
site5_172.png_X256_Y256,14.634509626787874,1990.975323298331,0.06454925485546491,0.008508971046737627,0.7656509363848675,8.25679,0.11830351,-0.10019503,1.0,2
site5_173.png_X0_Y0,13.405687611147867,1144.5238798179923,0.05216877551001166,0.011428397929225252,0.4855205606867817,1.9362183,0.10977481,-0.10842502,0.9258575439453125,2
site5_173.png_X256_Y0,13.641581637564787,669.0413820706598,0.08251128354630899,0.010826329542727782,0.9024028204941714,7.8383026,0.09604781,-0.07380977,0.9874725341796875,2
site5_173.png_X0_Y256,14.447066053893874,1626.5491749870362,0.057040288982188145,0.007882553767736425,0.7559237481217466,8.4223175,0.10348645,-0.07942763,0.9995880126953125,2
site5_173.png_X256_Y256,13.542139370675919,1124.6840009252485,0.048833100860287845,0.01096926490577192,0.4812203533620445,5.9466095,0.10717681,-0.08414362,0.9808349609375,2
site5_174.png_X0_Y0,14.12147982645702,930.1182674482789,0.09005853596423062,0.008871149474492756,0.8623033334992734,11.892441,0.11087914,-0.07948152,0.962921142578125,2
site5_174.png_X256_Y0,13.603735647429401,670.2378060722697,0.09272805461187407,0.01126700109458009,0.8928846244057885,14.899918,0.14063671,-0.07896538,0.726165771484375,2
site5_174.png_X0_Y256,13.568724491881918,1160.3501590885326,0.04558422529699308,0.01077639401690673,0.40213506828344536,7.1591187,0.10077144,-0.07595623,0.962615966796875,2
site5_174.png_X256_Y256,13.551269735044709,1062.1293277976888,0.04784139613327385,0.010730740439480444,0.4725077345203246,8.800018,0.107272886,-0.07171003,0.8974456787109375,2
site5_176.png_X0_Y0,13.171052544843853,547.0584482230765,0.10129459723494857,0.01301097635241534,0.7842160042809727,31.22287,0.09354912,0.06256718,0.0814971923828125,1
site5_176.png_X256_Y0,13.178859732297733,587.4786515853418,0.08912286674503267,0.0137611313389956,0.7721049428196992,13.412827,0.12597796,-0.0895478,0.600738525390625,2
site5_176.png_X0_Y256,12.79421907134444,461.67567711338586,0.09118573128111046,0.014874044799166597,0.6738140743587002,43.06099,0.052997265,0.1670613,0.0,0
site5_176.png_X256_Y256,12.566439154838086,410.7212701545328,0.10407465943034486,0.017419035262316182,0.745117373286659,15.015106,0.124399275,-0.08327972,0.362548828125,1
site5_177.png_X0_Y0,12.845224376566039,689.666187899504,0.07843650848701586,0.015638326657572307,0.4219640071724382,8.861298,0.13004902,-0.10800372,1.0,2
site5_177.png_X256_Y0,12.297103978394802,485.1956946096614,0.1559913515716718,0.021681528082879875,0.5891998892739111,12.454971,0.12342494,-0.092890784,0.5615234375,2
site5_177.png_X0_Y256,12.823783527140323,615.3694169460146,0.07551151188211251,0.014541348796812525,0.4705028109976164,10.1931,0.13008761,-0.10596965,1.0,2
site5_177.png_X256_Y256,13.208754390794429,715.5430934766827,0.07497482775525088,0.012760736298019543,0.6120231767223037,10.406586,0.12764548,-0.10119445,0.8466949462890625,2
site5_178.png_X0_Y0,11.293543178638831,244.95961240869164,0.12842291423314603,0.026111293801479467,0.41870757837301537,13.823929,0.112291895,-0.08282572,0.0,0
site5_178.png_X256_Y0,11.499831721196708,280.61359861591967,0.08264616454276615,0.022659931327719613,0.25104960726423253,12.605621,0.10653906,-0.0805293,0.0,0
site5_178.png_X0_Y256,11.57635418491881,275.3786434454347,0.16270646922534687,0.026777987172657378,0.6286134623752222,13.974304,0.12229186,-0.08981777,0.0,0
site5_178.png_X256_Y256,12.668128373500352,438.32783203877943,0.07461961911779641,0.015499059907082084,0.674192527631701,10.236557,0.11635736,-0.09458584,0.0,0
site5_181.png_X0_Y0,12.230738905941816,150.8188130767038,0.2011290450710941,0.02047847143149321,0.958755157724483,18.383606,0.06445287,0.017032335,0.0,0
site5_181.png_X256_Y0,12.417624437538358,171.3293548154577,0.1349741003361647,0.016345534597676667,0.9360702231386405,20.638245,0.08772063,-0.008610898,0.07891845703125,1
site5_181.png_X0_Y256,10.530113658328222,122.89267778619296,0.36447109793302873,0.09951905798095648,0.9806943382924023,14.767242,0.019476995,0.08952291,0.0,0
site5_181.png_X256_Y256,10.678610061360477,80.4527704488662,0.20921077829825366,0.03218231543477039,0.9498533785155128,14.695801,0.09411822,-0.056243535,0.0,0
site5_182.png_X0_Y0,9.927486938844321,43.73646940179281,0.2008807864845402,0.0396026733340455,0.8057415897665413,13.748901,0.11228518,-0.082019836,0.0,0
site5_182.png_X256_Y0,10.577915193140301,44.38853106377371,0.20386437047946837,0.031930926110573146,0.9270358611270889,11.804413,0.1147546,-0.08859846,0.0,0
site5_182.png_X0_Y256,11.186916308116347,115.77342498979067,0.2219581405300732,0.027249286844667646,0.8949406617791724,13.28862,0.11980477,-0.08359131,0.094635009765625,1
site5_182.png_X256_Y256,12.549866481014327,385.15344367252015,0.16181485985641958,0.018232549340814086,0.8070832397061722,12.7764435,0.09095173,-0.05273262,0.4972381591796875,2
site5_183.png_X0_Y0,11.348074984750573,121.83079671881146,0.20691391916834168,0.025233297149407002,0.9223256653014589,11.294739,0.11749936,-0.08970098,0.0,0
site5_183.png_X256_Y0,11.610892876683138,159.09517057742644,0.18780519253951417,0.03149193655647407,0.9455145654382197,-10.727615,0.20894033,-0.2554623,0.0,0
site5_183.png_X0_Y256,12.375388316673721,479.7075514225696,0.19740426914941178,0.022143471498554883,0.896819484754839,10.003677,0.104653165,-0.0704658,0.2393798828125,1
site5_183.png_X256_Y256,11.42280781509184,361.2255931763265,0.20440301507945602,0.037146732199712304,0.9263718446829281,10.287735,0.11694903,-0.08989232,0.0,0
site5_185.png_X0_Y0,8.541363128595576,44.642699787944196,0.4035000205384127,0.06596244260811489,0.9303086671121592,4.215866,0.09138316,-0.06316954,0.0,0
site5_185.png_X256_Y0,12.250406346390204,765.6333048438761,0.22192419953543546,0.02531731500329697,0.8967645963185832,11.831619,0.09957962,-0.051864542,0.28057861328125,1
site5_185.png_X0_Y256,9.702272148783067,138.6297580558108,0.349065231394471,0.053882309464652535,0.9837607391625562,5.6251984,0.09536551,-0.069997445,0.0,0
site5_185.png_X256_Y256,9.545211194064938,96.06588744413837,0.3159800282076159,0.05244310289751776,0.8481946882044139,6.389679,0.0950823,-0.059901267,0.0687408447265625,1
site5_186.png_X0_Y0,11.800088214934624,553.2785039258467,0.277244557745402,0.06118679972445571,0.9321389425791192,9.298828,0.08352505,-0.047391042,0.4691619873046875,2
site5_186.png_X256_Y0,8.714606642713226,19.630260686995562,0.3476010643419283,0.06188787429558784,0.8437941705079267,10.894455,0.07612994,-0.034417182,0.0,0
site5_186.png_X0_Y256,12.320067360037816,606.9915184364924,0.27578968535641757,0.07309316104353288,0.9534238366493568,7.505081,0.088756815,-0.06193328,0.5856781005859375,2
site5_186.png_X256_Y256,9.337200706928837,28.6391372609098,0.321037976689657,0.05315057190314646,0.8752402214290553,10.225906,0.08087598,-0.040394664,0.0,0
site5_187.png_X0_Y0,13.266233078601042,900.0015222661831,0.195737345373098,0.030761714020397728,0.8940985583523571,9.579102,0.10046178,-0.07319221,0.6340179443359375,2
site5_187.png_X256_Y0,14.082619675105589,1211.9323587533893,0.09284404295495205,0.01010088005014061,0.8217697480721263,11.021698,0.12180211,-0.08907364,0.562652587890625,2
site5_187.png_X0_Y256,12.05448650295553,556.3914519806785,0.2729930029697888,0.04959454414373655,0.9290915926037607,12.093613,0.087339446,-0.053178053,0.457855224609375,2
site5_187.png_X256_Y256,13.835111000837896,1208.373677672235,0.12986844051687968,0.024291989675911944,0.8500511738538968,9.39061,0.11330495,-0.08126258,0.690765380859375,2
site5_188.png_X0_Y0,13.630610790325687,905.975121077324,0.08326578486656537,0.01165792371536664,0.7369339732110698,11.8285675,0.13442875,-0.10493531,0.3935546875,1
site5_188.png_X256_Y0,13.672124508788613,1141.3775547266964,0.08901575879292364,0.013033954457032364,0.7232755268248534,9.80426,0.1482628,-0.12248246,0.379852294921875,1
site5_188.png_X0_Y256,13.504598922339227,669.3458011192267,0.09780688975582398,0.011970217865486067,0.8422549766832794,11.841843,0.13555245,-0.10313455,0.164794921875,1
site5_188.png_X256_Y256,13.68891021484912,1078.353257521302,0.0969278478117821,0.012436234614290453,0.7520676851236803,9.7331085,0.15005927,-0.12172538,0.2825164794921875,1
site5_189.png_X0_Y0,14.135130708004557,1385.3246712955365,0.06378180606832262,0.009051769048804108,0.7312245274055273,4.798172,0.13954979,-0.12502989,1.0,2
site5_189.png_X256_Y0,14.08974236517208,1355.1366333714273,0.07814416012518854,0.009836770441406868,0.779813392494923,3.9319458,0.14713416,-0.13928741,1.0,2
site5_189.png_X0_Y256,14.57400854034302,1962.36409038921,0.048715005703264265,0.007430466521983383,0.6707739071526535,6.56015,0.13229834,-0.11646621,1.0,2
site5_189.png_X256_Y256,14.58637745072227,1859.251004256445,0.05359531497573581,0.007459022993144311,0.7142101954180237,6.995926,0.14090803,-0.12510967,1.0,2
site5_190.png_X0_Y0,13.937625569126697,1241.351995686946,0.08118042523506087,0.010026202433200564,0.7460993453706679,3.7617645,0.1955643,-0.19091518,1.0,2
site5_190.png_X256_Y0,14.414537372192015,1605.380227361718,0.06738330209839886,0.008445541581681653,0.7800736620128238,6.582321,0.18902612,-0.17759098,1.0,2
site5_190.png_X0_Y256,13.540519701538326,667.9486625937656,0.10311675855006011,0.011146202163835803,0.8321480157635275,3.1698456,0.2191536,-0.21927465,1.0,2
site5_190.png_X256_Y256,13.497116846518043,786.135783773157,0.09887295331717094,0.011620343708281793,0.7686520730719034,8.174545,0.19428119,-0.17098229,1.0,2
site5_191.png_X0_Y0,14.658690988543743,2317.752148978287,0.06380445082834382,0.00918231626925942,0.6780687160397577,10.4925995,0.1423078,-0.121417224,1.0,2
site5_191.png_X256_Y0,14.580056703303875,1973.9786753445505,0.051324539923935555,0.00747433653991296,0.6902071127702678,7.2294464,0.19066125,-0.17816746,0.99365234375,2
site5_191.png_X0_Y256,14.574469443762824,1858.5420911128808,0.05838288201800724,0.007480930273162378,0.6962714975539157,9.820282,0.13985497,-0.12127949,1.0,2
site5_191.png_X256_Y256,14.39386592837979,1638.448719032583,0.05865553539714239,0.008217896745640184,0.7164526982824547,6.1437225,0.18220076,-0.17376772,1.0,2
site5_192.png_X0_Y0,13.221029421454396,872.2602206634286,0.07462454448966963,0.013152962921261484,0.6385583083844137,0.44099426,0.28765872,-0.30034927,0.9342803955078125,2
site5_192.png_X256_Y0,12.42616033452935,535.1214531220701,0.10220873755044017,0.01782316287026943,0.7184132872512451,-5.7362366,0.33380625,-0.38538563,0.99017333984375,2
site5_192.png_X0_Y256,13.681221411145495,1176.4817592244056,0.06921356955863382,0.010848479382344928,0.6630323877446097,-2.4153442,0.2713105,-0.30729273,0.9066925048828125,2
site5_192.png_X256_Y256,13.604163510339559,831.2783022756536,0.0724005058233326,0.010854453600367273,0.7622484188690057,3.681488,0.24893856,-0.25717127,0.5685577392578125,2
site5_194.png_X0_Y0,12.130824295934605,324.6828705606181,0.09735292851808688,0.019239384042579882,0.6070534159084675,50.81337,0.045179784,0.20660947,0.0,0
site5_194.png_X256_Y0,12.438902191207125,341.79949681313553,0.14158644562387476,0.018603124987269265,0.8882739785266924,22.901306,0.112331025,-0.01905892,0.0105438232421875,0
site5_194.png_X0_Y256,11.727567537409978,255.87926665826393,0.1014897927114999,0.021249304275020864,0.5440638940477122,31.082932,0.10747209,0.034821294,0.0,0
site5_194.png_X256_Y256,13.042232523496814,409.3687839562917,0.09622579463275133,0.01401634479497656,0.8719905405291406,29.958618,0.08594591,0.07056409,0.0,0
site5_195.png_X0_Y0,12.758782880780858,595.490503021684,0.07733913854394793,0.014844766159835474,0.4640841287172475,11.723328,0.12654617,-0.09997895,1.0,2
site5_195.png_X256_Y0,12.997855581994067,693.1365161987108,0.07199562172690517,0.013551155597835506,0.4712459061444415,10.986633,0.1263147,-0.10102093,1.0,2
site5_195.png_X0_Y256,12.992561343844343,601.9299009545704,0.10495271380829323,0.014804822091418592,0.7135047777643503,13.229523,0.12763548,-0.09744093,0.64752197265625,2
site5_195.png_X256_Y256,12.776947957030064,631.1709197183902,0.1460712612641599,0.021833490962840423,0.8167048199741133,14.599808,0.13523507,-0.10632948,0.4983062744140625,2
site5_196.png_X0_Y0,12.91125670415008,490.65414511545504,0.1470535769481404,0.018251823089384167,0.8783471107859724,12.21402,0.14686209,-0.1219832,0.2042388916015625,1
site5_196.png_X256_Y0,12.447580969837672,498.5848061142419,0.06511478049192275,0.016159896966186915,0.36654629815439965,15.754501,0.11258029,-0.07853738,0.0,0
site5_196.png_X0_Y256,10.046122945524587,74.00219349228838,0.2376876105328189,0.04229220213993949,0.88737377468934,20.493439,0.11754738,-0.07864639,0.0,0
site5_196.png_X256_Y256,13.149561443262368,551.7128240039967,0.07376410377071159,0.012416142810858913,0.6902598804384319,17.795471,0.14328216,-0.09360272,0.016632080078125,0
site5_197.png_X0_Y0,12.386495839919071,215.5142479004498,0.10112828893086481,0.015974362475116494,0.8539529787809386,20.73024,0.11491412,-0.05915162,0.0,0
site5_197.png_X256_Y0,12.286135181276894,257.21004352292886,0.10259787368853987,0.018112313148458434,0.7739839692776649,22.665878,0.11451467,-0.04897446,0.0,0
site5_197.png_X0_Y256,12.70990787926618,376.72760496266324,0.11154221281816792,0.016087860916411293,0.8160360471012398,22.878769,0.12707776,-0.062945694,0.077850341796875,1
site5_197.png_X256_Y256,11.947678336545122,148.74819406899354,0.16345095721387298,0.020427572458619876,0.8899907932992599,25.441177,0.10824612,-0.01418473,0.1158905029296875,1
site5_200.png_X0_Y0,12.846708361704074,492.5847068435273,0.07781686862772308,0.014466558087178324,0.7008971305785945,9.815735,0.09567131,-0.06774516,0.900360107421875,2
site5_200.png_X256_Y0,13.470330934306014,870.2182605398291,0.050025197378894055,0.01064590154722907,0.5352046045578148,8.08667,0.10900973,-0.086878,1.0,2
site5_200.png_X0_Y256,12.378407586725544,371.99697356485456,0.17284090031300703,0.04929445086799587,0.92820259869539,10.557251,0.059433766,-0.0028814627,0.669036865234375,2
site5_200.png_X256_Y256,13.439021831480039,661.3883044682419,0.06124818567728143,0.010840482573459192,0.7035650119535302,9.666,0.102966115,-0.07627482,1.0,2
site5_201.png_X0_Y0,13.373144143584145,771.6418383554721,0.08932134983598333,0.012935293156890331,0.6660628610610226,9.371277,0.11665718,-0.08652328,0.6718902587890625,2
site5_201.png_X256_Y0,10.932760784456406,237.20835435891723,0.23007583865234763,0.034174609312815865,0.8296392480640449,11.334946,0.13720676,-0.10669145,0.0,0
site5_201.png_X0_Y256,13.4756197954548,843.3893218653932,0.0626157161209059,0.01109286115353851,0.6188890472016294,7.9688416,0.11134975,-0.087797865,0.9189605712890625,2
site5_201.png_X256_Y256,9.929401989347053,61.46905706339051,0.2531547823709241,0.04183391028852687,0.8229143101575095,9.604645,0.14322375,-0.1136374,0.005584716796875,0
site5_202.png_X0_Y0,11.814008873228847,305.56059978434786,0.1684140531797418,0.026895090616684766,0.9361977917471026,11.117966,0.13236022,-0.10619831,0.0,0
site5_202.png_X256_Y0,11.289502109238292,295.9234083195006,0.22514189417273797,0.04581616871156052,0.9643181031909065,9.945862,0.12240712,-0.10137434,0.1959228515625,1
site5_202.png_X0_Y256,12.607865905643573,333.87712748703524,0.1425573134259557,0.017346886601567038,0.890376374294691,15.227142,0.1373837,-0.075231954,0.143707275390625,1
site5_202.png_X256_Y256,12.754545957774582,441.96318098808933,0.17605569626271084,0.02087867863597885,0.949101815331344,10.8138275,0.1233094,-0.09137967,0.4730682373046875,2
site5_203.png_X0_Y0,11.022257269492966,325.38094382267343,0.2669839368468913,0.04319185324855285,0.9749292576004283,10.677475,0.0897279,-0.057613254,0.0,0
site5_203.png_X256_Y0,8.390912665668782,31.69615277177163,0.35027797963832147,0.07902836110894701,0.7710171007102111,5.331909,0.08197989,-0.050406687,0.02734375,0
site5_203.png_X0_Y256,10.677161844128285,237.62047128807384,0.2475408385324331,0.0470435615056961,0.9708787867151151,16.739594,0.08903761,-0.05073165,0.0,0
site5_203.png_X256_Y256,8.422102741704233,26.879224562068522,0.3681466287415225,0.07026478862337157,0.8547580006681859,6.0003967,0.07328768,-0.039896272,0.0,0
site5_204.png_X0_Y0,13.275002591072326,972.4288579514507,0.16065316837811683,0.01947040799486248,0.8628307912986474,5.048706,0.115658306,-0.101495676,0.6587371826171875,2
site5_204.png_X256_Y0,11.01531869236149,286.9437449989549,0.2853614229516408,0.036289296722075357,0.9480397476851017,10.077606,0.069880426,-0.03210187,0.2433929443359375,1
site5_204.png_X0_Y256,13.201412742565706,748.5037080240761,0.1808532696850548,0.01907552195224035,0.9148026324467307,7.2418823,0.101022154,-0.07735536,0.538177490234375,2
site5_204.png_X256_Y256,11.496672670914364,329.46624972971495,0.2266114294556953,0.03278457912636588,0.8222693531447878,9.061096,0.091172054,-0.054219745,0.2057647705078125,1
site5_205.png_X0_Y0,11.356031939926162,340.1386127631698,0.22172700593294453,0.031281702573361436,0.8918233412974164,13.091766,0.08789644,-0.047008783,0.12786865234375,1
site5_205.png_X256_Y0,13.741616570112594,975.6271072875898,0.12359811882281826,0.012096439103114776,0.8496731672443026,10.986374,0.09701212,-0.06295648,0.5035858154296875,2
site5_205.png_X0_Y256,10.892432165388986,122.79029341179499,0.23463343264284814,0.03417316240034658,0.8890206958205278,11.379959,0.07943325,-0.039005075,0.0,0
site5_205.png_X256_Y256,13.22291959513689,501.7128744804095,0.152443111717805,0.013477162644418166,0.898310261216187,12.678055,0.11838557,-0.07880128,0.3686676025390625,1
site5_206.png_X0_Y0,14.14050892585689,1373.7247681182475,0.06604001453208279,0.00945807008599148,0.7334256832931803,9.950195,0.083818026,-0.052107535,0.85906982421875,2
site5_206.png_X256_Y0,14.259970818327496,1403.1988411159123,0.09179347362246186,0.011334572794958598,0.8040206369813243,12.183456,0.1096016,-0.079440035,0.73516845703125,2
site5_206.png_X0_Y256,14.710108169840641,2143.1693416146263,0.03638398616750718,0.006879690946040245,0.6307861705764863,9.528442,0.07941875,-0.056406222,1.0,2
site5_206.png_X256_Y256,14.734876031599956,2118.701605422166,0.05289285155512026,0.006915992320182271,0.7170318650743823,9.547714,0.10387631,-0.08601467,1.0,2
site5_207.png_X0_Y0,14.542794922603761,1756.8753665358622,0.04687051133733809,0.0074699988424960055,0.6873914164034284,8.523468,0.12310785,-0.10308878,1.0,2
site5_207.png_X256_Y0,14.58176875030534,1898.0130670597493,0.04590204702027975,0.007498957103868836,0.6815311220906661,6.29718,0.13995215,-0.12723659,1.0,2
site5_207.png_X0_Y256,14.766810469708698,2092.8565018864238,0.04327242952288897,0.006731620777331648,0.6721739961364642,8.908066,0.11580448,-0.0961882,1.0,2
site5_207.png_X256_Y256,14.815597283200434,2245.633548560246,0.04212545911503425,0.00662118575039268,0.6656355676880055,7.288025,0.12776774,-0.113336,1.0,2
site5_208.png_X0_Y0,14.47074311194048,1461.683891802603,0.058920175198035565,0.007713773202157157,0.7756869437488555,4.003723,0.19635624,-0.19092083,1.0,2
site5_208.png_X256_Y0,13.975145099683077,1181.1415805220906,0.08926933218796458,0.009934882282037635,0.7667513447902061,3.113388,0.20199661,-0.20417583,1.0,2
site5_208.png_X0_Y256,14.216719365837136,1583.8180895121639,0.047349440226630374,0.008571313586349126,0.6945411249460772,-3.2454987,0.2652587,-0.30459052,1.0,2
site5_208.png_X256_Y256,13.94711261251068,1047.733819609798,0.09025962213257802,0.009889776638843889,0.8227458710461099,3.2970123,0.2564721,-0.26853395,1.0,2
site5_209.png_X0_Y0,14.629119619236905,1979.6556218163932,0.06400691925730413,0.0074693642207592234,0.7391780010284129,5.2373505,0.16557482,-0.16129282,1.0,2
site5_209.png_X256_Y0,14.53242483570055,1975.2907422178669,0.06476970565763879,0.007903815894399709,0.7253571077335157,2.0278015,0.20462605,-0.21722491,1.0,2
site5_209.png_X0_Y256,13.60001788811282,902.4321167040368,0.11263590429666744,0.01215522390171862,0.8257131831468361,2.3406677,0.21458794,-0.22092047,0.9221954345703125,2
site5_209.png_X256_Y256,13.341539862888958,894.3094602738427,0.08810147162395163,0.012615452209540136,0.7346127651099073,5.4115906,0.20774634,-0.18917793,0.6402435302734375,2
site5_210.png_X0_Y0,13.813243037329238,962.6328772738398,0.06781045872070249,0.009895851042717431,0.7329657714531487,5.894348,0.22999325,-0.2312026,0.4915008544921875,2
site5_210.png_X256_Y0,12.350612379811231,455.9837144217644,0.0798638445302222,0.017820571990864217,0.4588510342339043,22.997742,0.15486509,-0.07514529,0.0,0
site5_210.png_X0_Y256,12.194053238835851,331.80163548877846,0.10078993350379561,0.018665138597215265,0.6556042458148272,19.106339,0.15331069,-0.05296381,0.0,0
site5_210.png_X256_Y256,12.670214790857928,379.7778247248792,0.08458247640003239,0.014883761495181658,0.7009568366166138,28.859604,0.08747814,0.10073612,0.0,0
site5_212.png_X0_Y0,11.953634212621479,313.30995390896044,0.08692952956496863,0.019944782155361374,0.48498681146879974,23.202194,0.13002667,-0.023020152,0.0,0
site5_212.png_X256_Y0,13.3327367350616,573.9165800413552,0.07588779380023934,0.012196696352474688,0.8198119548547577,38.6436,0.06863309,0.1543624,0.0,0
site5_212.png_X0_Y256,12.45160888526368,407.37828773787425,0.13981668173949507,0.022136671334300008,0.9025777336560179,38.8667,0.08771732,0.106249556,0.0,0
site5_212.png_X256_Y256,12.782157859211665,439.4024007142791,0.09425864417092253,0.015198837676197638,0.7479212511279608,34.9955,0.13192122,-0.011927862,0.0,0
site5_213.png_X0_Y0,13.144281958889648,539.2382782914012,0.12902954044199771,0.015254070723511402,0.8793180476445289,20.334427,0.14540842,-0.09324996,0.1982879638671875,1
site5_213.png_X256_Y0,12.883117449324818,358.03349072472247,0.160346209917192,0.017112589577553,0.9220970450874485,20.346848,0.1305545,-0.07041365,0.2569427490234375,1
site5_213.png_X0_Y256,11.891235923859714,239.11094293661898,0.1388351179326243,0.02409899225249216,0.8393194816122038,47.018692,0.113679074,0.0344368,0.0,0
site5_213.png_X256_Y256,12.425329680977235,314.17405870039204,0.09432891871168896,0.01669323521451497,0.7630906605112999,52.269913,0.09361035,0.08037172,0.014923095703125,0
site5_214.png_X0_Y0,12.456973187118134,412.9996935824057,0.12172464247784344,0.019236609058833724,0.7458973700898268,25.294418,0.15749475,-0.08906532,0.0,0
site5_214.png_X256_Y0,10.104396625826828,101.57551445057356,0.19931258176203187,0.04652207289185347,0.7890846012419673,27.474564,0.15825088,-0.091896474,0.0,0
site5_214.png_X0_Y256,12.346982088863323,315.1021640865397,0.09327345666990826,0.01712368453206031,0.7429738294814782,57.68805,0.086695194,0.10151806,0.0088958740234375,0
site5_214.png_X256_Y256,12.01518740457512,293.7778538452894,0.09991490022585123,0.01968963200509854,0.6674882005450374,61.864243,0.06590875,0.14305325,0.0347747802734375,0
site5_218.png_X0_Y0,11.350894837617131,228.13544263325429,0.2806110764737135,0.04806753751736897,0.953345671888277,9.788254,0.032593198,0.04711647,0.4517974853515625,2
site5_218.png_X256_Y0,13.330708566035916,665.5321884912091,0.062120634225868346,0.01129392544701217,0.6872652364689725,10.130371,0.09775977,-0.0699843,1.0,2
site5_218.png_X0_Y256,6.618609977581038,171.2944900699436,0.6622798496025921,0.4481028661357962,0.9623952662477849,2.4608765,0.023725549,-0.0056979246,0.213043212890625,1
site5_218.png_X256_Y256,13.29440028120485,555.7471959102263,0.06858861908514122,0.011485539552448642,0.7441207415797675,13.82724,0.09262945,-0.05972334,0.999114990234375,2
site5_219.png_X0_Y0,13.473752875422736,804.8656467915092,0.055703141461706976,0.010834029146988377,0.6559013754267108,8.255539,0.103954196,-0.08101525,1.0,2
site5_219.png_X256_Y0,12.022802552771553,280.3030454933288,0.17616663162656482,0.02436771305548317,0.8295013691580676,12.214966,0.121953554,-0.077070504,0.2480316162109375,1
site5_219.png_X0_Y256,13.501820667930474,722.6422031940783,0.05940171433612355,0.010553136186976302,0.717247212753432,13.801468,0.095505446,-0.062960505,1.0,2
site5_219.png_X256_Y256,13.25962929771811,532.5172960970706,0.10086655957427934,0.012795677802482974,0.8032859079943007,15.670837,0.10782504,-0.055237874,0.506103515625,2
site5_220.png_X0_Y0,12.612646886569246,369.3664983870467,0.1866667028128574,0.018598947155830034,0.9209271830993425,13.768188,0.12877059,-0.09432541,0.1563262939453125,1
site5_220.png_X256_Y0,13.455664963042345,535.5050735745135,0.1491424429278863,0.011876713039748066,0.9371234680833305,11.012848,0.11969733,-0.078345105,0.35321044921875,1
site5_220.png_X0_Y256,11.37476625767814,117.07565257352998,0.19384976386281833,0.030292780420822743,0.9466013691519081,17.952774,0.110688746,-0.061777607,0.1859130859375,1
site5_220.png_X256_Y256,13.016566764101725,574.9964181595417,0.12232625657974631,0.015176327339963103,0.8617521074404186,22.149918,0.07599551,0.01914386,0.7137603759765625,2
site5_221.png_X0_Y0,12.77932545460552,340.50673011883913,0.17949894769902214,0.019314574205946178,0.9597114606811253,9.551697,0.088185556,-0.06190923,0.111541748046875,1
site5_221.png_X256_Y0,11.0289943820705,113.15141068038703,0.2098135246467183,0.028905971018471636,0.9739023910845783,11.215164,0.08113934,-0.053186826,0.0,0
site5_221.png_X0_Y256,11.275348695766512,211.95667066152794,0.24094240962681399,0.05774748201061871,0.973822541327509,11.265121,0.09573072,-0.07022917,0.01080322265625,0
site5_221.png_X256_Y256,12.390084154888903,335.47023488563354,0.14969490166140623,0.019698845403281456,0.8886081347292538,12.109497,0.08525853,-0.057596464,0.245361328125,1
site5_223.png_X0_Y0,12.367303920724854,218.53431145773683,0.12443576150390229,0.016621366132459955,0.8754170233402053,15.978241,0.07860292,-0.045223452,0.0,0
site5_223.png_X256_Y0,13.96184099774608,1093.4009578198418,0.11002591289267355,0.011671394187487954,0.8774015644425361,9.064438,0.09227258,-0.06381732,0.282867431640625,1
site5_223.png_X0_Y256,12.730407457363036,569.0706560578589,0.16620845653430477,0.01890319944565049,0.8656231119190958,10.047348,0.08739087,-0.05109495,0.0,0
site5_223.png_X256_Y256,14.121483456515637,1301.9658248031983,0.08025631939156008,0.009675616772311345,0.801185865621777,11.300232,0.06739093,-0.029423982,0.735595703125,2
site5_224.png_X0_Y0,13.94833115983033,1007.0906176411702,0.09731315137510671,0.01007460500951608,0.8058746594243216,9.171722,0.1142921,-0.08580522,0.3306732177734375,1
site5_224.png_X256_Y0,13.606451170666867,1198.6924994144995,0.10004080825359397,0.012945227303771699,0.6564312873236633,8.4045105,0.10007027,-0.07318705,0.45745849609375,2
site5_224.png_X0_Y256,12.579429058938462,469.359581711431,0.19569519078470957,0.020139473338470673,0.8880080026158836,8.569611,0.12521529,-0.09338182,0.275604248046875,1
site5_224.png_X256_Y256,12.194524350666995,300.3650214761382,0.19214775683176658,0.021958267254708865,0.9386586323312419,7.536331,0.13399923,-0.10950577,0.0,0
site5_225.png_X0_Y0,13.279687128824898,660.4038661212678,0.10836580327546196,0.014138078362690765,0.783548126079908,6.5105896,0.15697499,-0.13690352,0.5851593017578125,2
site5_225.png_X256_Y0,13.653252546235723,865.8409236682992,0.07448113417302536,0.011385229261650961,0.805323361077193,3.085846,0.19050385,-0.18603946,0.9855804443359375,2
site5_225.png_X0_Y256,12.671953344290129,348.49488704767623,0.16557612954932718,0.01742942776566423,0.9016581745985643,6.8524475,0.14036447,-0.116255395,0.2255096435546875,1
site5_225.png_X256_Y256,13.378144315961748,913.8895402761211,0.1479579596633351,0.014451172458857207,0.840383573336294,6.965683,0.15565318,-0.13374388,0.5935516357421875,2
site5_226.png_X0_Y0,12.748284374322715,393.22544484096215,0.13556518389765188,0.015885559982114935,0.8683883339880918,7.115677,0.20752025,-0.18028367,0.3301849365234375,1
site5_226.png_X256_Y0,12.5332165659871,435.067513411342,0.11945779753393171,0.0179490483376149,0.7442951919848962,25.094238,0.10800566,0.049743667,0.08404541015625,1
site5_226.png_X0_Y256,13.570990323865551,690.1798010230658,0.13849041458005357,0.01152474727486287,0.8889433765017575,13.85672,0.14140537,-0.07474819,0.0,0
site5_226.png_X256_Y256,12.35885017194405,531.6441864457294,0.14617971220896708,0.02328288614595568,0.8848608677347214,7.4149475,0.1542009,-0.11986658,0.0,0
site5_227.png_X0_Y0,12.835044885966262,551.9964502385684,0.10568702179531675,0.016118206531981708,0.8093186825414287,29.240753,0.08180143,0.12580456,0.03594970703125,0
site5_227.png_X256_Y0,13.767492834502708,1085.0474001588127,0.09079994597033673,0.011403933686427033,0.8455171471290297,19.714615,0.12085855,0.0019749291,0.307952880859375,1
site5_227.png_X0_Y256,13.0130397128544,505.21625980694876,0.17675273158990426,0.015347284482563308,0.9075957918127061,26.34581,0.17990357,-0.11839147,0.1537322998046875,1
site5_227.png_X256_Y256,13.410077013760361,800.0126979857955,0.14493948449949084,0.01318768599800803,0.8485227281403886,10.924286,0.1598254,-0.13479021,0.312835693359375,1
site5_228.png_X0_Y0,13.306751280472614,996.4900871211263,0.15554845332748635,0.019757278310079077,0.8965967629652212,12.07843,0.17173246,-0.10275074,0.410064697265625,2
site5_228.png_X256_Y0,13.561844482609384,761.632897488364,0.13104533501372145,0.012792228245061567,0.8724969355794566,15.196533,0.13682671,-0.097001314,0.009765625,0
site5_228.png_X0_Y256,13.682426345881488,898.4026629332245,0.11994926597411161,0.011613125399615357,0.8429827464495734,3.115219,0.17633162,-0.16871332,0.37890625,1
site5_228.png_X256_Y256,12.503144988055725,427.20850861147915,0.14355679761291099,0.0200346263706198,0.8508132022620805,15.591644,0.15016223,-0.11967465,0.28350830078125,1
site5_229.png_X0_Y0,9.950984791962654,169.60097513576866,0.2916544557939426,0.055103464332589606,0.9387785809318712,19.309921,0.084994406,-0.04382033,0.0,0
site5_229.png_X256_Y0,11.729702708883515,192.2474206885642,0.22592056340787336,0.025132191206958417,0.9627212006586049,18.285614,0.13542762,-0.08727528,0.0,0
site5_229.png_X0_Y256,11.603123924020721,532.9870887398719,0.2268904929550946,0.039329615403788265,0.936146740060737,13.377014,0.11626794,-0.08246446,0.0242919921875,0
site5_229.png_X256_Y256,12.877108885337067,471.2846488580429,0.16074658714754309,0.02073329020036778,0.9551461450954146,21.63057,0.106991336,-0.018655185,0.0,0
site5_236.png_X0_Y0,0.10523017783878726,1.0308792291426476,0.9950344547510889,0.9940102420681936,0.9370913994355661,-0.09780884,6.3768355e-05,-0.0008416113,0.0,0
site5_236.png_X256_Y0,12.264670896574959,619.5126577067614,0.15881446191814702,0.10101593995365818,0.8985751704875136,16.459915,0.07031995,-0.03484899,0.86456298828125,2
site5_236.png_X0_Y256,8.863557028712282,310.56291507475123,0.47611565767363256,0.36580656196943917,0.9634888680837207,12.266205,0.053453185,-0.018660203,0.0,0
site5_236.png_X256_Y256,13.179744813839172,685.5656220564156,0.10347740530140512,0.03353459423615336,0.8252497035832866,19.90036,0.078922085,-0.036256745,0.811248779296875,2
site5_237.png_X0_Y0,13.375862317066574,748.4830422643903,0.05774742031347513,0.011085078231350387,0.6449324449379871,16.458298,0.086116,-0.048486207,1.0,2
site5_237.png_X256_Y0,13.687427893016201,802.9558950433718,0.06564934898492672,0.009924922525032333,0.7392917760358634,17.958054,0.09274327,-0.03635665,0.82745361328125,2
site5_237.png_X0_Y256,13.45233708275584,715.3640308264955,0.0643980531925774,0.0114688808144357,0.6958260827368377,18.34468,0.08886039,-0.046161983,0.9367523193359375,2
site5_237.png_X256_Y256,13.260437960241852,614.9529787972356,0.09375371734617469,0.012432183485943157,0.7194220486633115,18.803848,0.09904903,-0.05181075,0.67108154296875,2
site5_238.png_X0_Y0,11.259609653061027,78.6755603613996,0.2250498778011614,0.025690701116788547,0.9303340074750941,17.643677,0.120606706,-0.08359845,0.0,0
site5_238.png_X256_Y0,13.801008007502807,801.9055501339985,0.09412639228319618,0.010328243291078442,0.837419544107816,20.143158,0.11792198,-0.049938314,0.4044342041015625,2
site5_238.png_X0_Y256,12.038546459242719,174.4863204957234,0.1791733816705509,0.02259385678633452,0.9241449007547473,20.898438,0.11537374,-0.06927147,0.0,0
site5_238.png_X256_Y256,13.045824190297866,559.428120945103,0.07132622520147272,0.013444753477212537,0.6615929639409647,16.06186,0.12377101,-0.0687895,0.2316436767578125,1
site5_239.png_X0_Y0,11.603796576616617,489.5426343533437,0.2441067065774241,0.052705060753133345,0.956327381909547,12.167236,0.10836716,-0.07621254,0.110382080078125,1
site5_239.png_X256_Y0,11.57675986326937,149.94933538182715,0.14053993454833152,0.022617184329475085,0.7988764498943418,13.31398,0.08010657,-0.050249178,0.0,0
site5_239.png_X0_Y256,13.155755051239627,1076.436995476437,0.17307884773053978,0.04136489216388607,0.9047380052176763,14.61145,0.11013304,-0.074756704,0.4037933349609375,2
site5_239.png_X256_Y256,13.014614093692229,423.2847922523973,0.14431967769084883,0.013944264198472982,0.9155933371660627,11.601898,0.08056356,-0.041165628,0.03363037109375,0
site5_240.png_X0_Y0,10.702501820867935,108.5377061707099,0.24538119148861176,0.03687471098460919,0.9435186093146624,9.707367,0.0719942,-0.03548027,0.0,0
site5_240.png_X256_Y0,10.938612729249835,244.81574076079394,0.22380701978020973,0.03735113346654403,0.852663515838467,8.375229,0.068739474,-0.031890206,0.02862548828125,0
site5_240.png_X0_Y256,12.740763856555121,669.4313563744488,0.1933234918985955,0.017577471631107327,0.9045622663669749,10.58313,0.105355844,-0.07259792,0.2021636962890625,1
site5_240.png_X256_Y256,12.73096739309769,470.7654931247149,0.13486567314592626,0.01785959528634605,0.8860209654117092,10.522568,0.07651763,-0.023451176,0.1727294921875,1
site5_241.png_X0_Y0,11.695534109822884,329.65677723114925,0.19589968410299147,0.026694955003944126,0.8631359273007565,8.348694,0.08769141,-0.056845684,0.11279296875,1
site5_241.png_X256_Y0,13.129969899622875,670.6919424020192,0.135515927487382,0.014808843884608128,0.8301556042170872,7.8862915,0.063090384,-0.032464482,0.6335601806640625,2
site5_241.png_X0_Y256,12.861993192743753,655.3142143647566,0.15963418841836763,0.04362582700988288,0.9133235762037984,19.779922,0.08829461,-0.0057333447,0.35125732421875,1
site5_241.png_X256_Y256,12.742735718766209,482.55354890551575,0.10256785433130733,0.016140121758343725,0.8390552083958098,37.941727,0.080130376,0.06016191,0.0333251953125,0
site5_242.png_X0_Y0,13.595421632513421,704.332317528153,0.1224115970961968,0.011426503408107825,0.8866662070946798,14.019287,0.093500145,-0.052068785,0.34381103515625,1
site5_242.png_X256_Y0,13.118846349901595,489.27174187815376,0.1109070598013021,0.014020255205797558,0.8633754024800395,24.728668,0.10793078,-0.030643733,0.282806396484375,1
site5_242.png_X0_Y256,12.45633860198685,371.5882979052804,0.09518376172838855,0.018166826405708866,0.8125169533998986,51.3703,0.06242343,0.12359594,0.087371826171875,1
site5_242.png_X256_Y256,11.395755477335303,234.9640257503218,0.10695316249187954,0.02544097646479693,0.5124211448928049,45.99124,0.093118176,0.073922694,0.0,0
site5_243.png_X0_Y0,11.868899175598994,210.28831061071963,0.1386915600634135,0.021318178605619298,0.9218204277772496,37.39511,0.10453181,0.019030992,0.0,0
site5_243.png_X256_Y0,12.667346899237641,382.20958498538204,0.1391222228449651,0.01747806699941387,0.8899090145473101,28.738373,0.11222926,-0.01072013,0.1776885986328125,1
site5_243.png_X0_Y256,11.716390749802674,210.82103049308614,0.11618555834028796,0.022324132353658353,0.6897892280294473,37.62953,0.10064396,0.055737916,0.0,0
site5_243.png_X256_Y256,12.556108190107562,369.5170785725837,0.1470469518216605,0.018417188215757746,0.9419613625234278,30.806839,0.09822325,0.034132686,0.0067901611328125,0
site5_244.png_X0_Y0,12.319793504773155,404.5885788819623,0.17505698922539487,0.02330399312495304,0.8250883850342601,7.080429,0.16965073,-0.14938039,0.1321563720703125,1
site5_244.png_X256_Y0,12.755010905654665,828.2094394133808,0.1768334381136577,0.025862019410294465,0.8092838982661426,3.4908142,0.18157074,-0.17150483,0.0,0
site5_244.png_X0_Y256,13.09386066658273,653.4387170650405,0.12195702003991711,0.01442630987968323,0.844629916664354,18.035675,0.12646654,-0.051349714,0.225555419921875,1
site5_244.png_X256_Y256,10.020542359311463,357.8149187812215,0.269027440530945,0.05873671553138887,0.955283412134069,14.24678,0.12654853,-0.10283215,0.0,0
site5_245.png_X0_Y0,11.998457905286209,164.9820530565206,0.1661304700992862,0.019771940807673756,0.9148763912982619,14.496841,0.12503001,-0.09040551,0.0,0
site5_245.png_X256_Y0,11.143370454400877,222.21485692102473,0.2274434095236778,0.03998300465262279,0.8927379569524169,15.612076,0.13135293,-0.10083204,0.13671875,1
site5_245.png_X0_Y256,11.652153668537782,133.11367118416229,0.21238261026549268,0.02718986772882753,0.9582264731843215,13.567749,0.11908469,-0.093354434,0.0,0
site5_245.png_X256_Y256,10.790969647979619,61.62583599156585,0.21356938257825345,0.03164213400187968,0.926341995726867,12.060318,0.124458596,-0.10225612,0.0,0
site5_247.png_X0_Y0,13.083377767801192,386.0358776522264,0.13489478115932865,0.014201110992707038,0.9245262666109647,11.93927,0.13974947,-0.11119604,0.11053466796875,1
site5_247.png_X256_Y0,13.348971190135074,586.9389109807479,0.16201015706551591,0.014933521918807535,0.9189173122957863,16.341782,0.11122852,-0.0734804,0.098236083984375,1
site5_247.png_X0_Y256,10.864541594346527,143.66680934015795,0.22805912256931046,0.03824941288598063,0.9388541408224232,16.719086,0.12017293,-0.090127364,0.0,0
site5_247.png_X256_Y256,10.611895650096429,104.48133557405946,0.23977678645530032,0.03663396745502712,0.8733685235062001,18.365692,0.12305538,-0.09178389,0.0173797607421875,0
site5_248.png_X0_Y0,11.941451470665879,179.04699568676352,0.18057917859726247,0.021000140685119927,0.9025853231637568,21.333817,0.13858248,-0.081508614,0.3288116455078125,1
site5_248.png_X256_Y0,10.456424867609256,87.5578818543353,0.22953114518078588,0.0410582102210693,0.8432796318021896,29.949005,0.1487193,-0.079101935,0.0,0
site5_248.png_X0_Y256,12.04557779096575,134.63815922662494,0.16205930351865164,0.01928759398111993,0.9396122162932359,36.139236,0.088759325,0.058756344,0.0,0
site5_248.png_X256_Y256,12.308254563759832,179.1166170913859,0.1286822668353816,0.01675858723936649,0.9018869649390359,27.53035,0.12336824,-0.029961351,0.0,0
site5_255.png_X0_Y0,12.06710485602325,186.66537348916205,0.19812600571395983,0.02264801078838447,0.9501212282860487,22.441757,0.08781798,-0.02931354,0.0082855224609375,0
site5_255.png_X256_Y0,12.794865280025626,323.3799686418872,0.13777851757069726,0.015398075401775823,0.914274267622834,26.062714,0.096853256,-0.013285794,0.071868896484375,1
site5_255.png_X0_Y256,11.278212652489433,164.31213754926458,0.11896959905266596,0.025522513522148054,0.6271674924602592,55.504166,0.05024223,0.16059178,0.0,0
site5_255.png_X256_Y256,11.093834657656826,153.60029516892905,0.11953127758922978,0.02645697541091445,0.558079312904417,57.060516,0.059521545,0.15247053,0.0,0
site5_256.png_X0_Y0,12.763730513710591,474.01462748707286,0.08305394114761668,0.01553064268145378,0.8045423489304006,37.085205,0.083066754,0.06366095,0.06884765625,1
site5_256.png_X256_Y0,12.533637173776324,430.7226616866294,0.07524315323082209,0.016013177806105994,0.5658317151718997,48.12961,0.06404325,0.13584322,0.0,0
site5_256.png_X0_Y256,11.200190958038732,196.40141733348116,0.10344366899731186,0.025487481604271913,0.4049428605689349,61.312363,0.04528477,0.18833041,0.0,0
site5_256.png_X256_Y256,11.628593713739285,264.2962530336935,0.09080780483436754,0.021734286758611807,0.4001938748006629,52.413025,0.07683791,0.11653207,0.0,0
site5_257.png_X0_Y0,13.131848757125052,663.2770474547289,0.06456727190018437,0.012585279491268964,0.557039777459781,43.921127,0.028327119,0.2365032,0.0,0
site5_257.png_X256_Y0,13.077319561342494,818.9594484093489,0.09522129274176641,0.01431177652335185,0.6585247498709542,36.78177,0.00029517245,0.26074576,0.115081787109375,1
site5_257.png_X0_Y256,12.370056047509227,436.66672517782683,0.07573902140189905,0.017172345244455066,0.4641474886201008,52.2267,0.041382514,0.21334416,0.0,0
site5_257.png_X256_Y256,13.046632259761274,583.0090563125095,0.08822327528935896,0.022032561571351167,0.7096517664687523,54.584732,-0.02813555,0.3514256,0.0,0
site5_258.png_X0_Y0,12.4027724330485,406.1597316987697,0.09179622498693284,0.01666779764952923,0.5810706916290636,37.03,0.011172675,0.2669752,0.0,0
site5_258.png_X256_Y0,12.679860230491286,459.5620336379151,0.07591177697690978,0.014744184559900744,0.5839546439379315,51.917862,-0.01600194,0.34976315,0.0,0
site5_258.png_X0_Y256,12.639173594127053,537.7641192841025,0.15372934178500636,0.027909172579954865,0.8186110793930056,38.481033,0.015534641,0.19400802,0.0,0
site5_258.png_X256_Y256,12.220106567243032,375.38705403273406,0.1644885140826598,0.03767664698038079,0.810713213668019,41.42018,0.04606887,0.14375015,0.0,0
site5_259.png_X0_Y0,13.296464714014881,827.1740740340417,0.05404345880720335,0.011783897595299117,0.4621310810987821,30.937119,0.04864364,0.10718598,0.0,0
site5_259.png_X256_Y0,13.232178250776482,774.602241776028,0.059529376739193,0.01285193642051877,0.5072303143194042,31.522614,0.06285428,0.08213107,0.0,0
site5_259.png_X0_Y256,12.473237813865001,463.3206403787404,0.10983583845537612,0.021160158570338306,0.7528523960029746,40.51631,0.075810924,0.07171879,0.0,0
site5_259.png_X256_Y256,12.825698744116494,329.06834665455,0.10025433535542369,0.01685040367656275,0.9224150646406339,35.193207,0.07607098,0.048973825,0.363372802734375,1
site5_260.png_X0_Y0,12.261505940463984,456.11405380446246,0.148169179376202,0.04641143417347371,0.8090226295636154,36.854797,0.072042,0.108643085,0.0,0
site5_260.png_X256_Y0,12.06954661240158,436.52258587447085,0.16428336540751678,0.045407862133042154,0.9009503688623062,33.924088,0.06855589,0.10914377,0.1160125732421875,1
site5_260.png_X0_Y256,12.828017428063879,380.32499158977316,0.09154051895155016,0.014704938868799762,0.8890976788669631,21.639618,0.08507734,-0.015840601,0.853118896484375,2
site5_260.png_X256_Y256,12.241193459053454,387.34864981317423,0.08558311202480517,0.018491098603446277,0.5905201848545899,17.746017,0.09534772,-0.059374243,0.99957275390625,2
site5_261.png_X0_Y0,12.342170970435287,461.4803173659441,0.14318659934266764,0.042076294974111327,0.8892112629509009,24.384354,0.07843818,0.04728853,0.4580841064453125,2
site5_261.png_X256_Y0,13.11537189337592,484.9486093239551,0.13878239127986497,0.014838292539484425,0.9296950304338985,19.00032,0.10071945,-0.030546475,0.5231475830078125,2
site5_261.png_X0_Y256,12.68276176100047,643.1081380659078,0.06608042122947586,0.015934290904112098,0.45431573765431854,13.433746,0.09937556,-0.06798071,1.0,2
site5_261.png_X256_Y256,13.252480301855584,553.7220810956263,0.09177385248357911,0.012754958829112404,0.840499382120234,15.7621,0.096174285,-0.04442011,0.85540771484375,2
site5_262.png_X0_Y0,12.72481008810494,464.1984589311064,0.16627371771151558,0.018953429911516897,0.9359648528284878,25.174362,0.100321725,-0.018396799,0.26513671875,1
site5_262.png_X256_Y0,10.48224797559087,135.73694205653572,0.23288179658797764,0.04905287764707974,0.9818023439826351,19.865768,0.11155445,-0.061913293,0.005706787109375,0
site5_262.png_X0_Y256,12.25323311419855,301.43680226660604,0.16644875845354057,0.0209145365989087,0.9302157456743853,27.027817,0.081477866,0.062539056,0.0,0
site5_262.png_X256_Y256,10.890515431356288,138.58758698578663,0.25524277596340056,0.0491053336431154,0.9763557968124905,22.26152,0.10399911,-0.02731727,0.0,0
site5_265.png_X0_Y0,11.51110923863008,152.72688851644006,0.22028419101755523,0.035525686923989,0.9661686757249361,10.387344,0.14321102,-0.12355331,0.0,0
site5_265.png_X256_Y0,11.585123348158493,133.17016167159485,0.15933489130061956,0.02369897810570464,0.8678054737006138,10.228775,0.15680203,-0.13596237,0.0,0
site5_265.png_X0_Y256,10.202289128052787,252.01433116169719,0.3726495305381241,0.1784139228596477,0.9818028096443496,12.218063,0.12462304,-0.100271165,0.0,0
site5_265.png_X256_Y256,11.831819422132686,201.59677024763238,0.20360440394208934,0.0490971788850345,0.9308051931752018,11.539276,0.18107924,-0.14853351,0.0,0
site5_275.png_X0_Y0,11.552189808344218,245.53741239848065,0.09243160957349547,0.022364074305460703,0.42071612958038773,58.60411,0.038747206,0.21249461,0.0,0
site5_275.png_X256_Y0,11.922525200721722,333.882231068019,0.1929167977772262,0.02746208343263592,0.8799117972723257,27.820175,0.083882004,0.033601336,0.0,0
site5_275.png_X0_Y256,11.164239703465359,162.88215698289326,0.11255774451446114,0.025343689202106095,0.5187194546614071,54.473022,0.060852323,0.15705094,0.0,0
site5_275.png_X256_Y256,12.066752144396835,377.7788616157673,0.14939641872134413,0.048774172757647144,0.850115419224735,44.481552,0.051709414,0.1483722,0.0926666259765625,1
site5_276.png_X0_Y0,10.102616573723878,331.2649112721424,0.3688510930275262,0.11947183043515622,0.9580887118617786,18.150482,0.092186786,-0.041259985,0.0,0
site5_276.png_X256_Y0,11.526042454532071,399.45109253356685,0.25551346767721694,0.07192073852279522,0.9342168260954182,27.628204,0.0996566,-0.0074467883,0.0756988525390625,1
site5_276.png_X0_Y256,10.199300667204103,188.93257692354604,0.24154179387300123,0.11485567688682634,0.9344818284156826,45.00035,0.065293394,0.09084292,0.0,0
site5_276.png_X256_Y256,10.824547636483558,95.05553181168415,0.14154833358752061,0.02874974959546387,0.7104999835082904,49.500366,0.07891385,0.078322075,0.0,0
site5_277.png_X0_Y0,12.217453333337078,254.3898176933361,0.18245247076719032,0.019747540968793775,0.930668968166467,43.58156,0.050879862,0.09474012,0.3465118408203125,1
site5_277.png_X256_Y0,12.81331523430539,288.8847670967963,0.11492559889774581,0.01516873941807969,0.9418292194746732,40.84105,0.058200438,0.06742337,0.55902099609375,2
site5_277.png_X0_Y256,11.01007490347165,106.36677883806846,0.14438500197932197,0.027582135575466148,0.7772890037304312,50.09041,0.0781607,0.07302212,0.047332763671875,0
site5_277.png_X256_Y256,12.24049401315958,215.18044044059553,0.11951439671975554,0.019334226470099178,0.8972038325414267,46.20656,0.068380445,0.085428074,0.1200714111328125,1
site5_278.png_X0_Y0,12.778604978784736,404.55439254133205,0.09679104945933795,0.01411574278276844,0.7791323205537615,19.330826,0.093270734,-0.058210827,1.0,2
site5_278.png_X256_Y0,12.670686791248142,371.6214222594689,0.09926149054153371,0.014670115486014629,0.7742562969481852,19.054825,0.09424378,-0.059750356,1.0,2
site5_278.png_X0_Y256,12.298112848574227,273.6424989186843,0.11458153327558145,0.0179584156632936,0.8260027679242692,20.878952,0.09081066,-0.05322043,0.9751739501953125,2
site5_278.png_X256_Y256,12.149790361832123,262.84527563016377,0.17240490164143218,0.05773853149207144,0.9567019192704231,26.144257,0.080126405,-0.020740932,0.7564544677734375,2
site6_83.png_X0_Y0,12.026995246617592,195.84507213273307,0.19127563716563378,0.025667468314382103,0.9762841098903544,18.322784,0.05690981,0.026764214,0.0,0
site6_83.png_X256_Y0,12.448005245645977,164.87736774918847,0.17146834308136089,0.019801014101820887,0.9630118390958913,24.175705,0.07462253,0.057736672,0.0,0
site6_83.png_X0_Y256,12.715524485289551,159.8640963661843,0.12192605974468547,0.015071370135490751,0.9511399774945724,10.9648285,0.17827006,-0.14526173,0.0,0
site6_83.png_X256_Y256,13.077821372023056,225.23453269175764,0.12159084107711003,0.012482378446981865,0.9545467315525757,27.239243,0.111707754,0.026254375,0.0,0
site6_84.png_X0_Y0,12.716443540379874,151.65213187236023,0.1334463142506208,0.013952372795315613,0.9555954971900472,10.961838,0.15023705,-0.11566846,0.0,0
site6_84.png_X256_Y0,12.509859357515102,133.1313543018348,0.15497031832983824,0.016596481558669888,0.9659347315831031,22.751236,0.11053712,-0.009484467,0.0,0
site6_84.png_X0_Y256,11.731887877800254,107.30729285311469,0.21349258209021332,0.027354237146509086,0.9692730198785746,11.265671,0.08618549,-0.029758848,0.00958251953125,0
site6_84.png_X256_Y256,12.744461715802018,174.15182803790026,0.1475290047888256,0.016859088471841224,0.9669253489165616,9.640533,0.15490577,-0.11910379,0.0,0
site6_137.png_X0_Y0,13.035847087539413,228.5501793330785,0.12123370742741035,0.01362773021469132,0.9509622024089379,10.373199,0.14615667,-0.105761394,0.0,0
site6_137.png_X256_Y0,12.439236518152105,160.08769399090073,0.1862443138411535,0.022470790083174638,0.9701134089379863,13.52272,0.08347553,0.015713843,0.0,0
site6_137.png_X0_Y256,12.677417209030814,161.17905824983416,0.14573254595395418,0.015261146576986472,0.9513156785183629,10.729691,0.19305938,-0.15444607,0.0,0
site6_137.png_X256_Y256,11.844018188762988,141.19043613034725,0.22864328609192655,0.02937142316618187,0.9705255413241403,10.596893,0.05924972,-4.7389418e-05,0.113433837890625,1
site6_171.png_X0_Y0,12.77423288432507,177.47081055063316,0.1483508588886196,0.014511444466340841,0.96469868325758,6.8736267,0.13507605,-0.091715954,0.0,0
site6_171.png_X256_Y0,12.97219052886937,244.4408417585954,0.11674081969030159,0.013170494638714935,0.9338448901321426,12.608536,0.16232969,-0.11228412,0.0598907470703125,1
site6_171.png_X0_Y256,12.845470952904254,186.68128551819566,0.13827779452072472,0.013675435089854627,0.9595893676857821,2.5888214,0.14691612,-0.13750142,0.0,0
site6_171.png_X256_Y256,12.60302099066216,243.36540304512647,0.14960901507996927,0.018700071299508337,0.9557975838886996,12.62355,0.13787793,-0.04323245,0.0921478271484375,1
site6_172.png_X0_Y0,13.036786614065228,204.0876655613352,0.15290938537008023,0.01341852927945463,0.9639078960314611,5.466034,0.14711049,-0.12860557,0.193023681640625,1
site6_172.png_X256_Y0,11.929070375793863,78.78012339004682,0.2069802444918054,0.020428430116876513,0.9729413607891384,2.167694,0.11714518,-0.1085068,0.0,0
site6_172.png_X0_Y256,12.993229962188288,182.6855351006894,0.12638228051323805,0.012867525724215817,0.9584633248624985,-3.35643,0.18441024,-0.19408637,0.06292724609375,1
site6_172.png_X256_Y256,12.234625688364076,109.64988797878786,0.17913645350431007,0.017366392534714885,0.9608303062786336,0.03492737,0.1225447,-0.121312186,0.067413330078125,1
site6_173.png_X0_Y0,11.461296081119691,86.98871221405946,0.24119249914822244,0.027308701626199267,0.9643881875889638,4.8658905,0.086444445,-0.05497951,0.0,0
site6_173.png_X256_Y0,12.640472744861025,234.24677652527913,0.17159159397562618,0.020501753550580183,0.9678335981920927,-0.6733856,0.11460589,-0.114937305,0.0861358642578125,1
site6_173.png_X0_Y256,10.980358354615873,29.511758938870024,0.24087822244686335,0.026494767717689632,0.9778013042075607,12.697845,0.11248247,-0.06401645,0.0,0
site6_173.png_X256_Y256,12.366952554724765,175.97478577952904,0.21703942048770164,0.01990220894578432,0.9748078274217762,9.932999,0.12833723,-0.08833315,0.2707672119140625,1
site6_174.png_X0_Y0,12.863487992787368,192.03345203768313,0.1459041548639915,0.014706608871297353,0.955243071143951,-5.6384277,0.14604671,-0.1718609,0.0,0
site6_174.png_X256_Y0,11.44780402501285,159.6240736585859,0.23486104589776952,0.04151565643652992,0.9541456987355198,-9.0504,0.09687685,-0.15850836,0.0,0
site6_174.png_X0_Y256,12.79807395095443,278.87478064326774,0.1498864015579493,0.01816747550730634,0.9585404010217433,-0.8213043,0.1833063,-0.19052528,0.1514892578125,1
site6_174.png_X256_Y256,12.703148191904887,145.06922558331144,0.1526634819284385,0.014684754621711042,0.9641883854347093,-7.214279,0.17279561,-0.20182309,0.0,0
site6_197.png_X0_Y0,13.074638561584651,269.1964333729867,0.09208145081651525,0.012452916099169329,0.903704624175686,9.266708,0.16381425,-0.13489601,0.028411865234375,0
site6_197.png_X256_Y0,13.317639109517135,291.27841199899973,0.09843971519473414,0.011434935482007965,0.9309277539438277,5.871567,0.13851334,-0.120320484,0.1023101806640625,1
site6_197.png_X0_Y256,13.48241738203831,348.7183193363178,0.09283913572045499,0.011349148410934349,0.9256868163297185,1.9700623,0.16751772,-0.16211098,0.32208251953125,1
site6_197.png_X256_Y256,13.34526725664918,310.0080519061284,0.12275966471799378,0.014155618702113758,0.9596794995567323,-2.1444092,0.08335699,-0.09299261,0.591888427734375,2
site6_198.png_X0_Y0,12.784537330273187,225.99367345192252,0.12328219943912266,0.014502566554943426,0.9105864016415153,8.118317,0.17648792,-0.14991286,0.0,0
site6_198.png_X256_Y0,12.23590745902397,97.73858476908057,0.15186382007716942,0.016816327777741228,0.959150073457444,0.17288208,0.18838575,-0.18535763,0.0,0
site6_198.png_X0_Y256,12.522327411955587,168.47861397960637,0.12962863344974979,0.016520380120746785,0.9292816235279758,3.630371,0.17713669,-0.1622353,0.0,0
site6_198.png_X256_Y256,11.934877114531705,101.6585051272365,0.13524946322339587,0.01908649519665442,0.9244872109675835,3.5134277,0.18601336,-0.17514555,0.0,0
site6_207.png_X0_Y0,12.87676006167444,196.15587083393558,0.12022925920082372,0.013601428310171193,0.9462809121467556,-0.9082794,0.19078076,-0.19247752,0.0,0
site6_207.png_X256_Y0,11.680801088743449,59.315141441994285,0.2112716088111664,0.0206368170351552,0.9732112239508854,8.903076,0.12350083,-0.07959221,0.0,0
site6_207.png_X0_Y256,13.054995592693832,209.5806253304047,0.12197023991625042,0.012942208839530326,0.951502043448905,-0.7292328,0.17784981,-0.17975295,0.0069732666015625,0
site6_207.png_X256_Y256,10.39893827487863,43.460078755770574,0.293335811071512,0.03818080813596355,0.9779361490042132,8.438095,0.0687862,-0.014569208,0.0580596923828125,1
site6_208.png_X0_Y0,11.324334135222978,38.98130944228251,0.23082284068808878,0.023122453452906408,0.9794296849543462,15.33429,0.16108686,-0.10499471,0.0,0
site6_208.png_X256_Y0,11.809015560553053,89.0968131247645,0.19517455745329815,0.022761509775555452,0.9645725271141545,27.388245,0.18089263,-0.07937852,0.0,0
site6_208.png_X0_Y256,11.087734246861938,54.98857194348556,0.2524638334148767,0.03026364232781397,0.9693736185781054,10.806824,0.117842376,-0.062137082,0.0,0
site6_208.png_X256_Y256,11.899512550082934,131.25875321391538,0.20818191117495366,0.02356072112986509,0.9491694422876764,13.773056,0.15087894,-0.08955433,0.0,0
site6_209.png_X0_Y0,13.233581583220513,267.01904103891206,0.11469263031818736,0.01219778776839383,0.9416600285098415,2.0101318,0.17634113,-0.17320678,0.02557373046875,0
site6_209.png_X256_Y0,10.002475777771712,62.83355995891705,0.3047835778198508,0.04818648137160608,0.9620578223963268,-3.169098,0.13922547,-0.16385472,0.0,0
site6_209.png_X0_Y256,12.220677421921557,163.45169939147303,0.18411500611948078,0.021116635384233334,0.953920525309233,-2.1924438,0.18694052,-0.20026611,0.0056915283203125,0
site6_209.png_X256_Y256,12.670479614943275,207.15437542052928,0.18905630618293545,0.022092157073163227,0.97297450548762,-6.4385223,0.18023205,-0.21361864,0.360870361328125,1
site6_231.png_X0_Y0,12.835356350887523,190.11535201305284,0.10455698769641868,0.013408479351782103,0.9331984700604294,10.19426,0.16967836,-0.13330463,0.0056915283203125,0
site6_231.png_X256_Y0,13.505751324523747,318.7878348021319,0.10028556982124298,0.01105943029203877,0.9449343985694493,-1.7935333,0.15461966,-0.1602928,0.3548736572265625,1
site6_231.png_X0_Y256,12.946865177944517,228.2238844434914,0.10457667041483684,0.013683762315771113,0.9273028754575794,4.009445,0.18021595,-0.16650254,0.1584625244140625,1
site6_231.png_X256_Y256,13.653793874279856,416.22578015366605,0.11097505890206531,0.01483572785651159,0.9582202097967805,-3.1632233,0.10429899,-0.12246743,0.996551513671875,2
site6_232.png_X0_Y0,13.76583139708757,398.8392574670758,0.09886480882463344,0.011397931769997042,0.9480255224422491,-4.222519,0.12557775,-0.14407611,0.6826324462890625,2
site6_232.png_X256_Y0,12.812655789479615,209.0261245224326,0.15964771152058246,0.01886012268808436,0.9757958818204425,0.4506836,0.060695827,-0.055799015,0.5700836181640625,2
site6_232.png_X0_Y256,13.339482627469621,328.3792886900346,0.1365461093805535,0.02343742671889482,0.9635671801409808,-2.1143494,0.12526666,-0.13829833,0.92596435546875,2
site6_232.png_X256_Y256,13.387373308278942,287.61333369378644,0.13127359013720244,0.013529985180501636,0.9677591372285679,-5.8303986,0.048991956,-0.07793569,0.9465179443359375,2
site6_233.png_X0_Y0,12.882957182143969,180.47705904881377,0.14150191898335848,0.015261340325610696,0.966899676036792,9.535339,0.14861253,-0.1161436,0.11871337890625,1
site6_233.png_X256_Y0,12.307256245929935,121.5753991103206,0.13150773851015596,0.01676675087499368,0.9429715816100914,12.658966,0.17199877,-0.12929502,0.0,0
site6_233.png_X0_Y256,12.465895529045113,128.9727563917746,0.1358304138088988,0.015384944429224019,0.9519208578244188,20.151718,0.13280168,-0.05746057,0.0,0
site6_233.png_X256_Y256,12.326185236682765,144.326504814859,0.11965186114847923,0.01659730408663818,0.9163715690872687,2.7698517,0.18293588,-0.17397036,0.0,0
site6_234.png_X0_Y0,11.616231986323013,98.54156209450878,0.16067586854216792,0.024450032981539437,0.9388737445150118,-2.2074738,0.17232439,-0.17656478,0.0,0
site6_234.png_X256_Y0,12.873215090037913,201.19343901685897,0.13221906804457673,0.015109477110660918,0.961573688675565,-0.2557068,0.07266587,-0.07536152,0.0885467529296875,1
site6_234.png_X0_Y256,13.392588899097294,270.22700130359095,0.10232708130713514,0.010982903596101308,0.9461679361178563,1.3764343,0.15678047,-0.15200245,0.0016937255859375,0
site6_234.png_X256_Y256,12.956242927464459,205.9228482284596,0.1235860022437859,0.014353912816346074,0.96084365538612,-0.9089203,0.12847403,-0.13564992,0.1771392822265625,1
site6_235.png_X0_Y0,11.605924656397068,99.9119461865705,0.20086442274523741,0.027788581472521924,0.9710349018444397,-0.93292236,0.08199938,-0.0898565,0.0,0
site6_235.png_X256_Y0,12.614861329276305,168.32820956783914,0.12878855407688544,0.01572518022513371,0.9453763858751564,2.0246887,0.15307635,-0.14795712,0.0,0
site6_235.png_X0_Y256,13.35208140960771,260.15318366133437,0.12125729379733272,0.012072685539671843,0.9653296955927644,3.2460022,0.15395108,-0.14785743,0.07794189453125,1
site6_235.png_X256_Y256,12.621307806710053,141.81223096285413,0.14889814403057303,0.01545394251489381,0.972517435117641,-1.3665466,0.08668986,-0.09250581,0.0,0
site6_241.png_X0_Y0,13.09457277549292,334.36892177889985,0.11522320663483623,0.013133378663358558,0.9148953680695192,6.520645,0.15810382,-0.12489498,0.0,0
site6_241.png_X256_Y0,13.18598513820535,272.67647177468723,0.13062619594722702,0.0179003297295035,0.9459913102910925,0.87164307,0.16436686,-0.16407537,0.0,0
site6_241.png_X0_Y256,12.847212585866666,318.2678530343068,0.129306774731273,0.017006435504421366,0.9159463492568466,1.2357941,0.16274926,-0.15762213,0.0,0
site6_241.png_X256_Y256,12.006109324359748,134.24815659843338,0.19845673239992964,0.024648567721954825,0.9645144852544179,-2.034958,0.11828826,-0.13449234,0.0071258544921875,0
site6_242.png_X0_Y0,11.961884862402115,102.64568112324622,0.2265774888241261,0.022595346327542218,0.9697175446591786,-4.0874023,0.05332789,-0.07025481,0.0,0
site6_242.png_X256_Y0,11.74468876713614,187.81826247717336,0.2113286913114968,0.02920556989413063,0.9416569580440396,3.0697784,0.098053366,-0.09138283,0.0,0
site6_242.png_X0_Y256,11.932326600773797,117.1355882353014,0.23219964752272687,0.022745525849666506,0.9735405387638165,-3.5303802,0.06128585,-0.0854959,0.0,0
site6_242.png_X256_Y256,11.891103030144144,111.70364454176418,0.24139204367823935,0.023443000431977945,0.9779993311558022,-4.989502,0.104110576,-0.12495574,0.0063629150390625,0
site6_264.png_X0_Y0,12.804913817348343,204.45151573313348,0.1030665581496721,0.013655042300529156,0.9154766156931027,-1.3250275,0.1794853,-0.17971069,0.0,0
site6_264.png_X256_Y0,12.794616000253146,214.9149101307232,0.09849554093821046,0.013768387880689105,0.9032294819063404,2.8519897,0.17276695,-0.16186044,0.0,0
site6_264.png_X0_Y256,12.429064628700367,184.662909007356,0.11650049030048548,0.016716334912822737,0.9038254840339199,-6.2402954,0.17626177,-0.1889475,0.0,0
site6_264.png_X256_Y256,13.24579989313371,321.89275673720226,0.08675803325619508,0.011667513076921054,0.8953446532320065,5.1572266,0.16330832,-0.14532644,0.0,0
site6_265.png_X0_Y0,12.36708246414198,155.6305964352703,0.11261142696538745,0.01635863079081439,0.9062356485891705,7.5698395,0.17259595,-0.14760348,0.0,0
site6_265.png_X256_Y0,12.72377279750153,185.18517831183198,0.11511345729921611,0.01392825837808121,0.9321245182303068,26.14862,0.14857122,-0.04467293,0.0,0
site6_265.png_X0_Y256,13.08291159413755,255.6306945195498,0.1117626609504506,0.013211156292137913,0.9411684012018617,4.3760223,0.13919052,-0.1272373,0.265106201171875,1
site6_265.png_X256_Y256,12.824759081762462,219.40312346814838,0.1039267246269902,0.013777094905434138,0.9122540113618368,10.809311,0.163474,-0.12847328,0.0,0
site6_266.png_X0_Y0,12.160714150747266,101.67454002066665,0.15544607948062716,0.017319499339490233,0.9513606410697729,7.0867615,0.18390279,-0.15829358,0.0,0
site6_266.png_X256_Y0,12.540686853122812,168.9891244803764,0.13513386805414337,0.017083188483563102,0.9407016877326297,1.4595337,0.17643967,-0.17153896,0.1995849609375,1
site6_266.png_X0_Y256,11.751977283828873,67.6564539029461,0.1958468724600229,0.022993186631089523,0.9749458064141023,3.1079102,0.17536806,-0.16058579,0.0,0
site6_266.png_X256_Y256,11.887069750372827,93.9076635488796,0.15406312073476203,0.020164863339598188,0.941110849345216,13.0224,0.17778075,-0.13590182,0.0139923095703125,0
site6_267.png_X0_Y0,13.055577605738605,214.92178969627818,0.13462457792588137,0.014019598971967013,0.9499476194008362,0.5129547,0.16674814,-0.16378307,0.273773193359375,1
site6_267.png_X256_Y0,13.012131924365189,213.51166472932147,0.11521524678756502,0.012829535768642574,0.9443547751577998,11.076691,0.16354546,-0.12529714,0.0239410400390625,0
site6_267.png_X0_Y256,12.977442288380855,257.37192021999874,0.12617595597294226,0.014954162278101164,0.9464353173460666,-1.7684479,0.21162854,-0.22959833,0.0,0
site6_267.png_X256_Y256,12.388589153635813,129.02949398969665,0.17522757052912585,0.020351972658854422,0.9749560538849869,4.9357147,0.13236785,-0.11761066,0.0,0
site6_269.png_X0_Y0,12.434050741747853,171.36619899799655,0.12438367606771338,0.01702510766580097,0.9357729744340489,-2.139206,0.100282386,-0.109773815,0.0,0
site6_269.png_X256_Y0,12.878834944723838,148.31350170307812,0.13213580459692587,0.013952103376265904,0.9713914629976838,-2.345337,0.14643869,-0.15855041,0.0,0
site6_269.png_X0_Y256,12.184960710177542,143.73443212947728,0.14445986656392704,0.01911932334001385,0.940959656787252,-2.5153656,0.08802036,-0.10004471,0.0,0
site6_269.png_X256_Y256,13.455562731904644,281.4967865724723,0.10347939293888404,0.010838864446767476,0.9519294090049332,0.9759674,0.1295163,-0.13122821,0.0,0
site6_270.png_X0_Y0,12.837535964902196,223.2625113087522,0.11080357534779245,0.015023560796144584,0.9191762999894894,3.23172,0.16704905,-0.16118151,0.08416748046875,1
site6_270.png_X256_Y0,12.024599406695154,180.56471786694044,0.18936918182314366,0.025316655220362184,0.9470298134714283,-2.730774,0.052031968,-0.07170532,0.0,0
site6_270.png_X0_Y256,12.954125163448722,221.81079392541682,0.11030598924724697,0.013990691092228466,0.9479231428480089,0.06355286,0.11870102,-0.12043147,0.0,0
site6_270.png_X256_Y256,11.6075357380928,169.21199963657492,0.20531201538487068,0.028503019720068273,0.9263445514753327,-3.6299896,0.077860884,-0.10277505,0.0,0
site6_275.png_X0_Y0,13.739797781551523,406.68512116735144,0.08935800389314588,0.009776740530621518,0.9321222161301436,-0.64453125,0.18824427,-0.19084516,0.0,0
site6_275.png_X256_Y0,12.501685369824976,193.70637160287095,0.1370866249229096,0.018458585315664702,0.9488143987242101,5.48732,0.17701797,-0.15643899,0.0,0
site6_275.png_X0_Y256,13.201391878899058,271.43036835292537,0.12238248849534503,0.012696280964149083,0.9487159491946286,6.815613,0.14609827,-0.111591436,0.0,0
site6_275.png_X256_Y256,12.815247929429407,166.94874140955756,0.11899489287593713,0.013729417450068289,0.9464951402741865,-1.9242249,0.18448077,-0.19077685,0.0,0
site6_276.png_X0_Y0,12.368564547438123,150.40171098556667,0.17222431244211817,0.02037485104718499,0.9652344403810319,-1.7931671,0.15639529,-0.1678425,0.0,0
site6_276.png_X256_Y0,11.80297626160595,93.51332517842069,0.19696985920500049,0.022151893660187567,0.9587322947764298,-5.8801117,0.14653072,-0.17595607,0.0,0
site6_276.png_X0_Y256,12.706863524863879,164.69794285851972,0.1562056038918961,0.016151862666062052,0.9613999287687345,-3.9536743,0.18582718,-0.20156719,0.0833740234375,1
site6_276.png_X256_Y256,12.600219076446647,133.2166054672512,0.16000679298248946,0.015687286870916476,0.970404150876827,-3.1305237,0.1858603,-0.20139606,0.0,0
site6_277.png_X0_Y0,11.620573929827163,128.5822981996226,0.20867721668558387,0.027605434068047698,0.9453065749522614,-4.709259,0.13364571,-0.16016433,0.0182037353515625,0
site6_277.png_X256_Y0,12.309325137419634,196.15920742624678,0.1726921944844707,0.021461613718952815,0.9466688913245621,-3.1849823,0.13836372,-0.15292378,0.0,0
site6_277.png_X0_Y256,11.555580046627533,83.85623541727082,0.23798852242141963,0.027330266373021217,0.9741848022958016,-3.943863,0.048660453,-0.06968682,0.0,0
site6_277.png_X256_Y256,10.408668354833022,64.10913011222104,0.2405272750604513,0.03727690643063971,0.9249135827010583,-2.911789,0.05160258,-0.07117541,0.0,0
site6_297.png_X0_Y0,10.804910897081676,102.57325965373694,0.36693161942218866,0.06488399403524403,0.9882875921264425,17.03363,0.14041856,-0.073445044,0.0,0
site6_297.png_X256_Y0,10.034356953574864,57.832328476424344,0.42061325768052304,0.08940210527138812,0.9916819206589809,1.0016632,0.15152389,-0.1434348,0.0,0
site6_297.png_X0_Y256,12.210075744114592,120.28039687260087,0.21883693552939681,0.02703565040914158,0.9860778401230502,9.703354,0.12212247,-0.074997574,0.0,0
site6_297.png_X256_Y256,12.960906913845623,179.56950478782926,0.12407060064161138,0.013655959918281684,0.9543685928860612,8.964523,0.15120164,-0.119532056,0.226837158203125,1
site6_299.png_X0_Y0,13.348690674519952,314.21420478302116,0.0893445784882699,0.011426007699656088,0.9225146644717456,0.40852356,0.17139453,-0.1583443,0.0,0
site6_299.png_X256_Y0,13.504782888107071,397.45731429921454,0.08885370542524013,0.011219970560981118,0.9244815552822656,9.578079,0.14466484,-0.10346875,0.078155517578125,1
site6_299.png_X0_Y256,13.13616090619442,237.76313202855516,0.10720724873212795,0.012183953734424834,0.9437849832701414,-0.04940796,0.17223856,-0.17076339,0.0,0
site6_299.png_X256_Y256,13.31870760158477,313.80350871661665,0.09566927583491795,0.013022212623573557,0.9329276166076673,6.94693,0.16466908,-0.1398033,0.1148529052734375,1
site6_300.png_X0_Y0,13.706418095713497,451.35239742528637,0.09509815558979501,0.010998638315393784,0.9329021157807699,1.2243195,0.1493401,-0.14351341,0.4138336181640625,2
site6_300.png_X256_Y0,13.068643837941211,252.3967737018285,0.09532970239770339,0.012356021954951935,0.9161049917464423,-4.084549,0.19612922,-0.21007779,0.0068359375,0
site6_300.png_X0_Y256,12.76752564592842,272.89356113035024,0.12754495948291547,0.016355964768401572,0.9210374952849721,-8.066071,0.1730687,-0.2099323,0.0395355224609375,0
site6_300.png_X256_Y256,12.979265250261111,286.2022533851268,0.08994368968513025,0.013016625248485462,0.8781701663823089,-0.5239258,0.19511741,-0.19516921,0.0,0
site6_308.png_X0_Y0,11.5009446018831,92.08148264790039,0.1465516907312684,0.023214235457877822,0.9127640980847256,-0.81433105,0.18095398,-0.18291575,0.0,0
site6_308.png_X256_Y0,11.75107286384868,86.25763962478396,0.15382341566492785,0.021663463971746472,0.9481366351532532,-1.1835327,0.18611546,-0.18928823,0.0,0
site6_308.png_X0_Y256,9.805137887497514,31.36535189290209,0.2512164090262538,0.044602678047932,0.9029886839581726,0.21853638,0.17416859,-0.17386074,0.0,0
site6_308.png_X256_Y256,10.65689994714296,42.701281147876244,0.2308534839347393,0.03532724090783383,0.9687912267318115,0.2723236,0.178618,-0.17887104,0.0,0
site6_309.png_X0_Y0,13.441278197115912,281.6118085141493,0.09518290087337664,0.010859333960124827,0.9450971869255975,5.481125,0.20095026,-0.18861249,0.0,0
site6_309.png_X256_Y0,13.404256942857723,257.338453629617,0.10387531757491905,0.011019257279199356,0.952024734671082,-2.5293274,0.19285607,-0.2019547,0.0,0
site6_309.png_X0_Y256,13.13440198831169,237.11827195369062,0.12434457837451351,0.013248214701857533,0.9548676257154398,5.0643616,0.19060259,-0.18077299,0.1092529296875,1
site6_309.png_X256_Y256,13.290485231022569,353.7626605602567,0.11210801100768933,0.013270616659564754,0.9370434057635839,5.1684113,0.16652274,-0.13955215,0.0,0
site6_334.png_X0_Y0,13.154946058872184,239.55426951173837,0.11477232007348855,0.012662528389782024,0.9538553886487338,7.062622,0.14869595,-0.121353954,0.0,0
site6_334.png_X256_Y0,13.19678959219355,255.8665754607676,0.10914088553262818,0.012670506249768244,0.9501261026578234,4.4058685,0.1612125,-0.1466602,0.0021209716796875,0
site6_334.png_X0_Y256,12.993785372045908,179.62796251742586,0.13266472499473178,0.013136691893981704,0.9660352580395586,1.4091797,0.16366616,-0.15356132,0.0,0
site6_334.png_X256_Y256,12.13189984143207,166.6607576413054,0.16051048410808696,0.023618024388501326,0.955126058841161,3.609146,0.10741499,-0.08791579,0.0,0
site6_335.png_X0_Y0,13.086673377613089,317.1763810493867,0.11230758779947911,0.0140497295376683,0.9345165006484639,-6.4844055,0.1541695,-0.18352848,0.1808929443359375,1
site6_335.png_X256_Y0,12.90585164627516,229.38005754999324,0.10850213915841231,0.013598870717918472,0.92178820004765,-9.455887,0.21416451,-0.24366777,0.0409088134765625,0
site6_335.png_X0_Y256,13.609484418826874,400.59357306986806,0.104256648397136,0.011250568288509614,0.9452849530127779,-0.22442627,0.15114176,-0.15127698,0.4468231201171875,2
site6_335.png_X256_Y256,13.67694276170944,396.8052362673144,0.09460121954042829,0.010472624561094093,0.9390484136657609,2.7864227,0.17494728,-0.16769591,0.378570556640625,1
site6_336.png_X0_Y0,12.24125652206287,115.29322596777833,0.1719780390961257,0.017715418496081048,0.9682734589458075,-8.999542,0.17468415,-0.20740819,0.001129150390625,0
site6_336.png_X256_Y0,12.941576760854414,236.68484848076542,0.11102612596247673,0.013297672912799381,0.927787470509081,5.0181427,0.15804854,-0.13024962,0.0058135986328125,0
site6_336.png_X0_Y256,12.813990473276057,229.40331793962937,0.17334918470022898,0.019717134228591934,0.9730286403586955,-3.1636963,0.08618942,-0.111853205,0.48980712890625,2
site6_336.png_X256_Y256,13.493958734894475,324.1400049560391,0.11231251376630016,0.011656968070484924,0.9558290448662365,10.158264,0.0953607,-0.036020044,0.358154296875,1
site6_343.png_X0_Y0,10.078130037181074,39.85356375853095,0.22164358929403674,0.03802189823688783,0.8623059827280073,0.85801697,0.17935032,-0.17783335,0.0,0
site6_343.png_X256_Y0,12.618503369714041,218.72606611639708,0.1489723025358316,0.01932191845562205,0.941399674277849,0.70970154,0.17227328,-0.17221801,0.369873046875,1
site6_343.png_X0_Y256,10.422171806441426,54.103296959103005,0.2042981856482119,0.035923844447139745,0.9041218192169331,1.0358124,0.18304452,-0.18140295,0.0156402587890625,0
site6_343.png_X256_Y256,12.472982672585093,307.41934924367047,0.1922881218080244,0.07523605674852026,0.9415256941164153,-1.7227478,0.15764676,-0.16281122,0.9112091064453125,2
site6_344.png_X0_Y0,13.31107611300482,240.00848961336692,0.12115504656567222,0.011611550287355332,0.9610265892436783,9.320465,0.18528435,-0.15681808,0.11749267578125,1
site6_344.png_X256_Y0,12.805378199595118,207.1031834660983,0.1319584709767588,0.015623682663073766,0.9457973091740993,0.75990295,0.18073499,-0.17481029,0.0,0
site6_344.png_X0_Y256,13.602555706583374,326.4081718569685,0.09773356141872629,0.010116716981991807,0.9501671650553896,-1.723053,0.1593848,-0.16330358,0.5988006591796875,2
site6_344.png_X256_Y256,12.054292332139747,92.35040427660144,0.17590801643795304,0.01958406209206735,0.959695451761406,0.31669617,0.17484964,-0.17099227,0.0,0
site6_369.png_X0_Y0,13.203366862904396,218.76045509840696,0.11986695711036822,0.012185027479394773,0.9618871072735139,8.033859,0.17274505,-0.13570637,0.0,0
site6_369.png_X256_Y0,13.165286729345805,239.1642118866614,0.11494995051052342,0.012297664201459783,0.9503518015169139,6.863739,0.14179341,-0.116106555,0.0,0
site6_369.png_X0_Y256,12.883651008517514,205.65438470181147,0.14082883717385056,0.016671486281975394,0.9658988680410363,5.639221,0.120000936,-0.092284456,0.3273162841796875,1
site6_369.png_X256_Y256,12.988193577610936,218.63134976632892,0.10856570356434136,0.01295165616101564,0.9441411488753675,11.501831,0.15263474,-0.10899958,0.0614013671875,1
site6_377.png_X0_Y0,11.67635111282377,51.29376163915367,0.21890803404898873,0.02233867110902335,0.9912594307721291,-1.7237549,0.112930074,-0.11917846,0.0,0
site6_377.png_X256_Y0,9.564271735963924,27.755472384419775,0.26621902464837244,0.04784905639775305,0.8871728487553087,0.6891937,0.17642428,-0.1752063,0.0,0
site6_377.png_X0_Y256,10.705671321923475,37.58629983059462,0.22434764843669466,0.03267039961565521,0.977941595213577,-1.4618225,0.17310654,-0.17661893,0.0,0
site6_377.png_X256_Y256,10.369254117996709,40.865673779315884,0.2262306222561955,0.03869096024909049,0.9459976839465247,-0.07032776,0.18005075,-0.18061592,0.0,0
site6_405.png_X0_Y0,12.678152508084045,153.81181880166557,0.1191027434501177,0.014061106507803704,0.9462019336633573,11.162476,0.17927891,-0.13329719,0.0,0
site6_405.png_X256_Y0,12.756443808863587,129.9520327818655,0.13862019104755943,0.013967684824660313,0.9701379751604301,14.656464,0.1453459,-0.08737622,0.0,0
site6_405.png_X0_Y256,12.959039206593337,163.83446592056535,0.1263374281108674,0.013611586895515173,0.968737921537472,19.455261,0.12923965,-0.041440338,0.0,0
site6_405.png_X256_Y256,12.804536767019382,177.50771910143519,0.11407013937365365,0.014158074968037324,0.9421294245945038,8.631409,0.15449628,-0.12633882,0.000274658203125,0
site6_412.png_X0_Y0,10.694078314515856,64.93857874675831,0.2029585753093417,0.03308250448051465,0.9144081941481573,-0.6961975,0.18284762,-0.1843332,0.056884765625,1
site6_412.png_X256_Y0,13.583253966399392,338.43909729731865,0.11383858624397918,0.013264039122276309,0.960376616109771,-0.9618683,0.12879452,-0.13721463,0.853912353515625,2
site6_412.png_X0_Y256,12.814296686559146,214.3055366625835,0.13374309199181517,0.016889971110110306,0.9502973081905343,2.0635834,0.17967054,-0.17357962,0.4013519287109375,2
site6_412.png_X256_Y256,12.781581896209222,134.4424679810725,0.16347615858635067,0.015007802172915287,0.979453057662296,13.732452,0.19256407,-0.14470042,0.10333251953125,1
site6_413.png_X0_Y0,12.857129620634304,160.14998603302388,0.15675482699754067,0.01580875976726812,0.9782780617775398,8.7773285,0.18670231,-0.15043941,0.076446533203125,1
site6_413.png_X256_Y0,12.846951513016275,164.81066296616638,0.1264047172208484,0.0151210044541093,0.9700554453778054,1.8861084,0.18984067,-0.18914324,0.0,0
site6_413.png_X0_Y256,12.808543055357225,122.88326560097391,0.17312709947269034,0.016991340964869563,0.9878055428317912,7.777298,0.16844344,-0.14935045,0.0,0
site6_413.png_X256_Y256,12.995102558171803,217.9917691362843,0.1550348695289887,0.015518674995510049,0.9676498542023828,11.158829,0.14882496,-0.10460464,0.0,0
site6_439.png_X0_Y0,12.360953486235005,161.25658636403188,0.1501287676346464,0.020608881956873132,0.9741320984918131,-1.0792236,0.05954009,-0.08059527,0.0,0
site6_439.png_X256_Y0,13.230993981909144,254.1413083309356,0.09504854347210549,0.011583087886331937,0.9375659503030519,29.979095,0.13538435,-0.018507592,0.0,0
site6_439.png_X0_Y256,13.004992942522264,204.60698293626018,0.13048419052730192,0.014231473442309869,0.9646381595728023,7.5159607,0.13544211,-0.11236683,0.0,0
site6_439.png_X256_Y256,13.336982384996064,267.23204303934426,0.10811768549476336,0.011482802744093357,0.9507526846888068,17.461578,0.14609656,-0.08085787,0.025054931640625,0
site6_441.png_X0_Y0,12.602972748814885,191.1691331008641,0.15604518392936415,0.018356277129427306,0.9733058487718594,-4.372238,0.12136669,-0.1507459,0.0,0
site6_441.png_X256_Y0,11.099345142920068,124.16649289036448,0.18240451899523036,0.029972457205430583,0.8859962693923727,-2.0548706,0.007086638,-0.017836144,0.0,0
site6_441.png_X0_Y256,12.054540198832447,145.02456463560816,0.1734031105213081,0.02374900603202375,0.9615838282275468,-0.17553711,0.07073493,-0.07071015,0.0,0
site6_441.png_X256_Y256,11.876388616127294,173.47748360007142,0.1862564874335941,0.024874058968945505,0.9328384310731627,-0.30085754,-0.008421669,0.005954096,0.2057952880859375,1
site6_474.png_X0_Y0,12.902700754810503,176.55656571391413,0.13191407282571063,0.01424984128053262,0.9644158668906231,18.37558,0.12769052,-0.05114931,0.0,0
site6_474.png_X256_Y0,13.568199524552124,298.40474776828756,0.11757776274187871,0.010849574589527974,0.9581956219717398,3.4085388,0.13445099,-0.11660871,0.4935455322265625,2
site6_474.png_X0_Y256,12.788450467232998,197.3013105236072,0.1329584550014557,0.016359560073863195,0.9611017539111377,17.207,0.10621127,-0.027506672,0.0,0
site6_474.png_X256_Y256,13.336182452275487,241.29783992335214,0.11990561631310856,0.011533603602979144,0.9598425657784985,11.782455,0.12473658,-0.06600162,0.0,0
site6_484.png_X0_Y0,11.796610282645473,128.11784710208397,0.17877202254449606,0.027428757604295313,0.9614011080435214,9.852707,0.058511227,0.015369769,0.0,0
site6_484.png_X256_Y0,13.399904470768288,326.3177922854324,0.10151271737897348,0.011758912792258313,0.935246557801147,2.6511688,0.14772148,-0.13747157,0.3624725341796875,1
site6_484.png_X0_Y256,12.555146911731281,174.9068159632252,0.14888562907398203,0.0175390563270317,0.9562475075049535,6.1314087,0.13245152,-0.09874685,0.005279541015625,0
site6_484.png_X256_Y256,13.474642301837903,299.11995156610163,0.10399096816818869,0.012510577264186298,0.9478319027808662,-5.1751556,0.14309268,-0.15934885,0.5892333984375,2
site6_485.png_X0_Y0,12.740398524094221,190.16153892133718,0.1437127618529,0.015915825370201454,0.9534153618226273,-7.610367,0.17487732,-0.19591755,0.046417236328125,0
site6_485.png_X256_Y0,9.417776365756215,27.27607272443315,0.3712843887328947,0.06429213597424481,0.9819201891822997,-6.055588,0.16947234,-0.17800416,0.0,0
site6_485.png_X0_Y256,11.021487465128319,65.93658990832911,0.27766410938202457,0.036982915279907755,0.976027544726879,-5.2130127,0.169034,-0.17664933,0.0427703857421875,0
site6_485.png_X256_Y256,13.095529712670986,250.57833494029342,0.13277096168477565,0.013245444308941569,0.9462597282676175,11.043472,0.15980196,-0.11823815,0.0,0
site6_518.png_X0_Y0,12.630102440821261,178.34729232747213,0.14994583399578248,0.016382127936677707,0.9602658570093817,17.365707,0.154109,-0.076956116,0.0,0
site6_518.png_X256_Y0,10.363582963263564,69.91796603169783,0.27058792029950907,0.048253128065353375,0.9705411968824884,5.073532,0.018966489,0.050099466,0.0,0
site6_518.png_X0_Y256,11.853166490699525,182.089086769523,0.20601628820757173,0.030704126304110346,0.9538803429184174,15.084961,0.09065141,0.0017740726,0.0,0
site6_518.png_X256_Y256,11.417723898875913,105.44644463668686,0.23590927492641212,0.037511794498907576,0.9813391273179265,4.7088165,0.04501424,0.005950844,0.073089599609375,1
site6_519.png_X0_Y0,12.853862412745325,184.9285574058177,0.1415069026912912,0.015491350621158514,0.9653036460821376,3.9613953,0.112329766,-0.08769278,0.0,0
site6_519.png_X256_Y0,11.740929708374372,113.54643098508004,0.2485902539856763,0.038173246668648284,0.9718176709542455,-0.49960327,0.1645252,-0.16007689,0.0,0
site6_519.png_X0_Y256,13.266047236639743,289.99195079718845,0.10142005047723995,0.011913367985114635,0.9308900446142707,-1.797226,0.14459816,-0.15431932,0.28204345703125,1
site6_519.png_X256_Y256,11.417712113125155,135.34149195922328,0.2838738354686632,0.045372728793043965,0.970167892059274,2.8293762,0.16059968,-0.14441083,0.00543212890625,0
site6_553.png_X0_Y0,11.633515006904311,217.39931539252825,0.19780491099123226,0.033212300247778846,0.9431926045427976,2.1338348,0.08737903,-0.058266584,0.0,0
site6_553.png_X256_Y0,12.19681316542418,159.28936818172357,0.17162457195133118,0.021124031036353394,0.9541992970669111,1.2689209,0.11959666,-0.121006995,7.62939453125e-05,0
site6_553.png_X0_Y256,11.55404077395465,176.31636980068902,0.2033743848040737,0.034245402927181076,0.9426676689850643,4.94281,0.082891434,-0.04372548,0.0,0
site6_553.png_X256_Y256,12.807355830730492,237.52727627296204,0.13556061559368185,0.016676250190183827,0.9476148652615447,7.497696,0.1101092,-0.068300515,0.0,0
site6_554.png_X0_Y0,12.045905863657055,160.1079222834993,0.23560396838755077,0.0313404095224569,0.9673391249228505,-5.0234222,0.14817396,-0.1606828,0.297698974609375,1
site6_554.png_X256_Y0,12.714355660024154,205.97227675354034,0.11231364303079407,0.014552589919857358,0.9069589062869727,10.907761,0.16832352,-0.13286209,0.0,0
site6_554.png_X0_Y256,12.115771437817067,184.60057913423083,0.22422608449053175,0.029749227487079824,0.9618246434507418,-4.27153,0.15602204,-0.1668652,0.3051910400390625,1
site6_554.png_X256_Y256,13.037727605233355,262.0933308252989,0.09769910564207157,0.01289929813409921,0.9111170389012394,10.244247,0.1570032,-0.12081823,0.1385345458984375,1
site6_588.png_X0_Y0,13.165447661001174,211.17712630058878,0.11778776127370381,0.012607033592946345,0.9616594486127854,5.111206,0.14964958,-0.12998614,0.15521240234375,1
site6_588.png_X256_Y0,12.622092019126526,179.35558521663035,0.1741655529304722,0.020453339273748528,0.9631778872516839,-1.9402161,0.15399846,-0.15909395,0.1516876220703125,1
site6_588.png_X0_Y256,12.783739298873435,186.89975940745185,0.11497490605119058,0.013991032781218582,0.9436946531995455,20.336334,0.1421092,-0.061543196,0.0101318359375,0
site6_588.png_X256_Y256,11.618052095000964,102.9410237048261,0.23460794250019576,0.03373928865970887,0.9750042953749409,-0.019332886,0.1538656,-0.14784923,0.0003204345703125,0
site6_589.png_X0_Y0,13.2154360921005,250.21728160444303,0.11071825852532681,0.011880549922894165,0.9394824204648502,9.999542,0.13361794,-0.09665383,0.0731201171875,1
site6_589.png_X256_Y0,13.104137936540535,268.8636503688638,0.09500583686606111,0.0123702168890887,0.9186868933353219,14.843109,0.15567195,-0.09795448,0.0,0
site6_589.png_X0_Y256,13.166665827257107,281.8223453269327,0.09208988702002249,0.011989154704584828,0.9169246242247203,14.674652,0.13776594,-0.08155935,0.0,0
site6_589.png_X256_Y256,12.992743538318608,264.4176088673974,0.09324859905748045,0.012798365552897466,0.9040324757987074,15.577103,0.16550632,-0.103851914,0.0,0
site6_607.png_X0_Y0,11.94968465670375,136.77009547109813,0.2053844345563769,0.031145119756192573,0.9740550627703994,-4.5868225,0.08569553,-0.085404,0.0,0
site6_607.png_X256_Y0,12.44533611951234,118.20238123558431,0.15134543074119722,0.016817135920247115,0.9696957798803965,3.7024994,0.12580681,-0.098886944,0.0,0
site6_607.png_X0_Y256,12.710075079274556,134.551222907057,0.15584306631019623,0.01582021304568273,0.9738429896628712,5.384781,0.13692692,-0.10431896,0.0,0
site6_607.png_X256_Y256,12.8487931696025,157.796829674888,0.13108261445930147,0.01353888129136793,0.9656526022102216,1.0802765,0.15648206,-0.14025903,0.0,0
site6_608.png_X0_Y0,11.966928569944583,90.35258838247482,0.18524751980991896,0.022712479893521716,0.9742908027386697,3.640808,0.10100389,-0.0773934,0.0,0
site6_608.png_X256_Y0,12.288070476575559,114.64542911680701,0.12637060124832808,0.016101045742516345,0.9409033172187313,18.153137,0.15142976,-0.084978655,0.0,0
site6_608.png_X0_Y256,12.913174359568448,190.54574669298628,0.1197710576687812,0.01322122117391573,0.9474122951237036,5.2676086,0.14927226,-0.12867203,0.1287841796875,1
site6_608.png_X256_Y256,12.434919869975197,116.31371470708419,0.13003580133662698,0.01520797150555524,0.9535236895451317,17.649414,0.124313325,-0.051697735,0.0,0
site6_624.png_X0_Y0,12.889915410311737,242.71644556782252,0.09554874279116912,0.013334353178832971,0.9028433578915606,21.656738,0.15074992,-0.06376909,0.0,0
site6_624.png_X256_Y0,12.981143555217741,245.06858167532704,0.09474324115127358,0.012737994730100895,0.9112558662756709,18.663177,0.16593917,-0.09204108,0.0,0
site6_624.png_X0_Y256,13.05190947414869,256.2720074160305,0.09531403325902586,0.012571584693939186,0.9167602278600806,11.87532,0.1700409,-0.12258742,0.0,0
site6_624.png_X256_Y256,12.96514012602092,226.75125009011742,0.09845638342615763,0.012801303403887772,0.9219951784094754,20.510788,0.16321781,-0.082746476,0.0,0
site6_637.png_X0_Y0,11.991877693115068,108.88333866481985,0.2535411404686167,0.02955340510240107,0.9888522486623164,0.5938721,0.0970946,-0.08844544,0.0149993896484375,0
site6_637.png_X256_Y0,12.942742554166742,197.53540259456753,0.13820360810912888,0.013522174620521715,0.9536353743635768,-6.623459,0.12136934,-0.14316222,0.2857513427734375,1
site6_637.png_X0_Y256,12.57708807920937,248.00874825789649,0.15114765257848878,0.01977370811067788,0.938742244397708,-5.416321,0.04112009,-0.050804857,0.238616943359375,1
site6_637.png_X256_Y256,12.426603919241673,212.2660363952714,0.16531786857569247,0.020841695223264043,0.951380059454082,-0.13858032,-0.00019830093,0.024421714,0.131683349609375,1
site6_638.png_X0_Y0,13.306470011378991,251.5238291312317,0.11979698126249438,0.011935516895060658,0.9588718260417848,3.4549408,0.12919232,-0.11505831,0.172332763671875,1
site6_638.png_X256_Y0,13.06657764824092,178.47017002175153,0.11776297386781823,0.012562313619931445,0.9641843487920193,4.4041595,0.14213401,-0.12631202,0.0,0
site6_638.png_X0_Y256,13.259470333720488,259.370349685226,0.11108324838868736,0.012113574379781406,0.9498070712660616,12.664047,0.09043944,-0.044715825,0.0231475830078125,0
site6_638.png_X256_Y256,12.720381483077901,141.37602900627306,0.1230034701824625,0.013932133030181242,0.9621263466308265,13.212463,0.1463946,-0.108023815,0.0026092529296875,0
site6_639.png_X0_Y0,12.626993246434255,136.1432695657936,0.13494440926103743,0.01514126043531545,0.9663407863495702,10.684174,0.11270183,-0.06700184,0.0,0
site6_639.png_X256_Y0,12.763733277884517,146.07528225322113,0.14164916013375078,0.01506108076017592,0.9731796977618087,4.3092346,0.15250337,-0.12912145,0.0,0
site6_639.png_X0_Y256,12.600347495184948,118.09551674836851,0.16436770869567552,0.016350605319138452,0.9794667989252341,3.2096252,0.11156785,-0.08912139,0.016845703125,0
site6_639.png_X256_Y256,12.813038658696515,183.39431252403156,0.1281665127871495,0.015067073954220831,0.9582633568199115,14.013229,0.105599105,-0.04457833,0.0,0
site6_656.png_X0_Y0,13.096477545034405,233.98264049584776,0.10148833547390451,0.012389119167101411,0.9386036353722859,24.764908,0.1814307,-0.09622787,0.0,0
site6_656.png_X256_Y0,12.13558483117093,187.38907711277898,0.15825551692150813,0.023338196511711724,0.9386066831876021,9.450455,0.10651825,-0.04605003,0.0,0
site6_656.png_X0_Y256,12.996079842672714,231.25099748294238,0.11706871403661435,0.013765307071734238,0.9486370574775362,20.351196,0.15823531,-0.07405724,0.0,0
site6_656.png_X256_Y256,10.195917320159356,76.78724661188599,0.26063726024005396,0.04655833633476335,0.9283873130208662,8.0238495,0.019610664,0.06718894,0.0,0
site6_657.png_X0_Y0,12.301819164554987,163.67050653595783,0.16980730609951436,0.023624337759544305,0.964885985688867,6.9085846,0.08921229,-0.047741532,0.1147613525390625,1
site6_657.png_X256_Y0,13.246936406875012,248.4764337634624,0.1200218717489115,0.01321328947777976,0.9612654433208104,0.18083191,0.14064485,-0.13920961,0.4025421142578125,2
site6_657.png_X0_Y256,13.624494388965708,412.3361402465474,0.10639554399410604,0.01140137320229012,0.940662811769551,-0.38049316,0.14274313,-0.14446375,0.5566558837890625,2
site6_657.png_X256_Y256,12.832909794423902,190.62352942679217,0.16466594622266928,0.01517907044035505,0.968627571442946,-6.739609,0.16267446,-0.18948077,0.5718536376953125,2
site6_659.png_X0_Y0,12.982257500674027,255.54360146939933,0.09518751227291761,0.012989248110494383,0.9129070084466171,22.678772,0.1636686,-0.06876963,0.03839111328125,0
site6_659.png_X256_Y0,12.95321294459691,185.54764247825648,0.10973844538696853,0.012806536054850132,0.9487473875677324,10.806976,0.15874387,-0.114889406,0.0,0
site6_659.png_X0_Y256,12.815102613706621,237.8637127246786,0.09406186634016593,0.013587190327184074,0.8888159839785015,14.284119,0.17013909,-0.11494734,0.0,0
site6_659.png_X256_Y256,12.654829629474474,163.48209818639825,0.11326329591447917,0.014575325499847889,0.9338308320951509,7.3318024,0.16012439,-0.13410017,0.0,0
site6_673.png_X0_Y0,12.995137987658309,180.36102944180521,0.12217550765849211,0.012775727825619195,0.9609506675912514,2.6145935,0.12232217,-0.11429955,0.0,0
site6_673.png_X256_Y0,12.676822241519746,133.79753391123904,0.14698927839227421,0.014832206595294448,0.9703143204337428,-5.6845245,0.15275365,-0.16964346,0.010345458984375,0
site6_673.png_X0_Y256,12.97918754864725,166.30807655109098,0.1152993071697596,0.01274273431431948,0.9586187869153753,15.31456,0.1579144,-0.10484941,0.0,0
site6_673.png_X256_Y256,12.87332139308696,162.33819639682102,0.1210829426328681,0.01335184896591411,0.9590340778659397,10.495728,0.16902974,-0.12407005,0.0,0
site6_675.png_X0_Y0,12.05133016657058,189.67508003233294,0.19252278084488308,0.030528820238158758,0.9661726481439391,0.18707275,0.07662043,-0.048247162,0.0,0
site6_675.png_X256_Y0,12.877841370781013,215.2529136179631,0.1016017020746811,0.012992781687669827,0.9239147122301969,17.922134,0.119993,-0.043542422,0.0,0
site6_675.png_X0_Y256,12.964981222404383,210.45446324731267,0.14436224405464898,0.017359507498911714,0.9682042704549692,6.9422607,0.124286056,-0.088202596,0.0538330078125,1
site6_675.png_X256_Y256,12.84479845790651,202.60821646122045,0.10436668946345165,0.013194076662833724,0.9276870370914896,28.251266,0.13684034,-0.027561225,0.0,0
site6_691.png_X0_Y0,12.487554090536502,210.68578559028833,0.14580421993799564,0.019324146850368214,0.9400784645818482,6.477173,0.14375123,-0.102371395,0.0,0
site6_691.png_X256_Y0,11.462996774707236,144.27830931914423,0.20139687717082735,0.03365077672615662,0.9485950391844282,7.4641876,0.03337047,0.032279555,0.0,0
site6_691.png_X0_Y256,11.414726529989476,112.6225626261579,0.20047884699844187,0.030874688419393552,0.9504958752082417,7.930084,0.065531194,-0.0033377325,0.0,0
site6_691.png_X256_Y256,12.639163894291618,218.82052478315313,0.16708828258139719,0.022738330873659122,0.9697061869036325,5.3272095,0.091394395,-0.049179878,0.361053466796875,1
site6_692.png_X0_Y0,13.546525912992573,352.4163492857384,0.1079004591627108,0.012553987490185704,0.9510266135413958,-5.359421,0.14417803,-0.17283502,0.910003662109375,2
site6_692.png_X256_Y0,11.945093529349068,122.20767274005391,0.20185271413491812,0.025683977796726327,0.9714295273105501,-1.4159851,0.1647235,-0.16880472,0.1363525390625,1
site6_692.png_X0_Y256,13.226459735967923,233.4314120770922,0.12482853341106652,0.01224372887571569,0.9539597327908711,-0.14842224,0.11319465,-0.1139144,0.5568084716796875,2
site6_692.png_X256_Y256,12.52531116719788,161.29381654592513,0.18149432129215726,0.02119500431572885,0.9666059506634397,-0.12173462,0.15052342,-0.14830953,0.2149200439453125,1
site6_693.png_X0_Y0,13.072041618069655,249.32423445911644,0.10301088961460621,0.01278992818582032,0.9243038005951878,8.823563,0.15381159,-0.12349174,0.01715087890625,0
site6_693.png_X256_Y0,12.81984519744457,202.2147569444533,0.1014843976881139,0.01360035194155688,0.9221694570888083,11.304001,0.17370842,-0.13342087,0.0,0
site6_693.png_X0_Y256,12.832301737662096,197.92527582541254,0.11165062188254571,0.013520724633458513,0.9300048932626989,5.316391,0.16737983,-0.14952448,0.0,0
site6_693.png_X256_Y256,12.662591057820872,194.56231827903628,0.10191296627144637,0.014494441369925136,0.9077431739719124,12.675034,0.17932294,-0.13538152,0.0,0
site6_694.png_X0_Y0,12.805127384460704,193.50442888553303,0.10654085415545946,0.013674987095114033,0.9264544653912979,9.847397,0.17616649,-0.14050378,0.0391693115234375,0
site6_694.png_X256_Y0,12.698171672717846,146.69920535371304,0.12221825174533603,0.014078456502672029,0.9526194175983269,16.364822,0.16139776,-0.092836976,0.0,0
site6_694.png_X0_Y256,12.597079675049176,176.18567621227947,0.10832311600906264,0.01502756283892209,0.9160090314280223,12.365387,0.17140236,-0.12651274,0.0,0
site6_694.png_X256_Y256,12.427889048318761,139.37144268430694,0.1264697715450246,0.015809220242191457,0.9350831779483729,19.486664,0.17174792,-0.10132687,0.0,0
site6_709.png_X0_Y0,12.987871854173223,205.63570312500428,0.10046357833103053,0.012542079688365312,0.9353004139560487,18.651016,0.1656159,-0.09646624,0.0131988525390625,0
site6_709.png_X256_Y0,13.337639892147827,273.8917403012149,0.09843539155316378,0.011528755548522444,0.9451128167058298,4.7065125,0.16007079,-0.13886824,0.1672210693359375,1
site6_709.png_X0_Y256,12.976045316217446,213.2930310757934,0.09942836074595443,0.012602021185170061,0.930397176249737,1.2852325,0.17530844,-0.16711009,0.0,0
site6_709.png_X256_Y256,13.06252089702494,191.25618346910284,0.10560621720527039,0.011962942389469976,0.9533470835661115,1.4284668,0.17490481,-0.16571987,0.01153564453125,0
site6_714.png_X0_Y0,13.184595474641473,187.338435667776,0.11827113380282601,0.011726925231801315,0.9699502939632781,-0.57611084,0.15071623,-0.15880188,0.0,0
site6_714.png_X256_Y0,13.186896865160133,204.9260417117216,0.11134291465270668,0.011968212339115637,0.960080932767964,18.996094,0.15894791,-0.09792482,0.0,0
site6_714.png_X0_Y256,13.001949341251379,206.83188115748908,0.10017725789652686,0.01247091129831979,0.9382260605408599,3.2485962,0.16766623,-0.15563312,0.0,0
site6_714.png_X256_Y256,13.053133637657094,202.93874968461603,0.10640479792608452,0.01236126841238217,0.9539448338922749,9.877289,0.15179268,-0.11456357,0.0,0
site6_715.png_X0_Y0,12.379416756653857,164.4995214731222,0.14789192509058452,0.019165723773718626,0.9551120720647182,7.3868103,0.04936625,0.0014897005,0.06787109375,1
site6_715.png_X256_Y0,12.94853123661181,190.13344362745553,0.1149516007712339,0.012928974165738651,0.95333412431877,6.0651245,0.15591498,-0.14160144,0.0,0
site6_715.png_X0_Y256,12.961632421661964,198.3875317786549,0.12904966848351834,0.014373416912300312,0.9647884778766226,9.848114,0.09608824,-0.051173277,0.3793792724609375,1
site6_715.png_X256_Y256,13.389688854652404,251.62853312128124,0.10997463626554604,0.011549941183607321,0.962945240557641,-3.1447601,0.10246082,-0.12044619,0.2839813232421875,1
site6_726.png_X0_Y0,11.155559246852919,178.9245909776437,0.21180720578045645,0.0393057550245949,0.9147230397235769,9.348785,0.02487911,0.06579196,0.0,0
site6_726.png_X256_Y0,13.347111417131735,238.36470071607624,0.1036828637284147,0.01135660111551552,0.956794813065188,2.8842163,0.15885966,-0.14341179,0.448028564453125,2
site6_726.png_X0_Y256,12.863183714234705,266.57351697666525,0.13891630951227565,0.018101334217652344,0.954327477628126,4.598053,0.113537796,-0.0794781,0.0,0
site6_726.png_X256_Y256,13.382061160233413,286.16130819577614,0.10457791096877508,0.011250719183085716,0.9438480094189822,5.389282,0.14378697,-0.12146264,0.0001220703125,0
site6_727.png_X0_Y0,12.197041930879223,121.74789181144166,0.20823588776144747,0.023949309294805748,0.9764137333535469,-1.9204254,0.14026421,-0.14395681,0.3275604248046875,1
site6_727.png_X256_Y0,13.335107012238137,255.73820564807423,0.10733175571506562,0.01160194922730028,0.9523455336821406,-4.7047424,0.09384453,-0.11114865,0.689483642578125,2
site6_727.png_X0_Y256,12.797729531141428,163.28908061202375,0.15832586525201178,0.017271834463085403,0.967858736836688,-0.8500366,0.15556246,-0.15559778,0.531707763671875,2
site6_727.png_X256_Y256,13.18316172287355,222.49423542027716,0.11066472009489083,0.012153506770922072,0.95234092581224,2.1047668,0.14580019,-0.14234692,0.279144287109375,1
site6_743.png_X0_Y0,13.050734996137747,195.51158809112263,0.11651167206209317,0.012505561284259064,0.9563228165276052,3.2782745,0.15878516,-0.1413191,0.0,0
site6_743.png_X256_Y0,13.308664215758927,313.2585898302459,0.10694444515620502,0.012968708156722665,0.9461199867823809,7.1697235,0.11477475,-0.07736054,0.0,0
site6_743.png_X0_Y256,12.894610602940917,204.40895544983243,0.10446168153982907,0.01307087986265075,0.9302899133583503,10.246033,0.17371887,-0.13768631,0.0,0
site6_743.png_X256_Y256,13.154323147981836,270.69704885141687,0.10676179244101369,0.012400513081121096,0.936463588064369,-1.44664,0.16173658,-0.16745576,0.04638671875,0
site6_762.png_X0_Y0,13.061989057819936,224.35003753064717,0.1039997074775122,0.012610769494133648,0.9336043145785151,3.6117554,0.16443928,-0.1517972,0.0003662109375,0
site6_762.png_X256_Y0,13.206469426016087,229.84910369510038,0.11081533258198123,0.012187143873943682,0.9517886621226784,15.815826,0.13423456,-0.08292219,0.242950439453125,1
site6_762.png_X0_Y256,12.661097304987587,155.9653458405462,0.11528176339477772,0.014041850891604804,0.9412782466256787,10.862656,0.17605235,-0.135922,0.0,0
site6_762.png_X256_Y256,12.550077063572235,140.3025458507567,0.11819456358189295,0.01456636081019945,0.9428773253937665,17.009323,0.16133532,-0.099011056,0.0,0
site6_784.png_X0_Y0,13.075965188967846,230.86845073109745,0.11207709144460254,0.013079686853672147,0.9511144263735931,23.941223,0.101703994,-0.0060762465,0.0,0
site6_784.png_X256_Y0,13.326449998403941,273.2982796430565,0.11867211539364461,0.012111981276588836,0.957643264158708,3.97937,0.1272254,-0.11089815,0.0827484130859375,1
site6_784.png_X0_Y256,12.977468889506277,176.68270977509076,0.12259099369542793,0.012887062810018765,0.9634753503295024,21.658218,0.13428359,-0.062639944,0.0,0
site6_784.png_X256_Y256,12.633889907350149,148.67026989319245,0.1507214583604078,0.016176819119782714,0.9701368725591405,11.487961,0.10379867,-0.051621877,0.0,0
site6_795.png_X0_Y0,11.31869522403135,113.91136867431555,0.2206674397055939,0.034914299202073146,0.9666269382971945,11.196365,0.037928067,0.05479208,0.0,0
site6_795.png_X256_Y0,12.781090107955256,159.6899157175203,0.12198360921986665,0.014012676789689107,0.951067535420006,7.3364563,0.17536157,-0.14977172,0.00396728515625,0
site6_795.png_X0_Y256,12.162966928186924,128.91679774606558,0.16760806344633755,0.021284413804719966,0.9613539412808281,12.677856,0.09236947,-0.020496929,0.0,0
site6_795.png_X256_Y256,13.13289759587255,223.04800914913355,0.10120366042017215,0.012273790802643937,0.9418313047932265,8.945618,0.14689305,-0.11676194,0.1431121826171875,1
site6_796.png_X0_Y0,12.456936115259882,123.43344370254385,0.19149107009442434,0.019289830446726334,0.976861583522733,2.2059784,0.1406444,-0.1266168,0.13470458984375,1
site6_796.png_X256_Y0,12.989562339429195,165.45998999784268,0.12279430142538003,0.012647691712591627,0.9620984948725549,-0.14491272,0.1630752,-0.16217157,0.0,0
site6_796.png_X0_Y256,12.036093318868403,87.91542534722312,0.20983174914217637,0.022863517812075948,0.9795285270560292,7.0880585,0.15469846,-0.12382935,0.0263671875,0
site6_796.png_X256_Y256,12.790833632491099,159.5778016117659,0.11852583520422472,0.0135686183970299,0.9500406022689886,5.7121124,0.16434065,-0.14081961,0.0,0
site6_808.png_X0_Y0,13.258807092427954,291.2970431294425,0.09648164975835194,0.01165185083108495,0.9349332949197879,41.80504,0.08015363,0.11947474,0.0,0
site6_808.png_X256_Y0,13.07017847313524,273.88765647527845,0.12998839008701793,0.014265916442191492,0.9487373711724528,19.863876,0.096431844,-0.007890707,0.0,0
site6_808.png_X0_Y256,12.714356103434213,239.38718476669118,0.1517054573526115,0.019683183994457155,0.9595169298329472,19.114822,0.060627036,0.053201772,0.0836029052734375,1
site6_808.png_X256_Y256,11.739672250633745,128.94671966611196,0.291682133765139,0.044063179421121326,0.9882108761150074,1.2761688,0.1195913,-0.1085002,0.0,0
site6_820.png_X0_Y0,12.38204385875029,127.0501763744746,0.1301656407759999,0.01627212721822272,0.9407071229380287,8.776978,0.16221647,-0.12532458,0.0,0
site6_820.png_X256_Y0,12.551113135666021,115.1437023170185,0.14190482043018238,0.01554882819461451,0.9712453835019513,-0.4259796,0.17206801,-0.17187345,0.0,0
site6_820.png_X0_Y256,12.499669934125887,140.7139137591356,0.12472047949780365,0.01562114512055036,0.9405633541942078,-0.3348999,0.16490069,-0.16526753,0.0,0
site6_820.png_X256_Y256,12.365675343726933,92.64542450620112,0.17144425632082477,0.017112192381298696,0.9796160843988528,7.8354645,0.1384916,-0.10395474,0.0,0
site6_855.png_X0_Y0,12.449811716227408,147.46979303333597,0.14296824343898665,0.01808301212981861,0.9616714295601736,4.1851196,0.06769159,-0.04487892,0.0,0
site6_855.png_X256_Y0,12.57164726944768,172.57725934738255,0.14916891288956088,0.017429965330171014,0.9574534588336452,5.9559937,0.079663604,-0.043694403,0.00103759765625,0
site6_855.png_X0_Y256,12.464674397923375,137.0459798515092,0.14763316952734906,0.017316974405978874,0.9637582943412414,0.19500732,0.08816302,-0.08222288,0.0,0
site6_855.png_X256_Y256,12.411829738141142,102.09604102088409,0.18675661829541826,0.01756114817660665,0.9794789632433433,2.8446655,0.16655712,-0.15093023,0.0,0
site6_864.png_X0_Y0,10.451773484333915,94.88155472054561,0.24730182603877449,0.04517417539263302,0.9399368114431882,8.551422,0.010095527,0.07548585,0.0,0
site6_864.png_X256_Y0,13.00900537217714,228.63381719171804,0.12427731088557782,0.013489050903683516,0.9481020491770383,11.0425415,0.1386525,-0.07628425,0.0,0
site6_864.png_X0_Y256,12.741836188701864,262.92460728748244,0.13386372953032674,0.018510937193187218,0.9448539389825732,1.7991486,0.09872531,-0.07952139,0.0,0
site6_864.png_X256_Y256,13.674360726769379,409.8977015901377,0.0850924023257248,0.010443946083938878,0.9248605008177699,0.3391571,0.13741034,-0.13599575,0.481353759765625,2
site6_885.png_X0_Y0,12.350110005024964,110.60796097054202,0.15375498193104142,0.016644224909302383,0.9660091058408082,20.373611,0.10805446,-0.011620313,0.0,0
site6_885.png_X256_Y0,12.586717710458728,114.57174839605418,0.14310087606293276,0.014931147180361079,0.9677074747943235,24.471283,0.15880373,-0.07517354,0.0,0
site6_885.png_X0_Y256,12.646940578909774,110.05221146914855,0.16254360230402745,0.015378159735177954,0.9818613353815686,9.9058075,0.13048998,-0.10058248,0.026611328125,0
site6_885.png_X256_Y256,12.635694619844877,103.99368934124018,0.16143669374422182,0.015030645132625007,0.9802659074981634,15.04538,0.14007032,-0.07947992,0.0,0
site6_886.png_X0_Y0,12.442085344756933,135.4691896896643,0.158804572706517,0.018898557381412336,0.9719062603193911,10.742203,0.11850707,-0.06317594,0.0,0
site6_886.png_X256_Y0,12.575144537544332,153.80516638733098,0.14484982510170658,0.01715109470896866,0.9621003885864785,16.24936,0.12656197,-0.043592095,0.0,0
site6_886.png_X0_Y256,11.311486067734757,64.1582968840126,0.24920567909259958,0.0316997643408455,0.985406453130162,11.385223,0.027665328,0.055266786,0.0,0
site6_886.png_X256_Y256,10.973907352312349,86.63707151396527,0.23966969054107795,0.04287868322072014,0.9798240116196635,16.490906,0.019101458,0.100323975,0.0,0
site6_899.png_X0_Y0,13.366466098315756,343.783883557419,0.08700839743335063,0.011158831527548891,0.9099825442173138,8.007217,0.15045266,-0.11306797,0.0,0
site6_899.png_X256_Y0,12.376280728876232,174.7076873978836,0.22098450902049271,0.026446743574154268,0.9506197401050468,-0.19093323,0.16568159,-0.16241193,0.0,0
site6_899.png_X0_Y256,12.647505909257339,190.22055833394091,0.16799261370961863,0.018553352833286334,0.9600151407298589,9.593903,0.15126896,-0.101960376,0.0,0
site6_899.png_X256_Y256,12.11817392650252,131.0505117472893,0.23045398157761943,0.02358300368537683,0.9614995526853751,1.024643,0.16193935,-0.1562244,0.1046600341796875,1
site6_914.png_X0_Y0,12.837848110407613,178.69213899101578,0.11343468928777795,0.01339560585447821,0.9452166892094391,22.477737,0.15639047,-0.08780985,0.0,0
site6_914.png_X256_Y0,12.745660293121297,175.88665806121458,0.15634933118951272,0.01742485184585924,0.9699654006840416,7.0383606,0.12727775,-0.104538575,0.0,0
site6_914.png_X0_Y256,12.97790313022461,257.3797190533702,0.0901654113088991,0.012869805698781853,0.8942849324929297,43.086838,0.14040247,0.021115594,0.0,0
site6_914.png_X256_Y256,13.151548315646988,290.3338278847099,0.09113399986760247,0.011975208713004613,0.9011813975194807,30.768997,0.15021232,-0.039921418,0.0014190673828125,0
site6_915.png_X0_Y0,12.676556806483996,125.24973468738149,0.1463571271788962,0.014435292403767935,0.9716203580954098,2.922058,0.14675653,-0.12371539,0.0,0
site6_915.png_X256_Y0,12.533053609998468,107.16703215109621,0.15729406566195303,0.015306044420392644,0.9767857921599804,12.937759,0.14527346,-0.0821626,0.0,0
site6_915.png_X0_Y256,13.08880748524435,354.4750038146646,0.12999416612335346,0.017138220824693615,0.940266302316684,3.6887207,0.09541219,-0.07916667,0.3754730224609375,1
site6_915.png_X256_Y256,11.160150736400443,152.21629984562594,0.23100142640961374,0.03962726613297423,0.9436560227826014,1.919342,0.044999164,-0.032589998,0.21051025390625,1
site6_916.png_X0_Y0,12.405349474443526,137.2173955630066,0.132476586036853,0.015615820069883164,0.9471120933688542,22.781662,0.14215755,-0.04752318,0.0,0
site6_916.png_X256_Y0,12.65686307630815,185.5369768538569,0.1057461466138589,0.014063614262528364,0.9156386526275302,29.858948,0.15084359,-0.031795204,0.0,0
site6_916.png_X0_Y256,10.187904536720591,79.02837721669943,0.28328698337596964,0.05127572962530427,0.9505356998489057,1.1734467,0.03510796,-0.023802795,0.0319976806640625,0
site6_916.png_X256_Y256,9.697949331469905,59.59153386017848,0.3075409509435629,0.05878865460598445,0.9600434175871492,2.772232,0.033971295,-0.011121989,0.0,0
site6_917.png_X0_Y0,12.853872478914615,165.64649036728827,0.12066711750757847,0.013155824599060301,0.9568888436680577,7.7658997,0.16937661,-0.13558227,0.0,0
site6_917.png_X256_Y0,12.6721081450586,161.44338364451494,0.13302196325395862,0.015629029715685718,0.9607359394867881,8.339645,0.14721884,-0.109132245,0.0,0
site6_917.png_X0_Y256,11.77085720531055,167.22526215879566,0.19441863744190577,0.03068653573316288,0.9514166610387129,1.4206848,0.10123814,-0.09034611,0.0,0
site6_917.png_X256_Y256,12.487552152597715,147.63601750228537,0.14539771913211952,0.01660600611098232,0.9581990412632118,7.2374725,0.13965991,-0.109697,0.0,0
site6_920.png_X0_Y0,12.22871021873834,85.46726302684122,0.15270039954294443,0.016909218641328057,0.9684465105425885,2.902298,0.17760825,-0.16766983,0.0,0
site6_920.png_X256_Y0,12.853467934521653,137.95544032043392,0.13749331345214943,0.013421783134796323,0.9727626969393167,15.447388,0.17608777,-0.13198578,0.00823974609375,0
site6_920.png_X0_Y256,12.311200649742727,104.06777032872031,0.1381246148023337,0.016801601893773305,0.9609063234512653,1.9814606,0.16226383,-0.15323418,0.0,0
site6_920.png_X256_Y256,12.506267400222638,150.36860496864443,0.11521664505254045,0.01490517585837125,0.9304807472312745,12.656143,0.18122338,-0.13648105,0.0,0
site6_921.png_X0_Y0,13.215403350823209,219.63773785924354,0.1380900407208872,0.013783709667966984,0.9719916921889507,-1.2827454,0.14533128,-0.15646902,0.62451171875,2
site6_921.png_X256_Y0,13.475804503683818,305.39441179474863,0.1237957992956328,0.01198723603054561,0.960295743047799,-3.7993011,0.13465284,-0.14931901,0.619720458984375,2
site6_921.png_X0_Y256,13.04148003741613,223.1917792285535,0.10158368163881332,0.012452591776269395,0.9384519022066444,12.546707,0.16698097,-0.12094337,0.0,0
site6_921.png_X256_Y256,13.39413313857274,310.1544250108247,0.09628168935601417,0.011317064171089412,0.9375842364951793,8.551941,0.14427832,-0.10586126,0.0,0
site6_949.png_X0_Y0,12.833147372448204,253.0407273644787,0.09015156475036115,0.0135141690360576,0.8749002839882263,24.983215,0.1579456,-0.07282628,0.0,0
site6_949.png_X256_Y0,13.322076756471063,308.5507042814228,0.10455040067119102,0.014229578250926689,0.9423230952384438,21.725082,0.14271395,-0.061336376,0.245269775390625,1
site6_949.png_X0_Y256,12.762715861733767,206.87274650975985,0.09742973660638357,0.013816791804159408,0.905065576631362,16.269073,0.16948842,-0.11886459,0.0,0
site6_949.png_X256_Y256,13.716799864314133,455.4180127234607,0.10604041246831096,0.014138550854452755,0.9498670428908363,1.8949432,0.14697292,-0.13758492,0.716949462890625,2
site6_950.png_X0_Y0,13.913603070701928,557.2849712550302,0.09392688267228516,0.01368169631563155,0.9310362129470756,-7.673523,0.12692185,-0.15621686,1.0,2
site6_950.png_X256_Y0,13.921588082656687,567.6468045343208,0.0734577963630811,0.009433581743066917,0.9140019847558306,-7.9917603,0.097442105,-0.13108742,1.0,2
site6_950.png_X0_Y256,13.994049778179352,578.8839476403157,0.07667839103277077,0.010036586545574162,0.920049054512399,-8.252609,0.127761,-0.15855864,1.0,2
site6_950.png_X256_Y256,13.978098042854837,577.8834939686509,0.08487067451453809,0.010917574086977406,0.9229105332570217,-6.8309174,0.12869033,-0.15489219,1.0,2
site6_951.png_X0_Y0,13.770945841568494,553.787979938633,0.08238180854039634,0.010587121067625906,0.918933037635312,-7.6225433,0.07222063,-0.11002797,0.9983062744140625,2
site6_951.png_X256_Y0,13.270649551147724,425.60310857005595,0.11786418841233014,0.01411222742803039,0.9195499881172711,-5.822418,0.04209295,-0.07999077,0.8753662109375,2
site6_951.png_X0_Y256,14.065219263997818,663.0679076556901,0.0747718745301395,0.009756651818727119,0.9102459990200276,-6.9217377,0.13951223,-0.16485034,1.0,2
site6_951.png_X256_Y256,13.941201225228529,586.7510145587196,0.09167605302364536,0.010358871341193456,0.9260326156877117,-8.243256,0.09330544,-0.13209233,1.0,2
site6_952.png_X0_Y0,12.86212977992231,346.5095799993027,0.13589194019314002,0.017370890512830313,0.921655157462689,-1.541626,-0.024929589,0.0010079097,0.7914581298828125,2
site6_952.png_X256_Y0,12.701224308755272,294.66367414277624,0.15552115990588175,0.020017387006500895,0.9434880654929045,-2.8862305,0.0072485255,-0.025647283,0.5717010498046875,2
site6_952.png_X0_Y256,13.80407143583173,516.5637030228876,0.09568810878046435,0.012025199530756928,0.9311190777280725,-3.4617767,0.0534651,-0.07482462,1.0,2
site6_952.png_X256_Y256,13.875904601728205,567.902105320091,0.09324228976249348,0.010354792656665088,0.9255787718574628,-7.857712,0.07717377,-0.12040821,1.0,2
site6_953.png_X0_Y0,12.06452333581564,161.3593346309232,0.1893214747635379,0.024717556671350924,0.960013078688544,1.7168579,0.023496412,-0.00979827,0.1779327392578125,1
site6_953.png_X256_Y0,11.823330315270113,149.2564174986894,0.2170503035923493,0.03366664484837564,0.9775864849714393,10.256714,0.07704368,-0.032735612,0.0,0
site6_953.png_X0_Y256,12.646924096959308,156.34083970108222,0.1648534078667126,0.016531280492357536,0.9721996161374785,-6.6720734,0.10596135,-0.1321328,0.3752593994140625,1
site6_953.png_X256_Y256,12.280121342906208,216.2003563082751,0.11270964153012125,0.01813078330432773,0.8425185368175007,-6.1204376,0.2025321,-0.2156724,0.0,0
site6_954.png_X0_Y0,11.419675399584168,87.61944321295138,0.23299346537926538,0.03620150590875246,0.9824129280369396,2.8803253,0.09304793,-0.08821285,0.0,0
site6_954.png_X256_Y0,10.73583353902833,65.38331013012335,0.25608527026071576,0.04179346702094506,0.9761696435768257,-1.8681335,0.07058559,-0.08601721,0.0,0
site6_954.png_X0_Y256,11.563879538625564,108.05329237853405,0.15072453428791963,0.023271228378196143,0.879017671557771,-3.7861938,0.20009643,-0.2079601,0.0,0
site6_954.png_X256_Y256,11.832849821693554,113.33635437692442,0.15332306076114216,0.022300150526393333,0.9361397612429057,-0.5342102,0.18942982,-0.18896657,0.0,0
site6_955.png_X0_Y0,11.558223939611754,86.91642362613325,0.20856649644167868,0.029342098055973775,0.972788396936163,0.22587585,0.107148804,-0.10405943,0.0,0
site6_955.png_X256_Y0,11.07580616195576,62.39143011402001,0.23756462591562474,0.03514250181651954,0.979500421256824,5.9871216,0.07529562,-0.03491547,0.0,0
site6_955.png_X0_Y256,13.030014869253288,213.01660247862003,0.17493915845169272,0.021198018744070235,0.9758409480333405,2.395752,0.119595245,-0.11440818,0.4811859130859375,2
site6_955.png_X256_Y256,12.072752060749963,159.8404819360447,0.21983623545500786,0.026343260161220836,0.9667057204313474,3.129547,0.037714846,-0.021451086,0.348907470703125,1
site6_956.png_X0_Y0,12.08032377602288,113.43572135717302,0.16908447221695488,0.020389425921028215,0.9622976997211775,7.3588104,0.09869589,-0.05920224,0.0,0
site6_956.png_X256_Y0,12.749281908727301,219.7507789372067,0.12125681961766224,0.016118015035353477,0.9455677651098343,3.8435364,0.08200885,-0.0653563,0.0,0
site6_956.png_X0_Y256,11.487977465071765,106.40697353482432,0.23133283668104043,0.03340318399486444,0.9715885646858485,6.5901947,0.06422992,-0.017873581,0.1551971435546875,1
site6_956.png_X256_Y256,12.350851264473206,186.1226931498926,0.15280988920605182,0.019389935195069565,0.9558653613909639,1.4640656,0.026280692,-0.018683236,0.0482635498046875,0
site6_965.png_X0_Y0,9.596801902804588,25.820882518142312,0.2856562258213693,0.04577446768797851,0.908704492326545,-2.5091248,0.18036896,-0.18517374,0.0,0
site6_965.png_X256_Y0,11.772075853804111,173.612611916096,0.180555841955645,0.027092191316959623,0.9221216202192083,-1.5429993,0.17814404,-0.18175119,0.0,0
site6_965.png_X0_Y256,10.043517411695445,46.53771364979917,0.24466999189751865,0.03999252480299729,0.8556253593165549,-2.6747284,0.18059221,-0.18572885,0.0,0
site6_965.png_X256_Y256,13.28083982129947,363.6223819414495,0.09380007539898175,0.012582406034971254,0.8934450644444605,2.481369,0.18062833,-0.17278875,0.0,0
site6_966.png_X0_Y0,13.23412410141006,295.5627060806062,0.09233560780309315,0.012145149611062766,0.9158710454852075,20.426422,0.17837921,-0.1134227,0.0,0
site6_966.png_X256_Y0,13.053761759816076,224.7274365478509,0.11884925259510691,0.01289608330220983,0.9476496585033025,7.0804443,0.13154536,-0.09768732,0.0,0
site6_966.png_X0_Y256,13.660102250965373,391.2749085387931,0.09150657538601295,0.01038023906462249,0.9324946305367808,25.018478,0.13244109,-0.043575708,0.030181884765625,0
site6_966.png_X256_Y256,13.124240011836074,223.81517693015337,0.11161352373259822,0.012468062392374519,0.950878276549314,3.5840607,0.14496201,-0.12774137,0.0,0
site6_967.png_X0_Y0,13.121527674581083,261.63376315601204,0.10740417831629051,0.012294157375434633,0.9339036576018692,17.56813,0.1673613,-0.087049834,0.0,0
site6_967.png_X256_Y0,12.619696292063912,226.65752019957483,0.13393425662313393,0.017173223635644098,0.9311261095607815,15.550674,0.106034905,-0.018331107,0.0,0
site6_967.png_X0_Y256,12.852346567891969,263.99782395894294,0.13596922375641404,0.01662321166199678,0.9384843864045227,10.674835,0.13579556,-0.075046495,0.0,0
site6_967.png_X256_Y256,11.952738090964441,98.97520563004663,0.23057274612892886,0.023278666658999917,0.9873155228179606,1.7610321,0.10642233,-0.07635096,0.0,0
site6_968.png_X0_Y0,12.291926808630876,164.0708462340255,0.2118392664548215,0.021978224170152907,0.9585754134283953,-0.3026886,0.16081949,-0.15630323,0.0,0
site6_968.png_X256_Y0,13.37766549594547,286.8841413158495,0.11170447306867189,0.01155694585173725,0.9483810158570022,5.216934,0.13394472,-0.109951854,0.0,0
site6_968.png_X0_Y256,12.975370029320477,212.93766210713375,0.1504403458789186,0.014575468247841356,0.9606433608580878,7.4117737,0.13662395,-0.10254422,0.00830078125,0
site6_968.png_X256_Y256,12.972635937466688,201.66876196956713,0.1104433362048658,0.012839349305727126,0.9478883267729808,11.7582855,0.16302258,-0.11367648,0.0,0
site6_984.png_X0_Y0,12.955923692797276,227.19162562177047,0.12196500215337326,0.01361756375871275,0.9456324607236775,12.477921,0.14082982,-0.10755428,0.120941162109375,1
site6_984.png_X256_Y0,13.86538626006725,525.3272528444354,0.08376739057486872,0.011295896569195378,0.9200503118732237,-5.3670807,0.1453999,-0.1639979,0.998931884765625,2
site6_984.png_X0_Y256,12.473729310130272,163.46360190492683,0.14956827934676425,0.016775538265542643,0.9517852066285536,-6.4605103,0.11505658,-0.14888251,4.57763671875e-05,0
site6_984.png_X256_Y256,12.883439720921043,205.57548943015354,0.14835144226709984,0.015260301779429612,0.9474484274520636,-7.303406,0.17650625,-0.19761954,0.14825439453125,1
site6_985.png_X0_Y0,13.403791217345248,404.16578943493647,0.102824089253427,0.01635222464332992,0.9320634363348193,-4.5295563,0.14815931,-0.16216667,1.0,2
site6_985.png_X256_Y0,13.706237718758452,508.69852585240744,0.09557204147889041,0.013996376680261043,0.9297370563220024,-4.0882874,0.14954594,-0.16433203,1.0,2
site6_985.png_X0_Y256,11.996836594651578,149.87237775134793,0.16733152588613848,0.0242986168732847,0.9256874417670042,-4.8418274,0.17804325,-0.18805513,0.280792236328125,1
site6_985.png_X256_Y256,12.628166634357733,197.28145725201708,0.1566414233585149,0.022373219104141216,0.9545039839812768,-6.202133,0.1705634,-0.18674454,0.377899169921875,1
site6_986.png_X0_Y0,12.870397314933939,330.90880968255783,0.19924112699741361,0.04607652087730963,0.9699273724614617,-6.868271,0.111213535,-0.1400593,1.0,2
site6_986.png_X256_Y0,13.649944210260342,455.9091924379944,0.12106324025342181,0.02056105619907367,0.9501900359554643,-7.236618,0.12821604,-0.15910468,1.0,2
site6_986.png_X0_Y256,12.19947892825736,184.880620284278,0.2029754881614193,0.034369249283816294,0.9808577265428505,-7.1614685,0.13295849,-0.1612668,0.521087646484375,2
site6_986.png_X256_Y256,13.231575729066591,323.2530444270199,0.1581972339250269,0.02316892307891176,0.9656702046407254,-5.9310303,0.123798236,-0.15052119,0.8678741455078125,2
site6_987.png_X0_Y0,13.790402059651683,432.210534079442,0.10021838402153499,0.010487061843592351,0.9420441019962376,-5.1795197,0.085918695,-0.11228548,1.0,2
site6_987.png_X256_Y0,13.405498043726197,366.6785916174247,0.11714651166656125,0.011749597292730927,0.928638247810333,-7.8084717,0.04283067,-0.08453217,0.9945526123046875,2
site6_987.png_X0_Y256,13.12477567206831,285.59151728000234,0.16773501471053842,0.024117970848567587,0.9669170341450585,-5.5923157,0.13813606,-0.16221651,1.0,2
site6_987.png_X256_Y256,13.3697654896032,373.44745374376805,0.1448511265015876,0.024465080571981088,0.956751093501623,-5.1665955,0.08550596,-0.1164479,0.94970703125,2
site6_989.png_X0_Y0,11.53938800641747,142.241290263964,0.14014810178536768,0.024089878354195245,0.8118846308007068,-6.392746,0.1920474,-0.2051526,0.0,0
site6_989.png_X256_Y0,12.22820309393274,193.0842572117734,0.12826851913313064,0.019424984995738977,0.8807151758302955,-6.475998,0.19701348,-0.21130031,0.0,0
site6_989.png_X0_Y256,11.406962149068049,131.2747035094718,0.13990097594477566,0.02510798986440354,0.8141506119910266,-5.2187805,0.1926004,-0.20315088,0.0,0
site6_989.png_X256_Y256,12.401050079257992,216.56006056865743,0.11696379683808708,0.017951316561392247,0.8807979213098366,-5.5469055,0.19357078,-0.20613316,0.0021820068359375,0
site6_990.png_X0_Y0,12.400665696247204,209.66584387614802,0.24076965415961904,0.03782237946484711,0.9667976545348355,-5.9088745,0.13675892,-0.15332027,1.0,2
site6_990.png_X256_Y0,12.721458667813632,281.38760192893733,0.20155149455128896,0.04746361709657029,0.9663243199899303,-5.708954,0.118751615,-0.13915849,1.0,2
site6_990.png_X0_Y256,12.146324063202137,168.08490296700418,0.260429768761195,0.06243770457378184,0.979566539637105,-4.8531036,0.14403701,-0.15941209,0.8527374267578125,2
site6_990.png_X256_Y256,12.387599679228755,244.2330546844881,0.22806858518495574,0.07052161772319177,0.9719389721889561,-3.8128967,0.13720801,-0.15121926,1.0,2
site6_991.png_X0_Y0,13.18140266307331,297.93426440551974,0.1665200562942301,0.019408251480929166,0.9594916021296728,-4.9694366,0.07398848,-0.095986724,1.0,2
site6_991.png_X256_Y0,12.794030328313493,250.5349452884901,0.167839989169497,0.017215773614043216,0.961892012674566,-0.7461548,0.05352494,-0.058996733,0.459503173828125,2
site6_991.png_X0_Y256,13.225156847801099,285.9904184087854,0.16174694440581,0.021875415520171564,0.9655632765517159,-5.6740875,0.11881012,-0.13983433,0.8446807861328125,2
site6_991.png_X256_Y256,12.924291309732448,218.50017431698006,0.14842151798774114,0.01647058208280325,0.9669289698464256,1.0926056,0.09253996,-0.08821075,0.0666351318359375,1
site6_1000.png_X0_Y0,11.348732918589855,74.45992454825222,0.22216754641382735,0.027098751380446935,0.9443156491228427,-1.2556458,0.18954955,-0.19215074,0.0,0
site6_1000.png_X256_Y0,13.27478675192249,288.53718072677725,0.09420378789196505,0.0117949395346826,0.9231920965588518,24.073105,0.16599828,-0.07953999,0.0,0
site6_1000.png_X0_Y256,12.740420775794473,158.1044862102382,0.1256028846764191,0.014647396982013746,0.9504835239099494,6.601059,0.18966219,-0.16171417,0.0,0
site6_1000.png_X256_Y256,12.612059167649281,140.97810604695587,0.13037313924923646,0.014975476570964206,0.9547643974856359,33.38324,0.16974781,-0.051329624,0.0,0
site6_1001.png_X0_Y0,13.523888611018489,415.5386676398697,0.11262372406930521,0.013638499356319278,0.9504136398121316,3.1024017,0.10008718,-0.10730493,0.8196258544921875,2
site6_1001.png_X256_Y0,12.80436638122722,225.75980522815593,0.15148441023327955,0.016457180156324955,0.9681030631978711,-5.253357,0.12277001,-0.15274984,0.3132171630859375,1
site6_1001.png_X0_Y256,13.46900709416856,286.43299522720275,0.11429622701490849,0.012043399978765261,0.9647566913035455,5.7870483,0.0901271,-0.090356305,0.498321533203125,2
site6_1001.png_X256_Y256,12.883035910876888,232.21762744497505,0.15756139666027458,0.01575772360568771,0.9655656444528196,-6.726654,0.12414795,-0.15556812,0.2632904052734375,1
site6_1002.png_X0_Y0,11.835766470735232,107.25340931072058,0.20679728924239185,0.026120099896757225,0.9780833494536585,-1.8156891,0.16781028,-0.1681629,0.0,0
site6_1002.png_X256_Y0,13.012453734435688,258.67475676422157,0.15633888829318554,0.01936550500042682,0.9550085208419269,-1.5228577,0.13907047,-0.13796982,0.4255828857421875,2
site6_1002.png_X0_Y256,12.764991058213557,185.5842164822486,0.16620781618971966,0.01795877779461864,0.97000718475235,-4.0724487,0.13681722,-0.15041302,0.3067626953125,1
site6_1002.png_X256_Y256,13.649172275175701,319.0378449544603,0.09945806664095513,0.011236029644029633,0.95422908287691,-5.4142303,0.12252733,-0.13938433,0.8618316650390625,2
site6_1003.png_X0_Y0,13.329154331627036,266.5910975195938,0.10720312988585147,0.011645833186068799,0.948467702211425,-0.3935852,0.13208465,-0.13271406,0.097320556640625,1
site6_1003.png_X256_Y0,12.666502377687955,155.69289969604108,0.12186000497818653,0.014565961484781377,0.9458701293146122,8.642136,0.15435097,-0.11632437,0.04296875,0
site6_1003.png_X0_Y256,13.081379309391263,221.3646397569513,0.10695207045311068,0.012732597306595934,0.9400745373926207,10.208237,0.16372189,-0.12262365,0.1078948974609375,1
site6_1003.png_X256_Y256,12.834579166694471,157.7225915363162,0.11704126225725503,0.013766056197195483,0.956153803442783,22.138794,0.15182325,-0.058781687,0.0833892822265625,1
site6_1004.png_X0_Y0,12.885500647884797,162.61885470733216,0.1233153116042237,0.013461157810511756,0.95978088560642,9.387497,0.12779526,-0.085633606,0.1181182861328125,1
site6_1004.png_X256_Y0,12.758355719399072,173.376547046219,0.11367956584288896,0.014448802556009372,0.9439771571506358,16.990753,0.1513703,-0.08665632,0.0847625732421875,1
site6_1004.png_X0_Y256,12.790421461722698,168.18785253869532,0.11565951082776461,0.014333181437224226,0.9490138180209923,20.054367,0.14819911,-0.07090468,0.04815673828125,0
site6_1004.png_X256_Y256,12.579233877293133,141.35539917039506,0.11991944926155715,0.014997817553911299,0.9433140406437655,14.704117,0.15575501,-0.102810495,0.0,0
site6_1005.png_X0_Y0,12.809925510158536,179.5302153318564,0.14143482863609766,0.015208574379913407,0.9648177169996751,0.86390686,0.06655311,-0.06054543,0.1645965576171875,1
site6_1005.png_X256_Y0,12.59911059626124,191.70666597583374,0.12674067836354613,0.01598572943611381,0.9363963552047472,2.2851868,0.1339901,-0.12206692,0.0,0
site6_1005.png_X0_Y256,12.757346024984171,201.43671760861633,0.10330930566568074,0.014241196401474993,0.9131049291946327,0.28004456,0.15177453,-0.15080817,0.0,0
site6_1005.png_X256_Y256,12.696725467602025,197.8611073265189,0.12929142817841743,0.015946853937201383,0.9475732525505727,6.4813538,0.12871051,-0.09997664,0.0,0
site6_1018.png_X0_Y0,12.365389249881176,149.69811270004533,0.11136400281397077,0.015671472413611765,0.9093771983301308,42.764496,0.14430827,0.009262452,0.0,0
site6_1018.png_X256_Y0,12.365786997822752,157.91016754373834,0.12114427212614715,0.015984609783453296,0.9091883853844012,25.539017,0.1334805,-0.03062572,0.0,0
site6_1018.png_X0_Y256,11.728902783011833,77.74122924476407,0.1939409589084381,0.02301959988779336,0.9712352578368384,9.181931,0.09531547,-0.054308586,0.0,0
site6_1018.png_X256_Y256,12.69139741339382,153.69830419791194,0.18812946466916358,0.022740186397515134,0.982027588977599,-2.2795105,0.118225105,-0.119508125,0.2287445068359375,1
site6_1019.png_X0_Y0,12.963023980752338,206.72525176615443,0.13330137232145012,0.014541672712008777,0.9627780124245404,-4.7467346,0.13071965,-0.14753523,0.22039794921875,1
site6_1019.png_X256_Y0,12.275904995009782,163.81875010512806,0.15255001799426077,0.020005681301319946,0.9636704355760989,-7.9251404,0.17275578,-0.19741222,0.0,0
site6_1019.png_X0_Y256,12.990131975681825,259.8886084078433,0.15658669644068962,0.017695219155004563,0.9723438458918432,-14.465134,0.06376234,-0.1563555,0.541748046875,2
site6_1019.png_X256_Y256,12.996387999129684,227.03298867924246,0.11561370817071652,0.013559193223786061,0.937337216511153,-10.300201,0.14963074,-0.1904926,0.0,0
site6_1023.png_X0_Y0,6.88135681432939,2.0929960081459065,0.5858276626014222,0.11173927587635415,0.9730350065769746,7.33284,0.23015593,-0.2125797,0.0,0
site6_1023.png_X256_Y0,10.293412692575842,72.03909280685522,0.40039270273759764,0.06560937502406625,0.9782300542831992,4.456253,0.19510345,-0.18516287,0.0,0
site6_1023.png_X0_Y256,10.659878280842436,53.82208420439434,0.3402844894884839,0.04172452102271401,0.9818024819964737,0.31266785,0.1361668,-0.14047782,0.09478759765625,1
site6_1023.png_X256_Y256,10.658483695777328,97.625685058041,0.33102403740270364,0.050418549336225804,0.9696733565352569,0.67607117,0.14101775,-0.13820395,0.0478668212890625,0
site6_1035.png_X0_Y0,12.999299194672748,193.07389027057192,0.1262384917752918,0.013364647402733984,0.9627418941631656,9.037903,0.18587828,-0.15243025,0.0,0
site6_1035.png_X256_Y0,13.00799559673841,193.3112207294114,0.11542419700027814,0.012629200948527854,0.954150127652282,26.833572,0.15587899,-0.03766667,0.0,0
site6_1035.png_X0_Y256,13.076409587540144,232.37139049584562,0.09956775480298222,0.012408941518601016,0.9357149693357074,35.68097,0.1660194,-0.039738722,0.0,0
site6_1035.png_X256_Y256,13.505692101748604,347.2442836289092,0.09289610529977936,0.010855101156960279,0.9386606652171006,23.76233,0.13373949,-0.030001473,0.0637359619140625,1
site6_1036.png_X0_Y0,13.124248773865265,246.23822436082747,0.11115983069389318,0.012148012295698164,0.9424557302763741,22.454468,0.14028022,-0.04652418,0.0,0
site6_1036.png_X256_Y0,12.886244279637832,183.44101436346875,0.15609625009664205,0.014737935445306067,0.9701212437404408,3.6305847,0.14852086,-0.12893973,0.0,0
site6_1036.png_X0_Y256,12.545686582250875,160.19558913638946,0.158892099100026,0.017837891729448538,0.9673465710637053,5.948807,0.15104935,-0.12083408,0.0,0
site6_1036.png_X256_Y256,12.769611868711763,258.3053463061214,0.1283791199008502,0.017679574458254414,0.9408452255240088,9.836792,0.087946504,-0.0248086,0.0,0
site6_1037.png_X0_Y0,13.18056896137492,239.33757087118966,0.11244832602337648,0.012502717705142212,0.9516344742281833,0.5013428,0.10998132,-0.09771612,0.4604949951171875,2
site6_1037.png_X256_Y0,12.806702239602602,159.61178176663867,0.1346447788400056,0.014061566087071565,0.9638897143003614,8.369568,0.14289373,-0.10162887,0.172760009765625,1
site6_1037.png_X0_Y256,13.040671907918032,283.71203302217157,0.09963154312109251,0.013336460829173231,0.924261015474353,18.667496,0.11334592,-0.014235483,0.0,0
site6_1037.png_X256_Y256,12.628578157206768,145.73015353170425,0.14257210297685563,0.015572643293238857,0.9634926162607844,10.474396,0.13420844,-0.07981463,0.0,0
site6_1093.png_X0_Y0,13.086257387213394,226.9049769169389,0.13930184722761355,0.014318501386502171,0.9640917718772907,-8.2885895,0.112324566,-0.15109715,0.0,0
site6_1093.png_X256_Y0,12.74047630848095,250.8633585640369,0.12281775538599678,0.014761425913465555,0.9137541802320674,-11.032608,0.057561323,-0.1157801,0.0,0
site6_1093.png_X0_Y256,12.936993324001266,165.7809251249517,0.15789629572310612,0.014983905830774217,0.974648859073845,-4.050705,0.13919203,-0.15896131,0.000244140625,0
site6_1093.png_X256_Y256,13.126247834529485,241.91239898718206,0.12474184555257695,0.01398080580595296,0.9598068030821527,-10.3591,0.099029645,-0.15641783,0.0429229736328125,0
site6_1140.png_X0_Y0,12.197844846953531,112.24268516015258,0.17406733373778155,0.02311565217672071,0.9815019281040638,3.7411957,0.15501776,-0.1351789,0.0,0
site6_1140.png_X256_Y0,12.047860836530976,162.23056871156518,0.17387955998457,0.025781387245997024,0.9578255327080999,14.118408,0.052995387,0.04190444,0.0,0
site6_1140.png_X0_Y256,13.127935520834594,214.0451792880176,0.12279381775326942,0.012417828441411372,0.9629371838793674,10.097412,0.13791597,-0.09250523,0.0681304931640625,1
site6_1140.png_X256_Y256,12.707957622937391,282.5963074899272,0.12687007192993394,0.017854075669038814,0.926295299568981,12.791306,0.10419059,-0.027474003,0.003082275390625,0
site9_6.png_X0_Y0,13.447919353955996,1361.4002640211145,0.11432009180066945,0.07737911094130387,0.670565621178843,-2.9954834,0.1530253,-0.16822802,0.0,0
site9_6.png_X256_Y0,11.732545247580529,353.54111357409874,0.21462741776443678,0.12220438771163203,0.9468823536325416,2.5154877,0.14178315,-0.13694109,0.0,0
site9_6.png_X0_Y256,14.02804922326547,1332.8823213128053,0.04111069276836235,0.00868673899318795,0.544255838730998,-0.45906067,0.1687411,-0.17082055,0.0,0
site9_6.png_X256_Y256,12.06254165422826,230.97618597714978,0.12297639882185518,0.021625546446506043,0.8625743986216086,5.199829,0.15869583,-0.14857668,1.52587890625e-05,0
site9_7.png_X0_Y0,10.79358336248162,637.9455090440181,0.31312459044565555,0.26607520910401833,0.9287148286384994,0.6521759,0.12978968,-0.12874794,0.089691162109375,1
site9_7.png_X256_Y0,6.4592258706993695,432.8720051783711,0.6157220732319477,0.5917399733177154,0.9438310801267089,5.0575867,0.06487776,-0.041086975,0.0362091064453125,0
site9_7.png_X0_Y256,14.199331939596734,1194.3448852455408,0.07053882994531899,0.009950903217218306,0.7665054475598827,4.8936157,0.14060956,-0.11814943,0.8188629150390625,2
site9_7.png_X256_Y256,14.32515463210229,1285.365457381326,0.06390672690366485,0.00979755265199022,0.8066229449524813,22.412231,0.09140932,0.035467457,0.67608642578125,2
site9_17.png_X0_Y0,13.127062262379571,520.0442556048196,0.08866078200490313,0.013454085543477878,0.8004882626953733,4.301285,0.18073225,-0.16747257,0.0,0
site9_17.png_X256_Y0,13.751447856860398,917.9120462082363,0.08161976321918499,0.010860538966535545,0.7480684666137394,0.6735382,0.18212187,-0.18285167,0.3265228271484375,1
site9_17.png_X0_Y256,12.094651039503653,260.71887642373383,0.09920982777863029,0.017903830507188006,0.6794875102159428,5.422348,0.19335586,-0.17935881,0.0,0
site9_17.png_X256_Y256,14.233978797995887,1413.2757305334246,0.05825795196554029,0.00835576820932004,0.6733916100351589,0.2984314,0.18656203,-0.19019133,0.2723388671875,1
site9_18.png_X0_Y0,14.443013045857114,1483.9155856372108,0.04938014910515008,0.00776911629185504,0.7011736684949186,5.70755,0.13721584,-0.10707623,0.5659332275390625,2
site9_18.png_X256_Y0,14.511935608662458,1443.4871026169146,0.06037538855479611,0.008122055750671093,0.775940510960946,10.536652,0.11413401,-0.058026124,0.8712005615234375,2
site9_18.png_X0_Y256,14.296369047127614,1238.7607013829204,0.08828243230249204,0.009107736974412159,0.8356147276035624,7.664459,0.12875122,-0.08514836,0.944091796875,2
site9_18.png_X256_Y256,14.37288374141621,1294.9550886829556,0.05013918904621395,0.007777308908640924,0.7587507909337347,14.947205,0.13319379,-0.049595196,0.1104583740234375,1
site9_19.png_X0_Y0,14.319717647539616,1309.1801755185095,0.04881215614481342,0.007888738332646595,0.7169536779134427,12.770233,0.13937254,-0.062186707,0.000885009765625,0
site9_19.png_X256_Y0,14.271651604862807,1162.6608083129365,0.06810415841547882,0.00838554802870322,0.7752340372915549,3.1487885,0.1525558,-0.1331442,0.80059814453125,2
site9_19.png_X0_Y256,14.448293385479761,1531.4163420771288,0.059828764502675186,0.00807395069393288,0.7331304007492386,5.0804596,0.1555104,-0.11621374,0.565155029296875,2
site9_19.png_X256_Y256,14.36768537034705,1316.0881265469443,0.0750337794110025,0.008063541472930171,0.8082949868899877,2.4766388,0.1526961,-0.14813441,1.0,2
site9_20.png_X0_Y0,14.379455108856396,1369.0792900868264,0.08196592773138568,0.008127187073092233,0.8070695225532927,1.5984039,0.15665431,-0.15759319,1.0,2
site9_20.png_X256_Y0,14.316087661575786,1315.6975764580156,0.082862357376097,0.00858243567768668,0.7870148671017889,2.2243958,0.17379136,-0.1734604,1.0,2
site9_20.png_X0_Y256,14.43415082077544,1445.2458556205415,0.06713822399681244,0.007845132753208165,0.7574898089555682,2.7580566,0.13998915,-0.13512158,1.0,2
site9_20.png_X256_Y256,14.250382546442848,1261.8613746516362,0.09179393888591447,0.008806642185314429,0.7944107741780665,2.8947144,0.17748003,-0.17336126,1.0,2
site9_28.png_X0_Y0,13.74204991248213,981.1453626760605,0.062289837924211965,0.010015862929778609,0.6499153866307766,5.1645813,0.18166314,-0.1669033,0.1441802978515625,1
site9_28.png_X256_Y0,14.1728176027597,1357.101208159313,0.053856325681020494,0.01087066260462146,0.7159800799388564,3.0901184,0.1807389,-0.16629273,0.2385101318359375,1
site9_28.png_X0_Y256,14.264745828848547,1460.4749249688855,0.0493466073856694,0.008134021544316137,0.6567995815826719,3.326538,0.1819271,-0.17094973,0.495574951171875,2
site9_28.png_X256_Y256,14.304458208735571,1268.383182985576,0.061783650307159155,0.008122879877703179,0.7491482759529577,9.103607,0.13434789,-0.11058009,0.5673980712890625,2
site9_29.png_X0_Y0,14.276830679064467,1168.0402949737243,0.07742266867798281,0.008422529900776046,0.8206665992529333,6.5979004,0.13365163,-0.105350226,0.7239227294921875,2
site9_29.png_X256_Y0,14.39565641889477,1254.3763192042136,0.07275734362783136,0.0079495301608296,0.809464993751658,1.40065,0.15939191,-0.1584576,0.6808929443359375,2
site9_29.png_X0_Y256,14.218723116421636,1246.5460761035806,0.08321935362951156,0.009098447344959574,0.7792113479005333,2.176117,0.14115587,-0.13759145,0.9692840576171875,2
site9_29.png_X256_Y256,13.572306150625245,704.7931023825347,0.09806253450185287,0.011381654150936015,0.8109369416014499,5.444031,0.1582002,-0.14579642,0.5142364501953125,2
site9_30.png_X0_Y0,14.236554723491713,1221.6224654580183,0.08138435603228797,0.008726957256040207,0.7901003603153431,2.013382,0.13972065,-0.1386193,1.0,2
site9_30.png_X256_Y0,14.179469180674541,1076.5315223562957,0.09459931598556212,0.008767049225553068,0.8493429009292367,-3.232788,0.17639922,-0.19766021,1.0,2
site9_30.png_X0_Y256,13.754840612010415,912.2137876658321,0.0979558154354076,0.010989808318410267,0.8079046301317462,5.7983856,0.13496058,-0.12188035,0.715057373046875,2
site9_30.png_X256_Y256,12.895493153379386,614.1030780529285,0.11734727169090146,0.019579186273372053,0.859775893540274,5.310669,0.16029479,-0.1529649,0.4528045654296875,2
site9_31.png_X0_Y0,14.446454591280327,1486.1919992612443,0.07291659918127863,0.007809087844356988,0.7809371385710555,0.00050354004,0.18095458,-0.18620858,1.0,2
site9_31.png_X256_Y0,14.001228317041544,1149.0901203564301,0.11591386464832194,0.017029018111064637,0.8087355281339025,0.5540314,0.19607025,-0.20167598,1.0,2
site9_31.png_X0_Y256,14.290752079343246,1387.1493628803753,0.07205815231891767,0.008609440964063034,0.7452848968917489,0.88308716,0.17198947,-0.1743516,0.9041595458984375,2
site9_31.png_X256_Y256,12.902716049096949,628.4913899702503,0.11716588352778236,0.017766496254599654,0.8030172194117288,3.951004,0.17191595,-0.16579579,0.4061431884765625,2
site9_32.png_X0_Y0,14.084436632344174,981.6575298262998,0.08963423516763797,0.009092020953462326,0.8507947679696948,24.91008,0.05957177,-0.0030410471,0.9276275634765625,2
site9_32.png_X256_Y0,14.085850192862482,1081.7751928345283,0.07976103362070941,0.009217166662891829,0.7731381062365383,1.2482147,0.17080837,-0.17110832,0.88250732421875,2
site9_32.png_X0_Y256,12.828263930416664,493.07843222860583,0.12593340827697028,0.01814319138776427,0.8995726964833421,9.572327,0.13091631,-0.10974769,0.402008056640625,2
site9_32.png_X256_Y256,12.255752896441962,301.6142814813028,0.13483735440712083,0.018972439572061083,0.8050939057704728,5.5085754,0.17502956,-0.16068138,0.1764373779296875,1
site9_37.png_X0_Y0,13.085042193601145,482.0749914696353,0.06824306855039748,0.013286585398480816,0.7796919164620603,6.0244904,0.15941581,-0.13773735,0.0,0
site9_37.png_X256_Y0,12.900679597143087,479.7077336090697,0.07863400149658886,0.01621109796301435,0.8244288214663437,10.339066,0.14906242,-0.105789945,0.0,0
site9_37.png_X0_Y256,13.090926837925682,387.54476529460703,0.08516837929554477,0.01257408244193801,0.8503519031330855,4.4837036,0.17387742,-0.15698579,0.1699676513671875,1
site9_37.png_X256_Y256,13.108855683736254,439.96998792533736,0.07993220262020256,0.012801220273204192,0.8200001300119331,6.56839,0.17177768,-0.14441213,0.18280029296875,1
site9_39.png_X0_Y0,13.681160065143436,902.6030686515252,0.06492182526354655,0.010629874999554033,0.6701589979120822,4.2018585,0.17550668,-0.16316472,0.354949951171875,1
site9_39.png_X256_Y0,13.881717125624538,836.4978040447456,0.09013924602994194,0.009734498325020421,0.8386383172252587,2.9884033,0.14616165,-0.13864881,0.60614013671875,2
site9_39.png_X0_Y256,12.335658840160523,361.78694280746333,0.08515506323495142,0.016590840089453537,0.576726541209001,5.7116394,0.18903178,-0.17365514,0.0,0
site9_39.png_X256_Y256,12.258443250263845,237.1190278228372,0.11753110593211574,0.016746329738251842,0.8038507796267109,6.3874664,0.18407151,-0.168587,0.0,0
site9_40.png_X0_Y0,11.779908523302389,218.94158729515914,0.1319116979308282,0.021774516817026576,0.8295048896028617,9.344101,0.1596089,-0.13883752,0.0963287353515625,1
site9_40.png_X256_Y0,11.958159108642718,205.77047094267098,0.12422505586713878,0.019518660210052528,0.7763554916257585,9.585175,0.18863323,-0.16448662,0.0,0
site9_40.png_X0_Y256,12.131169244319754,284.55122861400446,0.10593136499918425,0.018194518767073124,0.7199622769019626,9.185165,0.17438862,-0.15223876,0.04461669921875,0
site9_40.png_X256_Y256,13.781498163982251,1014.2030352058733,0.07658088397473019,0.010492857130661198,0.7095200297337543,6.87059,0.17619336,-0.15940703,0.4726715087890625,2
site9_41.png_X0_Y0,12.414731863780307,381.053275452967,0.13878681344666535,0.019101867169798836,0.7754049682403127,6.824646,0.2000277,-0.18204352,0.13592529296875,1
site9_41.png_X256_Y0,12.252997127280148,314.5225296460568,0.10766694298780678,0.017478354836680504,0.7025761873936194,8.5390625,0.18392569,-0.16206498,0.01300048828125,0
site9_41.png_X0_Y256,14.13771773212869,1276.4882139982528,0.08836888887376534,0.009387610379332332,0.7722061570448301,0.2447052,0.21578844,-0.22356446,0.996978759765625,2
site9_41.png_X256_Y256,13.645505900053406,916.3727658833341,0.09367133454932561,0.011537761568313596,0.7512609729990924,3.2530823,0.19497976,-0.18930587,0.7378082275390625,2
site9_47.png_X0_Y0,14.067041599295068,910.2737882515306,0.0841567879459503,0.009090031634883361,0.8772260341832111,6.1324005,0.10692063,-0.0829044,0.5131988525390625,2
site9_47.png_X256_Y0,13.289215831244576,650.0395338181346,0.08523426342542006,0.01397652561571098,0.8150985367760548,3.6990662,0.1580598,-0.14609313,0.30657958984375,1
site9_47.png_X0_Y256,13.670383574888923,889.1003303116679,0.14253780981980368,0.012694912900818455,0.8858234485200953,0.589798,0.15188108,-0.16323054,0.9734649658203125,2
site9_47.png_X256_Y256,13.887883321439645,894.1011607464905,0.10833270021005491,0.01007466265993903,0.8454389407878788,-0.8832092,0.17199972,-0.18339945,0.9408721923828125,2
site9_48.png_X0_Y0,13.408413043685988,519.7703392625664,0.09529817168977803,0.012003531475623172,0.9103282309227204,3.0290833,0.14208756,-0.13526054,0.4150390625,2
site9_48.png_X256_Y0,12.45512151337104,359.64271573735226,0.08443963503246113,0.016312699519933305,0.6904909105855968,6.061371,0.17412624,-0.15862286,0.00836181640625,0
site9_48.png_X0_Y256,12.725028705117685,378.35589875289924,0.0948460868621249,0.014975447346987676,0.7758124188468487,4.844986,0.17290285,-0.16134366,0.0,0
site9_48.png_X256_Y256,12.451550067869022,397.2270560751957,0.07495733974913425,0.015620395674396294,0.5576899856910197,5.2621155,0.18002234,-0.16610199,0.0,0
site9_49.png_X0_Y0,11.550517993041463,173.20502692774707,0.11193855200156913,0.02198156495094485,0.6892997311781308,5.480896,0.17216398,-0.15946132,0.0,0
site9_49.png_X256_Y0,11.583788992725395,210.77784977533062,0.10741334055407019,0.022618714898043166,0.6168638659237489,7.725708,0.16876736,-0.15072036,0.0,0
site9_49.png_X0_Y256,12.016525699395197,247.98842745278625,0.10081934789851765,0.01909546264029221,0.7177747734872786,5.8657684,0.17809409,-0.16371047,0.0,0
site9_49.png_X256_Y256,13.18597139558167,646.843063650444,0.08138164489122099,0.012658703968583408,0.7050971643109841,7.3151703,0.18245777,-0.16101523,0.211700439453125,1
site9_50.png_X0_Y0,13.48487593587614,814.9139147503842,0.08775973567816743,0.012124821969229942,0.7435467794260007,4.4589996,0.1794726,-0.16809541,0.3550567626953125,1
site9_50.png_X256_Y0,13.809026161318087,1015.9976391592468,0.10702514121144287,0.011110242516287394,0.8012093652202043,0.46722412,0.1867016,-0.18892875,0.7852325439453125,2
site9_50.png_X0_Y256,14.007915615086826,1376.8504268490847,0.09686777275729268,0.010845717688650135,0.7491658455106791,4.496567,0.18790376,-0.18024592,0.9962005615234375,2
site9_50.png_X256_Y256,14.069865543807982,1163.6009763222582,0.09114125552049272,0.009895891981888725,0.789821098619796,2.2173615,0.18174276,-0.17857012,1.0,2
site9_51.png_X0_Y0,13.97163211398913,1043.4333975063867,0.0912863125976955,0.00967712551379677,0.8007419836806329,1.9857788,0.18171337,-0.17947108,0.987060546875,2
site9_51.png_X256_Y0,14.114246188563161,1376.9029892950175,0.08702373643127875,0.009713624422697756,0.7581727855851359,2.927887,0.16152532,-0.15418774,1.0,2
site9_51.png_X0_Y256,13.815547332709128,1017.7212027225374,0.09203178079378568,0.010283154322189274,0.7894949154381775,1.486023,0.14643714,-0.1429415,1.0,2
site9_51.png_X256_Y256,14.000710601816397,1234.009598486758,0.08457386825224036,0.009986243173170204,0.7809741942438094,2.458969,0.13672698,-0.12876794,1.0,2
site9_52.png_X0_Y0,14.212867297003164,1491.8583592849777,0.08330180435277926,0.009765319317289054,0.7613665541787848,0.77757263,0.14934038,-0.15519695,1.0,2
site9_52.png_X256_Y0,14.067487465440562,1299.5430221399688,0.08828497289958111,0.009565213901771626,0.7557664619137985,1.6639099,0.19247344,-0.19206288,1.0,2
site9_52.png_X0_Y256,13.813048849065002,1066.6653957913068,0.09437822825515943,0.010903713092121247,0.7819300648977693,2.6042175,0.13700499,-0.1324914,1.0,2
site9_52.png_X256_Y256,13.817995785694997,1097.7393715458015,0.10029074653977665,0.011801103948280574,0.7911911879015613,2.9403992,0.15854876,-0.15064481,1.0,2
site9_53.png_X0_Y0,13.52789772949463,863.8605954741201,0.07392475446259637,0.011105422791589223,0.6395784982573319,2.9160767,0.19140425,-0.1840563,0.2501983642578125,1
site9_53.png_X256_Y0,12.470019101033419,428.4571071973592,0.06956594865560525,0.014900142593159315,0.5366384480155604,8.470108,0.16229185,-0.14089927,0.0,0
site9_53.png_X0_Y256,12.96610579998378,508.10178395931086,0.08659370240020005,0.013937265144188077,0.76849705383505,7.232849,0.16712168,-0.14933513,0.2685699462890625,1
site9_53.png_X256_Y256,11.816884108478085,247.38346884311528,0.09207493560338456,0.01976710636189907,0.6141006186428652,9.976212,0.15379201,-0.13083631,0.0,0
site9_57.png_X0_Y0,0.6206294953537261,102.92824622741799,0.9695032392908418,0.9641118375408748,0.9457685693417028,0.1103363,0.004894371,-0.0046938327,0.0275726318359375,0
site9_57.png_X256_Y0,12.859036559165261,544.223920997913,0.18194532234648425,0.03501425060489783,0.9224380951226953,3.2969055,0.1318934,-0.12545797,0.961151123046875,2
site9_57.png_X0_Y256,5.286822053118735,335.34360393243924,0.7077586870045574,0.6553442829589025,0.97533973706257,2.1970673,0.0400486,-0.03560201,0.3310546875,1
site9_57.png_X256_Y256,13.239201804350868,532.7914775266621,0.13909838206210523,0.013817222789099828,0.9071468126524032,1.9652863,0.13865238,-0.13526943,1.0,2
site9_58.png_X0_Y0,13.314959095029842,591.0659455197434,0.14234533849333686,0.014462465308565646,0.9143954483194504,-0.6252289,0.16194531,-0.176207,0.81475830078125,2
site9_58.png_X256_Y0,13.637606675768577,590.9953058018586,0.10133154298716489,0.010633322487575626,0.8905697695456272,2.0316467,0.1560347,-0.1509847,0.271026611328125,1
site9_58.png_X0_Y256,12.991510029071506,432.7574304804735,0.15020043047644055,0.015188556731506797,0.9058626682258529,2.2737885,0.16710791,-0.16245964,0.4344329833984375,2
site9_58.png_X256_Y256,12.62703449558997,409.01120339835296,0.08601118619839174,0.015229770670912305,0.6843085110735474,4.217453,0.18621111,-0.17572482,0.0,0
site9_59.png_X0_Y0,13.126950725536977,398.07111123127146,0.10211270674259429,0.012332778383931835,0.8810733797248025,4.4324646,0.16971213,-0.15853322,0.2264862060546875,1
site9_59.png_X256_Y0,11.582105146716783,218.69512382557735,0.10877460760754327,0.023177787935622442,0.6473644333466857,7.8410034,0.16469896,-0.14690019,0.0,0
site9_59.png_X0_Y256,12.915920595028386,536.9464925449571,0.06954926302084896,0.013401541808564045,0.630210661462379,5.9384155,0.1754127,-0.1601964,0.0,0
site9_59.png_X256_Y256,12.776227428457045,430.8488638084033,0.09064834334729314,0.015546724758962753,0.7788948132329103,6.729889,0.16950682,-0.15300635,0.0807647705078125,1
site9_60.png_X0_Y0,11.787773535103376,262.17560329861965,0.09683116082852197,0.02125174107746089,0.5981482074845338,8.353958,0.16800392,-0.1480555,0.0,0
site9_60.png_X256_Y0,12.45527611098435,488.21207637990574,0.09664254367953327,0.018708434440472044,0.6303863101284626,9.429611,0.1691646,-0.14635725,0.0687713623046875,1
site9_60.png_X0_Y256,13.768896030466816,803.9774820682404,0.10820961732105858,0.010926327224583705,0.8614611732326161,7.058777,0.15005243,-0.12939464,0.500701904296875,2
site9_60.png_X256_Y256,12.551574894630022,408.1105955642247,0.09960210165594273,0.01790111660837207,0.764697725511172,7.586792,0.1661466,-0.14795205,0.1000213623046875,1
site9_61.png_X0_Y0,14.047745609463009,1397.290245293278,0.08487197164809587,0.010118490190722538,0.7354237956135254,2.9572754,0.18589094,-0.17991906,0.9503021240234375,2
site9_61.png_X256_Y0,14.016683168490475,1245.7927322123712,0.08828369409152159,0.00972422876766305,0.7881928296150291,2.089569,0.14825761,-0.14319798,1.0,2
site9_61.png_X0_Y256,14.0325245283613,1210.8545770256742,0.07593990821749184,0.00956750997051107,0.7510208959512206,2.4983673,0.17477791,-0.1699064,0.7154083251953125,2
site9_61.png_X256_Y256,14.278282769429955,1607.2140119485457,0.07388949955665852,0.00865188020193749,0.7396528019359445,1.7753601,0.14359547,-0.13922733,1.0,2
site9_62.png_X0_Y0,13.897309155929463,1009.2859107674944,0.09561184464818714,0.010349629202006612,0.8331179421337219,2.5068817,0.14154948,-0.13500914,1.0,2
site9_62.png_X256_Y0,14.076570860995012,1253.3277413134392,0.09496337783646819,0.009804896132547845,0.8135478852599838,2.751358,0.13740605,-0.1286996,1.0,2
site9_62.png_X0_Y256,13.916625157035973,1100.4457193447315,0.08247006603811641,0.010092396112864341,0.7540917915958838,0.9764862,0.13729504,-0.1359644,1.0,2
site9_62.png_X256_Y256,13.999632332440399,1204.869300088917,0.08609487212312758,0.009961920924579171,0.7627471791978085,1.911911,0.13868865,-0.13279104,1.0,2
site9_63.png_X0_Y0,14.26850720404903,1543.1268444529087,0.07435478601449116,0.008749965090083306,0.7455519828655118,1.9789124,0.13969311,-0.13684547,1.0,2
site9_63.png_X256_Y0,13.706965573121364,927.0129496918486,0.10123000270010851,0.011087667815011621,0.7950469421790558,2.6241913,0.16852382,-0.16212635,0.9286041259765625,2
site9_63.png_X0_Y256,14.245370346378126,1459.9696964809682,0.07731997473670774,0.008593079895309993,0.7528667266135872,0.87457275,0.14421353,-0.14424524,1.0,2
site9_63.png_X256_Y256,13.385593847730938,715.1006308721617,0.08514494225644315,0.012180698936902944,0.7405362034906972,3.903122,0.17287725,-0.16129416,0.49468994140625,2
site9_64.png_X0_Y0,11.32095283664922,179.0707070147329,0.11006308822598088,0.024075206361618945,0.6375678712689669,9.0143585,0.15608096,-0.13700232,0.0,0
site9_64.png_X256_Y0,11.992216934817673,355.4126023945165,0.1023613668518803,0.02138004030266256,0.75750947360781,7.6573486,0.14889224,-0.13194811,0.216156005859375,1
site9_64.png_X0_Y256,12.070880445075133,298.86798855909376,0.09318081802322774,0.018920964212962316,0.6937005341494169,5.382187,0.16527885,-0.15307823,0.034088134765625,0
site9_64.png_X256_Y256,13.165423818097809,700.746143085002,0.0960103065194172,0.014184186982353927,0.7782107677300522,1.8430328,0.14735502,-0.14357385,0.6614227294921875,2
site9_68.png_X0_Y0,11.571486882490902,563.2749791396677,0.3045261121774603,0.20256440601364828,0.944601961364423,-0.12605286,0.123861715,-0.12531593,0.71917724609375,2
site9_68.png_X256_Y0,13.281295887782942,427.31816945407064,0.1240667127792845,0.012174761875566336,0.9091756484837465,3.5223541,0.1755737,-0.1665783,0.440704345703125,2
site9_68.png_X0_Y256,12.887694683385346,575.4815642421543,0.08312429044888572,0.014452761076810806,0.6376246250878914,2.6113129,0.19716017,-0.18978053,0.06475830078125,1
site9_68.png_X256_Y256,11.936676987383736,239.2006810932153,0.11382070908970868,0.021173671067022445,0.7870424136935348,6.7685547,0.19007134,-0.1730636,0.0,0
site9_69.png_X0_Y0,11.869502827203632,298.7672103277679,0.109072084534065,0.022621182737383554,0.670304932344417,5.919052,0.17959705,-0.1650121,0.0,0
site9_69.png_X256_Y0,12.142079542738916,305.8341905156729,0.09267618050276166,0.018515226992014987,0.6728096173362117,6.9865417,0.17684045,-0.15969372,0.0,0
site9_69.png_X0_Y256,12.951847005456754,609.6141113995116,0.07370413711338464,0.014093694316135687,0.6439958146797622,3.668686,0.19149613,-0.18250939,0.0,0
site9_69.png_X256_Y256,12.494444923720884,395.98847925078326,0.07477862640290876,0.015626753447592033,0.6212763196706343,5.7582703,0.1766702,-0.16162856,0.0098114013671875,0
site9_70.png_X0_Y0,12.908035120137747,709.1510690750508,0.08456437246384818,0.01577972649674042,0.6001670592946056,5.211212,0.17229027,-0.1605089,0.2592926025390625,1
site9_70.png_X256_Y0,13.792746162437206,872.7335344729672,0.08558460531469231,0.01052891704195439,0.7701149936474316,1.0814056,0.19514391,-0.1959845,0.691314697265625,2
site9_70.png_X0_Y256,12.213288212644283,367.13899783137595,0.08329825425557309,0.018486626930259178,0.6100838714377778,6.2228546,0.17270297,-0.15765412,0.0569610595703125,1
site9_70.png_X256_Y256,14.227180982409706,1209.4946441874285,0.09350232999284956,0.00867852528460897,0.820975483265144,-6.1483,0.20479907,-0.24405041,0.956512451171875,2
site9_71.png_X0_Y0,14.313106674698206,1402.5849833148409,0.09671555724274102,0.009242019010102496,0.8313738823580584,-1.1443481,0.15788862,-0.17166087,1.0,2
site9_71.png_X256_Y0,13.950141931158086,1155.4271011900967,0.11756423886089001,0.010827470169688588,0.8000055992941154,-2.8478088,0.17300442,-0.19233601,1.0,2
site9_71.png_X0_Y256,14.393830930545025,1559.6199291890296,0.09134535629407453,0.009296185834880104,0.7911578821698068,0.46676636,0.14945336,-0.15796708,1.0,2
site9_71.png_X256_Y256,13.668629012534339,821.2905755298789,0.15005844222573217,0.012463437082871912,0.8796882650458496,4.7002716,0.13720855,-0.11745379,0.7626495361328125,2
site9_72.png_X0_Y0,14.16633246474277,1232.2421316621408,0.0796060414631298,0.009035480091152272,0.7797591958290049,-0.58325195,0.17429672,-0.17816615,0.8802947998046875,2
site9_72.png_X256_Y0,14.165590632403042,1390.996750814026,0.0813383334436985,0.009222946326581001,0.7518737595424845,0.088256836,0.15377542,-0.15607634,1.0,2
site9_72.png_X0_Y256,13.614734177943298,642.7238113195845,0.08081381935873098,0.010692816145046111,0.8252436171444872,10.916931,0.14844537,-0.08684468,0.172332763671875,1
site9_72.png_X256_Y256,13.907536691016647,924.8755986129283,0.12194734052103476,0.013966750433727701,0.8890245144574824,5.3921356,0.14185488,-0.107109435,0.29473876953125,1
site9_73.png_X0_Y0,13.90122292289506,977.7385506926737,0.08773917472595913,0.010202745816239752,0.7879428539353824,0.6081848,0.14908306,-0.14425993,0.89105224609375,2
site9_73.png_X256_Y0,14.110242906209816,939.0109691735323,0.08643516781301595,0.009046422747037104,0.8488955039517685,5.5265503,0.14924625,-0.12120214,0.6274261474609375,2
site9_73.png_X0_Y256,13.806350576830075,978.2102373185985,0.13714044662451155,0.024849395507109313,0.8666490764197232,5.239319,0.13073398,-0.102375895,0.785614013671875,2
site9_73.png_X256_Y256,13.949622257561838,865.1473822568596,0.09907886034647906,0.011557575123519343,0.84545083975449,3.3728638,0.16276725,-0.12840325,0.61212158203125,2
site9_74.png_X0_Y0,14.165758472322429,1316.4138957973255,0.07901400432478595,0.009134833388469875,0.7695217117220898,0.1713562,0.14963019,-0.14799896,0.9478302001953125,2
site9_74.png_X256_Y0,13.966215218820118,963.298134341381,0.09515477285187007,0.009733191086191114,0.8433316187720673,-0.438385,0.14653465,-0.14213301,0.8701934814453125,2
site9_74.png_X0_Y256,14.191111212739045,1213.2111932761773,0.0455481354062541,0.008447573318523558,0.7355487220219409,48.1232,0.059423976,0.17447904,0.018280029296875,0
site9_74.png_X256_Y256,14.153024513055218,1195.7294029490715,0.04948644261160488,0.00846255063327683,0.6884867063666515,29.951126,0.10778028,0.040471394,0.0585479736328125,1
site9_75.png_X0_Y0,13.582686233891163,784.4201468936454,0.08760466855465249,0.011541737955704847,0.8002112899533096,4.735855,0.15276638,-0.12649533,0.544525146484375,2
site9_75.png_X256_Y0,13.462733043168292,763.8524520466901,0.10630549287534129,0.012619585427184325,0.8380683430444794,-4.7652283,0.16701612,-0.18441501,0.9714813232421875,2
site9_75.png_X0_Y256,13.952678899106441,1155.1831864848473,0.048914144930483544,0.009193916631976492,0.6176877662854227,22.658112,0.13300397,-0.036164094,0.0648956298828125,1
site9_75.png_X256_Y256,13.411419556412906,722.5675317936818,0.10066381267637488,0.03866140264717789,0.8386201166206657,13.859558,0.15253335,-0.09973097,0.0792694091796875,1
site9_79.png_X0_Y0,13.282974803557556,609.0085074400844,0.08077429972226463,0.013423648237785423,0.7923490138700993,5.6756744,0.15798464,-0.14274976,0.2835235595703125,1
site9_79.png_X256_Y0,14.104521890036636,1073.5844190335724,0.08641948568947219,0.009128270963454404,0.8807651299104837,3.1696014,0.1154742,-0.10723984,0.822265625,2
site9_79.png_X0_Y256,13.973036263353462,1054.5380780529024,0.09913947791445897,0.010123763495715924,0.8746442507624625,2.0689545,0.10636027,-0.103765234,0.983245849609375,2
site9_79.png_X256_Y256,14.029623249258169,1186.8539273207662,0.08832286879214853,0.010055548431699554,0.8708047785886838,1.4783936,0.07033399,-0.071345836,0.99212646484375,2
site9_81.png_X0_Y0,11.788660746141458,271.6221399221507,0.08879485624910283,0.021272739056534914,0.5602242502985915,5.161392,0.17378777,-0.16198522,0.0,0
site9_81.png_X256_Y0,13.136612551315933,578.2455429702806,0.09027484384065015,0.013992208276091857,0.8004210453512335,3.6188202,0.17090008,-0.16325793,0.25201416015625,1
site9_81.png_X0_Y256,11.093649773837136,212.03859951701725,0.09975844028290473,0.02749547891342405,0.3903640870894688,6.2729187,0.16306216,-0.14891623,0.0,0
site9_81.png_X256_Y256,12.85247908725983,417.52269694950087,0.08840346500732144,0.01501741231843497,0.9148445732104078,0.55532837,0.2222976,-0.24511719,0.273651123046875,1
site9_82.png_X0_Y0,13.353508935983507,688.3234326641552,0.09326794966364636,0.013374595143649227,0.8227352480886021,2.161148,0.16553116,-0.162314,0.395782470703125,1
site9_82.png_X256_Y0,11.95899940876794,281.5436869082959,0.11317564769475626,0.022309372093896516,0.7495935425675113,1.9989929,0.17046894,-0.16264004,0.017181396484375,0
site9_82.png_X0_Y256,13.418239949886956,497.7956302864532,0.08996316540277241,0.012860824395270328,0.9332051518958672,0.12623596,0.238996,-0.2703369,0.41900634765625,2
site9_82.png_X256_Y256,12.76639486563067,387.2638022485419,0.09073989620623024,0.01674784006112247,0.8275596859982312,5.44751,0.16509369,-0.13784987,0.0,0
site9_85.png_X0_Y0,13.614125286259593,576.1154943862003,0.0707619131152159,0.010544489193130524,0.8307155021502041,9.634781,0.16808447,-0.13301837,0.0,0
site9_85.png_X256_Y0,13.808831438689944,796.9391610949299,0.0533023988671816,0.009548237467299771,0.7505392228435509,19.16092,0.15254168,-0.06742731,0.0,0
site9_85.png_X0_Y256,13.546303442134072,616.9168283082724,0.06531396806316865,0.011120967734854076,0.8027704036299267,10.804001,0.16261652,-0.11987664,0.000885009765625,0
site9_85.png_X256_Y256,14.098988274212592,882.5253879367847,0.06755910454962613,0.008865609162304805,0.8411164232065507,10.165009,0.14229512,-0.08579923,0.333709716796875,1
site9_86.png_X0_Y0,13.51779428276222,779.8477691122922,0.053718143818426385,0.01114616034967182,0.6670861776294343,24.316406,0.14479665,-0.051823,0.0,0
site9_86.png_X256_Y0,12.281007114241095,578.9276878634704,0.16012961244970714,0.0985964719591789,0.855933151177595,29.176437,0.123310976,-0.018737337,0.0,0
site9_86.png_X0_Y256,13.39060466680549,622.0100379061415,0.060496309121229185,0.011553996667880095,0.7389952784654134,19.619156,0.14683446,-0.07024813,0.00799560546875,0
site9_86.png_X256_Y256,11.161905762041028,401.0097845029772,0.24753627922496227,0.18733733201088879,0.9341544260043456,19.106262,0.11836875,-0.054661833,0.0,0
site9_90.png_X0_Y0,13.920231487862486,881.2245767253273,0.07277671828476927,0.009841195040679332,0.8222054621993172,3.0737,0.14445326,-0.13312747,0.4232635498046875,2
site9_90.png_X256_Y0,13.291553707175446,501.5374979425169,0.08118370601734015,0.01290020109558132,0.8423989879418678,6.762512,0.15982708,-0.13681388,0.2099609375,1
site9_90.png_X0_Y256,12.797045388225161,539.905171673775,0.06768650986315501,0.01497017341397581,0.5727934752340896,5.7316284,0.18438712,-0.16598645,0.0,0
site9_90.png_X256_Y256,12.287641186833467,404.1604667225482,0.08006152137076712,0.01805650414683672,0.5215413143793796,3.0237122,0.19964133,-0.1905706,0.0,0
site9_100.png_X0_Y0,7.301305913321684,298.34124487880194,0.5401032690535597,0.5096305875592543,0.9667708962085524,3.6398773,0.07284932,-0.05938185,0.0,0
site9_100.png_X256_Y0,12.994102537977525,561.8558331831646,0.06182921936095066,0.013622284932063624,0.6406258661785347,7.20195,0.15578249,-0.13023973,0.0,0
site9_100.png_X0_Y256,10.53974765140416,509.09533789590284,0.30737640811363753,0.26160283936626344,0.926849995356765,2.3606567,0.11232677,-0.10406361,0.0116424560546875,0
site9_100.png_X256_Y256,12.823076494068264,592.03368666801,0.06516389617692117,0.015105129481208634,0.5342589796996685,4.355118,0.1747712,-0.161194,0.0,0
site9_111.png_X0_Y0,13.721279730487733,861.6080926657078,0.06595204431160089,0.018233689273259572,0.7588365160899345,3.9182281,0.1399444,-0.12509502,0.0,0
site9_111.png_X256_Y0,12.586233032550572,527.1257024642208,0.06993799652589125,0.016185737767704884,0.49706514854785416,3.944748,0.17258309,-0.15923128,0.0,0
site9_111.png_X0_Y256,6.606328189821427,440.7799469705862,0.6036135465851192,0.5828926484783337,0.9525587377025105,2.1831512,0.05892776,-0.050261363,0.0,0
site9_111.png_X256_Y256,13.558920060899794,903.3184012159109,0.06717340162266591,0.020705279362272063,0.6970307944849996,8.856384,0.13695695,-0.09938621,0.013580322265625,0
site14_67.png_X0_Y0,11.68444070136619,332.8927555957964,0.2382081542150381,0.03903759733669329,0.9064749199550776,-5.136902,0.14274345,-0.15438762,0.0,0
site14_67.png_X256_Y0,12.901831297778411,320.02213872069854,0.16977269037124482,0.015130600771429373,0.9192402156085346,-2.8344574,0.15889534,-0.16561647,0.0074005126953125,0
site14_67.png_X0_Y256,12.64839371634824,286.64805938522966,0.1414597690135488,0.016163258007629546,0.8899144136860576,-3.7670746,0.18249546,-0.19263643,0.0,0
site14_67.png_X256_Y256,12.565357816931499,230.49077536285148,0.1110608302329623,0.015492335682759113,0.8844651571197559,5.9242554,0.17578822,-0.13051051,0.0,0
site14_70.png_X0_Y0,10.008243461513082,54.04385930291542,0.3276766446995434,0.0480418215956228,0.9637456247385133,-3.1990967,0.14633603,-0.15979572,0.0,0
site14_70.png_X256_Y0,11.156185300069932,101.7956103421818,0.32447576040811893,0.03128022734740404,0.9636846676695603,3.426941,0.1364045,-0.13160524,0.0,0
site14_70.png_X0_Y256,9.875947861143366,38.658071144512974,0.33781908863872767,0.04917463921508568,0.9602568184959402,-2.4039764,0.14491549,-0.15257682,0.0,0
site14_70.png_X256_Y256,9.644995716214332,37.86922643935148,0.33506207831513096,0.04816802046299614,0.93574644096279,1.1315002,0.12653048,-0.1231779,0.0,0
site14_71.png_X0_Y0,8.869028356781309,27.3718391213719,0.3120872362012274,0.06023749407029881,0.8293058856764065,-2.965866,0.12663603,-0.1351917,0.0,0
site14_71.png_X256_Y0,10.056970654237608,81.07363312788735,0.2436863423968964,0.04511415691455334,0.9177689893916686,5.715317,0.13937397,-0.12937644,0.0,0
site14_71.png_X0_Y256,11.405134494743834,157.72365128496872,0.23345020924609594,0.031541922962006946,0.9128464895641735,12.918854,0.15480906,-0.12602207,6.103515625e-05,0
site14_71.png_X256_Y256,12.0645466924956,171.73464621480645,0.19903041625654838,0.022743282474570393,0.9460403957286108,7.0931244,0.1280055,-0.114337206,0.063568115234375,1
site14_74.png_X0_Y0,12.017077343224358,222.5383286927041,0.18432068654612455,0.023960976055541407,0.8673984819119946,8.418732,0.08762535,-0.0018572956,0.0,0
site14_74.png_X256_Y0,9.650446991311945,214.2312012807724,0.39568637983795607,0.23581934980389738,0.9454346135852936,-0.7867737,0.08706537,-0.08899004,0.0096282958984375,0
site14_74.png_X0_Y256,12.218456403644364,212.13973031706868,0.1514081737844568,0.018677253926772608,0.8656935297494434,-4.3972473,0.15878797,-0.18011913,0.0,0
site14_74.png_X256_Y256,12.122747913741213,550.0633265751811,0.2745923544144881,0.1273559308783174,0.9274800218542911,-2.5700226,0.12911537,-0.14806518,0.4148712158203125,2
site14_75.png_X0_Y0,11.321851568125902,162.99573496372193,0.2571450655599157,0.030544922242215423,0.9576347236664552,-0.74269104,0.12994577,-0.13502023,0.0,0
site14_75.png_X256_Y0,11.532391883128458,116.8365293546983,0.26147620969025226,0.026723737926316424,0.9723509527280164,-2.101303,0.12861358,-0.14423099,0.014801025390625,0
site14_75.png_X0_Y256,10.627264894125545,221.69196468907387,0.3412512602293167,0.11424771096646062,0.9296089926742147,-2.1122894,0.10001254,-0.10870856,0.0,0
site14_75.png_X256_Y256,11.504156002760293,79.1991172565867,0.2453565001182516,0.025485968314161278,0.9647405574816159,-2.4496307,0.11482943,-0.12370978,0.0504608154296875,1
site14_76.png_X0_Y0,5.125860447378344,168.9270370771075,0.7326638365069447,0.6689636965545325,0.9793695169312957,-1.2413483,0.03914232,-0.046185937,0.1475067138671875,1
site14_76.png_X256_Y0,9.448700919790662,34.30276152801845,0.4250654504095238,0.08065043664005572,0.9673679893843794,-7.5133667,0.1466794,-0.18476523,0.0,0
site14_76.png_X0_Y256,10.844215183212675,245.0027853169534,0.35646873402074997,0.2023392023501156,0.972360524444115,-2.4133606,0.08328807,-0.09356176,0.619903564453125,2
site14_76.png_X256_Y256,10.722057424586358,96.74161698625863,0.35347782130158856,0.08246426728315344,0.9704418720964603,-1.137085,0.11628477,-0.120480284,0.0033111572265625,0
site14_86.png_X0_Y0,12.549469498427463,292.14285794528274,0.14930725422994084,0.017131839436762372,0.908265491947776,8.648544,0.1430152,-0.078074336,0.0,0
site14_86.png_X256_Y0,11.403335793924343,159.63997811840156,0.16327851543177535,0.02521631834302896,0.803072774012101,19.152618,0.080227345,0.13039783,0.0,0
site14_86.png_X0_Y256,12.14140862330668,249.09934945396353,0.1973892804584562,0.024189858552693476,0.9746343201138018,18.991089,0.062336594,0.081741646,0.0,0
site14_86.png_X256_Y256,11.813347236019467,249.7713616006974,0.3097700905042655,0.04483806331014342,0.9825278022953375,16.558945,0.07933548,0.0477264,0.0,0
site14_87.png_X0_Y0,12.013453167465633,152.87702853170563,0.189906179286553,0.02011483197575812,0.9687548851033552,16.442017,0.08543803,0.08452989,0.0,0
site14_87.png_X256_Y0,11.343293951581153,151.91153321438497,0.2647400427355309,0.034749820530594264,0.9853214731555515,13.407928,0.0901667,0.05025973,0.0,0
site14_87.png_X0_Y256,11.376996174076039,146.00396411536798,0.3234492457341752,0.034601172850042626,0.9646223182758433,-0.64920044,0.13884561,-0.14165434,0.017181396484375,0
site14_87.png_X256_Y256,12.034646437957466,185.9143984585294,0.24911890617414068,0.026322931443006153,0.9581584608486919,-0.23388672,0.14826006,-0.1525296,0.160552978515625,1
site14_88.png_X0_Y0,12.128349002272452,244.38711252883695,0.23876042358572205,0.024125498384484127,0.9440159441582896,-0.6004181,0.14497997,-0.14180419,0.051971435546875,1
site14_88.png_X256_Y0,13.295130535589204,600.4291615604867,0.15382507877184867,0.01424452337829001,0.8422912265856789,8.33252,0.067512155,-0.04552865,0.4886932373046875,2
site14_88.png_X0_Y256,13.298980777996487,913.0430558861332,0.10436490906878783,0.014865621910615528,0.822434137515238,-8.053513,0.14131369,-0.20598973,0.85870361328125,2
site14_88.png_X256_Y256,11.9649495814534,471.6832609003106,0.2092046625660564,0.03497150676926021,0.8538118250708737,-1.6022797,0.12262557,-0.12957153,0.4556884765625,2
site14_89.png_X0_Y0,9.920213941084091,115.60441295115977,0.32533186384964413,0.05288517584561893,0.9098138927590745,-0.43704224,0.15702444,-0.15958685,0.036712646484375,0
site14_89.png_X256_Y0,8.748708743799348,35.10120695766089,0.3608751546664468,0.07246842634816424,0.9465500873197852,-1.6234894,0.1561687,-0.16374141,0.003448486328125,0
site14_89.png_X0_Y256,9.580502949821103,101.33200206952706,0.3456985875026309,0.05961410897160384,0.8685896577360308,-1.9210205,0.14795837,-0.15698883,0.0529022216796875,1
site14_89.png_X256_Y256,11.272790497210899,250.6438058229113,0.32297089575728455,0.03382200182850542,0.9585647247827986,-11.460037,0.22228351,-0.3129109,0.1297149658203125,1
site14_90.png_X0_Y0,10.350995219913287,163.08859338957868,0.3740062162824511,0.04509251197735906,0.9795083019171847,-0.49952698,0.12606281,-0.13199577,0.0,0
site14_90.png_X256_Y0,10.680682848845752,262.15540734032095,0.32479637930900307,0.05185146904986422,0.9631958648257897,1.5330505,0.13413669,-0.1275907,7.62939453125e-05,0
site14_90.png_X0_Y256,9.360410452852348,248.29719744208927,0.3112229324361538,0.07883316122099637,0.8768167569917427,-0.024108887,0.13894376,-0.13975418,0.0,0
site14_90.png_X256_Y256,10.101967546038072,133.41582433739327,0.35774686265954414,0.053853434060569166,0.9241170172676909,-1.873764,0.13279644,-0.1368954,0.0,0
site14_91.png_X0_Y0,12.846954506506222,581.8343151072404,0.12226667049810934,0.01757124222914979,0.8138672274385768,-10.275375,0.27261025,-0.3588831,0.835693359375,2
site14_91.png_X256_Y0,12.352055628484907,395.356483804349,0.14916487131221629,0.019172093258444017,0.7546595304805218,2.9885864,0.11327386,-0.102703586,0.491790771484375,2
site14_91.png_X0_Y256,11.684407669269504,321.6328948751666,0.28142860642282486,0.03399900750736148,0.9757310765320937,-0.8532257,0.120226234,-0.11600985,0.1119842529296875,1
site14_91.png_X256_Y256,13.223154085727948,506.0841135921554,0.1142310263679638,0.012638816875720183,0.8351365897945036,3.890503,0.123928666,-0.096171275,0.4572296142578125,2
site14_92.png_X0_Y0,10.149413153062039,41.149083720805116,0.2565309078862405,0.03704740949798536,0.9135169792153222,-1.7063141,0.13366067,-0.14262237,0.0,0
site14_92.png_X256_Y0,11.858010007086136,230.16533918745486,0.15189459612610373,0.022698399932525485,0.781122473109406,-2.4371033,0.15050055,-0.15979671,0.0,0
site14_92.png_X0_Y256,11.187043110508675,187.2760671376611,0.256851080099427,0.031116958261434857,0.9041705883799578,-0.962204,0.11905027,-0.12685245,0.125946044921875,1
site14_92.png_X256_Y256,9.157566759026503,17.811136552047607,0.3586900396656552,0.058513037263939444,0.9590605092057932,-0.82533264,0.12696666,-0.13346088,0.0,0
site14_93.png_X0_Y0,12.183464714457232,216.29986557153813,0.1144223385032184,0.01767186704962701,0.8075582577876553,-4.453125,0.1585794,-0.17723577,0.0,0
site14_93.png_X256_Y0,11.670379515385207,88.34373322460664,0.20162125973592193,0.025695073866075273,0.97992801753964,-0.3981781,0.13134065,-0.13878168,0.0103759765625,0
site14_93.png_X0_Y256,11.359332294076413,88.34167210328097,0.2570587688584757,0.029798028727956692,0.9715932096853923,5.12117,0.096022606,-0.08196001,0.1307220458984375,1
site14_93.png_X256_Y256,12.34427703315708,301.6936324821154,0.23174468609100995,0.02074869170626398,0.9430303972134685,-6.1980133,0.17659095,-0.20163824,0.3507843017578125,1
site14_94.png_X0_Y0,12.862623233798299,295.7053947099862,0.14869341077612833,0.014932659614323291,0.9068909433505589,-0.5947571,0.13108943,-0.13467458,0.472869873046875,2
site14_94.png_X256_Y0,10.681035408940499,452.320222660795,0.38653220324128756,0.2206024416759865,0.9405807206015799,-4.5319977,0.11137858,-0.13281813,0.2015380859375,1
site14_94.png_X0_Y256,12.999229781048566,415.6613623366252,0.14720112691614962,0.014315688059919694,0.8708969812299683,-0.8899994,0.18167791,-0.19600767,0.5052337646484375,2
site14_94.png_X256_Y256,12.555408026834396,332.5982209667217,0.1742167255919135,0.027742763623878407,0.8903431460393658,-0.99650574,0.11694059,-0.12095973,0.4487152099609375,2
site14_95.png_X0_Y0,11.80179571858019,367.47493692333256,0.2440707001111894,0.05759280553541558,0.8913737372506785,-4.0450897,0.120662585,-0.14273128,0.0124969482421875,0
site14_95.png_X256_Y0,10.928165212902098,54.12376243512199,0.22407446817661988,0.027265663604817504,0.9347243969370823,-4.000229,0.11466271,-0.13408749,0.0,0
site14_95.png_X0_Y256,10.039194823137173,509.85628397136475,0.4406486102156243,0.26309320507194556,0.9321210618338831,-1.7442169,0.10404408,-0.11667633,0.0,0
site14_95.png_X256_Y256,11.788573459999053,269.52111865029764,0.24832199275905065,0.060403028374972544,0.939939288085989,-1.852417,0.099992245,-0.11234909,0.0,0
site14_105.png_X0_Y0,10.894821373839694,358.9719995614515,0.41040952970027206,0.0730351400763441,0.946584598822205,-4.058563,0.13399659,-0.14299652,0.0,0
site14_105.png_X256_Y0,9.188267602348242,73.15989721501543,0.45180430062306626,0.0671845235620124,0.9331342396363215,-1.3309784,0.13919187,-0.14158377,0.0,0
site14_105.png_X0_Y256,8.687952432804645,24.09235190491659,0.39471878423416284,0.0670976176096553,0.931413266663732,-1.8959808,0.1395825,-0.1429721,0.0,0
site14_105.png_X256_Y256,10.586766339261782,108.80240523476648,0.31813952436129805,0.041104833065210546,0.9318090297661272,-1.0274658,0.13669439,-0.13885127,0.0,0
site14_106.png_X0_Y0,11.036364393697035,233.71279464328785,0.3244838322012029,0.040180848073981125,0.9241421796696194,-1.3942413,0.14294142,-0.14731044,0.0504150390625,1
site14_106.png_X256_Y0,13.355830709214954,736.415479262829,0.16957809790624673,0.01546958621914205,0.8704547347416276,-1.3773956,0.12407662,-0.1363369,0.4957122802734375,2
site14_106.png_X0_Y256,14.017392645774343,1017.267697775557,0.10629376436695384,0.01084367706806284,0.8159672086645989,-2.7775269,0.2105576,-0.2278115,0.878570556640625,2
site14_106.png_X256_Y256,14.226912741351812,1073.302655469123,0.08805097104095183,0.008738605661038058,0.8226480256909078,-2.903473,0.18120845,-0.20151334,0.9059600830078125,2
site14_107.png_X0_Y0,13.439140125641753,607.8417863022174,0.13878594652620224,0.013579514616634808,0.9213112539499603,3.3303223,0.2129024,-0.22767037,0.9117279052734375,2
site14_107.png_X256_Y0,12.346420399013365,210.85413237999288,0.1800895053774369,0.01916360952478597,0.9463013209370956,-1.0657196,0.14012246,-0.15541667,0.5419769287109375,2
site14_107.png_X0_Y256,13.987467202345995,856.2739097042627,0.09406831826591955,0.009911225848068726,0.8489592658792503,-10.486694,0.20076764,-0.24345301,0.8654632568359375,2
site14_107.png_X256_Y256,11.845913099614512,179.596876246532,0.19493753520150414,0.02270430115329254,0.9373883275595053,0.01701355,0.14928293,-0.15029603,0.1207427978515625,1
site14_111.png_X0_Y0,10.349443081196302,228.3131131956467,0.32016744852793655,0.05150321465409554,0.7389682393697024,-3.8467255,0.13510257,-0.14199677,0.0,0
site14_111.png_X256_Y0,12.04276524160636,469.0651938557239,0.24361361832310136,0.033529711180677844,0.9490598235851145,-2.7213898,0.13979533,-0.14697537,0.196441650390625,1
site14_111.png_X0_Y256,11.241457495432256,360.58441114895845,0.21593776897623804,0.041154704984744675,0.7372138625291815,-4.311325,0.13518539,-0.14395209,0.0,0
site14_111.png_X256_Y256,12.32866277538202,326.81913724589356,0.21885427458690104,0.02224538766382647,0.9158999060453952,-2.0365448,0.1269676,-0.13072106,0.0,0
site14_112.png_X0_Y0,10.896389089135436,261.23018615140074,0.33213656114866585,0.05297748781330526,0.9245214723494706,-2.6471405,0.12234567,-0.14782597,0.3597869873046875,1
site14_112.png_X256_Y0,11.499749399258043,127.13101942462683,0.30093588193866133,0.03145894922193894,0.9796499581555931,2.2585754,0.12847272,-0.12800163,0.1315765380859375,1
site14_112.png_X0_Y256,11.893511136125948,162.72797648441392,0.25487439045840904,0.024166883135443996,0.9647496442118918,1.8609772,0.123377234,-0.12075953,0.0065155029296875,0
site14_112.png_X256_Y256,12.02539846116241,277.9518830498074,0.21089833121951418,0.02223223452038627,0.9453455491793537,-1.088211,0.14553854,-0.14869645,0.1771697998046875,1
site14_113.png_X0_Y0,11.520652272088979,215.0185147989982,0.24921659308617283,0.030679120341790024,0.9509276634546409,3.629547,0.1282567,-0.12153715,0.218475341796875,1
site14_113.png_X256_Y0,12.903566716802569,464.8745156610859,0.19186191623833318,0.015554962229063867,0.9291821475447168,2.7585602,0.103509605,-0.09514986,0.470001220703125,2
site14_113.png_X0_Y256,12.285233970907875,347.55205532429807,0.22416662386007477,0.021019134128331063,0.9352178292392082,-4.874649,0.16927631,-0.19733436,0.3662567138671875,1
site14_113.png_X256_Y256,11.798527632933308,217.04819271735357,0.17941075175222762,0.023425085177711275,0.9185147689105262,2.2872162,0.13282278,-0.12685393,0.16510009765625,1
site14_114.png_X0_Y0,12.484870053620156,290.4805999345333,0.186006058633838,0.018295231768074186,0.928327329014013,-6.0713043,0.17078176,-0.19475485,0.3018798828125,1
site14_114.png_X256_Y0,12.277670739075134,177.18297260969592,0.19766204795367975,0.01986125320891096,0.9478275498665212,-13.754013,0.22179835,-0.2788692,0.31658935546875,1
site14_114.png_X0_Y256,12.243179838196237,315.9198237757247,0.1666379010957818,0.018526308544078936,0.9065994348003061,-4.5848083,0.16536486,-0.18384531,0.29632568359375,1
site14_114.png_X256_Y256,10.345340965204688,54.38468712454413,0.2525150438147361,0.038921202440109,0.904865578731674,-1.8022156,0.14925036,-0.15344557,0.0,0
site14_124.png_X0_Y0,11.096036830982573,122.77533397612274,0.1592312095056056,0.030062245624205754,0.8622392304959108,-4.470001,0.15101516,-0.16610989,0.0,0
site14_124.png_X256_Y0,13.04658885893038,406.90845098641205,0.17776821913550217,0.01747139249605778,0.9335590570951592,4.993576,0.12459089,-0.10011873,0.0,0
site14_124.png_X0_Y256,12.743337995847252,288.17483592549314,0.18485770698613305,0.017973719034573253,0.943336651708596,-0.71546936,0.15684675,-0.16286905,0.0356903076171875,0
site14_124.png_X256_Y256,13.555179439307409,645.0470278859466,0.09755226831854924,0.011162493230788842,0.827234693278101,19.539413,0.09297745,-0.0009226147,0.4808349609375,2
site14_125.png_X0_Y0,13.599615160614697,872.1149042135771,0.11142521236449004,0.011817184421946857,0.8076655549340733,-2.2515106,0.116911754,-0.13556647,0.54583740234375,2
site14_125.png_X256_Y0,13.14432637703598,502.30400080495195,0.11022443578062026,0.015290999090019526,0.9095271108912568,10.9361725,0.051099546,-0.031913303,0.3196563720703125,1
site14_125.png_X0_Y256,14.072823857288446,1220.3206848778918,0.05787736829148633,0.008931642236261946,0.677625495239162,8.206146,0.07364585,-0.047969013,0.77520751953125,2
site14_125.png_X256_Y256,14.193086802720511,1247.4008843053593,0.04874128648407612,0.008114189452574062,0.6810264477799527,-3.707489,0.13286233,-0.15756711,0.8565521240234375,2
site14_126.png_X0_Y0,13.59216197284968,549.0918530433094,0.10659059138675478,0.01162483800287038,0.8984521597560011,-0.83384705,0.17305055,-0.18447056,0.450164794921875,2
site14_126.png_X256_Y0,13.73619342074138,776.8687625853433,0.11697888899496539,0.011772809769208296,0.8444898059320578,-5.5445557,0.20341706,-0.22506234,0.8397216796875,2
site14_126.png_X0_Y256,12.23230724679261,231.37776628880977,0.15573310493959203,0.019725356997690142,0.9112658619201859,-7.60968,0.18407115,-0.21514449,0.000274658203125,0
site14_126.png_X256_Y256,10.57563705252682,79.84059739643591,0.18608882008404684,0.03339736096452257,0.7836231595688621,-2.272766,0.16162516,-0.16906671,0.0,0
site14_127.png_X0_Y0,11.36499059394209,295.3093831099015,0.19465692129521117,0.031979091922876506,0.8242420436554938,-1.2923584,0.15828559,-0.16379735,0.214019775390625,1
site14_127.png_X256_Y0,9.785769297188327,30.26387588307422,0.2515041238755749,0.04249815076916213,0.8830979749453585,-1.0213623,0.1549643,-0.15892638,0.0,0
site14_127.png_X0_Y256,11.12279054948457,83.66425871359823,0.2445957128530208,0.028037304889003096,0.9361176997545604,-2.6493988,0.15923104,-0.17206575,0.0,0
site14_127.png_X256_Y256,11.742656145228173,168.69523793433916,0.244163476437778,0.024805466769205017,0.9489593653015922,-3.1194305,0.15554248,-0.16839032,0.0,0
site14_128.png_X0_Y0,10.611604184895382,168.3281773686935,0.3072949547465499,0.04299363464420519,0.9637517799962673,-0.47297668,0.15084898,-0.15579426,0.1589202880859375,1
site14_128.png_X256_Y0,9.09852500736699,152.85465361880074,0.3364291543294054,0.08534009621443038,0.9254795778951197,0.8721924,0.12909484,-0.1284549,0.0367431640625,0
site14_128.png_X0_Y256,12.082145963062992,225.57303618201274,0.1992519552853906,0.022777663394202122,0.8822471760756675,-1.9989166,0.19171812,-0.20917757,0.2081451416015625,1
site14_128.png_X256_Y256,12.212614597632381,295.0741931288743,0.19947375449760268,0.02482749147337085,0.9718254103092505,0.24369812,0.11758969,-0.11867804,0.6105194091796875,2
site14_129.png_X0_Y0,10.64167954106687,234.42915519270952,0.2843877446230516,0.046668662134900056,0.9159527236514007,-3.7682648,0.12921719,-0.13759814,0.0,0
site14_129.png_X256_Y0,11.212565234360042,314.65749686118215,0.24020190299917452,0.04031957441029282,0.9135931599783446,-4.7221375,0.13000542,-0.14099316,0.0,0
site14_129.png_X0_Y256,11.136429725921587,200.64937028426255,0.28522110582364785,0.035974719714744405,0.9360198402510117,-1.6712799,0.12236045,-0.12645987,0.0,0
site14_129.png_X256_Y256,10.493850106553309,265.94640444780873,0.2896341052075217,0.051992328459220485,0.7323196800208924,-4.995865,0.13763449,-0.14667284,0.0,0
site14_133.png_X0_Y0,10.605767831101103,81.22960444901074,0.1596048540645127,0.03090632667391674,0.7240067895216933,-1.8835449,0.15337186,-0.15851912,0.0,0
site14_133.png_X256_Y0,10.890097819149162,108.37002318820032,0.18694793688136582,0.030830382236148885,0.8732006554270185,0.04626465,0.14561267,-0.14590886,0.0303192138671875,0
site14_133.png_X0_Y256,11.73558553473939,101.546971041788,0.19035425151206203,0.020889268608106058,0.9508565094508977,-1.0438995,0.14172642,-0.14527544,0.0,0
site14_133.png_X256_Y256,10.621295719320006,125.54282009924512,0.20417157108360323,0.031992383449336276,0.7592656193258029,-1.6474762,0.14943701,-0.15471017,0.0,0
site14_134.png_X0_Y0,10.551252177879881,128.09862154880688,0.20220712367106192,0.0335163929536643,0.8593989063374632,-0.38259888,0.15146163,-0.1530538,0.05126953125,1
site14_134.png_X256_Y0,9.926201869470118,41.515620509539836,0.2136174381748684,0.040941828335927355,0.8367014128042433,-0.7402954,0.15598233,-0.15790665,0.0,0
site14_134.png_X0_Y256,9.817569506193571,43.701373840590286,0.21562814825772528,0.043346434098394976,0.8095493456547582,-0.03147888,0.15219411,-0.15239716,0.0,0
site14_134.png_X256_Y256,9.522688313533008,32.15789915537301,0.2515282641048848,0.05084687599796302,0.9217983703355445,-3.1504364,0.16750248,-0.17919463,0.0,0
site14_142.png_X0_Y0,10.178260654718423,156.21036369727,0.23731815897142697,0.04199232750547863,0.8449637612265619,48.867767,0.033253655,0.15080866,0.0,0
site14_142.png_X256_Y0,12.845173932989411,498.316475544278,0.19974519435718494,0.019081143478724385,0.9307982774742503,21.108078,0.11067577,-0.03389989,0.3215179443359375,1
site14_142.png_X0_Y256,13.206795957077922,463.4913324352365,0.12545354337794662,0.013680857002007937,0.9047415323318435,11.758606,0.11657905,-0.0649075,0.0,0
site14_142.png_X256_Y256,12.837005629653698,467.835099180659,0.1613737978360519,0.02191940645109223,0.8990142719956896,36.355377,0.044974722,0.21218655,0.1517181396484375,1
site14_143.png_X0_Y0,10.45003601163745,61.18123884143388,0.3143907609272336,0.035835112752295534,0.9627251296461871,-0.7063446,0.14115909,-0.14173712,0.0,0
site14_143.png_X256_Y0,11.664101908291103,245.22377872994807,0.2342529324746269,0.026992498100077846,0.9637546424851571,2.679306,0.11744754,-0.08826928,0.0,0
site14_143.png_X0_Y256,12.928586750314679,539.1468094152789,0.08138167595508014,0.013857983815854277,0.6643343961351345,59.84706,-0.0074087884,0.3962168,0.0,0
site14_143.png_X256_Y256,12.1331949988761,557.3864662629846,0.14825168281848713,0.030778369595483503,0.9108923633526482,20.767563,0.0836246,0.04106479,0.0,0
site14_144.png_X0_Y0,13.60133046092913,890.1630153817556,0.09849414947016398,0.01514008451445841,0.855301789781213,-6.3796844,0.15861207,-0.19892044,0.6699371337890625,2
site14_144.png_X256_Y0,13.50726054922759,940.8459402935116,0.07434833011999974,0.012515690946997178,0.7527778090026542,-7.0111084,0.17632571,-0.20354933,0.8784332275390625,2
site14_144.png_X0_Y256,10.636708724745358,458.5527696378699,0.2071405496023916,0.055367977774090374,0.8963170441322084,1.1161346,0.1023745,-0.10233064,0.1223297119140625,1
site14_144.png_X256_Y256,13.673081636100106,993.3895518852485,0.07680710604476487,0.011246330037066146,0.8081030015466307,12.589615,0.07284081,-0.01865236,0.901275634765625,2
site14_145.png_X0_Y0,13.055113188940853,651.3149437115994,0.07958652171043036,0.013880986565388567,0.7022154611905489,10.809296,0.06497709,-0.017583385,0.966064453125,2
site14_145.png_X256_Y0,13.781633565111374,1004.0440459650325,0.07611955013629412,0.010777244148832434,0.7844801662815328,-3.327179,0.14436337,-0.17227386,0.8418731689453125,2
site14_145.png_X0_Y256,14.04654822329442,1262.9864740426729,0.08239398978220387,0.010449908741638035,0.8264092986963113,1.8158722,0.12488057,-0.13395418,0.9892425537109375,2
site14_145.png_X256_Y256,14.43864465547754,1352.0214984171946,0.06443861689759707,0.007738350561234414,0.7997386971956537,2.430069,0.11313769,-0.11490373,1.0,2
site14_146.png_X0_Y0,11.763078941674987,194.31449368932982,0.1705700869732886,0.023553020811974162,0.8714382286377229,2.4116058,0.16863278,-0.16418183,0.0691375732421875,1
site14_146.png_X256_Y0,12.288313134583044,171.8514556901252,0.17160741533131058,0.01756287372463713,0.9464567197391517,-2.7787476,0.14339256,-0.15017454,0.0,0
site14_146.png_X0_Y256,13.867076178685547,955.5768249742885,0.08013517683774637,0.01000271254542314,0.7888945413619287,-0.6732483,0.16093697,-0.17901324,0.8342742919921875,2
site14_146.png_X256_Y256,13.782637849290618,829.817242181547,0.09909739373254386,0.010844095584569589,0.8078457683404138,-1.7335358,0.14619327,-0.16218564,0.5135650634765625,2
site14_148.png_X0_Y0,11.909978774185802,224.50461156768705,0.2210430821818819,0.02223237673644113,0.9064462561676078,3.0117035,0.14094827,-0.12425927,0.0064544677734375,0
site14_148.png_X256_Y0,12.268696086746614,238.86194226680095,0.12508169470278643,0.01728341548426577,0.8127763980162099,5.539612,0.117562704,-0.08754547,0.5743255615234375,2
site14_148.png_X0_Y256,11.729169718322758,175.35577238923352,0.15908272934560105,0.023626793701257337,0.8550222558698359,7.824463,0.14908591,-0.12700132,0.0,0
site14_148.png_X256_Y256,11.246856542114651,155.10784639622378,0.2276888504722903,0.03280008372635758,0.8981961963144403,-1.5749817,0.20579238,-0.21377966,0.116363525390625,1
site14_149.png_X0_Y0,11.861852041048849,228.58160234346906,0.25974784535531914,0.036716910329476264,0.9820565056657067,3.034729,0.10569579,-0.08724998,0.22607421875,1
site14_149.png_X256_Y0,11.228222508035774,258.90929624423586,0.2575213824395346,0.03607724119751614,0.7609150167064375,-1.660492,0.12603088,-0.12922803,0.0,0
site14_149.png_X0_Y256,13.081073795545873,586.411761942582,0.14177130229582624,0.015791448657856425,0.8735803469436519,-0.2023468,0.113550626,-0.12386555,0.5366058349609375,2
site14_149.png_X256_Y256,12.62074493660998,352.83778337960786,0.22683846544700378,0.018963891078014723,0.9399079499694922,1.6219177,0.13101888,-0.12896019,0.065216064453125,1
site14_154.png_X0_Y0,9.890644601048567,48.63730156370159,0.2025874513478286,0.04059689837503015,0.7682122631821112,-1.7399445,0.15287115,-0.15757227,0.0,0
site14_154.png_X256_Y0,9.460426265945696,38.88086146253855,0.23036569357822714,0.048311298278535524,0.7819078155359734,-0.6407623,0.148151,-0.14976999,0.0,0
site14_154.png_X0_Y256,11.698464612530502,204.21401887195492,0.2015182145487276,0.024080689869750094,0.9176854063725987,-0.84259033,0.15064886,-0.15273975,0.067352294921875,1
site14_154.png_X256_Y256,10.883062073743082,146.99813513733312,0.20554078026007153,0.034629854684618225,0.8529659853318982,-2.0570984,0.15568587,-0.16179605,0.0408782958984375,0
site14_158.png_X0_Y0,8.717783520943588,187.18648832480648,0.46019623336994026,0.28150778869281246,0.9650664685833976,-0.41610718,0.08084177,-0.08171342,0.0,0
site14_158.png_X256_Y0,11.317920717606317,68.90797280493202,0.3050318996943758,0.03119099022622248,0.9824050366891801,0.6221161,0.13293263,-0.13211861,0.0614013671875,1
site14_158.png_X0_Y256,11.444658712716755,96.3667923995603,0.23853070059079737,0.024504174979272444,0.9547974102186048,1.006546,0.115659654,-0.11049068,0.0076141357421875,0
site14_158.png_X256_Y256,12.273575300229792,143.73357463175608,0.22548811239175015,0.018730683867760535,0.9636290176105469,-1.5557861,0.12811512,-0.13319783,0.510986328125,2
site14_159.png_X0_Y0,11.410313980272234,103.29887002595522,0.26875350480916,0.02865886344644312,0.9558073995033073,-3.7852173,0.10091283,-0.12043061,0.0075225830078125,0
site14_159.png_X256_Y0,11.08040830619082,66.39520025350878,0.33122025930852383,0.029798913839464362,0.9835118435678059,3.8713531,0.11744107,-0.113685586,0.0,0
site14_159.png_X0_Y256,9.55885375566979,30.352781592418218,0.3671211181298296,0.0556866527376806,0.9709462735018362,-4.2713165,0.12008232,-0.13652444,0.0117645263671875,0
site14_159.png_X256_Y256,10.506147261447376,59.75642329572984,0.26864226106164857,0.04120890888786833,0.9435328811623678,-3.6423035,0.1202462,-0.1320697,0.0,0
site14_162.png_X0_Y0,13.37768017057751,631.0343549807316,0.10915390747856499,0.012998751490409797,0.8893457168554489,45.3096,0.025527949,0.26175052,0.0,0
site14_162.png_X256_Y0,13.59884882196349,646.188370954134,0.08223028144297696,0.010905323318622775,0.884519877143781,46.131073,0.0390544,0.2458548,0.26666259765625,1
site14_162.png_X0_Y256,10.930905318389874,355.02126872779905,0.26476476444501806,0.07745531053958352,0.9405936552154064,2.194992,0.11938787,-0.101939864,0.0,0
site14_162.png_X256_Y256,13.0749247096338,487.4971410035188,0.13357224626210643,0.02014326559136088,0.9527202714477668,26.486588,0.085513696,0.071447596,0.0140533447265625,0
site14_163.png_X0_Y0,13.561391938658634,691.7914398159013,0.06887224186591354,0.011571900211556704,0.8126702991254067,24.887085,0.109044746,0.016249327,0.3081817626953125,1
site14_163.png_X256_Y0,12.392401171049423,356.6922397785881,0.0742197888624209,0.016396525527747563,0.6154785426169097,31.439606,0.10518056,0.072419405,0.00341796875,0
site14_163.png_X0_Y256,13.053076338130811,379.7418342254283,0.0755323821384089,0.01306987075880161,0.8483357783596971,12.840195,0.16066542,-0.109277226,0.0,0
site14_163.png_X256_Y256,13.445459671534719,494.7116643388459,0.06490753116844585,0.010865102974692193,0.8333127074251994,11.150787,0.14081709,-0.09217863,0.0,0
site14_164.png_X0_Y0,10.687986103718604,463.3380270208601,0.19834512732459797,0.05246186504897822,0.8490108091244387,6.0312195,0.1024731,-0.07651819,0.0,0
site14_164.png_X256_Y0,11.7105646421114,609.508434646528,0.16910195047099869,0.039685774202812975,0.8148491290608251,3.9129028,0.11030354,-0.10283811,0.20654296875,1
site14_164.png_X0_Y256,12.832386136103263,495.08626009232177,0.10042927003058363,0.01677301781961949,0.8849309257025098,17.641754,0.12976196,-0.036008514,0.0,0
site14_164.png_X256_Y256,9.806329515885203,437.43610899353655,0.2165830411684968,0.06334781691262172,0.5226006567765686,3.254593,0.10091839,-0.09393358,0.0,0
site14_165.png_X0_Y0,14.299788589100002,1236.4442716893514,0.10044341809863655,0.009778011305700482,0.85317196450268,0.49240112,0.14518666,-0.1542854,0.98272705078125,2
site14_165.png_X256_Y0,14.316336820088917,1148.1249146062564,0.08094285004696847,0.008462591754619303,0.8422050175040017,-1.3148956,0.17091694,-0.19334762,0.9803466796875,2
site14_165.png_X0_Y256,13.686556066623728,849.5215033431326,0.10778644602115814,0.015255145425175289,0.8823321527813588,-0.7820282,0.1541881,-0.17416722,0.69134521484375,2
site14_165.png_X256_Y256,13.923018031046087,931.5713058830762,0.07664845896155062,0.009969726614495553,0.8251483256058093,-2.2776031,0.1460607,-0.17697483,0.9415740966796875,2
site14_166.png_X0_Y0,14.247300665667609,1035.9143470811425,0.07227445494881742,0.008326499616537827,0.8357128791607752,-0.24919128,0.16300994,-0.17517342,0.896240234375,2
site14_166.png_X256_Y0,14.252128882793954,1113.1616861905156,0.08043362511740842,0.008493829400152426,0.8347701365675814,0.8572693,0.13605392,-0.14358792,0.785247802734375,2
site14_166.png_X0_Y256,13.759937974151782,628.870815101199,0.11072323668335915,0.010187915948926337,0.8911696187854696,12.200424,0.24115206,-0.21871035,0.824676513671875,2
site14_166.png_X256_Y256,13.193477466285666,372.4921514712254,0.14027740293859128,0.014108256257136437,0.9518683177382152,-1.1309204,0.18057305,-0.19706614,0.2986907958984375,1
site14_167.png_X0_Y0,11.483689632363461,161.420558439063,0.1850904949346041,0.025996489801525052,0.9056901948760994,-8.284592,0.14166242,-0.16336918,0.0,0
site14_167.png_X256_Y0,11.361927048589415,111.79391817450062,0.19448188143970416,0.025773568871352726,0.9682777365135438,-2.1296692,0.13694662,-0.14182888,0.0,0
site14_167.png_X0_Y256,13.033648100914007,332.6283786284192,0.11998658002536686,0.01346285983803627,0.897755781771826,-2.0958405,0.15814349,-0.17060566,0.0,0
site14_167.png_X256_Y256,12.221093601605254,230.78709696992752,0.15718699149324533,0.02143009774283762,0.8976222503635212,1.1948395,0.16998097,-0.16964746,0.050323486328125,1
site14_168.png_X0_Y0,10.391759910490729,57.557810157151934,0.21482407702165895,0.03604044468620189,0.8494958777293029,0.8112335,0.16249569,-0.16002464,0.0,0
site14_168.png_X256_Y0,11.193834020726952,88.54820940263431,0.17006210383405973,0.02586059178104803,0.8743764861101008,1.0355682,0.17315513,-0.1708023,0.0,0
site14_168.png_X0_Y256,12.933163915318982,499.74911719654034,0.08967095545700186,0.013925237132697879,0.7059242006001873,16.781647,0.17091383,-0.08735889,0.0,0
site14_168.png_X256_Y256,12.911333915385601,559.8800610492616,0.07450281967544005,0.013573438355495165,0.5813760414448093,15.345245,0.18281204,-0.09093237,0.0,0
site14_169.png_X0_Y0,12.88454021582263,448.69860149950415,0.15194596624138268,0.017214519083352146,0.927317760004381,-4.2839813,0.18621084,-0.21073511,0.3696441650390625,1
site14_169.png_X256_Y0,12.13664639815016,388.3803031887178,0.1792834180487322,0.026862616556499984,0.836839413478141,-4.3335724,0.25100395,-0.3018198,0.648193359375,2
site14_169.png_X0_Y256,10.186668128453858,71.00868665297284,0.23459754620498066,0.040391743719143135,0.8454561367743065,-1.5388794,0.1753239,-0.1856384,4.57763671875e-05,0
site14_169.png_X256_Y256,10.781859767504782,195.85739524764298,0.23204669791003374,0.0474600079171698,0.8817073276232955,-3.0021515,0.19907306,-0.2231726,0.261749267578125,1
site14_170.png_X0_Y0,10.916988352389444,244.25985088369845,0.2926101192686978,0.037496650096128466,0.9677951918773589,1.6937408,0.13107258,-0.12800258,0.0,0
site14_170.png_X256_Y0,11.46813415454811,234.3427867887368,0.22903914913410717,0.026015795641235955,0.9633715400612259,-0.36140442,0.12976229,-0.13034584,0.0,0
site14_170.png_X0_Y256,8.220323840478045,38.18806464160565,0.33806151433540477,0.07627331265626022,0.8818487678207497,-1.6891632,0.1724697,-0.18689051,0.008453369140625,0
site14_170.png_X256_Y256,12.34098901510849,425.3276912425908,0.21999759104766065,0.02232016682875065,0.9590906305101801,1.0105743,0.1427831,-0.145118,0.2721405029296875,1
site14_174.png_X0_Y0,11.6135698350871,257.8637033983434,0.25130710979641,0.026561999351373572,0.966924036661245,1.8535919,0.11008087,-0.10327089,0.0041046142578125,0
site14_174.png_X256_Y0,12.380036015159563,310.1730880250617,0.22380090463084334,0.020262983250205365,0.9397395643980301,2.847412,0.12048592,-0.109890215,0.0069122314453125,0
site14_174.png_X0_Y256,11.709591153889097,277.08545469292517,0.22837383692554386,0.025278029239930333,0.9567342267720417,2.5139923,0.10041334,-0.089066654,0.0,0
site14_174.png_X256_Y256,11.717578524559597,476.31161347197974,0.19217380348015187,0.029440081608055307,0.8521442222222141,0.21315002,0.12195937,-0.12681162,0.0,0
site14_176.png_X0_Y0,10.392975504207374,64.92895759743949,0.22244607847062142,0.0354858335636713,0.8922984426195293,-1.1851807,0.16287059,-0.16454485,0.0,0
site14_176.png_X256_Y0,9.713652918714441,34.386195618872776,0.24463206823721093,0.04470593923958344,0.85347880203878,-2.663025,0.1558143,-0.16175367,0.0,0
site14_176.png_X0_Y256,12.661756476820758,493.1316141478303,0.18468993578147636,0.020103580824808384,0.8808546421136568,-2.4944153,0.1527703,-0.16158488,0.0,0
site14_176.png_X256_Y256,11.651317085204923,204.36965519572132,0.1957288284427665,0.025387291885836563,0.9005501465226989,-12.806503,0.20329526,-0.25076452,0.0,0
site14_177.png_X0_Y0,11.976932567202741,164.98832381175794,0.20671948458143555,0.022435148504716514,0.9453913897811939,-8.374664,0.18974277,-0.22251244,0.211700439453125,1
site14_177.png_X256_Y0,9.599121855555282,50.25597467019916,0.32893322673932324,0.0525013452667487,0.9654975924341467,0.24336243,0.14594902,-0.1453259,0.0,0
site14_177.png_X0_Y256,11.31432281517211,158.2583031015708,0.24287037578157816,0.03439750311686536,0.961602009767054,1.5237732,0.13759446,-0.13335674,0.0190277099609375,0
site14_177.png_X256_Y256,11.302876091419707,158.38416083959194,0.30433511123176715,0.03070938983115458,0.9617678900928626,0.5018158,0.12327491,-0.12391355,0.0,0
site14_185.png_X0_Y0,10.527036761089764,398.35807158004013,0.21651447870162305,0.05006356793451047,0.6511103421885184,3.1536255,0.09932776,-0.092484154,0.0,0
site14_185.png_X256_Y0,13.854030219339194,968.7472146230455,0.08857038263745394,0.011303508068719128,0.8131422570705747,-0.5408325,0.13257492,-0.1458404,0.6528472900390625,2
site14_185.png_X0_Y256,10.742769458290425,438.2172913663056,0.20301486481443567,0.04491214715120125,0.47033661023088913,2.9861603,0.111214414,-0.10544506,0.0,0
site14_185.png_X256_Y256,11.152948280193096,482.8841874519401,0.1869311593552127,0.04935887178481061,0.8688626880518657,2.0676117,0.10868429,-0.107470796,0.1087799072265625,1
site14_186.png_X0_Y0,14.184938524303085,913.9458554552771,0.09618881063219159,0.009278111288857874,0.895915344157328,3.4077606,0.18748286,-0.19179979,0.8464508056640625,2
site14_186.png_X256_Y0,13.789657893446659,869.2371867041055,0.07000311766401363,0.009871063095722134,0.7474091017349379,-70.44931,0.48765525,-0.78048325,0.944580078125,2
site14_186.png_X0_Y256,14.385168976271924,1360.5909980687452,0.07612351594609423,0.010234585844000776,0.8486762919456067,-3.9693756,0.17392015,-0.19960274,0.97393798828125,2
site14_186.png_X256_Y256,14.266703155016955,1286.5213719033723,0.05696807232138411,0.008295027163264709,0.7519535913606428,-33.968857,0.27691093,-0.42223072,0.89337158203125,2
site14_187.png_X0_Y0,14.097446512656658,1184.5442112258986,0.04895635395220138,0.008486257673726629,0.6678363847909987,-37.887314,0.3284412,-0.50269705,0.958709716796875,2
site14_187.png_X256_Y0,14.11926086724716,873.9131623204526,0.07239992851055121,0.008889914614274588,0.8383439770211063,-21.884674,0.27815053,-0.3859955,0.8874359130859375,2
site14_187.png_X0_Y256,14.032539076952505,1014.2969256266099,0.052497336934875335,0.008778564643162049,0.7194666924015419,-47.37526,0.35908675,-0.5612599,1.0,2
site14_187.png_X256_Y256,14.259735635377423,1359.2293958003863,0.04908152997227888,0.008069454287933406,0.6860299699312171,-32.856247,0.30044502,-0.4625361,0.980499267578125,2
site14_188.png_X0_Y0,13.737625689769803,606.6419743758879,0.09692144139548318,0.010329975103269244,0.86969454683402,-27.840286,0.29958504,-0.4096163,0.8855438232421875,2
site14_188.png_X256_Y0,13.0445733438979,459.8379245813313,0.08770787819362214,0.013549798905120473,0.83580416412944,4.6415253,0.21452504,-0.19364473,0.054840087890625,1
site14_188.png_X0_Y256,13.241732339760409,522.0154185890698,0.1340717650531178,0.01459114560729748,0.8988121361902828,-20.037598,0.27578062,-0.36484966,0.605072021484375,2
site14_188.png_X256_Y256,13.716234413200999,761.9730457036701,0.14080175528530714,0.011962595582119543,0.9224573788499054,-1.4375916,0.14501674,-0.15900725,0.67010498046875,2
site14_189.png_X0_Y0,12.749170538126698,420.6381070382263,0.1415789630071718,0.016364006594502004,0.9179447931954465,-1.3379974,0.17856991,-0.18421283,0.112060546875,1
site14_189.png_X256_Y0,13.497871650957666,709.4562949347292,0.10964779513918593,0.012147736297346225,0.8379063014344027,-4.1967163,0.18518409,-0.21485788,0.4727630615234375,2
site14_189.png_X0_Y256,11.787022957310274,214.31201624677595,0.21774676013869548,0.02848993149207274,0.9244720231097979,-2.7175598,0.14968082,-0.16118884,0.0334014892578125,0
site14_189.png_X256_Y256,13.281597776352626,591.2933581135362,0.12973393510583262,0.013971692370070619,0.8821599378501488,-2.368042,0.19206652,-0.22151099,0.5193023681640625,2
site14_190.png_X0_Y0,10.78957333204638,118.71725975286863,0.25276216499526205,0.04070928155501133,0.9557008812831729,-3.5661316,0.18145645,-0.20165762,0.0,0
site14_190.png_X256_Y0,11.753903378213579,312.6591293463224,0.1830938399063881,0.026741466445010253,0.7992556338450708,-4.0406036,0.19466347,-0.2264081,0.386871337890625,1
site14_190.png_X0_Y256,13.240572054582742,673.4484541553329,0.1295117030860464,0.013983535346826358,0.8274938997143013,-4.364212,0.2015793,-0.2411543,0.5696868896484375,2
site14_190.png_X256_Y256,11.359156978593624,280.07591374113827,0.21493055462817143,0.03195332489349568,0.7667424999918467,-5.6177673,0.240562,-0.27360997,0.184326171875,1
site14_191.png_X0_Y0,11.239575539209117,231.6467711036783,0.29774020633827464,0.030983895297698676,0.9729775952764763,1.2170563,0.11565556,-0.11139129,0.0,0
site14_191.png_X256_Y0,11.900250205348131,251.94010798130432,0.1961182097109145,0.022923155079866298,0.9546763905973337,1.29393,0.1237016,-0.12045741,0.0,0
site14_191.png_X0_Y256,8.400267937382559,44.313157289265426,0.3741927950045028,0.073399559510276,0.8832707472882705,-1.7634277,0.14055112,-0.15628225,0.0,0
site14_191.png_X256_Y256,11.576020773868056,260.89578339762664,0.27497370207195676,0.027459464543852268,0.9740860446929325,0.99264526,0.11112721,-0.106856555,0.0406951904296875,0
site14_203.png_X0_Y0,13.090176255972573,715.0602514207549,0.09152304368755027,0.016610824652945146,0.8091163682401762,-1.5326843,0.117631555,-0.12496147,0.0,0
site14_203.png_X256_Y0,12.201936902949434,200.97701145594345,0.21989691592824853,0.020189456364188032,0.9256172878898865,2.6073914,0.14656375,-0.14015508,0.04571533203125,0
site14_203.png_X0_Y256,13.044886968315744,600.4398089526842,0.06208154965858516,0.013193944026012192,0.7491968068302871,-1.3081512,0.11545275,-0.12047872,0.0,0
site14_203.png_X256_Y256,13.631669783348492,656.4273330269571,0.07992577862525888,0.010986203115477308,0.873876847225034,-0.1526947,0.13145453,-0.1376662,0.105621337890625,1
site14_206.png_X0_Y0,13.34261516180094,765.6665065720181,0.09802781542482007,0.01576651168982414,0.7611075566516633,1.237442,0.13082638,-0.13257518,0.45068359375,2
site14_206.png_X256_Y0,13.866771387437337,1031.8018323330896,0.10484531659630267,0.015438753436645816,0.8392485229782791,-1.5266876,0.1176974,-0.12648724,0.989349365234375,2
site14_206.png_X0_Y256,10.559393744680122,424.07895636594725,0.1967760868296659,0.04718081830017057,0.5906218829988888,2.8639374,0.10241299,-0.09707811,0.0039520263671875,0
site14_206.png_X256_Y256,13.9380868362069,965.2882701966103,0.08532005378652385,0.01143740497196757,0.8314585283340513,-4.194916,0.16100919,-0.1900145,0.7220458984375,2
site14_207.png_X0_Y0,14.294130164777814,1175.3718510910292,0.06641466154387193,0.008263113819092479,0.8003388909069342,-20.946625,0.24039131,-0.34784776,0.78411865234375,2
site14_207.png_X256_Y0,13.836410814040077,929.0100494702134,0.06866253066140399,0.009797961540770724,0.738190865581571,-32.704742,0.30352807,-0.4624041,0.8341064453125,2
site14_207.png_X0_Y256,13.904917493382893,973.1745586884879,0.1255849807397506,0.011778242867908703,0.8831614443065768,-6.1680603,0.22521341,-0.26671475,0.5928955078125,2
site14_207.png_X256_Y256,11.648167549916963,339.6773798689692,0.24390756670844588,0.03487838573469921,0.8811140672053157,-6.772949,0.22884303,-0.2870335,0.067138671875,1
site14_208.png_X0_Y0,12.159610605811892,382.4129335472525,0.20793390596828443,0.022130116915368172,0.8380027810369941,-2.8829498,0.14890727,-0.17555873,0.315093994140625,1
site14_208.png_X256_Y0,11.583439269331912,296.5322293409164,0.2218566201720996,0.028892298216340845,0.8939767865613811,-1.914978,0.13134384,-0.14283493,0.2787017822265625,1
site14_208.png_X0_Y256,10.567267111384588,106.43420075813164,0.3577710169545103,0.04764481728474076,0.9827079455643807,-2.1067963,0.16395825,-0.20010987,0.093780517578125,1
site14_208.png_X256_Y256,11.241528344850003,304.4366053170577,0.26732292936822155,0.04896605185846635,0.9494347077327865,0.14115906,0.119756654,-0.122262165,0.0,0
site14_209.png_X0_Y0,9.45509322776959,34.365089764153865,0.3150011006021117,0.04938614204660529,0.8759564306699521,-1.81633,0.14920287,-0.1565043,0.0,0
site14_209.png_X256_Y0,10.451426027452378,135.157433829549,0.2971837205262355,0.045104634573449286,0.9212489952097636,-2.0844727,0.14970666,-0.15849558,0.0194244384765625,0
site14_209.png_X0_Y256,12.114712111979127,432.4700474276781,0.2353692698218532,0.031857428589688035,0.9384318308515709,-3.050064,0.14586014,-0.16144405,0.1707763671875,1
site14_209.png_X256_Y256,11.250166672330485,212.3174169940871,0.2687009965047261,0.03340616197380106,0.9151789635193726,-3.271515,0.1486811,-0.16241965,0.245574951171875,1
site14_210.png_X0_Y0,14.440655105536969,1756.815313040876,0.06892907105792413,0.008117583865863405,0.7472512273131521,-7.1399536,0.20451282,-0.26464579,0.7477874755859375,2
site14_210.png_X256_Y0,11.868564558067227,316.4939404015655,0.2516325720564721,0.02563078510336259,0.8790028425122722,-27.412308,0.33413553,-0.464026,0.1545867919921875,1
site14_210.png_X0_Y256,12.378719551743991,442.68244545373165,0.23650705310304942,0.024849641088438686,0.9263990508250841,-2.6390076,0.15212958,-0.1657626,0.152099609375,1
site14_210.png_X256_Y256,11.9730902224025,418.9829407860715,0.2502439038874028,0.027252535885012863,0.8974870996626534,-12.680771,0.284366,-0.3753248,0.2091064453125,1
site14_211.png_X0_Y0,9.15611805845652,25.859011738274233,0.30594773841203143,0.05549145892084953,0.8734995024012697,-3.0952606,0.17301002,-0.19223991,0.0,0
site14_211.png_X256_Y0,9.863404445444743,111.1863070243491,0.3197618412180838,0.05317850348977143,0.8356597421925823,-2.409317,0.13043013,-0.15321448,0.2263641357421875,1
site14_211.png_X0_Y256,11.371985141528492,252.18833810917096,0.24549191505296836,0.031793919679367386,0.8379576736052724,-4.182007,0.19301358,-0.21527562,0.1800384521484375,1
site14_211.png_X256_Y256,8.983379729599596,36.820891994667,0.2985613158273994,0.06012701373688522,0.8119652655114087,-3.2826385,0.17116159,-0.19105454,0.0,0
site14_212.png_X0_Y0,12.04534942892981,339.95876058790765,0.24739690270057163,0.025177073930677835,0.9576132318783402,2.2106628,0.10522547,-0.09602092,0.1643524169921875,1
site14_212.png_X256_Y0,12.520955259555148,432.0700046706951,0.19006359546378876,0.01861212498271856,0.9411714576910574,1.2880249,0.11045241,-0.10809547,0.04852294921875,0
site14_212.png_X0_Y256,12.414957202370099,355.69085109996786,0.17555826499771243,0.022760770080190045,0.8565893843479544,-2.1490173,0.16246124,-0.17373618,0.5953216552734375,2
site14_212.png_X256_Y256,13.237309200326443,460.10509877513755,0.1530777920523977,0.013330449052832023,0.9080481680085404,-0.11647034,0.15120889,-0.15762505,0.66998291015625,2
site14_223.png_X0_Y0,13.137486379060483,626.1350375456406,0.06674176596469962,0.012796594913881923,0.7475016593829531,-0.1595459,0.112707585,-0.11495563,0.0,0
site14_223.png_X256_Y0,13.203055757214724,675.5518987739003,0.06381762148080901,0.012642973017265984,0.7837601032230513,1.9713287,0.11868067,-0.11449084,0.0,0
site14_223.png_X0_Y256,13.104698111415393,510.659535830562,0.09107046851235948,0.013484198048476675,0.8629379846429933,6.354721,0.11085354,-0.09042771,0.0,0
site14_223.png_X256_Y256,12.90667931755518,312.47602929164736,0.12943263353915782,0.0144992350284049,0.8959491790296156,11.942932,0.18587187,-0.13503772,0.082733154296875,1
site14_225.png_X0_Y0,14.00557370036935,801.6313992215153,0.07251873220516475,0.009371224493791998,0.8648541109942742,14.551437,0.14793947,-0.08626645,0.526458740234375,2
site14_225.png_X256_Y0,12.714860083851669,437.7761154814531,0.07193390159414222,0.014568269784948712,0.6698927185855006,45.763306,0.044732,0.2548346,0.0961761474609375,1
site14_225.png_X0_Y256,13.28736103760551,543.3838851043691,0.11921074568093848,0.014028764913644728,0.9390887422874427,21.902985,0.088265724,0.07300216,0.151641845703125,1
site14_225.png_X256_Y256,12.306234484082317,327.6535982855289,0.08197813864271117,0.016501874173794954,0.6416271703587892,50.017517,0.0338873,0.31616768,0.0013885498046875,0
site14_226.png_X0_Y0,12.4102756799355,525.2616212664617,0.1646308644251299,0.024955642378086257,0.8888090781020945,14.5345,0.079145074,0.02891527,0.0,0
site14_226.png_X256_Y0,12.290961339363001,632.9634863994809,0.17978587854497424,0.030206859895329886,0.8898257359924555,-0.48143005,0.111038536,-0.10343875,0.2815704345703125,1
site14_226.png_X0_Y256,13.176611341162346,601.5067295031827,0.12069243825065973,0.016046801208895276,0.9198928151197042,16.666779,0.08879061,0.07152426,0.3441925048828125,1
site14_226.png_X256_Y256,13.560998168643799,866.6052135597445,0.14382280481711288,0.01563135109702698,0.8881247515274717,-3.195938,0.13355277,-0.14356518,0.7000274658203125,2
site14_227.png_X0_Y0,12.062300393389778,300.23578462915816,0.2299725492207053,0.028515195079280277,0.9289005379639512,-4.528839,0.16658127,-0.19179398,0.240203857421875,1
site14_227.png_X256_Y0,10.990715696065262,214.2802854671588,0.3173105075242545,0.04666290360533898,0.9714372253502455,-3.8852081,0.1622495,-0.20272565,0.276397705078125,1
site14_227.png_X0_Y256,11.284345600014964,154.80200651493607,0.2816136863844034,0.029619916957284165,0.97711868294978,-2.9550629,0.13569933,-0.15276507,0.0324554443359375,0
site14_227.png_X256_Y256,10.366541865299393,448.5881156736532,0.30317549627687773,0.061121809397576665,0.8941564286403737,-4.6971436,0.14565025,-0.15933076,0.032440185546875,0
site14_230.png_X0_Y0,9.175456814737156,17.49689949478593,0.3991124705336366,0.05099847152934851,0.9488089215585707,3.401535,0.134517,-0.11899268,0.0,0
site14_230.png_X256_Y0,11.684939337022112,240.222252018477,0.2653206309219118,0.028520083953750393,0.9217101730603625,-2.1825714,0.12750776,-0.1393716,0.0627288818359375,1
site14_230.png_X0_Y256,10.999112883401173,197.02884404437444,0.3336366674977478,0.03386492099439847,0.9642710480405023,1.6561737,0.14365879,-0.13513303,0.011138916015625,0
site14_230.png_X256_Y256,8.802914471941502,18.404993632257277,0.4176001605841812,0.06304661783110313,0.9574660170785123,-3.4506836,0.14967713,-0.16837548,0.0132293701171875,0
site14_231.png_X0_Y0,13.15354888521634,520.5937567282319,0.13750669130820684,0.014700227476427363,0.8953634399621139,-2.2644043,0.14046496,-0.15944447,0.7486724853515625,2
site14_231.png_X256_Y0,12.088659931400654,176.5220616619908,0.1778010905071607,0.020443085355556456,0.9035586082066269,-4.31485,0.14488244,-0.16488166,0.20086669921875,1
site14_231.png_X0_Y256,12.523005003665594,441.5133950884825,0.1963606657739041,0.020332420163955114,0.9177959691843811,0.8291321,0.17486702,-0.19762893,0.2053680419921875,1
site14_231.png_X256_Y256,11.890027599610704,194.51847283799464,0.23214263119607959,0.024163272213740677,0.9567502960099881,-4.679245,0.20057966,-0.23489499,0.0721588134765625,1
site14_232.png_X0_Y0,9.124247784679815,27.816878228927507,0.310028199679165,0.05492814621719333,0.8964064368684307,-2.6015472,0.15005319,-0.16143371,0.00164794921875,0
site14_232.png_X256_Y0,10.029601076326053,98.50788394188172,0.30913737664661645,0.04576808004037881,0.9226104233616974,-2.849121,0.14386906,-0.15522966,0.126373291015625,1
site14_232.png_X0_Y256,10.090952386415015,54.600460504976304,0.26673719350532893,0.0407392227753386,0.9050128464604795,-2.1485596,0.15450801,-0.16273478,0.0,0
site14_232.png_X256_Y256,8.689995972114193,29.539952121780846,0.32983481302836576,0.07036551907376794,0.9007067933690398,-3.2428894,0.13974166,-0.15054646,0.0109100341796875,0
site14_233.png_X0_Y0,12.514171259703204,339.67394131767026,0.2078357142063256,0.02198966010948676,0.9523095634922321,1.1612549,0.13704818,-0.13664807,0.3189697265625,1
site14_233.png_X256_Y0,12.904785109491094,696.4899478266049,0.11364001758991582,0.015260165825332603,0.8169433201781175,-0.058395386,0.08338222,-0.083141685,0.0089111328125,0
site14_233.png_X0_Y256,12.441995564625552,313.1665363231958,0.15610618896253542,0.018418950863514114,0.8496768638665083,-2.9348907,0.15074252,-0.16019778,0.5178070068359375,2
site14_233.png_X256_Y256,13.407670725177319,570.2617951178868,0.1482626359080305,0.013422164573025015,0.8746956483560668,-0.039001465,0.14368223,-0.14441165,0.3968353271484375,1
site14_237.png_X0_Y0,9.53053367356921,57.21716911764767,0.226622492590383,0.04923361361199447,0.71517209622066,-4.891205,0.13697836,-0.15104342,0.0,0
site14_237.png_X256_Y0,10.30163272769818,58.81707348135414,0.20400222899473958,0.03558894809936104,0.8157603576317879,-4.42572,0.13559447,-0.14957643,0.0,0
site14_237.png_X0_Y256,10.512647893361635,81.53193328587886,0.21204082745898156,0.03680667054065064,0.8608707412180405,-5.650406,0.14742425,-0.16554984,0.0,0
site14_237.png_X256_Y256,11.23663681539991,148.52264743428805,0.2011023595824394,0.030020682104432102,0.8412686558781086,-4.334671,0.14630422,-0.1631909,0.0,0
site14_238.png_X0_Y0,11.849866981449791,218.1245406063871,0.20185793382695338,0.024650846723019402,0.9039410489087523,-2.4373932,0.13999286,-0.15040788,0.0577850341796875,1
site14_238.png_X256_Y0,11.66436068425398,309.559641198746,0.23547888480760854,0.02816859012709439,0.8801521349970567,-2.4474487,0.13781196,-0.15484208,0.051025390625,1
site14_238.png_X0_Y256,11.817636510848397,189.87759715315516,0.24020982469590613,0.02393464821256424,0.9291938041810466,-2.3048553,0.12345598,-0.14355254,0.0,0
site14_238.png_X256_Y256,10.694970754760224,203.19976831329734,0.34866672881525873,0.0389182856677455,0.9078786352567995,-1.2473145,0.11197041,-0.11324684,0.0,0
site14_243.png_X0_Y0,11.564110810179608,88.01619790164922,0.1929116289536959,0.0237795713408467,0.933674330691771,27.607742,0.12159212,-0.01633571,0.0,0
site14_243.png_X256_Y0,12.160460106467701,128.4730089538892,0.13928984985844622,0.018550989767491543,0.9445912834394044,14.475891,0.15697432,-0.09393797,0.0,0
site14_243.png_X0_Y256,11.998756765300335,107.28921290789648,0.16370189519313189,0.020407506145489727,0.9535466056759767,9.223541,0.13720694,-0.10296141,0.0,0
site14_243.png_X256_Y256,11.733847906494596,95.66460248162286,0.1652657259451409,0.022954571286116433,0.9679808466442505,18.374756,0.1317628,-0.026633427,0.02581787109375,0
site14_244.png_X0_Y0,12.465277221413903,136.7887436172436,0.1475544076299714,0.016713575315328997,0.968180954573234,9.952225,0.14365745,-0.09463637,0.0,0
site14_244.png_X256_Y0,12.362443276054691,280.89879814857693,0.21842231714155755,0.026551542793527314,0.9738394944500729,14.873184,0.10789092,-0.012378024,0.0,0
site14_244.png_X0_Y256,11.378716478265249,100.85189827830847,0.14608714474042764,0.02379341073954033,0.8537536425318477,21.21016,0.12751868,0.0041359067,0.0,0
site14_244.png_X256_Y256,12.510584035572705,336.4523940311889,0.15218543263901468,0.0177247552634451,0.9375861172471823,12.762955,0.12857941,-0.011343803,0.2259063720703125,1
site14_245.png_X0_Y0,13.258439485568601,605.069053954604,0.15922622062769012,0.01612754275042403,0.939735591664204,4.9892426,0.13434663,-0.10199319,0.15087890625,1
site14_245.png_X256_Y0,13.304251291930042,574.7392528115049,0.1185190988532212,0.015188488530609945,0.9399096182926545,16.343369,0.073477075,0.09049145,0.4549407958984375,2
site14_245.png_X0_Y256,13.948400505257386,644.4129100736714,0.1023379703125566,0.009985553984485026,0.9264848288109457,-0.830719,0.12417855,-0.12605207,0.92230224609375,2
site14_245.png_X256_Y256,12.79008574068503,484.65676000521114,0.18515966765848785,0.021923511393837615,0.9116901192511266,-1.9341278,0.12772074,-0.13483578,0.5617218017578125,2
site14_246.png_X0_Y0,12.068594480938795,447.01102346460084,0.2172887513295303,0.02954442720142931,0.9235791789782147,-1.8194885,0.13341233,-0.13975751,0.4462890625,2
site14_246.png_X256_Y0,11.592082201547234,246.29418203037045,0.26482904549856656,0.02676709834230073,0.9681984583355487,-2.5026093,0.1410906,-0.15378946,0.0,0
site14_246.png_X0_Y256,11.945449499218991,375.3954682694463,0.2451981239224599,0.029106691328000013,0.9597910247673165,-3.1295776,0.14151925,-0.1621804,0.217376708984375,1
site14_246.png_X256_Y256,11.102745100568454,490.59170289071443,0.2295956752734698,0.04706491883846031,0.8028963267906407,-3.3088684,0.12749419,-0.1353133,0.0,0
site14_251.png_X0_Y0,8.55087006243288,20.744837006800655,0.39779064381191054,0.0674345196469206,0.9246520358661425,-2.4673462,0.13155521,-0.14407963,0.0,0
site14_251.png_X256_Y0,11.893114477313167,403.57422756575295,0.2856031408838126,0.03497559730492616,0.9477805067188254,12.048645,0.13481542,-0.11373638,0.236541748046875,1
site14_251.png_X0_Y256,10.438654009072998,106.30424723965038,0.33991383061142066,0.0428815624117488,0.9582511833529243,-3.0329895,0.13890958,-0.15485245,0.0,0
site14_251.png_X256_Y256,9.083640445597677,41.7643806318505,0.3691875293377639,0.05744656579015035,0.8720648398940876,-2.7733765,0.12937012,-0.1406389,0.0,0
site14_252.png_X0_Y0,13.07891188611003,354.236544748438,0.1484328844780447,0.014827147333218034,0.9231055470179358,-2.0560913,0.14618829,-0.15342546,0.389617919921875,1
site14_252.png_X256_Y0,9.513449431875598,36.865764054090356,0.29573919127591686,0.0526364793559745,0.8601033200400614,-3.121582,0.1431535,-0.15403965,0.0,0
site14_252.png_X0_Y256,12.947583229523996,418.13189725708037,0.1505603563606561,0.015221489334130658,0.8644075665488294,-7.2206726,0.19744332,-0.23338336,0.0007476806640625,0
site14_252.png_X256_Y256,11.622161930706696,147.12848678994288,0.22617070136720338,0.026234712465003494,0.9023318143736723,-16.60408,0.21906923,-0.28220934,0.0,0
site14_256.png_X0_Y0,11.02600708464238,99.10599022912317,0.23286033005332885,0.03328528262718667,0.9703998639771674,10.90535,0.17310274,-0.15463303,0.0,0
site14_256.png_X256_Y0,10.505146904873643,79.22865591059002,0.20592112374827162,0.03776906612583534,0.8910001484397322,-4.657776,0.15091968,-0.16517422,0.0,0
site14_256.png_X0_Y256,12.92462241211893,430.2906782698016,0.1429469953506911,0.016385330820805677,0.8512193248610314,-3.357483,0.15787764,-0.16986924,3.0517578125e-05,0
site14_256.png_X256_Y256,11.027037120637548,228.1151877283019,0.23711777409188262,0.04140866044683797,0.914298797664126,-2.609314,0.1403176,-0.14904924,0.0,0
site14_257.png_X0_Y0,12.081091510650989,313.2064639351809,0.1948562466620401,0.02322105379719529,0.8381251504216662,-3.8184357,0.11490369,-0.13190334,0.178375244140625,1
site14_257.png_X256_Y0,11.559682195233993,327.4958545391661,0.219991627786153,0.033511638511025565,0.8791972379897881,-5.6078033,0.17314696,-0.20495325,0.2429656982421875,1
site14_257.png_X0_Y256,11.476934684995566,156.84142958839203,0.23212662647467047,0.029115583887842918,0.9049577025877296,-5.138794,0.10149571,-0.12001678,0.172515869140625,1
site14_257.png_X256_Y256,12.643500403861196,247.9630132791611,0.18877687723713188,0.017435250843844396,0.9695726936261632,-1.2918854,0.09813421,-0.105074376,0.153961181640625,1
site14_258.png_X0_Y0,12.19344156388134,346.3806531292453,0.23449452855349073,0.0402144299966036,0.9371768055935022,-1.0115204,0.12498359,-0.13263664,0.0562286376953125,1
site14_258.png_X256_Y0,12.139795028112815,192.94135625420526,0.10847305700036697,0.01721496045359739,0.8504307623871148,-4.964264,0.13754062,-0.15107444,0.0,0
site14_258.png_X0_Y256,11.99070779409373,232.30744838222424,0.19545361833950514,0.027651739155193266,0.9629475611503856,1.5345459,0.12300494,-0.1217989,0.0,0
site14_258.png_X256_Y256,12.694776990186053,272.05705945429986,0.10238052774111514,0.015177651670964364,0.8631094681574654,-2.6897888,0.13526575,-0.14328927,0.0,0
site14_264.png_X0_Y0,12.043625631180728,270.12552272567365,0.17423326261248262,0.022888397804522745,0.9095088750567797,25.574097,0.04254279,0.17244667,0.0,0
site14_264.png_X256_Y0,12.861254320876988,371.0584050005328,0.13154034897172875,0.016399936474503406,0.9485146821933965,23.810593,0.02196854,0.19103706,0.2392578125,1
site14_264.png_X0_Y256,11.520085701071462,278.62856222670075,0.28452008373709836,0.05711515221155404,0.931140997761366,6.1397247,0.085793495,-0.04984482,0.0,0
site14_264.png_X256_Y256,12.044335302394288,476.6747681781603,0.2700316873908233,0.040425323505733135,0.9601304459261002,4.05777,0.122366995,-0.0988497,0.00616455078125,0
site14_265.png_X0_Y0,11.931702319373404,238.7212729329067,0.1978517832281831,0.024543242778119027,0.8872733105783512,-0.66363525,0.13053402,-0.13298444,0.281707763671875,1
site14_265.png_X256_Y0,12.064608605476401,254.05879401853878,0.2542800248010749,0.023044296230240797,0.9477286223570469,-0.24276733,0.13037711,-0.13486731,0.0110931396484375,0
site14_265.png_X0_Y256,11.992991645426251,301.6896365130082,0.2533450929664403,0.03526030567409158,0.9439825257486685,1.0171509,0.12398568,-0.12506989,0.0785369873046875,1
site14_265.png_X256_Y256,12.655970025777986,244.26743635261755,0.20269220011692762,0.01765030672641453,0.9461102136004187,-0.94285583,0.10024801,-0.11227492,0.3342132568359375,1
site14_266.png_X0_Y0,11.282697430500752,443.1042804750631,0.22562499422443705,0.04620135559425874,0.7475868403664458,-2.9144287,0.12568745,-0.131979,0.0,0
site14_266.png_X256_Y0,10.503216593329253,502.9623095834575,0.23950051669874298,0.05455798120456553,0.8237578474988161,-3.5086975,0.1359461,-0.14491111,0.0,0
site14_266.png_X0_Y256,11.655707362766112,335.45753452697585,0.2446610749857958,0.03627526649528731,0.9248362476403382,-2.9507904,0.13485897,-0.14582944,0.05047607421875,1
site14_266.png_X256_Y256,11.374470024658649,632.6375847180452,0.19941171967021293,0.04314725552778457,0.5713002364186397,-4.44191,0.13057962,-0.13926886,0.0,0
site14_272.png_X0_Y0,9.73522636004473,69.77664732314867,0.3112198302114242,0.04757092679313897,0.9552620914261595,-3.4309387,0.14426675,-0.15541247,0.0,0
site14_272.png_X256_Y0,12.40306890797665,318.1408507245182,0.21826887465252676,0.019178011474937303,0.927927854096303,-3.1572876,0.13563135,-0.15114665,0.2406463623046875,1
site14_272.png_X0_Y256,8.890736368481356,19.354513783761167,0.31552484120580926,0.05802976761670084,0.8888052232554547,-4.059601,0.1413449,-0.15460002,0.0,0
site14_272.png_X256_Y256,9.575635546160122,29.781842830882752,0.31163927006477987,0.04807477492695815,0.9193832044582719,-3.8069763,0.12611577,-0.13928339,0.0,0
site14_275.png_X0_Y0,10.640587345806946,59.331663257522344,0.2515220199202022,0.03484388800078765,0.9433932371227103,1.2414703,0.13756524,-0.1345633,0.0,0
site14_275.png_X256_Y0,12.71596508788058,314.8949755052216,0.15000062474996287,0.015666712505396585,0.8671831771718512,11.775604,0.123564854,-0.0889899,0.0,0
site14_275.png_X0_Y256,9.456254566578524,42.050095576221715,0.3156569421452945,0.05603814772325379,0.8843424690857974,-1.5319824,0.1472064,-0.15081787,0.0,0
site14_275.png_X256_Y256,11.583767554709787,127.70720436551082,0.2213955748951937,0.024777574938962373,0.9104150285276628,29.926315,0.07887564,0.010161653,0.0,0
site14_276.png_X0_Y0,12.21789577274629,236.51138894897105,0.15594109733007716,0.020488408609490107,0.8739052955910309,0.642807,0.15263365,-0.15263456,0.0,0
site14_276.png_X256_Y0,12.753164984912363,246.97362543854422,0.1819283663918154,0.01624593385933262,0.9422596576517874,-1.1760559,0.14967933,-0.1587851,0.1860504150390625,1
site14_276.png_X0_Y256,13.08239329439969,275.29994453755813,0.12187640259230123,0.013114642712003978,0.9218357946322437,2.2257996,0.16122553,-0.15906683,0.0,0
site14_276.png_X256_Y256,13.114771771211817,350.8011326923555,0.09963565456364384,0.013480819996612943,0.8874977692855744,10.913635,0.15352902,-0.13085988,0.0,0
site14_277.png_X0_Y0,12.476314254001766,270.46157858457036,0.18268903360253982,0.025002623227274406,0.9336340283992964,-3.6704254,0.1107749,-0.12154479,0.6842193603515625,2
site14_277.png_X256_Y0,12.127521520573005,225.82993333392986,0.16460828471900193,0.0223700104039394,0.9540175115092334,1.036377,0.120052226,-0.11952325,0.211822509765625,1
site14_277.png_X0_Y256,12.862417177908474,358.60139132187595,0.15389011907350164,0.020317033545636777,0.9229672491502298,-1.3952637,0.12525088,-0.12700483,0.3646697998046875,1
site14_277.png_X256_Y256,13.243023286746276,409.7637891526126,0.13490933484007,0.01385485139821983,0.9175494676373961,-1.4951477,0.10823336,-0.11318803,0.7778167724609375,2
site14_278.png_X0_Y0,12.343526862808098,532.6580000631144,0.1651590936947471,0.06713286633415744,0.892508010949583,0.40415955,0.09370378,-0.09315936,0.0,0
site14_278.png_X256_Y0,11.234259942228885,448.66778480635264,0.26919076167123074,0.1557236510341704,0.9457074887964076,-1.8269958,0.07632464,-0.08175224,0.0,0
site14_278.png_X0_Y256,12.130014557074533,179.62744279545174,0.1935408973269803,0.020299020761636553,0.9489734284413394,2.2823944,0.107960224,-0.10014386,0.015411376953125,0
site14_278.png_X256_Y256,12.238866252410787,342.20717278213215,0.15356390086804783,0.034546374793161284,0.9226487017856949,-3.8180237,0.08651771,-0.09609854,0.0,0
site14_285.png_X0_Y0,13.444903152626004,647.5469186431189,0.17705153643794097,0.018438796303885306,0.9297928115277415,-1.4050598,0.11297934,-0.12917158,0.2933502197265625,1
site14_285.png_X256_Y0,12.134946001622025,403.009315497663,0.27891207088158,0.07648896188961668,0.9424155288959233,-1.0817413,0.072649,-0.088871114,0.120452880859375,1
site14_285.png_X0_Y256,11.449214146265987,168.6860668372844,0.2486120838432009,0.03327974007212341,0.9241828194625026,-1.708435,0.1488273,-0.16820401,0.0,0
site14_285.png_X256_Y256,11.076148533697364,195.90743186216304,0.3258833901881562,0.039353022526604206,0.9538981948230071,-0.3039856,0.090230584,-0.098640874,0.0074615478515625,0
site14_286.png_X0_Y0,11.86185897992878,207.31220230802424,0.2569662658915687,0.024748994680275135,0.9483309411213323,6.628235,0.07027593,-0.04300443,0.0,0
site14_286.png_X256_Y0,12.18222329239968,420.90715645726675,0.21882063890163145,0.02588564533827703,0.948443326916693,-3.4253998,0.14785233,-0.16597126,0.0,0
site14_286.png_X0_Y256,9.082506058802455,405.53376028753684,0.509378804029285,0.29464465336310675,0.9502220770966585,2.603592,0.03694423,-0.027376434,0.0110321044921875,0
site14_286.png_X256_Y256,12.795662937614349,495.6583610120439,0.18724052169671182,0.03384924774356408,0.9174394175278028,-1.1543579,0.105255835,-0.103287466,0.50677490234375,2
site14_287.png_X0_Y0,13.221694481557481,555.7589199316982,0.17711037474181124,0.014809912339602778,0.934229390449343,-3.6117096,0.16938922,-0.1925622,0.0,0
site14_287.png_X256_Y0,12.13448486731189,488.8014345143729,0.24226846333427757,0.04246579162794892,0.9367088389645574,-2.896286,0.14500879,-0.16159621,0.0,0
site14_287.png_X0_Y256,11.033856968833996,187.22996048695558,0.27912320309796146,0.1075051733335334,0.9526053901149839,-3.6358795,0.12208399,-0.13581967,0.0807342529296875,1
site14_287.png_X256_Y256,11.14406152690518,170.13140105368296,0.2894043441942783,0.12369097068268772,0.9652738060121011,-2.0335083,0.12797819,-0.13939641,0.0,0
site14_290.png_X0_Y0,10.58493684718813,366.61384721320735,0.29009498636307135,0.06251892454612448,0.8757390151016977,-1.5795288,0.12525858,-0.13015431,0.0,0
site14_290.png_X256_Y0,12.088815594220083,451.66587353721513,0.24284847726867642,0.03380891061995913,0.9079104904051211,1.0595703,0.12397838,-0.10326917,0.0,0
site14_290.png_X0_Y256,11.502713429956431,297.71194145580466,0.2826090285137052,0.03887152451156616,0.9489806396733655,-2.5861206,0.13961893,-0.15326098,0.0,0
site14_290.png_X256_Y256,12.874617015276012,494.10031467764725,0.17100458602789215,0.017794886711400636,0.8571043344288423,-4.6488495,0.14610574,-0.16323364,0.0,0
site14_291.png_X0_Y0,13.219543105969242,575.5614961793711,0.12033016805751345,0.013388658209450673,0.8564352048642676,0.3446808,0.14267087,-0.12245373,0.0622406005859375,1
site14_291.png_X256_Y0,12.587452429845992,354.9688909464215,0.23691170470415285,0.020215016724627343,0.9617296723965105,-3.17128,0.15129349,-0.17280672,0.0,0
site14_291.png_X0_Y256,12.670685001440319,567.3475531045697,0.0883599060518733,0.01574799744481749,0.5632353445861813,-5.3927,0.14638695,-0.16024378,0.0,0
site14_291.png_X256_Y256,12.889349843398586,519.7425057219501,0.12377431612826725,0.01500288155209913,0.725642913998406,-3.1622772,0.1438486,-0.15252972,0.0,0
site14_294.png_X0_Y0,9.26879735853358,23.63406717067985,0.29065490572890995,0.05048548413191248,0.8778037692615313,-1.6989899,0.1330772,-0.13716224,0.0,0
site14_294.png_X256_Y0,12.32875887848161,327.4794615352521,0.1825953507768758,0.01995717425130971,0.8399676960562615,-3.016983,0.1406602,-0.15123218,0.287322998046875,1
site14_294.png_X0_Y256,11.796971004370313,239.27478028282832,0.20059547536222552,0.026607684022370775,0.8876638200964819,-2.0006714,0.14894827,-0.15653649,0.1402435302734375,1
site14_294.png_X256_Y256,13.073190789614344,372.597749213056,0.14810516138863244,0.01335370849739899,0.9092277398641826,-1.9428558,0.1385436,-0.14803809,0.284637451171875,1
site14_295.png_X0_Y0,9.726679233350744,14.118149584895477,0.3780485124403994,0.0463475552689881,0.9844947511746149,-0.92492676,0.14562187,-0.14963317,0.0,0
site14_295.png_X256_Y0,10.281939137676789,69.01260092272473,0.3200590940281549,0.05025165867764866,0.9116411826258347,-1.9903412,0.15563783,-0.16142233,0.0,0
site14_295.png_X0_Y256,11.29892769324762,42.75024323577544,0.26937071224142783,0.024736004647931204,0.9811517107460075,1.8847351,0.14388505,-0.13828819,0.0,0
site14_295.png_X256_Y256,10.112952608773444,37.08357291967119,0.3120493330163512,0.04496207479665081,0.9398743914945599,-1.2012482,0.15187292,-0.15582535,0.0,0
site14_296.png_X0_Y0,13.309632215151357,468.5311747584983,0.0709463653110487,0.011239392277349016,0.8316865215140465,8.71347,0.17003986,-0.15185775,0.0,0
site14_296.png_X256_Y0,12.700300240428861,275.90981231678927,0.1499711979749736,0.017184669550689226,0.8977416295750493,-0.29692078,0.1554622,-0.1605386,0.016143798828125,0
site14_296.png_X0_Y256,11.907732970755102,159.49465594663795,0.19616012103873226,0.0218803491069103,0.8960874023202183,-1.1918488,0.16398343,-0.16999382,0.111114501953125,1
site14_296.png_X256_Y256,12.025846994732495,108.68033409626292,0.19218249130804133,0.01984427178822716,0.9496621480051134,-4.8779907,0.16644458,-0.18829723,0.2404937744140625,1
site14_297.png_X0_Y0,13.015055734487829,368.55801635792244,0.1244959862556386,0.014512744704206115,0.8818709817594599,-5.843994,0.15125267,-0.19056877,0.396514892578125,1
site14_297.png_X256_Y0,12.76372219511104,461.817482278485,0.16238863431848602,0.023392777426792757,0.8920269459734935,-3.6435547,0.11884141,-0.13177234,0.56097412109375,2
site14_297.png_X0_Y256,13.48546938554208,584.3134857687329,0.11171807686313227,0.012367808158023411,0.8614789445971482,-5.493164,0.16394189,-0.19325319,0.1532135009765625,1
site14_297.png_X256_Y256,13.801362586899057,725.9179182135822,0.11369090209434998,0.011771892289367756,0.9150820808774421,-4.695877,0.15153627,-0.17620215,0.44805908203125,2
site14_298.png_X0_Y0,13.102374079214584,453.88613003412445,0.16327745568868307,0.01645442627187778,0.8954913852980482,-1.3062744,0.11365937,-0.118386805,0.6190948486328125,2
site14_298.png_X256_Y0,11.97071831760789,166.3650365694685,0.2287007908672567,0.02393222738194508,0.9682098962042085,0.693161,0.12045811,-0.11876911,0.0,0
site14_298.png_X0_Y256,11.14748850375056,262.0236583886204,0.28431060170330125,0.10069727655470423,0.9513435796232402,-3.5728302,0.11110168,-0.12237167,0.3717193603515625,1
site14_298.png_X256_Y256,5.73632174594036,147.146141387946,0.6982444193239368,0.5863553976767566,0.9865578069674299,0.33110046,0.050467372,-0.049713537,0.03472900390625,0
site14_307.png_X0_Y0,11.509126870545689,180.7131611189327,0.2319044535433647,0.07485545307596486,0.939418595638654,-3.7944183,0.111026004,-0.12349634,0.449066162109375,2
site14_307.png_X256_Y0,10.639982062819618,210.87629897456372,0.31932750536953314,0.1830658350273562,0.9610418736666703,-2.2459564,0.10402772,-0.11364591,0.0,0
site14_307.png_X0_Y256,6.026420970768704,159.26178760875274,0.6703744648168733,0.5663965909360693,0.9778577480740996,-2.5441437,0.064335436,-0.07350442,0.1045074462890625,1
site14_307.png_X256_Y256,11.280849167847009,122.14016580162026,0.23813304774748056,0.03789084959113277,0.9396466924718182,-5.617447,0.18049443,-0.20353253,0.0,0
site14_310.png_X0_Y0,13.105057816927353,618.5100284445768,0.07781811228030745,0.013293867297816205,0.7182745730576942,-1.5167389,0.13600335,-0.13688484,0.0,0
site14_310.png_X256_Y0,12.738371152161651,543.8232567552055,0.12815190511002464,0.0178166542118091,0.7671546332532182,-1.9570312,0.13430211,-0.1399081,0.0,0
site14_310.png_X0_Y256,12.305248929521513,316.5418780637306,0.10827225156087264,0.01759043840556651,0.7055908616401821,-3.1609497,0.1340878,-0.14323,0.02899169921875,0
site14_310.png_X256_Y256,12.616041658303834,390.74246870193804,0.13844577688782078,0.021355233083598595,0.8085792432968566,-3.3682556,0.13272288,-0.14303738,0.0,0
site14_314.png_X0_Y0,12.795589234600651,353.93236818472786,0.14101118933622928,0.015214552506814173,0.8648768204608756,0.85469055,0.13958874,-0.13229074,0.01336669921875,0
site14_314.png_X256_Y0,12.725357130901209,300.83441202002564,0.14626638262871966,0.015433342218485094,0.8746275071637624,1.4177551,0.135892,-0.13176885,0.2766876220703125,1
site14_314.png_X0_Y256,12.020658779395943,161.6491919273896,0.18440533829223169,0.020496794661829423,0.9129608384489905,0.18817139,0.13376999,-0.13255247,0.0,0
site14_314.png_X256_Y256,12.030445874412823,212.6715784944534,0.20590673034195078,0.0233711106871864,0.915323861305186,2.3342285,0.12885869,-0.122923136,0.0274200439453125,0
site14_315.png_X0_Y0,12.83943940851761,313.4166773146286,0.1684038491346468,0.014922831319478662,0.9192167105316054,8.0612335,0.11768898,-0.06516147,0.0136871337890625,0
site14_315.png_X256_Y0,13.141812874964376,390.5054987565003,0.13452504492975373,0.013277883258104297,0.8902161356530777,-0.80174255,0.15166888,-0.15560006,0.6769561767578125,2
site14_315.png_X0_Y256,12.813987709757487,330.761593107244,0.14504701270184703,0.014888827293708277,0.9102188336295111,13.299591,0.11138862,-0.015673032,0.0225067138671875,0
site14_315.png_X256_Y256,13.313612208557963,416.1848114907899,0.11846373954218317,0.01210788207931917,0.8883062256930924,-5.709305,0.18754773,-0.20705375,0.3583221435546875,1
site14_316.png_X0_Y0,11.882682285592708,180.5731182718233,0.21770404449652958,0.02577591339811237,0.8955575263452404,-7.390686,0.17674166,-0.1996648,0.000701904296875,0
site14_316.png_X256_Y0,9.827097848112478,19.13377689770789,0.31985464429687527,0.044517319375011535,0.9683596760871408,-2.0533905,0.1577633,-0.16485177,0.0,0
site14_316.png_X0_Y256,13.377567879016693,530.0777531328235,0.1010936771242171,0.012036335431021072,0.825806587430244,-3.8752136,0.14353284,-0.16156098,0.8322906494140625,2
site14_316.png_X256_Y256,10.873437035628871,151.5136616926217,0.23603362704156627,0.04501476129281604,0.8704584814800508,-1.6937103,0.14459184,-0.15155351,0.4058685302734375,2
site14_317.png_X0_Y0,11.897011918591419,141.26315485630903,0.151287089103744,0.019943629361061272,0.8888789123949978,-2.0271301,0.1511568,-0.15830028,0.0389251708984375,0
site14_317.png_X256_Y0,12.987101155894553,305.2445893256359,0.1548303865182067,0.013910917678646434,0.9213098624928373,-5.560028,0.15941884,-0.17753941,0.0264892578125,0
site14_317.png_X0_Y256,11.127445323696493,104.27468509707907,0.19111335194899337,0.028583175531629552,0.8438650503725649,-3.348587,0.15841094,-0.16906017,0.053497314453125,1
site14_317.png_X256_Y256,12.343732059042049,229.68024021711028,0.12282025625836093,0.016940490102055318,0.8150671245351504,1.0091858,0.1387731,-0.13116574,0.0,0
site14_330.png_X0_Y0,11.20453060177991,99.96883973411889,0.3053980643597391,0.03303213865919706,0.9282674451770053,-6.0167236,0.11941114,-0.14800282,0.0,0
site14_330.png_X256_Y0,8.52567851426439,12.317300932934641,0.43608989920688684,0.0693053832623512,0.9547072123933898,-1.6719666,0.12030937,-0.1246791,0.0,0
site14_330.png_X0_Y256,7.912234061533114,3.1139799145761238,0.5432177732955751,0.08775624754036337,0.9916517601057395,-1.2330322,0.116543725,-0.11995554,0.0,0
site14_330.png_X256_Y256,10.943280146015034,64.5005970960693,0.30844625796262987,0.03253820321772107,0.9731166011673698,7.476303,0.10692674,-0.056310132,0.0,0
site14_335.png_X0_Y0,12.593129814872283,247.9950784554179,0.20499443021787944,0.017356747082498566,0.9620919780010296,8.721054,0.108658016,-0.04299444,0.0,0
site14_335.png_X256_Y0,10.856601194318955,81.04504115004214,0.21430769130281155,0.03222274192581101,0.904252885286146,14.445129,0.06485836,0.10337742,0.0,0
site14_335.png_X0_Y256,12.888591778827603,264.6677189062053,0.1899728184747138,0.015109227278929552,0.9528870940800793,7.336136,0.11372341,-0.06840175,0.0,0
site14_335.png_X256_Y256,10.674727789794433,75.41417509191267,0.22350502525882576,0.033155997617752675,0.8826960768512576,20.193924,0.02411285,0.21278347,0.0,0
site14_336.png_X0_Y0,13.4510127855846,540.3539454476822,0.08168901580215839,0.01107889116077847,0.822334886660486,0.94732666,0.10984603,-0.09315242,0.933563232421875,2
site14_336.png_X256_Y0,13.039777337133415,339.11719796773383,0.08379372948950764,0.012594120472725238,0.8397915603677545,-3.3216858,0.1199588,-0.13271663,1.0,2
site14_336.png_X0_Y256,11.858827213023766,213.29745907524693,0.1690391479218453,0.04193102681982974,0.8593501840567782,9.68483,0.076929316,0.020950591,0.3596954345703125,1
site14_336.png_X256_Y256,13.262775674661912,355.17706426014934,0.08905848792376234,0.011604662418672976,0.8892255591698809,-2.8639374,0.115079075,-0.12700808,1.0,2
site14_337.png_X0_Y0,12.675502900148025,351.78975210856936,0.09027440067357335,0.014659223314006858,0.7227369257673231,0.7012024,0.1115983,-0.10985387,0.8225860595703125,2
site14_337.png_X256_Y0,12.332667147564258,302.5957755580861,0.14703059976163285,0.020012962368259744,0.7916923234276597,-0.10783386,0.13674456,-0.13880092,0.4832763671875,2
site14_337.png_X0_Y256,13.321383005225975,525.8126970245796,0.06348241605307309,0.011112875170027174,0.7507441862856103,-4.578186,0.12241743,-0.13851291,1.0,2
site14_337.png_X256_Y256,13.233753030517722,460.3325532697919,0.07935260498748652,0.011949479586494349,0.8023772788553156,-4.29393,0.13884145,-0.15775055,1.0,2
site14_350.png_X0_Y0,11.324419238281857,90.996400618156,0.23758535119044888,0.028773934891003272,0.9494470621246931,-0.60472107,0.14091176,-0.14507788,0.110748291015625,1
site14_350.png_X256_Y0,11.620798081562075,179.35610983456652,0.21720039529530805,0.04295495791601417,0.9021204521361781,0.15623474,0.15391639,-0.15737084,0.088623046875,1
site14_350.png_X0_Y256,10.081057456262911,41.07739410623481,0.3392519538886573,0.0457879043038652,0.9615450834100762,-0.037261963,0.12465379,-0.12636101,0.0,0
site14_350.png_X256_Y256,9.751966671355454,16.226028090157712,0.3287056080972429,0.040497323809043945,0.9674102824146551,-1.2534332,0.13862176,-0.14367914,0.0,0
site14_356.png_X0_Y0,10.734458620232916,82.52280987180788,0.2276266441520258,0.034520472206233326,0.9056790481498361,20.312347,0.022980873,0.21220489,0.0,0
site14_356.png_X256_Y0,10.539346306950133,84.36205566969582,0.18940986909657506,0.035434249277373195,0.8117899824404673,18.41957,0.04383549,0.15653038,0.1268463134765625,1
site14_356.png_X0_Y256,10.993331267542828,61.82633012243033,0.2760837383963005,0.05062665767843358,0.970398427977446,14.991577,0.05687706,0.07658115,0.0,0
site14_356.png_X256_Y256,9.282625482654765,78.82037625252556,0.4026661452834549,0.22876049471679127,0.9493388388596068,13.808395,0.03566498,0.11057017,0.0,0
site15_72.png_X0_Y0,13.871648430173678,1113.7344105032446,0.0881774083652061,0.010998252286939564,0.6524513521655277,23.41034,0.13487087,-0.049194545,0.0,0
site15_72.png_X256_Y0,13.394253343838898,753.3715499147486,0.10117694284102714,0.013336626041513061,0.6875368741063512,9.489105,0.18348572,-0.15214637,0.0,0
site15_72.png_X0_Y256,13.514090011639912,1098.8581951353344,0.16941984835444265,0.025052488987037835,0.7732150231955963,3.8296204,0.17818451,-0.16820592,0.0,0
site15_72.png_X256_Y256,13.057446395831395,559.9301888996728,0.20271057770663053,0.02314093740376751,0.9067216040758892,0.2623291,0.1547094,-0.15248722,0.2086944580078125,1
site15_73.png_X0_Y0,13.19274707660284,574.9840155529296,0.10520638685761159,0.013841637355487749,0.7166500249827563,7.2331085,0.19853534,-0.17938523,0.0,0
site15_73.png_X256_Y0,12.339460238545858,205.26825031238127,0.1614462980969369,0.020500533721424127,0.928595621677732,10.470993,0.17814112,-0.15720169,0.0,0
site15_73.png_X0_Y256,14.215235201503035,1283.0326236754365,0.09805075873739473,0.00975996556027859,0.7530739727337805,-4.4319916,0.17954485,-0.1957107,0.35321044921875,1
site15_73.png_X256_Y256,11.23857042532983,302.6829188743462,0.34320341598952864,0.04679299331211399,0.9001683704525978,0.23561096,0.14865187,-0.14923048,0.086456298828125,1
site15_75.png_X0_Y0,12.428176568792866,299.34511151060235,0.12713805407704906,0.018380414106071316,0.7669222272394697,11.547699,0.19169271,-0.16936518,0.0,0
site15_75.png_X256_Y0,10.111683987343358,95.23927931865009,0.3352668031618104,0.059830768226615455,0.9486212638940886,7.899414,0.14443572,-0.12982976,0.0,0
site15_75.png_X0_Y256,12.476317699855725,273.95083342344753,0.13961510628033313,0.017540093423604724,0.8277232495218179,14.442047,0.17527205,-0.146909,0.0,0
site15_75.png_X256_Y256,10.540261935812087,137.35254448408963,0.3120528432499161,0.05908342880521946,0.9472207737789001,10.106522,0.1506939,-0.13046932,0.0,0
site15_81.png_X0_Y0,13.988846694294228,1391.3957041913516,0.08005397963047207,0.010583806690176573,0.5499216645226805,1.8337555,0.17580803,-0.17601137,0.0,0
site15_81.png_X256_Y0,13.685379585209883,952.9624467302665,0.08828203316957957,0.011725307396482892,0.6365820718280043,10.45607,0.18259707,-0.15305477,0.0,0
site15_81.png_X0_Y256,13.891158865500431,1332.430085408902,0.07969089022407344,0.010908527022460424,0.5179202182124674,3.681137,0.1805022,-0.1743923,0.0,0
site15_81.png_X256_Y256,13.445218352549297,833.1849880905331,0.088705717855499,0.012641099995531663,0.5987759445900691,6.8888245,0.20183232,-0.18598384,0.0001678466796875,0
site15_82.png_X0_Y0,13.303521333265113,684.3403648687113,0.15992951664532906,0.027374805424388488,0.8783940598599237,4.7204895,0.17462799,-0.16197547,0.0811309814453125,1
site15_82.png_X256_Y0,9.3997584632268,179.71462690131048,0.4972504550956124,0.12765363684663844,0.9017846392206121,-0.36349487,0.13458374,-0.13568325,0.1783905029296875,1
site15_82.png_X0_Y256,11.108566344503554,512.8859423358559,0.2917622900274882,0.13031616936379392,0.8802180336663508,-2.1614532,0.14921391,-0.15261,0.10791015625,1
site15_82.png_X256_Y256,9.219268419133986,124.4061344494904,0.4692158377220365,0.09901442194510017,0.7742526565171034,-1.7151489,0.13490513,-0.13756472,0.0,0
site15_83.png_X0_Y0,6.464381049626484,28.103430591599555,0.806269783496814,0.1792699245351611,0.9015284319138256,-0.95088196,0.13565083,-0.13708758,0.0214080810546875,0
site15_83.png_X256_Y0,12.837444594578677,646.7521818380862,0.18630957971698986,0.019825377559703112,0.8416761320436842,-1.1168213,0.14309469,-0.14746642,0.893310546875,2
site15_83.png_X0_Y256,11.46422700991231,578.614465650222,0.33143280918807144,0.06386990425773731,0.7818544796047958,-2.1940155,0.13948222,-0.14402068,0.344970703125,1
site15_83.png_X256_Y256,13.640291299579028,901.473367770204,0.13728296108785584,0.012676266856614798,0.7918220473933043,-1.4434204,0.15483746,-0.1614806,0.805816650390625,2
site15_84.png_X0_Y0,13.381913247439101,1045.8277068915286,0.14382611305218274,0.015147128240805722,0.7655713241919835,-0.405365,0.14817241,-0.15205634,0.993133544921875,2
site15_84.png_X256_Y0,12.561241191373252,665.6042590439972,0.20692160140234558,0.023537816500101102,0.762475721726258,-2.21286,0.15064666,-0.15609196,0.25372314453125,1
site15_84.png_X0_Y256,13.354004005980922,970.4210403300049,0.1419284806764531,0.015071802813482126,0.7844873905652477,-0.14370728,0.1520308,-0.15541233,0.9960174560546875,2
site15_84.png_X256_Y256,12.018657210182402,446.0614748834607,0.20583719470250839,0.024483261623237308,0.7757008918883856,1.6313324,0.15212889,-0.1503731,0.6911163330078125,2
site15_85.png_X0_Y0,13.716766835734994,815.5401232098559,0.11050479873261328,0.012388248640886211,0.7911312541131131,-3.272995,0.17336167,-0.18579249,0.36962890625,1
site15_85.png_X256_Y0,12.529713499816811,428.80215406934997,0.14635833729909092,0.01823714629888344,0.7919657680608331,1.5080109,0.14818358,-0.14668594,0.1285552978515625,1
site15_85.png_X0_Y256,12.565104187271588,393.60865669153753,0.19281766479018875,0.02031032853027061,0.8779757071379349,-2.631195,0.14927548,-0.15484816,0.7032012939453125,2
site15_85.png_X256_Y256,13.041342586650021,747.3391397989622,0.15807989882248782,0.016758106021453514,0.8347021864377919,-0.641922,0.14325514,-0.14694893,0.9705352783203125,2
site15_86.png_X0_Y0,13.24631930186965,606.2875965674255,0.13525283018866155,0.01715385419946062,0.8124692508101883,5.927292,0.15772781,-0.14681336,0.4003753662109375,2
site15_86.png_X256_Y0,11.117446062535143,177.77221824238285,0.28646806483419957,0.04975817206662953,0.9331068665791453,11.919968,0.15533775,-0.13225526,0.006561279296875,0
site15_86.png_X0_Y256,12.367701603087248,553.3518562571951,0.21350640160251355,0.08718432058508518,0.8748882758528465,0.039978027,0.15483536,-0.15527949,0.560577392578125,2
site15_86.png_X256_Y256,11.378248754343034,387.37389917640064,0.2643255921624352,0.05367252642432909,0.8587437344708527,2.6676178,0.17324457,-0.17023899,0.3019256591796875,1
site15_92.png_X0_Y0,13.776496001273877,1075.9353752313073,0.08493370818492064,0.011160907416956946,0.6105131445672256,10.875702,0.1738385,-0.14651513,0.0,0
site15_92.png_X256_Y0,13.7870220929777,904.4975029586369,0.11902298111644594,0.01360067392339839,0.8267632910096232,5.955948,0.17361027,-0.15866503,0.340789794921875,1
site15_92.png_X0_Y256,13.911130869089975,1125.4227329483024,0.08416877343333867,0.010698274623222245,0.6462223050475339,8.845871,0.17945552,-0.15683903,0.0,0
site15_92.png_X256_Y256,13.75576301199409,1269.3349962454065,0.1686552698827942,0.025428727703032502,0.8377539598150591,1.7138062,0.16811325,-0.16069156,0.49383544921875,2
site15_93.png_X0_Y0,14.204255966397719,1504.7027873744541,0.11532998902549979,0.016091733527107903,0.7942778653621888,-2.4477081,0.16453946,-0.17587468,0.951416015625,2
site15_93.png_X256_Y0,9.542759392637768,311.3078674217746,0.4608962705573043,0.11468319042330968,0.893801128659121,-3.7890625,0.14209789,-0.15005738,0.2333831787109375,1
site15_93.png_X0_Y256,10.04397546988006,417.96477854069366,0.4291160095821506,0.08626397701183258,0.8427651933659515,-2.8121643,0.14344504,-0.14953157,0.1990814208984375,1
site15_93.png_X256_Y256,10.699779444359216,340.665539020447,0.36729228788013046,0.07403676170261018,0.8643562289701284,-5.2086487,0.15724955,-0.16738638,0.4726409912109375,2
site15_95.png_X0_Y0,8.630138174719203,23.632089806204522,0.4344294755164507,0.07220097392119898,0.9038745682677075,-1.2159729,0.14047329,-0.14220601,0.0,0
site15_95.png_X256_Y0,9.515764569605333,58.22844979995679,0.3892476676158982,0.06521376805178619,0.9072191140555299,-0.8092346,0.14438114,-0.14551571,0.132049560546875,1
site15_95.png_X0_Y256,5.034306573002367,1.0488374963956177,0.7249921422059218,0.22558336442520907,0.8963220306161522,-1.4602966,0.134961,-0.1369626,0.0,0
site15_95.png_X256_Y256,5.069855127957906,0.7303226223087274,0.767570633100098,0.22222275151092674,0.95987374617634,-2.7029724,0.13574353,-0.13942428,0.0,0
site15_97.png_X0_Y0,12.05524410495584,266.6442448367215,0.19890089680847273,0.02722411168148435,0.8989525668444457,3.8151398,0.14608762,-0.13789032,0.076873779296875,1
site15_97.png_X256_Y0,11.811049853758034,258.65007576712424,0.2754988202031921,0.04383573616851236,0.944837437758973,11.533661,0.14102519,-0.11099889,0.10638427734375,1
site15_97.png_X0_Y256,10.724800827221404,106.43466326052481,0.2753187850184058,0.04013607021106046,0.9238739099236131,4.8921204,0.14503214,-0.13635418,0.0,0
site15_97.png_X256_Y256,9.45260571949489,68.65443304558286,0.38119740024754273,0.07159337578050812,0.9668641405794023,10.1259,0.13995562,-0.11910899,0.0,0
site15_103.png_X0_Y0,13.572220368721904,720.5762815233397,0.09503555253953294,0.011877009063082235,0.7404858414706161,6.556122,0.16089848,-0.14016375,0.0,0
site15_103.png_X256_Y0,14.211034960094945,1449.5836847907758,0.09352125816328886,0.009733407039627436,0.7044745166601777,3.3596954,0.17307256,-0.15942693,0.38763427734375,1
site15_103.png_X0_Y256,13.27723455679403,628.8152448277165,0.09785999968777122,0.013597463888912807,0.7195601932006519,2.984192,0.15991358,-0.15232174,0.0,0
site15_103.png_X256_Y256,14.027720451030685,1273.0680756351207,0.08794069456199571,0.010574189038954095,0.7011393760900636,10.785797,0.15959735,-0.11897687,0.0,0
site15_104.png_X0_Y0,9.466394863881934,344.84520852856036,0.411739685320636,0.15065248816765844,0.903251546098547,-2.376007,0.13244095,-0.13770314,0.0,0
site15_104.png_X256_Y0,4.913284539219333,5.895189485414271,0.71244970195534,0.27103867662381065,0.8074988079272173,-1.5346527,0.13143194,-0.13350993,0.0,0
site15_104.png_X0_Y256,11.924956443453194,756.2176594187961,0.24755723314892902,0.07820439426622841,0.872830467427143,-4.07724,0.13546519,-0.14522137,0.0,0
site15_104.png_X256_Y256,7.169771399337774,52.95874493884587,0.5867460237846692,0.1842919842604896,0.8883026076052725,-1.8067627,0.13172981,-0.13435756,0.0123443603515625,0
site15_105.png_X0_Y0,4.02877032031515,1.2592476000816992,0.7940745888225718,0.3299506385561379,0.8837509484912012,-1.1304626,0.13309301,-0.1346151,0.0,0
site15_105.png_X256_Y0,5.581127231461236,7.306586469146504,0.7537275790200422,0.2022536520745496,0.9358811279017528,-1.5106964,0.13530718,-0.13749766,0.0880584716796875,1
site15_105.png_X0_Y256,6.518818641180335,4.77864152309208,0.616102074888416,0.14914245622811248,0.8909698297454095,-2.7035065,0.13692573,-0.14062022,0.0,0
site15_105.png_X256_Y256,8.129378420000197,28.99375159193593,0.5270098429880832,0.10283950490000812,0.8906233068871019,-1.0901184,0.14032377,-0.1418404,0.0665283203125,1
site15_106.png_X0_Y0,9.34231911919255,158.91506259611631,0.397376146555117,0.08748523261354249,0.7853046874652541,-1.2026825,0.13272941,-0.13473676,0.83447265625,2
site15_106.png_X256_Y0,8.807028475171496,64.1931444937045,0.449097206797045,0.07945894621927473,0.8007641558381643,-1.8343964,0.13481967,-0.13741854,0.3580474853515625,1
site15_106.png_X0_Y256,11.095694111410175,267.5717636395849,0.26200239477890397,0.04132798981687406,0.8393546093947633,-1.5121918,0.13816643,-0.1409045,1.0,2
site15_106.png_X256_Y256,12.945946089926236,470.9380221098754,0.17371830679223407,0.0184842407760212,0.8753510527575588,-3.5345306,0.14321259,-0.1512111,0.892852783203125,2
site15_107.png_X0_Y0,7.135488617620926,5.452566771193775,0.5964729880677553,0.12098353491672412,0.9393033934491967,-1.4989319,0.13568017,-0.13772158,0.0,0
site15_107.png_X256_Y0,7.128669838858225,9.643414056492723,0.5603723803845652,0.13211080606437603,0.9281371560334306,-0.2658844,0.13627751,-0.13663842,0.0,0
site15_107.png_X0_Y256,11.501589406355468,123.81508189458383,0.25646293992557473,0.03283649863789242,0.9539227769693179,1.0394135,0.15714513,-0.15556908,0.0719146728515625,1
site15_107.png_X256_Y256,10.831253749872857,116.63235894848016,0.2983232291181337,0.04360836409821223,0.9423754688633261,1.0193481,0.14587593,-0.14461714,0.2101898193359375,1
site15_114.png_X0_Y0,12.921068788108055,625.6403405541216,0.09643400712505133,0.015366689017141114,0.5323005111810919,3.3230438,0.1554312,-0.14899921,0.0,0
site15_114.png_X256_Y0,13.83472932048767,1130.9112507059274,0.08609813235362802,0.011162746302844528,0.6222454769784165,15.066513,0.15260527,-0.096072696,0.0,0
site15_114.png_X0_Y256,13.066006151027041,690.1618349012463,0.0943717311784731,0.014802384430870008,0.5610651429915205,6.7342834,0.15702963,-0.14386624,0.0,0
site15_114.png_X256_Y256,13.684428518205657,969.0279102839294,0.0854338155258177,0.011669698239625187,0.6168236413969492,8.58667,0.17228088,-0.14965123,0.0,0
site15_115.png_X0_Y0,14.08041948806427,1210.2513507875367,0.1369626884183537,0.015510313980524429,0.8626553338468476,-1.9320068,0.14018726,-0.14769788,0.673065185546875,2
site15_115.png_X256_Y0,12.58715281499039,642.8650657048722,0.22122889467893886,0.02945169831162541,0.8561552111368422,-9.798462,0.17522612,-0.19817147,0.645660400390625,2
site15_115.png_X0_Y256,14.214629359746226,1303.1810493260627,0.10382292144650777,0.009811185022192609,0.7647719045009831,9.696671,0.124549046,-0.096024714,0.344940185546875,1
site15_115.png_X256_Y256,13.5088163324007,929.5237675713554,0.1623991915382114,0.020443673705156453,0.8400584273024758,-3.7871552,0.16273275,-0.17424966,0.311798095703125,1
site15_116.png_X0_Y0,10.342929035001347,271.05943041737805,0.35504462704255857,0.059374783392458205,0.9335620698375355,-3.6946259,0.1465142,-0.15464017,0.161346435546875,1
site15_116.png_X256_Y0,8.322559309758514,54.58323439302229,0.5049482099504699,0.09515510226203444,0.8586677829923557,-0.20993042,0.14084244,-0.14111982,0.0,0
site15_116.png_X0_Y256,13.139127732301384,670.5080167033032,0.17949738384025304,0.01626509846513461,0.8417567112357314,10.517319,0.11531432,-0.1000122,0.681854248046875,2
site15_116.png_X256_Y256,12.708290108053761,685.0616677629729,0.2121954159028371,0.03572068096854432,0.8681151505134753,0.70103455,0.14757515,-0.1476506,0.3387908935546875,1
site15_117.png_X0_Y0,11.344801726173282,207.23789332828792,0.23961611507723324,0.05844865318539384,0.8437255386998145,1.214325,0.14413099,-0.14222415,0.3546295166015625,1
site15_117.png_X256_Y0,13.149793202357623,575.5721556763203,0.1492115722086634,0.0185451183110966,0.867536493647107,-2.1764832,0.17951518,-0.18645328,0.1621856689453125,1
site15_117.png_X0_Y256,9.49379144180018,199.51921917051084,0.4133623819589072,0.10718066689176226,0.8149401929074727,-0.666275,0.13954142,-0.14093186,0.7828521728515625,2
site15_117.png_X256_Y256,12.639840028464208,411.4599953143219,0.1742836365125187,0.020773124564142865,0.8939381429329989,-1.5077667,0.1812942,-0.18628284,0.24884033203125,1
site15_118.png_X0_Y0,10.13723861311524,189.59164685757236,0.4099158757740712,0.11510861282921589,0.951322659788139,-1.2181549,0.14694859,-0.14959273,0.719451904296875,2
site15_118.png_X256_Y0,12.810550667380603,643.0417926698763,0.1736529219823844,0.02227822268857233,0.7775608624776068,-2.4650574,0.1465845,-0.15196109,0.87213134765625,2
site15_118.png_X0_Y256,12.676193495455237,426.01273240761884,0.12751718171315232,0.01755015973220517,0.7130488092525411,1.216568,0.18476805,-0.18417495,0.0,0
site15_118.png_X256_Y256,13.10393722405379,474.96397447797455,0.12933967251491202,0.014925071432346417,0.8140503334870738,-0.42056274,0.1729982,-0.17633988,0.1190185546875,1
site15_119.png_X0_Y0,10.652596713221499,276.31108424344126,0.2881319453847089,0.04494390533618919,0.7602468508773012,2.533493,0.14429545,-0.14110586,0.2143096923828125,1
site15_119.png_X256_Y0,12.906056126161427,333.13176803994537,0.19171363167377328,0.018864391595484867,0.9546939508793948,21.637115,0.11520181,-0.045629293,0.0,0
site15_119.png_X0_Y256,10.821617746626988,208.99698763696205,0.3338406949924873,0.058149460635903566,0.919152024040756,1.7907257,0.1489309,-0.14682394,0.0469512939453125,0
site15_119.png_X256_Y256,11.849085800905161,250.97319085506956,0.26597105750231664,0.036798115282646385,0.9523008682227269,11.779312,0.13021746,-0.098727584,0.0,0
site15_126.png_X0_Y0,13.13536986515722,694.9563942954932,0.10205397327908744,0.014618581486355418,0.5888194276899531,17.747131,0.18240184,-0.13274844,0.0,0
site15_126.png_X256_Y0,12.821195282906912,380.56288418218594,0.14828505958829788,0.018284619781620163,0.8987575924267237,8.142609,0.1807736,-0.16010576,0.1251678466796875,1
site15_126.png_X0_Y256,13.350103499605456,926.7986270305,0.08870992854099394,0.013368236826015744,0.46786615296707695,13.606705,0.17215465,-0.13845593,0.0,0
site15_126.png_X256_Y256,13.650636327314654,907.0664623282197,0.09281807575043556,0.011918434169778764,0.6571688738806485,20.128082,0.15592265,-0.09803331,0.0,0
site15_127.png_X0_Y0,12.513544517847855,489.0254686448716,0.20187580976386116,0.028838434975340724,0.8365410293745583,0.7144928,0.15168539,-0.15140373,0.7678070068359375,2
site15_127.png_X256_Y0,11.170692661188905,313.54039287773884,0.3308171724969722,0.05634960091964101,0.8565355768810987,-1.5425873,0.14444005,-0.14742935,0.64422607421875,2
site15_127.png_X0_Y256,13.625120127972092,1244.5956113635725,0.1344235235508987,0.03158023384102286,0.7757771345408436,17.29181,0.12235619,-0.06438252,0.05938720703125,1
site15_127.png_X256_Y256,12.096657568981042,847.7553753513761,0.26015184718677226,0.1137003328060501,0.8656983250636366,0.600235,0.15062416,-0.14960341,0.5571746826171875,2
site15_128.png_X0_Y0,7.151895415238892,114.23080149461707,0.5723565945129383,0.2287381683629361,0.7877111017216996,-1.1768188,0.13514444,-0.13698244,0.9906768798828125,2
site15_128.png_X256_Y0,11.538742705099652,218.79267407667624,0.32805077198129146,0.057156909653771945,0.943607653044686,4.3886414,0.15024239,-0.14249323,0.48602294921875,2
site15_128.png_X0_Y256,11.033750607134117,524.7126276852434,0.3849575347484905,0.11416261453246292,0.8763419546533759,-0.18826294,0.15006106,-0.15134373,0.505218505859375,2
site15_128.png_X256_Y256,12.794684131044473,356.8008793943552,0.17602422621204267,0.023911746548102162,0.9002650291996988,9.05159,0.14128686,-0.11809116,0.1054229736328125,1
site15_129.png_X0_Y0,10.0525734424938,152.18488185132966,0.42912825144279004,0.14926908615851933,0.9623662275084348,-0.46273804,0.14762896,-0.1492534,0.4748077392578125,2
site15_129.png_X256_Y0,12.692738512860874,433.94153112685024,0.1729783818752023,0.021908317119581636,0.849394379429492,4.8083344,0.15765491,-0.1497578,0.0,0
site15_129.png_X0_Y256,13.22419707762244,791.2237984939674,0.17507327608431458,0.03941984242651878,0.8382711502467358,0.8377991,0.16143703,-0.16339232,0.1174163818359375,1
site15_129.png_X256_Y256,13.063989988490743,426.9499907787807,0.14960720325875426,0.018218676619756756,0.8884293881610927,5.0127563,0.16343322,-0.15637587,0.14459228515625,1
site15_139.png_X0_Y0,13.90838887244109,1230.9520494522064,0.09139884449074624,0.011071714273492008,0.6178656930451802,7.776703,0.18141729,-0.16119787,0.0123748779296875,0
site15_139.png_X256_Y0,14.244495213673313,1674.667133659636,0.08196818972579208,0.009834841036782536,0.582475419014137,4.036972,0.18700747,-0.17842294,0.0,0
site15_139.png_X0_Y256,13.686946183657017,885.4925346922105,0.0949324305062562,0.011770475271853412,0.692307358541908,12.890762,0.16782461,-0.13781816,0.0,0
site15_139.png_X256_Y256,13.722407491956947,1041.3983841251272,0.08821320148490243,0.011794414289132964,0.6119931359833946,15.000366,0.16495201,-0.13158241,0.0,0
site15_140.png_X0_Y0,13.672411333550507,995.1086080774655,0.09773912333742871,0.012168152891093797,0.6502847533938617,0.53897095,0.16171001,-0.16057827,0.0425262451171875,0
site15_140.png_X256_Y0,13.292916689344995,534.8832497416772,0.12345167351754494,0.013492368654187228,0.8418719124227475,-3.4506378,0.1569675,-0.16589145,0.314422607421875,1
site15_140.png_X0_Y256,12.770802588725257,617.3470965794312,0.21645364707268372,0.030873356132752425,0.8361847109950516,13.360123,0.13013208,-0.101027176,0.4688720703125,2
site15_140.png_X256_Y256,11.59035758295487,155.87745022947982,0.21919397900260504,0.02784749577859161,0.91524476071679,-0.15144348,0.14388545,-0.14491853,0.1077728271484375,1
site15_151.png_X0_Y0,13.498016105446535,641.2967892156835,0.11431043980957793,0.012497789992135674,0.8189106087380695,15.484863,0.14096142,-0.10366069,0.093902587890625,1
site15_151.png_X256_Y0,10.861678756153633,108.70816368704348,0.23122229849868925,0.034955684241392844,0.8814449670175062,2.6723328,0.14451176,-0.14032328,0.0072021484375,0
site15_151.png_X0_Y256,12.81413965578487,464.9793098658065,0.1049931823422038,0.015742625866009254,0.6592523466914231,16.388458,0.16414809,-0.1261896,0.0,0
site15_151.png_X256_Y256,11.730421284167887,179.90735947411892,0.18663900905956052,0.029095495442320294,0.924575504860747,3.735321,0.15563029,-0.14908633,0.0,0
site15_152.png_X0_Y0,9.655141603036334,35.92621703491462,0.31909638683110814,0.04664374166433956,0.8664452898519225,4.6891785,0.1451378,-0.1380921,0.0,0
site15_152.png_X256_Y0,11.866709071879741,260.6569821252649,0.1762845723449083,0.02438632358593449,0.8592001826600576,10.112915,0.14250138,-0.1223849,0.0,0
site15_152.png_X0_Y256,9.857151789121485,40.58886263696668,0.3233234812667529,0.046199285285842454,0.8946122942888776,6.050766,0.14963007,-0.1402643,0.0,0
site15_152.png_X256_Y256,10.418584405522338,95.70459474721306,0.21278906184298213,0.03786226856839544,0.7077932656612449,5.585556,0.1503554,-0.14158991,0.0,0
site15_153.png_X0_Y0,11.730150936263579,590.9577921051516,0.3040289515183741,0.05411394816714249,0.9134218794676909,18.37613,0.09996463,-0.04829192,0.0,0
site15_153.png_X256_Y0,7.5474214443709595,61.91787876057302,0.571540188738507,0.12733554526399898,0.885637671932114,2.4312134,0.13079475,-0.12635231,0.0,0
site15_153.png_X0_Y256,11.403856193384632,258.7193335946472,0.30044486325381736,0.052156538338757615,0.9026728738463553,5.0637665,0.14114922,-0.13222505,0.1116943359375,1
site15_153.png_X256_Y256,6.362561918101589,51.205936839196724,0.6214781123515039,0.16515278968654365,0.8962161178360951,1.0601349,0.13305788,-0.13156608,0.0,0
site15_163.png_X0_Y0,9.539503191444105,31.886490592560634,0.36044949478975224,0.05532550067380071,0.9227492875268746,5.922577,0.14938328,-0.14038935,0.0,0
site15_163.png_X256_Y0,10.746864725438297,74.65002102556741,0.23301037894713977,0.033612277658502526,0.9074143410391589,4.120529,0.14825296,-0.14174768,0.0577392578125,1
site15_163.png_X0_Y256,9.283397111740904,23.998374468353546,0.3955797401255795,0.05764348923450599,0.9294766240206257,4.765793,0.14789894,-0.14067842,0.0,0
site15_163.png_X256_Y256,10.335384915739631,49.53058162725873,0.2648515200622932,0.037746548355273905,0.9104626269932328,2.7894592,0.14492464,-0.14031477,0.0,0
site15_164.png_X0_Y0,11.384798678157292,214.61973096284936,0.29212216091201976,0.048746322406873564,0.9098198450564237,2.5404053,0.14650026,-0.14289345,0.1003265380859375,1
site15_164.png_X256_Y0,5.982508462865603,1.4651792429594406,0.6584376356132885,0.15511895501428336,0.948229522157034,0.61816406,0.13368404,-0.13279773,0.0,0
site15_164.png_X0_Y256,11.51287167337298,107.70808946679114,0.24171498950893272,0.02927509816101628,0.9406236701195371,9.828827,0.14663973,-0.12761635,0.0,0
site15_164.png_X256_Y256,6.405959285544399,1.2431898638744714,0.6866583495297873,0.13003729402004952,0.9785066528903343,0.6287689,0.1335385,-0.13263038,0.0,0
site12_17.png_X0_Y0,9.556798847288078,434.9418676560731,0.39688151560216245,0.3497326868294511,0.9474599536912524,31.497513,0.05158958,0.05004009,0.0,0
site12_17.png_X256_Y0,13.45076242684247,654.4006002799433,0.07200283570116262,0.011520539428028371,0.7620669125078176,45.056442,0.085573666,0.06413184,0.0,0
site12_17.png_X0_Y256,13.183771737050552,789.5704923136659,0.13510000099728614,0.08065994128513021,0.8438211004053853,52.465393,0.0010103784,0.21843126,0.0,0
site12_17.png_X256_Y256,12.56548087577191,680.8974136299933,0.18878171262641827,0.1220159571184084,0.8750236338307807,50.683243,0.0009877473,0.21423687,0.0,0
site12_19.png_X0_Y0,13.846419224952884,1085.178459997338,0.05850024888197549,0.010211735382319839,0.7039767739155175,42.605255,0.10147883,0.04110395,0.0,0
site12_19.png_X256_Y0,14.029233977274512,1270.705946631089,0.0518823041984291,0.009311931600309872,0.678603011610149,44.00473,0.10214184,0.048455805,0.0,0
site12_19.png_X0_Y256,14.002950483088728,993.455276831655,0.05206812364932119,0.008743582116142892,0.7219276268387558,67.07175,0.0058099953,0.26745307,0.0,0
site12_19.png_X256_Y256,14.032006555875148,983.2136171634997,0.052981949738078696,0.00866735994549134,0.7430623259111238,52.174347,0.043090492,0.15337901,0.0,0
site12_33.png_X0_Y0,12.80338416056804,493.9393636311546,0.17987001023282584,0.04383035334533897,0.9307016068846563,3.599289,0.1186948,-0.10262481,0.4580078125,2
site12_33.png_X256_Y0,13.427651289762174,557.6439851559333,0.13197727740668322,0.013075004607277774,0.9159783708610095,6.100662,0.121846095,-0.09883964,0.4831695556640625,2
site12_33.png_X0_Y256,11.302910565157585,196.69548734260488,0.282170437080356,0.030621401991195354,0.9871227925712012,-0.52752686,0.0961691,-0.11315501,0.0,0
site12_33.png_X256_Y256,11.537995210224949,165.9426872176548,0.25272256000273186,0.027679258783144943,0.9884787908880984,0.12284851,0.097935125,-0.11348225,0.0,0
site12_34.png_X0_Y0,13.283559123445475,567.7011771163485,0.1178833711237282,0.013979194558223766,0.9379650055757347,5.573059,0.07350677,-0.05368126,0.33209228515625,1
site12_34.png_X256_Y0,13.390590698763845,714.2207921832739,0.13319064969489228,0.01713946400920994,0.9306195041742258,4.3308105,0.07052891,-0.051277712,0.380340576171875,1
site12_34.png_X0_Y256,11.601296869597729,179.56102397515178,0.2560497949339884,0.0279988224454721,0.9876993050228655,0.8605957,0.09911212,-0.11262084,0.0,0
site12_34.png_X256_Y256,12.67017929195774,306.6465599919367,0.16259155781275597,0.01660586369785,0.968361175926302,1.2769318,0.10886079,-0.119255036,0.1197509765625,1
site12_35.png_X0_Y0,13.96168509214042,1620.5964734568277,0.10180469681513327,0.010822649451122338,0.8068951728033009,17.432907,0.069658145,0.01648207,0.5610198974609375,2
site12_35.png_X256_Y0,13.554438352714358,1017.5206445687363,0.13990727450399043,0.0294176257170682,0.8933792963225219,10.682632,0.11883166,-0.078678384,0.4139556884765625,2
site12_35.png_X0_Y256,12.00374989910877,267.9813241000958,0.16527210761041267,0.022087401461813788,0.9601260629524279,-0.08769226,0.09554887,-0.10731109,0.089752197265625,1
site12_35.png_X256_Y256,11.700056269743119,199.04601212574676,0.14061919094673248,0.024682459199187406,0.908311963937078,3.3262177,0.13194618,-0.12558912,0.01873779296875,0
site12_36.png_X0_Y0,13.977835006138184,1219.749467362358,0.12329832724902026,0.013464968134754441,0.8903301129419979,15.277359,0.10310022,-0.037651964,0.16229248046875,1
site12_36.png_X256_Y0,13.851703823549384,775.6644798725565,0.08066322028389128,0.010989447792554589,0.8685213524890703,47.26599,0.056827106,0.17314953,0.0,0
site12_36.png_X0_Y256,13.338206933743315,891.10591730054,0.158509015583586,0.039842172583719325,0.9266063595299215,6.525589,0.074394256,-0.040243607,0.3135833740234375,1
site12_36.png_X256_Y256,13.585710850392918,940.835095681379,0.05494839838386861,0.010302082096915525,0.6152729197698559,45.906723,0.009915117,0.28308803,0.00396728515625,0
site12_37.png_X0_Y0,13.492738474748755,654.1132397996046,0.06406971579317398,0.010656176548414224,0.7439765587871586,42.692703,0.062429987,0.12997939,0.0,0
site12_37.png_X256_Y0,13.568292362746892,818.3813687794509,0.05021660164517451,0.010631306189585887,0.6201718561359327,58.455734,0.050030347,0.20505047,0.0,0
site12_37.png_X0_Y256,13.59225254855073,647.0350584361179,0.07273438010800773,0.011017039155433853,0.8731648197045392,47.60704,0.06764198,0.15606755,0.15606689453125,1
site12_37.png_X256_Y256,13.510592302986936,802.0750066681239,0.04926844396816976,0.010649106395375172,0.6045198576986166,67.85094,0.012552736,0.33585206,0.0,0
site12_38.png_X0_Y0,13.461500870560446,833.1843538843749,0.10413866268830566,0.017024104813173638,0.8272014327167692,58.142227,-0.014479786,0.3480558,0.0388641357421875,0
site12_38.png_X256_Y0,14.11222961454937,1006.9212984640142,0.058611745522348595,0.00863271907958851,0.7831797612780156,52.144547,0.03787149,0.19883487,0.2594757080078125,1
site12_38.png_X0_Y256,12.982936244915859,794.9315550359931,0.11593522822348938,0.022540027044561248,0.7923280188430548,33.477554,-0.0057140114,0.29447335,0.0034942626953125,0
site12_38.png_X256_Y256,14.270493686504398,1199.827579852133,0.09613593046712918,0.009153736057298972,0.8850119030206574,0.8815613,0.15319255,-0.16308653,0.23046875,1
site12_39.png_X0_Y0,14.019681192537929,927.3988260675503,0.06986443163893341,0.01027912676724219,0.8268557844716727,38.457336,0.022518467,0.21746646,0.296661376953125,1
site12_39.png_X256_Y0,14.312932261178725,1105.8781825199699,0.05018299137513867,0.007955436647967485,0.7917790650872893,46.28029,0.025204536,0.21940713,0.3907470703125,1
site12_39.png_X0_Y256,13.324613132369272,1001.2866003760738,0.14548297018247652,0.03375763196784962,0.8925511764829133,-0.06694031,0.11119001,-0.09129126,0.81707763671875,2
site12_39.png_X256_Y256,13.610054719222891,1083.4643348261443,0.1261282596503932,0.02704441886357395,0.8844801192961657,-0.015777588,0.12446136,-0.11586811,0.9358978271484375,2
site12_40.png_X0_Y0,13.476363192327344,994.3378428669413,0.1298469820362084,0.02206150586685684,0.9094640988786642,17.331497,0.03699368,0.10674831,0.520599365234375,2
site12_40.png_X256_Y0,12.638386888589032,884.489874447302,0.17850237190396837,0.032098248887201364,0.9450533543304331,3.918991,0.065859,0.028651945,0.6597442626953125,2
site12_40.png_X0_Y256,14.020344129519142,1263.0725570993498,0.09687736493418131,0.013524119012401508,0.8773912100313557,-0.28009033,0.12286404,-0.13157779,0.876800537109375,2
site12_40.png_X256_Y256,13.264102861909912,997.3456881517413,0.07235314542994094,0.013789107009245674,0.702768939056093,-1.7628174,0.13347754,-0.13757822,1.0,2
site12_41.png_X0_Y0,12.597071651408255,1088.4545214582824,0.20074748147665322,0.04284420897190351,0.8769735342645419,2.2214813,0.073828384,0.024806738,0.571014404296875,2
site12_41.png_X256_Y0,12.505602627479648,1158.4783218895525,0.18935297403674164,0.041924945407898734,0.8822699125189282,2.116562,0.061301474,0.05442121,0.611572265625,2
site12_41.png_X0_Y256,14.324216681372452,1421.381324836083,0.050825673204353966,0.007985436503543948,0.7299388228667926,-4.363434,0.14443639,-0.16180858,0.93609619140625,2
site12_41.png_X256_Y256,14.148068202234839,1423.7428796016507,0.045010148790873464,0.008453553673607084,0.6193154212527702,-3.9277802,0.13818163,-0.1526153,1.0,2
site12_42.png_X0_Y0,12.603824297395139,928.6783490274845,0.19545838880019137,0.039121842363712994,0.8914160988007064,1.1609039,0.065916374,0.03305929,0.5879974365234375,2
site12_42.png_X256_Y0,12.286518163325198,777.8502389856324,0.23089992906518317,0.05468881149338292,0.9186240081793009,1.1772308,0.07706347,0.0074085593,0.6005859375,2
site12_42.png_X0_Y256,14.10270130198439,1175.2608038975286,0.054227813013127305,0.008486041567020248,0.7327784894485271,-5.1680603,0.1469956,-0.16771777,0.948272705078125,2
site12_42.png_X256_Y256,14.339477331493384,1356.5044348778144,0.040974860946700734,0.007590127921277957,0.7190232981146364,-5.032242,0.14823577,-0.16646177,0.989654541015625,2
site12_43.png_X0_Y0,11.765860317047078,871.5037497747643,0.2337825992051031,0.05224433575435033,0.948199434705035,1.5536804,0.070127346,0.02044011,0.6165618896484375,2
site12_43.png_X256_Y0,12.162362623590774,815.8168463751824,0.20409213040137655,0.04056123877761254,0.9523645917119481,2.7188416,0.06933792,0.028245501,0.6246490478515625,2
site12_43.png_X0_Y256,13.330607451065752,1184.9806380658197,0.07080586378899664,0.014279521221462557,0.6929164531007967,-2.5643005,0.14124924,-0.14788851,1.0,2
site12_43.png_X256_Y256,12.998992272105092,1067.3760797078726,0.07769546513967511,0.01650949691224746,0.6742220122491247,-1.822464,0.13988578,-0.14424461,1.0,2
site12_44.png_X0_Y0,13.685542646390466,681.5340541348469,0.11933004196525808,0.013464662537155048,0.9010811893555459,12.542709,0.085816756,0.010801367,0.2098388671875,1
site12_44.png_X256_Y0,13.06769897302534,337.21159930977325,0.1092175918868386,0.013983782574788663,0.8961804776486827,28.45311,0.105535805,0.026712604,0.0,0
site12_44.png_X0_Y256,13.042547597986122,674.9869185380047,0.10041168317431842,0.016691349075577202,0.8941490157306347,28.505356,0.07992473,0.08788863,0.3834228515625,1
site12_44.png_X256_Y256,11.942908986036093,291.89750521136733,0.20281783380792776,0.03150233197267553,0.9689796226766443,22.302048,0.083617106,0.05138564,0.0,0
site12_45.png_X0_Y0,13.312006711452376,547.1162998305922,0.08561383221563611,0.011825278233868114,0.825395994440123,12.962585,0.11706847,-0.057928056,0.0,0
site12_45.png_X256_Y0,12.978261455661771,503.21308676350725,0.08045524609520728,0.013451131137475232,0.7768155082026926,6.638794,0.12833615,-0.09926643,0.0,0
site12_45.png_X0_Y256,9.872724843705667,211.60408529770922,0.3707935009331144,0.06400090734201963,0.9821259783833067,-2.1717224,0.12727693,-0.13718747,0.0,0
site12_45.png_X256_Y256,9.468395376125036,246.02982406104525,0.3804538021577784,0.07907474390067042,0.9792040568640579,-2.1264954,0.12682252,-0.14018388,0.0,0
site12_52.png_X0_Y0,13.21453012302333,611.8839653769086,0.1225417059503013,0.016526867951956993,0.9340857891278115,12.827774,0.05469367,0.03278844,0.2396087646484375,1
site12_52.png_X256_Y0,13.367952647078504,1018.0943758861621,0.07825735147481,0.014220129583878825,0.6664813692261291,28.758957,0.015137973,0.23224333,0.0807647705078125,1
site12_52.png_X0_Y256,13.15516097618904,667.2684229923583,0.12959325364153426,0.018984804266834313,0.9125197057154131,20.635666,0.0479291,0.06439601,0.0144500732421875,0
site12_52.png_X256_Y256,12.670583131397544,778.5978579002517,0.12984402438371223,0.026793746402973072,0.6788944928743259,32.753708,-0.010125825,0.31662408,0.0,0
site12_53.png_X0_Y0,12.733541077351637,434.90569047964476,0.06944696051165347,0.01463781410238531,0.6600628079107913,43.680008,0.116571344,0.055299312,0.005401611328125,0
site12_53.png_X256_Y0,12.903565517696414,552.5417032061525,0.18437272820289885,0.0281834017847913,0.9419539476711031,33.499207,0.06040797,0.1359402,0.2324371337890625,1
site12_53.png_X0_Y256,13.704372586569429,634.9896790747999,0.06906417082840606,0.010875752323744327,0.8674513539229244,26.265106,0.13295242,-0.03730088,0.2985382080078125,1
site12_53.png_X256_Y256,13.638053663381372,735.5657064591101,0.0734988635146684,0.01111274816861151,0.8129918260728763,40.5764,0.032016523,0.23137219,0.03375244140625,0
site12_54.png_X0_Y0,13.7756775315035,988.5379918632425,0.08041530393105967,0.012544292208162904,0.8145673918270538,29.86052,0.04262161,0.18188503,0.1386566162109375,1
site12_54.png_X256_Y0,13.92988655294616,1193.421414314827,0.13347856302991165,0.016981297387230813,0.8955500198463777,-0.81033325,0.14785904,-0.16621359,0.5281524658203125,2
site12_54.png_X0_Y256,14.433832207941627,1487.9380549699183,0.08822193139271038,0.011769520090230579,0.8552465594946691,5.954788,0.13797233,-0.10840444,0.239410400390625,1
site12_54.png_X256_Y256,13.318667917200711,1254.894958444509,0.19559925493547783,0.02451468903883968,0.9048085152614456,-3.7927094,0.15084101,-0.18090497,0.618316650390625,2
site12_55.png_X0_Y0,14.106524045776709,1156.100946390789,0.05345662985241062,0.008900418097716389,0.7596141543766364,-3.231308,0.13344744,-0.14476994,0.9351654052734375,2
site12_55.png_X256_Y0,14.121223917477232,1295.461835381796,0.03951775728709577,0.008279383186547673,0.6703025972642309,-2.9634552,0.13541386,-0.14592245,1.0,2
site12_55.png_X0_Y256,13.974571040429158,1101.9212360329977,0.0423715650352952,0.008674017986678035,0.6825768015069344,-4.2663574,0.13748245,-0.15324682,0.986328125,2
site12_55.png_X256_Y256,14.070585256073137,1260.9270126423505,0.0397701207563992,0.008452962177705445,0.6524028697048923,-3.7779846,0.13943554,-0.15258816,1.0,2
site12_56.png_X0_Y0,14.13919265967027,1354.7853583356778,0.05371214068709415,0.008888891815916664,0.7441678116873108,-2.0131989,0.13458544,-0.1441198,0.969390869140625,2
site12_56.png_X256_Y0,13.375974350163109,1057.9589196612524,0.0693011803414516,0.013272565482088404,0.7150551390426765,-3.3776245,0.13761547,-0.14500122,1.0,2
site12_56.png_X0_Y256,14.093293846089512,1246.0596123485607,0.05474183010418311,0.009080656019153442,0.759453702627519,-2.7166595,0.1369327,-0.1477713,0.9706878662109375,2
site12_56.png_X256_Y256,13.35496485953226,1045.0316409553466,0.07014679537568959,0.013465715241380318,0.7134564321011381,-4.050308,0.13929018,-0.14799458,1.0,2
site12_57.png_X0_Y0,14.088978839696937,1357.6376081015135,0.05162109899711239,0.00883379374230682,0.6418840426488213,-5.8017426,0.1448318,-0.16857691,0.943817138671875,2
site12_57.png_X256_Y0,14.116045042379294,1566.680023608764,0.0398092226029947,0.008547427972313804,0.5691692483489538,-5.86615,0.14340016,-0.16350296,1.0,2
site12_57.png_X0_Y256,14.119414401919443,1424.5993286387077,0.04442491629298535,0.008487837096151486,0.6339276993975805,-6.121338,0.14697471,-0.17296946,0.994598388671875,2
site12_57.png_X256_Y256,14.109704204161647,1565.8908416535542,0.039391888252393197,0.008593817933826919,0.5622920485319678,-6.1327667,0.14496991,-0.16713008,1.0,2
site12_58.png_X0_Y0,14.000751890926407,1100.7255782481134,0.052560954933004556,0.008691498797065817,0.7354478664245032,-6.398117,0.14985706,-0.17442338,0.952423095703125,2
site12_58.png_X256_Y0,14.039324880672169,1078.9650767132773,0.049507595779715204,0.00859187295066377,0.7288139800043437,-5.8244476,0.15221474,-0.17254278,0.9445343017578125,2
site12_58.png_X0_Y256,14.039993713345982,1093.4486867730823,0.050570800903803476,0.00853816474863786,0.7478182890628884,-6.91098,0.15387413,-0.18283647,0.9409027099609375,2
site12_58.png_X256_Y256,13.909061254166833,994.2090738537897,0.05052553324628438,0.008969448260303584,0.7281884406349564,-7.356537,0.15579788,-0.1804285,0.9404754638671875,2
site12_59.png_X0_Y0,13.44506457325986,1024.3229167266902,0.06278604158321363,0.012030441342167348,0.6878533814459253,-4.4062195,0.14921647,-0.16005233,1.0,2
site12_59.png_X256_Y0,12.975000546498142,928.9928072736041,0.07753875270804274,0.01587130085488585,0.6785352968861005,-3.8168488,0.14582258,-0.15388286,1.0,2
site12_59.png_X0_Y256,13.302070712749284,899.6923391543767,0.0629197192686355,0.012978216594295183,0.7120323858241147,-5.3910675,0.15088417,-0.16396657,1.0,2
site12_59.png_X256_Y256,12.894653664093951,900.2940648878542,0.07838832068472035,0.016760984037535134,0.7014169254341096,-4.740494,0.14353105,-0.15355681,1.0,2
site12_60.png_X0_Y0,12.791441335898341,592.2388367605625,0.09934058103858334,0.018461021906615617,0.9064665884374999,27.271286,0.08584633,0.0948215,0.358551025390625,1
site12_60.png_X256_Y0,11.93824379463871,218.88652258147653,0.22934426451610798,0.029995243255051957,0.9816488763955866,13.89743,0.10557386,0.010233067,0.0,0
site12_60.png_X0_Y256,12.240651123935525,499.9159132756051,0.1163568681913481,0.024321989611449366,0.9043428025154433,30.796814,0.07182212,0.14114937,0.3022308349609375,1
site12_60.png_X256_Y256,11.626667239111466,248.73233948483863,0.2591510560029074,0.0340671423758494,0.9801369849357296,8.382889,0.11835097,-0.032454733,0.0,0
site12_61.png_X0_Y0,14.17826292007403,1274.54137151279,0.059438282259817864,0.008992507204586097,0.712987896361064,-5.71846,0.15053087,-0.17817888,0.89447021484375,2
site12_61.png_X256_Y0,14.04771459607429,1266.320581732439,0.07685380281511939,0.010295059947607653,0.7097950717664041,-5.594986,0.14333333,-0.170584,0.8672027587890625,2
site12_61.png_X0_Y256,14.011906232556095,1226.808048466912,0.03825936326475715,0.00845515444502317,0.6205875965880776,-6.30278,0.16142006,-0.19197583,1.0,2
site12_61.png_X256_Y256,14.0922609711598,1276.604365388292,0.03805545932832058,0.008218153852229536,0.6429700595072809,-6.286606,0.16035663,-0.19204009,1.0,2
site12_62.png_X0_Y0,13.628969517173147,994.0250750913631,0.10613126995727395,0.01328227093905437,0.7375061130466687,-5.624359,0.12803484,-0.1539334,0.78765869140625,2
site12_62.png_X256_Y0,13.566736774456144,933.5580900525524,0.14036203022638352,0.013361105918948655,0.8437609517966259,-2.3695679,0.117886245,-0.13109028,0.7457275390625,2
site12_62.png_X0_Y256,13.9991166354571,1149.08287614739,0.04279605401638868,0.008592259293110879,0.6915881475209129,-6.1765594,0.14959058,-0.17799954,1.0,2
site12_62.png_X256_Y256,13.612681474600958,979.5240531135553,0.07252750669596217,0.01122270213505732,0.7887378792671065,-4.9422913,0.13936275,-0.15931687,1.0,2
site12_63.png_X0_Y0,13.017005279652853,856.9688630575115,0.1775094166044393,0.022513270767211713,0.8462110276546088,-1.7710114,0.110384494,-0.11826286,0.6609954833984375,2
site12_63.png_X256_Y0,12.745560961332341,775.3235074250616,0.20551070201621285,0.03198964174014295,0.8798381059279932,-5.5706787,0.10655247,-0.12532446,0.6015777587890625,2
site12_63.png_X0_Y256,13.619339429296897,1179.4504715884138,0.05866781065245386,0.011063370995223188,0.724807234971239,-5.9624176,0.1353865,-0.15334362,1.0,2
site12_63.png_X256_Y256,13.654973656892057,1141.2603091809278,0.060067850038720644,0.010700055959520779,0.7418673970585257,-5.901779,0.13530767,-0.15293723,1.0,2
site12_69.png_X0_Y0,13.295146270917481,654.7346974120811,0.06412048815204853,0.011377042462702047,0.6699326431997967,47.895798,0.02388848,0.28253517,0.0,0
site12_69.png_X256_Y0,13.636958233671612,680.5039856365959,0.07166147804116894,0.011109968866292185,0.8295469027259672,44.1418,0.046512462,0.19675782,0.03619384765625,0
site12_69.png_X0_Y256,13.506055921131328,736.7923776312678,0.05917382455763852,0.011200181637074213,0.7014651437385768,32.346863,0.11174822,0.049244262,0.0,0
site12_69.png_X256_Y256,13.724758391157554,802.4664188053864,0.09106474136166828,0.012553389461820759,0.8732634694555662,30.095001,0.06456432,0.121498585,0.109283447265625,1
site12_70.png_X0_Y0,13.661041770488124,1398.3011315360127,0.15878837052107886,0.023778936358589076,0.8598296488327393,-5.3526154,0.16914982,-0.19966444,0.6372528076171875,2
site12_70.png_X256_Y0,12.060861191128312,742.5524150268153,0.30788754212180747,0.04618000489925124,0.9242583841851595,-2.76062,0.14443076,-0.17772758,0.375946044921875,1
site12_70.png_X0_Y256,11.793464693335341,665.4593259954872,0.2542050910174888,0.03763337205635298,0.8954171867261471,-1.8677216,0.15705976,-0.17058453,0.38677978515625,1
site12_70.png_X256_Y256,11.69129275236234,990.4327844761606,0.32902921809161645,0.06516443008119932,0.9297653341549457,2.0509644,0.14450583,-0.13697186,0.4418487548828125,2
site12_71.png_X0_Y0,13.8139974110235,972.6464928603041,0.04415361726916392,0.009145532333518572,0.674292606782138,-4.5927887,0.14053938,-0.15685062,1.0,2
site12_71.png_X256_Y0,13.9833092716071,1167.9813442095415,0.040795561657312025,0.008690840567782555,0.6610027447267675,-4.23584,0.14096574,-0.15595667,1.0,2
site12_71.png_X0_Y256,13.758796565356427,924.5859081392796,0.043726476013319235,0.009278403903298177,0.6950485888680455,-4.554138,0.14102519,-0.15700385,1.0,2
site12_71.png_X256_Y256,13.87660301385046,1059.6462471615396,0.042161543573877885,0.009046306211759829,0.6599526718168967,-4.548111,0.14188546,-0.15721428,1.0,2
site12_72.png_X0_Y0,13.946184755329298,1142.0003393225743,0.060822252688061774,0.010187071451047292,0.7812464522324952,-2.9843903,0.13795912,-0.149032,0.972381591796875,2
site12_72.png_X256_Y0,13.156167812324194,903.810931838073,0.07497050758586696,0.014819592677564747,0.7302556231135342,-4.2014008,0.13865161,-0.14749524,1.0,2
site12_72.png_X0_Y256,13.570227839519745,757.1337782493388,0.11462046309517575,0.014385663348558352,0.8868519397251511,-1.4956207,0.13122672,-0.14106889,0.5023040771484375,2
site12_72.png_X256_Y256,12.848070622081934,417.77376539372517,0.22159626336877017,0.02010709071125946,0.9564223473104957,-1.8751831,0.11363395,-0.12699507,0.274505615234375,1
site12_73.png_X0_Y0,14.050064446563871,1340.5221282830876,0.042833399445963635,0.00872435617171332,0.6336192370072867,-5.9196625,0.14725001,-0.1721305,1.0,2
site12_73.png_X256_Y0,14.005031922852556,1413.7472277340094,0.04057980798299014,0.008908108689556125,0.5661025462365133,-6.029358,0.14621863,-0.16848469,1.0,2
site12_73.png_X0_Y256,14.110182828076333,1450.1622439837854,0.04415584221667426,0.00850326821403511,0.6260436616805053,-5.3440704,0.14936979,-0.17471133,1.0,2
site12_73.png_X256_Y256,14.129829409857187,1560.7471143311202,0.04145812586830143,0.008549829077606251,0.5811724646319468,-5.328903,0.14430988,-0.16566855,1.0,2
site12_74.png_X0_Y0,14.00596973284233,1079.693974553022,0.05482354640965588,0.008801297428026624,0.7663065802193686,-6.9470673,0.15133739,-0.17880054,0.9058380126953125,2
site12_74.png_X256_Y0,13.852992039061034,974.4074317419772,0.05505365486932374,0.00923241654269737,0.7401835726988962,-7.447357,0.15389732,-0.17768785,0.94244384765625,2
site12_74.png_X0_Y256,13.483624528218837,707.8421738934511,0.1338014207980651,0.016938625019284958,0.8981253586148648,-1.8148956,0.14782953,-0.15812126,0.57293701171875,2
site12_74.png_X256_Y256,13.378442137502761,662.6282602394288,0.12319513638972017,0.014002521480549177,0.8746635258730728,-5.0394897,0.14037696,-0.1584993,0.6436767578125,2
site12_75.png_X0_Y0,13.148668414085934,885.6048426236011,0.06599414430849407,0.014228749037381663,0.692821345253863,-5.26828,0.14459431,-0.15632987,1.0,2
site12_75.png_X256_Y0,12.969774936788394,840.6040518369966,0.08342120445337822,0.015997460030581535,0.7361793460033814,-4.7932434,0.14586335,-0.15610778,0.9490966796875,2
site12_75.png_X0_Y256,13.156354005634881,753.6520073108695,0.06621314350327902,0.013299633090687523,0.6946957984970035,-4.632141,0.14488576,-0.15522349,1.0,2
site12_75.png_X256_Y256,13.121239218894702,691.9445247620861,0.09137625758400475,0.013982335273654174,0.8007189758757915,-4.2873383,0.1436917,-0.15470442,0.88238525390625,2
site12_76.png_X0_Y0,11.996000877761483,392.23654109903293,0.12705300981572834,0.025505004909471718,0.9155489333165,29.82219,0.073862694,0.14229071,0.2310028076171875,1
site12_76.png_X256_Y0,11.645275680092753,211.867650993615,0.258171318210065,0.03529726356415304,0.9821222973904783,5.0961,0.11756557,-0.05426765,0.0,0
site12_76.png_X0_Y256,11.62032214684129,294.7176417574258,0.1621921594095007,0.026906259131685893,0.9026995348527743,19.440582,0.06853474,0.06319799,0.11474609375,1
site12_76.png_X256_Y256,11.225655003551163,240.29553139117047,0.2982291835261666,0.032635524142616834,0.9821375299491996,1.8527222,0.11328437,-0.085031345,0.0,0
site12_77.png_X0_Y0,13.967242863773446,1166.1622039599915,0.04036723080607987,0.008629858784272262,0.6472248741488816,-6.1864624,0.15670055,-0.18565826,1.0,2
site12_77.png_X256_Y0,14.07224390882108,1256.4210692251552,0.03885301668411652,0.008319148781959435,0.6599792884342547,-5.933441,0.15476114,-0.18296805,1.0,2
site12_77.png_X0_Y256,14.075939995077025,1249.6521151269658,0.03760116228061428,0.008255695974274214,0.6489165163615305,-5.696518,0.1586942,-0.18799356,1.0,2
site12_77.png_X256_Y256,14.095921763366107,1285.763955149438,0.03807455846633586,0.008208741898282013,0.6541932316613074,-5.433731,0.15455052,-0.18139002,1.0,2
site12_78.png_X0_Y0,13.945600945983616,1062.5277225856507,0.04467427703110519,0.008765618101066311,0.7038991702038392,-5.5979614,0.14726917,-0.17198828,1.0,2
site12_78.png_X256_Y0,13.819942614532078,990.0058067960344,0.0728873063203567,0.010250440206353193,0.8177229324506691,-4.8181915,0.14017342,-0.16321327,1.0,2
site12_78.png_X0_Y256,13.942632683226304,1099.8467875035835,0.04509173713708556,0.008811554944930782,0.7032865638701791,-4.7173004,0.14490213,-0.1666355,1.0,2
site12_78.png_X256_Y256,13.516968625252277,943.7907813701092,0.07292189901397389,0.011769614328235796,0.7857699561335063,-4.7753143,0.13687727,-0.15587789,1.0,2
site12_79.png_X0_Y0,13.594994660760257,1158.5131144271113,0.05889051948975528,0.011185319987532524,0.7320640411324435,-5.737976,0.13565016,-0.15392748,1.0,2
site12_79.png_X256_Y0,13.620084026066754,1125.022475670375,0.0616909382247594,0.010884882045662188,0.7465640590784903,-5.6631927,0.13552855,-0.15364484,1.0,2
site12_79.png_X0_Y256,13.507754248969299,1114.7029113201304,0.06010625778285159,0.011713605646302076,0.7183946443507334,-4.864609,0.13416824,-0.1491313,1.0,2
site12_79.png_X256_Y256,13.584242614046094,1087.9702166534066,0.062867795611447,0.011015277040024887,0.7449768566730316,-4.7992096,0.13257371,-0.14819168,1.0,2
site12_84.png_X0_Y0,12.973480445293225,523.3650752715362,0.14188651984571674,0.020808200911034663,0.8994798874158934,34.535248,0.07213033,0.10725148,0.0,0
site12_84.png_X256_Y0,14.115124337383314,1045.2257661267547,0.056747191867020035,0.008871264604649712,0.8027438457114636,34.112823,0.08570435,0.110291004,0.3489837646484375,1
site12_84.png_X0_Y256,13.170150574240374,764.248230623445,0.12672694818235147,0.02321741379584174,0.8235796837192139,52.892975,0.01581218,0.2620579,0.0,0
site12_84.png_X256_Y256,13.285889577701942,789.9517102346432,0.04703967423464729,0.011276639456311185,0.48342446085546564,81.78952,-0.032450456,0.47076872,0.0,0
site12_85.png_X0_Y0,13.456795045958811,560.3818159632392,0.06361609467247535,0.011066568944731802,0.7975893054602614,53.145554,0.0635709,0.19891211,0.0,0
site12_85.png_X256_Y0,13.978867882161076,920.7516019680959,0.0717292204097841,0.009494238431191706,0.8206218089844297,24.621521,0.09953843,0.024082081,0.20819091796875,1
site12_85.png_X0_Y256,13.153014400251742,637.6391535106792,0.0526084525976796,0.011988409264113549,0.5653067408381387,73.16078,-0.0032045355,0.38045916,0.0,0
site12_85.png_X256_Y256,14.062918379813013,1012.5713894896685,0.07993227802678957,0.00991674253734471,0.8502437302219782,18.743164,0.12707008,-0.044756845,0.28094482421875,1
site12_86.png_X0_Y0,10.774684236282344,561.7893280379866,0.28154241974589095,0.05968104207216083,0.897074440389134,-1.6130981,0.14804417,-0.16205953,0.20111083984375,1
site12_86.png_X256_Y0,11.646264614959634,817.5889991681306,0.32089011858081296,0.07968559446007088,0.9352545800624046,4.3706207,0.15444952,-0.12359093,0.184906005859375,1
site12_86.png_X0_Y256,10.092535965734537,418.5925381614703,0.3282138185036468,0.06574615034391015,0.9252644698906006,-0.95254517,0.13657391,-0.14637524,0.22296142578125,1
site12_86.png_X256_Y256,10.484639421540294,866.6935688950231,0.4164032856137333,0.083765338044694,0.9404182411315349,2.7637024,0.14617993,-0.14008704,0.353271484375,1
site12_87.png_X0_Y0,13.729027886206161,914.1036263546364,0.04605794906192144,0.009505134137012155,0.6965651102508391,-4.1832886,0.14145166,-0.15659487,1.0,2
site12_87.png_X256_Y0,13.93107156501209,1127.659685742855,0.04204875100373831,0.008939845539843207,0.6572084511820125,-4.0849915,0.14096239,-0.15525737,1.0,2
site12_87.png_X0_Y256,13.79065419133011,985.2017679047567,0.04498786625029174,0.009250727322161489,0.6813879808275787,-3.6536407,0.13840452,-0.15163274,1.0,2
site12_87.png_X256_Y256,13.943935316207025,1161.127363649181,0.04207110561937021,0.008893885932379313,0.6494619485903432,-3.4026184,0.1384686,-0.15051739,1.0,2
site12_88.png_X0_Y0,11.850635224384556,466.37046292293655,0.20734492650364422,0.035417138900808304,0.745741650003744,-3.065445,0.12979808,-0.14103307,0.297943115234375,1
site12_88.png_X256_Y0,10.54453788508335,319.1839745380779,0.41825343017072236,0.08052674735876575,0.9787568937140244,-1.4750519,0.114675984,-0.13752997,0.0146942138671875,0
site12_88.png_X0_Y256,11.820838600041524,534.4055190311739,0.2298875017864743,0.037966533429152294,0.7746097604631392,-1.9279327,0.13923144,-0.14761283,0.342254638671875,1
site12_88.png_X256_Y256,11.404900314293341,227.76190924166727,0.3164021291068184,0.036325169330464965,0.9387919593628777,-2.4891357,0.1205919,-0.14202458,0.1812744140625,1
site12_89.png_X0_Y0,14.177433339745628,1429.0370183944422,0.040408485713100836,0.00822116796335087,0.623018499944737,-3.8239594,0.14174211,-0.15882584,1.0,2
site12_89.png_X256_Y0,14.193053288113903,1555.665889096223,0.039022226085164466,0.008281894975147933,0.5773561376560208,-3.4580994,0.13905565,-0.15364721,1.0,2
site12_89.png_X0_Y256,14.038486638549804,1314.7751103242363,0.040822119030959815,0.008614283589275015,0.6144265535981177,-3.2216797,0.13512996,-0.14958203,1.0,2
site12_89.png_X256_Y256,13.94059104212971,1255.0397451251183,0.04141245421393549,0.008961908443801226,0.5832486832174264,-2.5566711,0.13275988,-0.14288788,1.0,2
site12_90.png_X0_Y0,11.451925638185411,337.9733359916105,0.3031279567261317,0.03749565307185266,0.9491773479337591,0.5371399,0.1354716,-0.13372147,0.27557373046875,1
site12_90.png_X256_Y0,11.689569938469615,418.5794478986545,0.31028336031344467,0.06359524787746211,0.9477898437878068,-3.4365845,0.11279818,-0.13436036,0.322998046875,1
site12_90.png_X0_Y256,9.74961980212116,53.13863049968973,0.300708546589401,0.04926123527807708,0.8845140757430843,-0.6042938,0.13768491,-0.1378223,0.0,0
site12_90.png_X256_Y256,11.321362562191284,460.0681518977079,0.3281777000788526,0.07101260685024358,0.9429603622135792,-3.6725006,0.11093779,-0.13633092,0.383056640625,1
site12_91.png_X0_Y0,13.17938778786663,978.2566001957914,0.06630931578193326,0.014653901350923097,0.6876690127764954,-4.3295593,0.14179038,-0.15179916,1.0,2
site12_91.png_X256_Y0,13.261143317188711,904.0608551698516,0.0925696730602153,0.013868745368434356,0.8053110642294233,-3.8683472,0.1425533,-0.15327698,0.8037872314453125,2
site12_91.png_X0_Y256,13.173964293643172,961.8216012470775,0.06604888903174044,0.014440777707234507,0.6637382874419602,-3.901886,0.14299087,-0.15183781,1.0,2
site12_91.png_X256_Y256,13.250694045155964,761.4328308372752,0.09333901018122903,0.013538559922754169,0.8316034067065935,-3.1770477,0.14516664,-0.15373865,0.7433319091796875,2
site12_92.png_X0_Y0,11.106702800748076,146.02083090038013,0.2262974900675791,0.03288115967138281,0.9134640324741639,10.948166,0.06663403,-0.018651295,0.0,0
site12_92.png_X256_Y0,11.718196890220726,298.9003400735308,0.2787604685355963,0.026882435180968067,0.9749734666392905,-2.2284393,0.11338508,-0.12947536,0.0014190673828125,0
site12_92.png_X0_Y256,11.306213894564737,141.2288678032541,0.20073548172555364,0.031269003954554855,0.9035437505172833,11.96965,0.061034787,-0.011709979,0.0,0
site12_92.png_X256_Y256,11.865716136986205,339.89894071693817,0.2796357111042613,0.03246527488273892,0.9528614663873985,-2.5402832,0.11126129,-0.13226166,0.0416107177734375,0
site12_93.png_X0_Y0,14.140691755935833,1350.867130205294,0.036966427047890216,0.008076026547870298,0.6407506248850301,-5.1835938,0.1518942,-0.17735045,1.0,2
site12_93.png_X256_Y0,14.168951715564058,1378.4907483149163,0.03703145009929609,0.008003985401930033,0.6401666006191806,-4.8218994,0.15131912,-0.17570552,1.0,2
site12_93.png_X0_Y256,14.235629948591503,1530.4084979634902,0.0369759183903156,0.007904795737098451,0.6559027586689274,-4.6892548,0.14235385,-0.16367973,1.0,2
site12_93.png_X256_Y256,14.259440066418227,1551.1857965836073,0.037869894953663316,0.007854207185498504,0.6569826160501171,-4.1062317,0.1404669,-0.16045815,1.0,2
site12_94.png_X0_Y0,14.12932775131248,1183.6267716893694,0.04584723992779715,0.008225115874839524,0.7135619956598708,-3.658371,0.1424762,-0.16331096,1.0,2
site12_94.png_X256_Y0,13.795398347970313,963.122781487258,0.07146991331949692,0.01053835710441858,0.8172791477386159,-3.4468842,0.13275817,-0.15351707,1.0,2
site12_94.png_X0_Y256,14.08134135701173,1349.1481152681295,0.04426713997591619,0.008464755838367814,0.6811728824446879,-2.6808167,0.13600603,-0.15033987,1.0,2
site12_94.png_X256_Y256,13.73520262743474,958.6259863994638,0.07237676720655484,0.011085047768933532,0.8037740544483942,-3.2945557,0.13202256,-0.14662656,0.97393798828125,2
site12_95.png_X0_Y0,13.733169677662028,1135.7358951034032,0.05869926608553921,0.010734656011371992,0.7299241317801684,-3.2933655,0.1316544,-0.1464183,1.0,2
site12_95.png_X256_Y0,13.560726130171602,1137.3969517432695,0.06363019052939844,0.011100864464817197,0.7274855785320096,-3.39505,0.12710647,-0.13854772,1.0,2
site12_95.png_X0_Y256,13.643551201442659,1028.3808613573651,0.07659360589055567,0.010963022779194309,0.7380086316448543,-1.4719696,0.12508337,-0.13191733,0.895782470703125,2
site12_95.png_X256_Y256,13.585441900782403,1051.847008632457,0.06547991115109913,0.011023296680453012,0.7322467942210239,-1.1629486,0.124830484,-0.13045153,0.9591064453125,2
site12_100.png_X0_Y0,13.507464319276691,890.4279370464891,0.101264340867818,0.014620036043214537,0.7947033881279344,60.831467,0.014524622,0.2800859,0.0,0
site12_100.png_X256_Y0,13.137817788633955,700.886882944671,0.054299728036099656,0.012179973786418656,0.5022393829509466,74.95978,-0.0058125253,0.38574624,0.0883636474609375,1
site12_100.png_X0_Y256,13.50738937646393,843.5522610444743,0.09786608601675838,0.01467310849325839,0.7878929483015872,52.76352,0.033958763,0.23734435,0.0,0
site12_100.png_X256_Y256,13.390437195301464,887.7202156322053,0.044796141244035734,0.010757915654425998,0.4551976064984305,85.993164,-0.02105872,0.47782806,0.0,0
site12_101.png_X0_Y0,13.570523569215535,687.4959995855604,0.06056335373467498,0.01089663696191887,0.7805779652263247,53.99919,0.04250485,0.22564805,0.0841522216796875,1
site12_101.png_X256_Y0,14.314401191635216,1529.1661738123441,0.0929463668233588,0.010628941774053765,0.8573597873410068,-0.2273407,0.1668428,-0.17311308,0.6932830810546875,2
site12_101.png_X0_Y256,13.880836167485448,728.5791448752129,0.074375885158465,0.009741765193930841,0.8809045050025982,36.820694,0.08514972,0.083889514,0.3719940185546875,1
site12_101.png_X256_Y256,14.256971483006074,1296.5160120806936,0.08760594057995479,0.01015883378263547,0.8531618338869894,8.365906,0.14923653,-0.11511615,0.543212890625,2
site12_102.png_X0_Y0,10.39163092219356,477.36095516153944,0.3743916378789638,0.06656927953037362,0.939860816588995,-0.11735535,0.12634179,-0.1438379,0.2869720458984375,1
site12_102.png_X256_Y0,12.322604233278442,972.5374741838252,0.2636113749643755,0.05933124138837329,0.9265185190292025,3.6936035,0.16512084,-0.1433769,0.377105712890625,1
site12_102.png_X0_Y256,9.597835471221462,364.9374922656592,0.3248901692900216,0.06833166771270248,0.8986607791368193,-1.3865967,0.14108627,-0.15050371,0.177276611328125,1
site12_102.png_X256_Y256,12.017549327711077,579.040960252739,0.28863056823696787,0.043266077468145564,0.9164807298174681,-1.6148376,0.12218103,-0.14916429,0.43524169921875,2
site12_103.png_X0_Y0,13.856100000813411,1050.0526136882263,0.04325809675833503,0.009018852200511834,0.6699721855868682,-3.3429413,0.13684532,-0.14914116,1.0,2
site12_103.png_X256_Y0,13.981036336318517,1246.874034460891,0.03975100690394738,0.008729667492052909,0.609845245494378,-3.2780457,0.13634007,-0.14785013,1.0,2
site12_103.png_X0_Y256,13.825484731395953,1040.2205246029007,0.043291924881837876,0.009148254452110755,0.6655678990548417,-3.0332947,0.13431627,-0.14538836,1.0,2
site12_103.png_X256_Y256,14.029044547991326,1255.4358208531305,0.03970148995412328,0.008537968167774995,0.6305477334468466,-3.534729,0.13743183,-0.14890453,1.0,2
site12_104.png_X0_Y0,12.625287026256505,882.664233227674,0.2049798634947972,0.026712704904652763,0.7760382580661835,-0.5696106,0.15334633,-0.16198108,0.449737548828125,2
site12_104.png_X256_Y0,11.793130638329458,301.5812951899842,0.27944553584515813,0.02963488739230609,0.9024542908716683,-2.637848,0.12280378,-0.14579716,0.26641845703125,1
site12_104.png_X0_Y256,12.374823966738424,1070.9770473497251,0.216661466242427,0.03100276182454294,0.7909267546213679,0.86572266,0.16483189,-0.17210317,0.48248291015625,2
site12_104.png_X256_Y256,11.833215691651958,434.5582944060607,0.2901099555656652,0.045479672097615886,0.9161706427880354,-1.4912262,0.14058906,-0.16307801,0.331390380859375,1
site12_105.png_X0_Y0,14.134522190069431,1397.7165229269328,0.04076269914635236,0.008364411738346575,0.6305294520870781,-2.730011,0.13828388,-0.15162805,1.0,2
site12_105.png_X256_Y0,14.00715725534542,1339.9772542862834,0.04191466687295961,0.008825272548902715,0.5757308486782745,-2.6941833,0.13463497,-0.14600644,0.995880126953125,2
site12_105.png_X0_Y256,14.068077180656454,1313.8404750727361,0.04079975316573935,0.008521841490744551,0.6289257131758448,-3.077896,0.13808034,-0.15136793,1.0,2
site12_105.png_X256_Y256,13.924110058590168,1220.1895177936847,0.05501490015773032,0.009400710428064465,0.607297319256241,-2.6787872,0.13504079,-0.14577338,0.94732666015625,2
site12_106.png_X0_Y0,9.041096584677145,21.31149778630837,0.332952433494488,0.05558501417073819,0.9223902362462448,-2.3993073,0.13665083,-0.14336744,0.0,0
site12_106.png_X256_Y0,11.49881775716241,589.994868349916,0.31827258038415596,0.07346933238736916,0.9334379579758673,-3.9203339,0.110783696,-0.1379835,0.45947265625,2
site12_106.png_X0_Y256,8.389139684678222,10.911083612673067,0.3534838752743167,0.06560340673622994,0.8869883332328239,-2.7576904,0.13644595,-0.14408076,0.0,0
site12_106.png_X256_Y256,11.646049918289279,581.262750699835,0.29313698295391255,0.07802579548537267,0.9385637955911723,-4.0607758,0.1119954,-0.13913909,0.5169525146484375,2
site12_107.png_X0_Y0,13.440956246955482,954.0206776239619,0.05455383946471786,0.011425766910404696,0.6390419688487518,-4.147873,0.14197084,-0.15167227,1.0,2
site12_107.png_X256_Y0,13.265734728023816,725.1584368091461,0.09267576375969178,0.012920218722068878,0.8405388880008245,-3.1589355,0.14525214,-0.15493487,0.6722869873046875,2
site12_107.png_X0_Y256,13.107250318512099,887.9238588222971,0.06830941591192088,0.014525998312863334,0.6811531107186515,-4.265152,0.14153911,-0.15066826,1.0,2
site12_107.png_X256_Y256,13.090727130925206,641.6368457444222,0.10701920546782974,0.01407215493469963,0.8738551735714899,-3.002121,0.14800471,-0.15551767,0.6142578125,2
site12_108.png_X0_Y0,11.189011127543612,168.04983388300795,0.19280156136707852,0.030410905559501177,0.850767374768329,12.86499,0.049932003,0.0013895144,0.0,0
site12_108.png_X256_Y0,11.454287175975317,416.03747475432897,0.27411138904156007,0.03715548590050496,0.8969135020039491,-2.5235138,0.120168716,-0.14241292,0.1182403564453125,1
site12_108.png_X0_Y256,11.217819628665879,131.4519393082009,0.2056747878501188,0.028747498327491853,0.9195513956491094,12.427109,0.0438677,0.004030505,0.0,0
site12_108.png_X256_Y256,11.382570192822751,431.0649462947218,0.262504544602076,0.04029763666462943,0.8697270662031519,-2.8834534,0.12435821,-0.14606583,0.1719970703125,1
site12_109.png_X0_Y0,14.293810204482078,1826.9302590950015,0.035112937379313945,0.007812157304752295,0.6421088519185955,-4.1908264,0.14087573,-0.16168213,1.0,2
site12_109.png_X256_Y0,14.320959393813325,1832.7885524797416,0.033981049368826025,0.007712450523227043,0.6422794531448792,-3.7000885,0.1389769,-0.15877526,1.0,2
site12_109.png_X0_Y256,14.278633239008188,1888.3846688021854,0.035617591168152565,0.007921598075296962,0.652178600423789,-4.38678,0.13937521,-0.1608257,1.0,2
site12_109.png_X256_Y256,14.29240951063364,1829.2352975267072,0.03579546518845748,0.007846186556094273,0.6469603312234271,-3.7514038,0.13659513,-0.15518254,1.0,2
site12_110.png_X0_Y0,14.273225233568201,1512.56404862308,0.043019968127411747,0.00784834350888829,0.653417768486944,-2.916809,0.13184628,-0.14962998,1.0,2
site12_110.png_X256_Y0,13.376381774582239,854.8883542988588,0.16027699838087978,0.06231662073546877,0.8980488434567242,9.208405,0.10286348,-0.08633078,0.8035888671875,2
site12_110.png_X0_Y256,14.261359877642743,1580.4186907378912,0.04136817951038247,0.007884140461272655,0.6722965029712237,-3.6770477,0.1323579,-0.15494838,0.98541259765625,2
site12_110.png_X256_Y256,13.486213596503289,719.843637287965,0.15937462919072817,0.02126322867616582,0.9153735741237589,-0.2233429,0.13233873,-0.14136481,0.4866790771484375,2
site12_111.png_X0_Y0,12.475536172342538,433.1709998408038,0.10077186169668069,0.017150571289123014,0.7757166177248668,0.09017944,0.13722941,-0.13937756,0.0,0
site12_111.png_X256_Y0,11.727257134759778,424.01905065058963,0.30870675638207085,0.08177394781849333,0.9592208589185792,50.436066,0.12126271,0.005664289,0.0,0
site12_111.png_X0_Y256,12.58589279853588,477.37716265979,0.10499804339049221,0.016969475519203907,0.7918450280492719,-0.096725464,0.13837194,-0.14133349,0.0,0
site12_111.png_X256_Y256,12.696030766297378,549.929756418806,0.1507649969842144,0.023431160377860173,0.842093103526877,77.05339,0.12873232,0.051329814,0.0,0
site12_116.png_X0_Y0,13.360175470174898,865.4161219093071,0.08414151655869359,0.014411588938023353,0.714170134113387,64.70381,-0.02085175,0.3990507,0.0,0
site12_116.png_X256_Y0,13.266456479616469,634.9396433012664,0.06041919311540193,0.011446017717586144,0.6445972566248003,66.267395,-0.011486658,0.42649528,0.0,0
site12_116.png_X0_Y256,13.6231124836196,835.3923360607423,0.055274036889244926,0.010394161252615256,0.7314546172875744,54.12059,0.052202374,0.25805745,0.0,0
site12_116.png_X256_Y256,13.142804410368507,618.6228021073753,0.0573241446716542,0.012052418452942946,0.5880807637453354,56.642822,0.035202824,0.3032721,0.0029449462890625,0
site12_117.png_X0_Y0,13.151642213502365,530.0334387315265,0.06498318786062383,0.012228441815286149,0.7257922592204606,63.173462,0.01123702,0.33016717,0.0108489990234375,0
site12_117.png_X256_Y0,14.21062812235132,1289.586658586784,0.09069197931552048,0.009288791529665094,0.8572175484455614,-0.2964325,0.1723089,-0.18416198,0.757843017578125,2
site12_117.png_X0_Y256,13.418344699532467,685.2157951119217,0.09151829037981316,0.013544765095592838,0.8218956526627647,40.92807,0.059124153,0.16972601,0.2584075927734375,1
site12_117.png_X256_Y256,14.112252113293856,1492.4272824904615,0.11275913827580236,0.011797282622785456,0.870522729168734,1.659729,0.18718779,-0.19669545,0.8979034423828125,2
site12_118.png_X0_Y0,9.356961351089206,282.41933695877935,0.3894840041303491,0.06934987858107138,0.9356763252158098,-2.203308,0.13191089,-0.14897814,0.0867767333984375,1
site12_118.png_X256_Y0,13.113995496827332,1089.9946801862811,0.18622435743996033,0.029221087063580398,0.916052347198929,1.5331268,0.15568808,-0.15043005,0.5843658447265625,2
site12_118.png_X0_Y256,11.004386564698796,725.2592160768561,0.2866995145026512,0.056675955064495055,0.8765752017121743,-1.7993774,0.16406631,-0.18284014,0.3479766845703125,1
site12_118.png_X256_Y256,13.130560988639315,915.3372558482362,0.16979296818686906,0.032105120056932716,0.8967463831159224,11.523422,0.09749052,0.021426443,0.6032867431640625,2
site12_119.png_X0_Y0,13.753493003036198,932.4715638366138,0.04422854277292605,0.009381663409215571,0.6851510852673596,-3.2634125,0.13629879,-0.1483882,1.0,2
site12_119.png_X256_Y0,13.872611766332446,1060.8319771391807,0.04260095969852304,0.009017960921187538,0.6573678300855834,-3.3052368,0.13786629,-0.14847839,1.0,2
site12_119.png_X0_Y256,13.868649272187627,1018.3104641093514,0.04623741179337596,0.009106479678463527,0.6899164591481906,-3.1755066,0.13644278,-0.14833127,0.9957733154296875,2
site12_119.png_X256_Y256,13.873162878133085,1108.8442015240507,0.043301479109569004,0.009148052378937462,0.648232891497342,-3.488556,0.13829324,-0.14956862,1.0,2
site12_120.png_X0_Y0,11.71309819371303,983.0852157675531,0.25477772566684986,0.04008900845249794,0.8102268906565065,0.47218323,0.16688067,-0.17546901,0.3511810302734375,1
site12_120.png_X256_Y0,11.152345971247064,512.8431837965672,0.34348534435868977,0.09373411624084182,0.9013285159991191,-1.7267151,0.12811787,-0.15437603,0.3361968994140625,1
site12_120.png_X0_Y256,9.57145079667402,203.12312756814615,0.3563683866554827,0.062124320891010214,0.8330809566209584,-1.9061737,0.15044937,-0.16021436,0.059967041015625,1
site12_120.png_X256_Y256,10.581069802920032,401.07676074109514,0.379717845176425,0.12311567721371938,0.894893772757309,-2.6485748,0.11869991,-0.15308739,0.30999755859375,1
site12_121.png_X0_Y0,14.126067992365298,1463.1178105627368,0.03826223658158734,0.008335380805575084,0.5738051528115662,-3.141861,0.1353159,-0.14840844,1.0,2
site12_121.png_X256_Y0,14.002790964108993,1293.605782196245,0.06002638841256552,0.009371340491663417,0.6178240952542209,-2.416153,0.13368002,-0.14485016,0.87115478515625,2
site12_121.png_X0_Y256,13.978691569152698,1332.1862899035957,0.039888463837516215,0.008780611267836875,0.5587015622832272,-2.9856262,0.13359345,-0.1453404,1.0,2
site12_121.png_X256_Y256,13.91626052889909,1167.9452929012346,0.061552751686306424,0.009644816895805175,0.6331783008365338,-2.0157928,0.13292298,-0.14263868,0.8114166259765625,2
site12_122.png_X0_Y0,8.931975697665239,52.3055721056806,0.3492087183148557,0.06540781053082494,0.9702249549981516,-2.9958649,0.1280476,-0.14176252,0.0,0
site12_122.png_X256_Y0,12.576818193647675,649.9561367172254,0.2340437012173448,0.03528814379980581,0.9339810394594359,-4.078903,0.11123416,-0.1407025,0.5904083251953125,2
site12_122.png_X0_Y256,8.333877364709569,25.674036938917713,0.3808167509998106,0.07346117163648178,0.9858465865855103,-3.0668793,0.12910214,-0.14347942,0.0,0
site12_122.png_X256_Y256,12.74137900450129,720.0738124759407,0.20314095409808025,0.03713521545723869,0.9194093335006002,-3.9681854,0.11778451,-0.13998926,0.649017333984375,2
site12_123.png_X0_Y0,13.041256900817414,870.310209099235,0.06968562604207472,0.01538116775159715,0.6733350662011139,-3.9458923,0.14053126,-0.14882942,1.0,2
site12_123.png_X256_Y0,13.186731326085686,610.4624871293502,0.11115113174333574,0.013773573627989467,0.8849411849272019,-1.9638367,0.14971912,-0.15461871,0.542022705078125,2
site12_123.png_X0_Y256,13.205861767833746,925.5986150909221,0.06339286425282435,0.013634952719381328,0.6599144240325476,-3.7084656,0.14090201,-0.14891934,1.0,2
site12_123.png_X256_Y256,13.099098944763634,587.4439794039504,0.15363194992052906,0.019737829455067336,0.9295890804410437,-1.3190918,0.14592764,-0.14780352,0.48388671875,2
site12_124.png_X0_Y0,11.287724698358346,199.76163963381657,0.2063976124912988,0.032849414400026346,0.9249519357535387,9.866913,0.070690215,-0.028129997,0.0,0
site12_124.png_X256_Y0,11.438874225736367,519.0160408256597,0.2533101260403025,0.0429269010619184,0.8445861290174093,-2.7060547,0.12662593,-0.14565739,0.2383880615234375,1
site12_124.png_X0_Y256,11.335331610051586,211.5022811689214,0.1856376312225635,0.02971644250089372,0.8712846550649136,11.619019,0.06777729,-0.01884413,0.0,0
site12_124.png_X256_Y256,11.933218925293446,636.0471813725627,0.22844638753954413,0.035191513974142934,0.847225498111852,-1.5561676,0.123863235,-0.13893741,0.29168701171875,1
site12_125.png_X0_Y0,14.185257846549932,1740.8585931341888,0.03571705785829691,0.008184878610911545,0.6474584822934384,-3.7601013,0.13913608,-0.15759209,1.0,2
site12_125.png_X256_Y0,14.260280777859924,1816.2320786925875,0.03592388889983485,0.0079546282763071,0.6457346451191895,-3.3693542,0.13609226,-0.1528584,1.0,2
site12_125.png_X0_Y256,14.211734048115606,1748.032094461791,0.036047158579686524,0.00806954191106181,0.6399775203291828,-3.6479492,0.13822553,-0.15569437,1.0,2
site12_125.png_X256_Y256,14.320680258083083,1903.6337753507332,0.035610608658170936,0.0077655512984956074,0.6506955787745696,-3.0190582,0.1375252,-0.15344894,1.0,2
site12_126.png_X0_Y0,14.305977475775526,1552.8368389110713,0.046218744514085454,0.007828761356817935,0.7007777112303724,-3.276825,0.13571046,-0.1583061,0.9171905517578125,2
site12_126.png_X256_Y0,14.075268841737106,1129.893780366953,0.10134671662017572,0.012437059887037796,0.8299331119300708,-3.8921967,0.16711184,-0.19839953,0.334075927734375,1
site12_126.png_X0_Y256,14.35422323998291,1571.875123014549,0.04840024049555175,0.007675177415213064,0.710319269889444,-4.375183,0.14891435,-0.1768739,0.86090087890625,2
site12_126.png_X256_Y256,13.828299131142675,945.8028869605785,0.13373261769183833,0.025978489887015836,0.8783255747397758,-0.6535187,0.118592836,-0.13141155,0.2987518310546875,1
site12_127.png_X0_Y0,12.024863645033347,338.9859616193303,0.11222651944945666,0.020222253293710264,0.7153935466057413,0.26644897,0.14023829,-0.14160335,0.017181396484375,0
site12_127.png_X256_Y0,12.994595589404257,535.5156389069382,0.22027064189776382,0.018851798355334307,0.9509785973287282,1.5940552,0.09141764,-0.10742159,0.581146240234375,2
site12_127.png_X0_Y256,12.362925652613152,439.7883882250792,0.094254957565496,0.01688480103320413,0.5568147135660411,-0.010864258,0.13592333,-0.13625687,0.0,0
site12_127.png_X256_Y256,12.641511363070094,567.5508720203838,0.11655927308708575,0.018469533028688714,0.7620753064191516,-0.4402771,0.12515128,-0.12743302,0.14739990234375,1
site12_132.png_X0_Y0,13.875960608019424,763.9254379776391,0.06578286366410621,0.009415001805323644,0.8403370452124146,36.015717,0.07698206,0.14110889,0.205596923828125,1
site12_132.png_X256_Y0,13.57873479104331,932.6052523518847,0.10943568357327067,0.015690296662194396,0.8329931295785467,8.707138,0.13993157,-0.09398559,0.4183349609375,2
site12_132.png_X0_Y256,11.087132496805822,325.9176849649282,0.24979603003976414,0.04290322034992875,0.9418862542383227,0.5783844,0.12946586,-0.11923134,0.0,0
site12_132.png_X256_Y256,9.422497921941329,138.5379511786382,0.29647416313647296,0.058181789631545355,0.953608337548775,-4.9680634,0.13521507,-0.14822735,0.0,0
site12_133.png_X0_Y0,11.262672483180705,313.5952792946424,0.2881022210688463,0.03806814049262105,0.9507783540794787,-1.858429,0.15126279,-0.16360563,0.1759796142578125,1
site12_133.png_X256_Y0,9.491986412757328,24.392665290994035,0.3004176194259536,0.04852198902400222,0.9361808482463393,-4.152298,0.13794768,-0.1489898,0.0,0
site12_133.png_X0_Y256,9.758956297108373,25.904274317569733,0.33148217476001596,0.0510292960933202,0.9931101541215998,-5.1978607,0.13601488,-0.15412405,0.0,0
site12_133.png_X256_Y256,8.714138499369191,21.39983934964935,0.28099533259624204,0.06195520679373555,0.8264721056674351,-4.8064423,0.13474956,-0.14600754,0.0,0
site12_134.png_X0_Y0,10.348873030012678,128.48325052263965,0.2965067741029582,0.040108112242934674,0.95982240843405,-3.1265259,0.11827558,-0.1263821,0.0,0
site12_134.png_X256_Y0,12.066947106717441,383.69771669854924,0.2415759024690516,0.028840129039412694,0.9651129846103822,9.303574,0.10010716,-0.018785104,0.0263519287109375,0
site12_134.png_X0_Y256,10.8825218777863,170.0407563196941,0.25843835605298227,0.03802142493323797,0.9450934158372037,0.40838623,0.12036928,-0.10916776,0.0,0
site12_134.png_X256_Y256,12.350095403313805,420.70351476899407,0.17851191280747467,0.024462515978559113,0.843237824723811,8.25293,0.127173,-0.088193744,0.0,0
site12_135.png_X0_Y0,11.744867646265511,190.2699038681143,0.268819198281653,0.032229430715683106,0.9774905977044671,1.0284271,0.14367783,-0.14704253,0.03265380859375,0
site12_135.png_X256_Y0,13.91651469160173,2005.4198309993199,0.1154054271035603,0.01182763372418037,0.8309356842680096,0.25169373,0.19921292,-0.22025853,1.0,2
site12_135.png_X0_Y256,10.706367407597021,131.1172886780435,0.24040748958622904,0.044174557885655844,0.9318107194564265,-1.3036652,0.1485249,-0.15333259,0.0207366943359375,0
site12_135.png_X256_Y256,10.11529727412991,372.54925643087734,0.23544964835598534,0.0561414602045235,0.8470936958279423,-0.38824463,0.16534397,-0.17077076,0.1831207275390625,1
site12_136.png_X0_Y0,10.51024412732129,379.34914573128003,0.2901715663491786,0.04260417317411435,0.9135027820523371,-0.9061737,0.1585057,-0.16637468,0.1960296630859375,1
site12_136.png_X256_Y0,11.838850177364373,509.50146890628105,0.2480169718981696,0.029726472098269115,0.9029974020431422,-0.73731995,0.15793055,-0.1704871,0.30145263671875,1
site12_136.png_X0_Y256,9.190235426696823,44.07468442125709,0.24770438800638078,0.05461095807211065,0.7231662547498106,-3.2624817,0.15433785,-0.16560403,0.0015716552734375,0
site12_136.png_X256_Y256,10.177212412373336,98.70165257954388,0.2502966277335674,0.04564741587462251,0.9343020465066035,-3.257141,0.14862594,-0.15968487,0.0416259765625,0
site12_137.png_X0_Y0,12.052299852023928,364.3083265150321,0.21576762184276235,0.02572131321843059,0.9138099727560951,4.443878,0.13734418,-0.13110918,0.226287841796875,1
site12_137.png_X256_Y0,12.781831720328432,378.679155838501,0.13473792120744493,0.016682197212820292,0.8778312766211914,3.8832397,0.1379137,-0.12974542,0.16241455078125,1
site12_137.png_X0_Y256,11.232123602661465,102.64764440059686,0.21363836649742157,0.03245439000296712,0.9725849985869057,-1.6560059,0.13733497,-0.14373372,0.0188751220703125,0
site12_137.png_X256_Y256,10.703263869678329,69.3049280475078,0.2222735582446938,0.03682752666548186,0.973912568649037,-1.6410217,0.1315414,-0.13694862,0.0,0
site12_138.png_X0_Y0,10.019872319739722,39.51809212502546,0.2863571209392577,0.0478305502681885,0.9778191155738118,-2.311325,0.13150081,-0.13810086,0.0,0
site12_138.png_X256_Y0,12.88695039496973,432.488885780116,0.14957338813996712,0.01582633184272885,0.8720854927836718,-1.2728271,0.14035927,-0.14575222,0.2722930908203125,1
site12_138.png_X0_Y256,10.588315122685149,59.89371173346797,0.21385959688678258,0.035511074494854536,0.9736310320355309,-1.1910248,0.13070022,-0.13423443,0.0,0
site12_138.png_X256_Y256,11.009215749682118,86.0182770749244,0.2007141853147632,0.029991438181953753,0.908767617819517,-1.0085602,0.13598701,-0.13881907,0.0,0
site12_139.png_X0_Y0,12.814594397720358,587.6029408761065,0.11496687265265212,0.015945986813260274,0.7274022676245516,-0.9207916,0.1418873,-0.14412603,0.4571075439453125,2
site12_139.png_X256_Y0,13.096859385066319,437.30475667410485,0.15931234756615809,0.014685106480002947,0.9385228977002608,2.5346985,0.13944644,-0.13372257,0.21368408203125,1
site12_139.png_X0_Y256,12.530598763141281,293.3096189716832,0.19249904008203475,0.020103193718090412,0.9682253124186126,11.90126,0.05708979,0.063091956,0.0,0
site12_139.png_X256_Y256,13.140728933373353,355.1161955738261,0.1572923670714629,0.017062037758509563,0.9450614352491125,9.325455,0.12697795,-0.056335263,0.0,0
site12_140.png_X0_Y0,13.264907803157007,324.09732403102623,0.14611924689681557,0.013394729668764536,0.9491331883516215,6.2433777,0.13310906,-0.109222986,0.0,0
site12_140.png_X256_Y0,11.992323172539997,540.6549964257302,0.2808936679408869,0.03974254202407329,0.9115196170101251,-1.2645264,0.08446449,-0.11246914,0.277374267578125,1
site12_140.png_X0_Y256,11.314033175566406,219.9663757929781,0.23426503833764634,0.03386106864819138,0.8590350237351817,21.270554,0.036419924,0.0341831,0.0,0
site12_140.png_X256_Y256,12.85163994103879,704.8640802816949,0.17841457521599396,0.02205907076370361,0.8644335711355388,-2.0819244,0.075573325,-0.09572643,0.4275970458984375,2
site12_141.png_X0_Y0,13.558250786907,1202.1947274936542,0.10982672273808113,0.022558160983750485,0.7690496802161197,-2.417328,0.13392092,-0.15952757,0.8849639892578125,2
site12_141.png_X256_Y0,13.85182194785419,1218.3340952999256,0.08946808193372617,0.015541486110523558,0.7744644828172141,-2.5902405,0.13265762,-0.16191223,0.9309844970703125,2
site12_141.png_X0_Y256,14.11975736525112,1319.9907377271259,0.03954780906639936,0.008459143093151206,0.5843789105527128,-0.8111267,0.13950235,-0.14835452,1.0,2
site12_141.png_X256_Y256,14.062040533866089,1287.1249273717533,0.03943726721151736,0.008681126172958258,0.5868678103794607,-1.6610565,0.13732639,-0.15100251,1.0,2
site12_142.png_X0_Y0,13.64992713387171,983.2596426554844,0.10088147678341199,0.013462440536941603,0.801480690493882,-2.3394318,0.13245788,-0.16639338,0.7487030029296875,2
site12_142.png_X256_Y0,12.469547395194915,443.18426541173625,0.13303377248318743,0.03953761126173675,0.8602127198725098,-0.46646118,0.13088764,-0.13850506,0.0,0
site12_142.png_X0_Y256,13.659473407693776,917.8684538098285,0.06078756721744549,0.010354967394948235,0.7120913922875687,-1.8562927,0.13911289,-0.15782884,0.782073974609375,2
site12_142.png_X256_Y256,12.245591731051318,406.67724560564886,0.15808225916558954,0.07493434067930312,0.90040513795382,-3.0913696,0.1321089,-0.14789769,0.0,0
site12_143.png_X0_Y0,12.507385482603013,486.7513427077282,0.08306695450958408,0.01529805004168621,0.5263867016553566,-0.7783203,0.1326149,-0.13483827,0.0,0
site12_143.png_X256_Y0,12.74833101939926,645.4640847119983,0.07382377020235564,0.014889750706440961,0.6532574627146974,-1.9300842,0.1265581,-0.13307676,0.0,0
site12_143.png_X0_Y256,12.409988347536974,469.4264374729636,0.0842347442045489,0.015509911248467064,0.5002060436273006,-1.0456848,0.12920684,-0.1318654,0.0,0
site12_143.png_X256_Y256,12.996168879144204,599.0759998257695,0.13463483682370667,0.017568299703856028,0.9074448526172484,-2.3644257,0.11262445,-0.13220486,0.0,0
site12_155.png_X0_Y0,12.988349164678732,631.2403212857262,0.11670182125443553,0.015437406406886553,0.8172749884702692,41.032883,-0.042694546,0.4231694,0.0,0
site12_155.png_X256_Y0,13.704635209282515,1352.3646758159907,0.0974771538388269,0.01360237557270445,0.7475519847383811,16.644272,0.12054648,0.0005483888,0.542633056640625,2
site12_155.png_X0_Y256,12.53949767226846,606.564743187788,0.15261838568229366,0.025049214853568043,0.8651026191927966,34.543808,-0.05087104,0.40945166,0.0,0
site12_155.png_X256_Y256,13.747331533476686,1053.4179212323638,0.08864524359235716,0.012215038151520608,0.782040686472294,22.080032,0.11046587,0.01011296,0.3878173828125,1
site12_156.png_X0_Y0,13.162786711466751,689.5343661091749,0.09966495204560588,0.014750009038363968,0.701760886962918,21.170609,0.102974474,-0.041529737,0.0,0
site12_156.png_X256_Y0,13.709784190256004,815.7317659974702,0.07943317901396055,0.010290399621573644,0.7885868322541486,9.80426,0.12319225,-0.1001167,0.2236480712890625,1
site12_156.png_X0_Y256,11.692514596070005,183.70445468690932,0.10792190301799887,0.022213630416460746,0.7686503318551792,55.806213,0.05832537,0.17111278,0.0,0
site12_156.png_X256_Y256,11.292220212258236,107.47406814686951,0.22778098099653526,0.043431623653984834,0.9677827017439581,38.549896,0.025225561,0.20690261,0.0,0
site12_157.png_X0_Y0,13.629214962496736,877.3076328966486,0.06398487267740086,0.010476908879123075,0.7254256926099514,0.9633484,0.1403526,-0.14242786,0.5197906494140625,2
site12_157.png_X256_Y0,13.754722383475055,839.969253186908,0.06340858455698578,0.009860733663065783,0.7666531786157165,0.44786072,0.13752791,-0.14324275,0.5686798095703125,2
site12_157.png_X0_Y256,12.230400529502083,221.3545659872526,0.11637630735445287,0.01937318333605545,0.8856374650212748,48.70598,0.04884523,0.19780916,0.0,0
site12_157.png_X256_Y256,12.336664787756867,231.35747120999932,0.18748161885225353,0.027106510511312305,0.9423304447669343,33.605408,0.0661156,0.12074266,0.0,0
site12_158.png_X0_Y0,13.755940248922178,713.8235332714714,0.07182399973842941,0.01013807719427445,0.8268164234717115,1.6751404,0.13656506,-0.14218654,0.4571685791015625,2
site12_158.png_X256_Y0,12.810245867102513,534.435633740651,0.09668098744746384,0.02198821749371594,0.811277760662719,1.6125641,0.13194847,-0.13006476,0.0,0
site12_158.png_X0_Y256,12.580507970679983,283.22720442558386,0.1682734831195627,0.01954459893121465,0.917651237541971,23.747025,0.06595419,0.028959848,0.0,0
site12_158.png_X256_Y256,12.206291394261786,470.44756291150054,0.07986066165276252,0.01732704551211729,0.42358583376360104,0.36787415,0.13679427,-0.13613217,0.0,0
site12_169.png_X0_Y0,12.783302400145974,533.8936815618233,0.15566707491483356,0.022394833570512737,0.9016335967477956,20.73114,0.0679443,0.16149166,0.0,0
site12_169.png_X256_Y0,12.982788326434932,617.0922827909212,0.14064612362972964,0.01962873495872143,0.8460416361963364,32.186325,0.019583805,0.28446412,0.0,0
site12_169.png_X0_Y256,10.489720652541862,103.83934134407544,0.1589909232795077,0.03427090602032129,0.7925576087905464,-0.3090515,0.1381076,-0.13579208,0.0,0
site12_169.png_X256_Y256,11.090775278622448,423.74517650970523,0.33115728998158467,0.05146092625846526,0.9346916155836664,-1.3525391,0.113619976,-0.13732328,0.1669464111328125,1
site12_170.png_X0_Y0,11.496057104135929,215.72097381416438,0.27767813882374554,0.035405921003939814,0.9626817772204644,-0.54190063,0.115579285,-0.12338565,0.0,0
site12_170.png_X256_Y0,10.1165841374216,113.64237551362662,0.3220866491933262,0.04586468422441686,0.9711726855301253,-1.7346191,0.119008005,-0.12957272,0.0,0
site12_170.png_X0_Y256,12.97988458553013,1059.504171292391,0.19871489842584714,0.03274875604267716,0.8082657787665185,-2.7202606,0.12846926,-0.16111219,0.5967559814453125,2
site12_170.png_X256_Y256,12.980686776264843,796.3222749363855,0.1844645809320729,0.029776779687711204,0.8584736077945173,5.1125793,0.080991596,-0.0308225,0.475677490234375,2
site12_171.png_X0_Y0,12.524661426335998,301.8168063665645,0.15669368378739057,0.02003371201341097,0.92249866854518,14.366928,0.08645229,0.0430009,0.0,0
site12_171.png_X256_Y0,12.986120120050153,536.9303740899413,0.12117362912802322,0.020746537131498516,0.8326626877195623,34.189804,0.06635238,0.13445139,0.0,0
site12_171.png_X0_Y256,12.769698498779682,673.6929411615406,0.21337954300485545,0.026594082600326908,0.8822356594476531,-1.6028137,0.104301065,-0.12011178,0.343048095703125,1
site12_171.png_X256_Y256,13.069790903920959,630.6247509672446,0.15157035171608313,0.024349204006751966,0.9050551638917245,26.171066,0.08749326,0.047142535,0.0672149658203125,1
site12_185.png_X0_Y0,8.401423062483731,34.544735588475966,0.3815842505590681,0.07186209882132294,0.7716285559627413,-1.1670837,0.13188112,-0.13437569,0.0,0
site12_185.png_X256_Y0,11.060820804545829,368.674254583589,0.27759211229339786,0.04453032751445678,0.8684332934164156,1.1380157,0.1376496,-0.1383154,0.12200927734375,1
site12_185.png_X0_Y256,10.905507804385422,129.4134033935343,0.15084833747909726,0.02888544741135949,0.8684938629351547,-1.8139801,0.12580475,-0.13010204,0.0,0
site12_185.png_X256_Y256,10.894694755921881,148.91219643587544,0.1729975633812056,0.030677892544853515,0.8868092695900297,-1.9559631,0.12633319,-0.13152517,0.0,0
site12_186.png_X0_Y0,12.348847350306325,654.4282277699826,0.1892847354376551,0.02981172156796164,0.7794242433114379,-1.5036621,0.13825658,-0.14690925,0.4801025390625,2
site12_186.png_X256_Y0,12.605468446818794,714.2373537221364,0.14584210405903172,0.02340871838794161,0.6779670578198002,-0.49645996,0.13557917,-0.13937272,0.6248321533203125,2
site12_186.png_X0_Y256,10.619812383529778,146.97654761691174,0.22899695999715833,0.03505818029555455,0.9202115453016877,-1.58107,0.12636036,-0.13120013,0.0,0
site12_186.png_X256_Y256,10.763509885122525,158.09904845793378,0.24228454899252358,0.03600222021613852,0.9290845078939186,-0.7524719,0.12759191,-0.13092867,0.0,0
site12_187.png_X0_Y0,13.59983028044698,1145.3435871269753,0.08485362474668404,0.015666573445454787,0.6294017535071995,-1.1200867,0.13399017,-0.14041242,0.8248748779296875,2
site12_187.png_X256_Y0,13.919865241806429,809.4913322100117,0.10816023759167427,0.010723252971853716,0.8963531883789532,12.4758,0.11020337,-0.0429482,0.3322601318359375,1
site12_187.png_X0_Y256,10.477779377955581,165.53468311467662,0.2617030008742914,0.04241176951477091,0.924810359639256,-0.35531616,0.13003203,-0.13241887,0.0,0
site12_187.png_X256_Y256,11.601485605841813,290.46089714594063,0.23198799713688611,0.03353105400310587,0.9203103023276105,7.5592194,0.120988294,-0.08150454,0.0,0
site17_2.png_X0_Y0,7.939732477482675,361.6534354274953,0.5692536737168234,0.42801835388941245,0.9723958885045021,0.73779297,0.07315574,-0.07119191,0.55120849609375,2
site17_2.png_X256_Y0,7.752457064855316,261.3795353800217,0.5825694300863419,0.4102201003333991,0.9792820746340614,0.766037,0.07760287,-0.07570248,0.5440216064453125,2
site17_2.png_X0_Y256,12.360788318089336,388.10090295798653,0.23546260336071886,0.0255353812033496,0.8917199497062166,0.8707733,0.13822341,-0.13647372,0.8717041015625,2
site17_2.png_X256_Y256,12.785258914584485,590.0017805050857,0.19890933791217746,0.020184479464452273,0.8010803846647382,1.2304993,0.13299198,-0.13009451,0.875457763671875,2
site17_3.png_X0_Y0,8.524065738556338,362.30070341034366,0.48571439728632987,0.38741679015908287,0.9750343386046171,0.61701965,0.080736585,-0.079458445,0.5865478515625,2
site17_3.png_X256_Y0,8.875952316867844,446.0196759659707,0.4675596347747333,0.369389169028515,0.9686692253210945,0.99702454,0.08234868,-0.08033026,0.611114501953125,2
site17_3.png_X0_Y256,13.076151983849387,637.5974262903619,0.1380374739090509,0.01589591810272961,0.8015342637155461,1.5731506,0.13097611,-0.12266535,0.86956787109375,2
site17_3.png_X256_Y256,13.15677644590624,650.5396778131931,0.1537082070613482,0.016620332079970747,0.8776760327073184,2.3397827,0.13652816,-0.122507036,0.7658233642578125,2
site17_4.png_X0_Y0,9.03618688590055,399.4694112991409,0.4439438529048789,0.3468341446700127,0.965199494866615,-0.033309937,0.082260005,-0.08230202,0.647186279296875,2
site17_4.png_X256_Y0,9.296112002249664,496.89235112396653,0.4743086399516502,0.3292135691586303,0.9648496150725234,1.1896515,0.09014187,-0.07734532,0.6497039794921875,2
site17_4.png_X0_Y256,13.491789747170792,727.2777577884384,0.13729537105746267,0.01326927225439322,0.8710683537239738,1.9377594,0.13759963,-0.124849655,0.81378173828125,2
site17_4.png_X256_Y256,13.431560180178082,796.7707512285194,0.155848529493959,0.01432703620181129,0.8974413517135369,4.116165,0.16562548,-0.13956645,0.630126953125,2
site17_5.png_X0_Y0,9.874336274918143,445.36801790480024,0.43864550894894616,0.30644897357415957,0.9723279887348827,0.69633484,0.093300186,-0.08795418,0.6702880859375,2
site17_5.png_X256_Y0,9.60182335828054,305.00678682783274,0.3993084593216977,0.2886377104064851,0.943068797653392,16.730942,0.061914448,0.085920855,0.07696533203125,1
site17_5.png_X0_Y256,12.996311897830292,414.33512107726733,0.15991673459263805,0.015761397659569982,0.9438955955527637,10.768631,0.13672464,-0.043871325,0.117828369140625,1
site17_5.png_X256_Y256,12.33167253970868,221.20599838403473,0.15939222001658632,0.021288857501793178,0.9641334402409032,10.515228,0.13893515,-0.0580832,0.0,0
site17_6.png_X0_Y0,10.332416739827789,365.8702467350405,0.3450866880847022,0.2658336363335991,0.9584805579113918,0.3207245,0.117975816,-0.111879855,0.0,0
site17_6.png_X256_Y0,9.943986827716838,153.06084294502475,0.35147211751871094,0.2479421031731307,0.9531916475410132,5.1033936,0.16146469,-0.11630806,0.0,0
site17_6.png_X0_Y256,12.651535307961868,258.25954134227914,0.11741702857792459,0.01626425851627922,0.8750666921515398,0.038772583,0.17348549,-0.16584705,0.0,0
site17_6.png_X256_Y256,12.802738818428216,412.3261045181353,0.10640463185630561,0.014621935841867235,0.8114185767997608,10.6332245,0.17697383,-0.09759385,0.0,0
site17_7.png_X0_Y0,9.48927138675334,140.96304052228044,0.3308773985537713,0.22581460451901708,0.9257815388071435,5.7432556,0.16708581,-0.1270946,0.0,0
site17_7.png_X256_Y0,10.33018905638762,306.58715971625236,0.30791222949127506,0.20766402271169204,0.9025771014422703,9.890625,0.13434245,-0.062179156,0.0175323486328125,0
site17_7.png_X0_Y256,11.594373047898813,391.9293023417121,0.1769616802505099,0.026686062520852198,0.9258883880508688,7.812729,0.19649747,-0.14348742,0.0904998779296875,1
site17_7.png_X256_Y256,12.352647107232862,555.7011646362905,0.24539074659200305,0.027589897044361388,0.9545104880784382,6.490402,0.14225255,-0.08357018,0.655792236328125,2
site17_8.png_X0_Y0,10.973703952618205,416.1925999766381,0.3536310112776446,0.18531101892899027,0.9684000908413302,5.891678,0.10944194,-0.059048668,0.40380859375,2
site17_8.png_X256_Y0,10.786218954181166,435.85763092928573,0.34628470685245105,0.1676361975135202,0.9680679260165924,5.115341,0.12345046,-0.078416064,0.359222412109375,1
site17_8.png_X0_Y256,12.097135618776163,450.3905555405553,0.26742365024497694,0.028068880671928222,0.9685953167278738,1.6682892,0.14604014,-0.12977451,1.0,2
site17_8.png_X256_Y256,12.64688177161122,407.974678323896,0.22038912154404988,0.018969428154102165,0.9703368838458226,-1.1446686,0.18480006,-0.19202314,1.0,2
site17_9.png_X0_Y0,10.881854272222638,332.23437280738676,0.36065282610290983,0.14740560743201286,0.9774105668994413,3.7842102,0.1256594,-0.08197591,0.6589202880859375,2
site17_9.png_X256_Y0,11.823551707900872,410.09563202859704,0.2599412238619627,0.12688645958959463,0.9568255241801924,1.6739044,0.14269683,-0.12295229,0.8679656982421875,2
site17_9.png_X0_Y256,12.772037540306782,395.8275657950385,0.19894309768489676,0.01849332703043048,0.9650300036832882,3.3079681,0.1551713,-0.1177977,1.0,2
site17_9.png_X256_Y256,12.512182053168864,304.84303433477857,0.14885697013812693,0.01779387888632858,0.9502809053596748,2.408432,0.17084858,-0.14747152,1.0,2
site17_10.png_X0_Y0,11.631702836632,338.0761227953584,0.25703316716318014,0.10486757499506343,0.9641136219786065,3.7764435,0.13588122,-0.09861094,0.96734619140625,2
site17_10.png_X256_Y0,11.51096291558738,227.74174204334707,0.2725060988372145,0.08777380640137657,0.9791088810142526,3.9756317,0.1466502,-0.11083168,0.992950439453125,2
site17_10.png_X0_Y256,12.189113991807641,265.15942902071674,0.17986491299543933,0.020280073171030456,0.9712660258515041,3.5740051,0.16611049,-0.12584242,1.0,2
site17_10.png_X256_Y256,12.187026253403099,263.9065635212678,0.21776629404791564,0.020599110579085693,0.9754586089047739,3.4251099,0.15045385,-0.12372658,1.0,2
site17_11.png_X0_Y0,11.937561724204617,367.636943738628,0.2708137169179785,0.066625670259064,0.973933476844871,3.2624512,0.14094193,-0.11615941,0.9918060302734375,2
site17_11.png_X256_Y0,12.058742346852128,409.801283731072,0.26284336089128213,0.04927239318028997,0.9714669578817923,4.3612213,0.14100459,-0.097517624,0.9628143310546875,2
site17_11.png_X0_Y256,12.413947717771094,262.3636891159914,0.21935871569248916,0.0202913772968048,0.9771274277398085,1.9066315,0.16107532,-0.14681432,1.0,2
site17_11.png_X256_Y256,12.488163486941437,325.7407140433103,0.1920214443889514,0.021783398457431588,0.9719080612168659,0.13920593,0.16957502,-0.1631016,1.0,2
site17_12.png_X0_Y0,12.07560432144257,208.23470968198848,0.16263710213168453,0.029108058145753152,0.9500968433906205,18.017563,0.10927968,0.036480617,0.1654510498046875,1
site17_12.png_X256_Y0,10.057420674770094,138.2393829897172,0.2953108655667444,0.17756802612794276,0.9139980345008467,2.230072,0.15297121,-0.13700688,0.0,0
site17_12.png_X0_Y256,12.25200120710771,311.73047652949253,0.167091308503048,0.020825597591426,0.9624679441138844,16.418106,0.12576084,-0.014046847,0.353485107421875,1
site17_12.png_X256_Y256,10.462237026813192,119.06399858227817,0.23523908801180668,0.09233699083220231,0.8777190488983737,2.6783752,0.17357475,-0.15235803,0.0,0
site17_19.png_X0_Y0,12.804151208833245,311.73736229757367,0.09912368724740481,0.014594385102117432,0.8660839368242229,18.890518,0.14892267,-0.026842978,0.0,0
site17_19.png_X256_Y0,12.60269664600732,478.44715864999205,0.18485973244624967,0.020870549447333506,0.9452800999894753,12.287567,0.14028445,-0.057038635,0.3119354248046875,1
site17_19.png_X0_Y256,13.100948882687394,397.76924078181355,0.09068779838168353,0.01291181238938949,0.8323700915292325,26.701553,0.108169615,0.06823228,0.0,0
site17_19.png_X256_Y256,12.668196989760398,325.98992963946176,0.10651034336571255,0.01575615809367268,0.8289812211236826,18.049744,0.13859755,-0.027593367,0.004302978515625,0
site17_20.png_X0_Y0,12.358131730794836,547.9551915729868,0.2596922583176881,0.030668527764454896,0.959169140034002,1.8905029,0.13983604,-0.118254855,0.9277801513671875,2
site17_20.png_X256_Y0,12.708508846861326,415.9297750113939,0.2533512602367889,0.03179075238621589,0.9579354523161716,0.21354675,0.13659728,-0.13233456,1.0,2
site17_20.png_X0_Y256,12.639773064561096,412.27665287993244,0.23848556944995875,0.02875528851967711,0.9683101821390383,-1.4147644,0.16118598,-0.15905508,0.76434326171875,2
site17_20.png_X256_Y256,12.262964419429974,358.4438987408462,0.2922733645686586,0.056031236394707834,0.9610602532165344,-2.3303986,0.14464432,-0.15237144,0.94744873046875,2
site17_21.png_X0_Y0,12.743016115064464,400.3554094879253,0.2323940434516137,0.020300413741507643,0.9631405794971083,-0.27781677,0.14750254,-0.1498693,1.0,2
site17_21.png_X256_Y0,13.202386312160645,436.2321251742061,0.19318543315754952,0.015993480585721833,0.9555105006815374,0.66638184,0.14442214,-0.13824573,0.9739227294921875,2
site17_21.png_X0_Y256,12.84468752358421,361.3251678141029,0.1560371225798175,0.015816478200642164,0.9579232801500139,2.6270294,0.16287914,-0.13698515,0.3618011474609375,1
site17_21.png_X256_Y256,12.833897571747995,421.4601725448414,0.0977475248043402,0.014572623673944088,0.7676522063190845,12.29184,0.13803492,-0.040917687,0.0300140380859375,0
site17_22.png_X0_Y0,13.041799123549618,445.5862275176513,0.20886023838702258,0.019357505288957785,0.9580346404983876,2.7514648,0.14112276,-0.12118666,0.9004669189453125,2
site17_22.png_X256_Y0,13.021131619492866,358.54439881898895,0.19065630774709838,0.01742783599775094,0.96492954899685,2.9487762,0.1493698,-0.123236015,0.71441650390625,2
site17_22.png_X0_Y256,13.055832904930162,554.337804930807,0.08167738953813333,0.013030711830655316,0.6412472785481987,27.851883,0.11698303,0.03662929,0.000152587890625,0
site17_22.png_X256_Y256,13.139017369361198,663.1972009864119,0.07766037593062954,0.012513010550889547,0.5760509272132845,35.828873,0.09487176,0.10627282,0.0,0
site17_23.png_X0_Y0,12.847115786256614,328.44988554584125,0.2091625729497542,0.019601782292924416,0.9713870475382727,9.760162,0.14139295,-0.07599597,0.6782073974609375,2
site17_23.png_X256_Y0,13.052353325938022,368.6215324785273,0.15115220689829817,0.01637880744571995,0.9586064273455274,17.40445,0.12991598,-0.007176399,0.8394622802734375,2
site17_23.png_X0_Y256,13.010610634537061,428.68476451367167,0.08743161870971222,0.013228178679226738,0.7628202048648918,17.570312,0.14578687,-0.043269336,0.0,0
site17_23.png_X256_Y256,12.762079128454335,326.59373384037565,0.13482699023060907,0.024480762216415698,0.9392470910960924,4.239929,0.16238429,-0.1344072,0.1797637939453125,1
site17_24.png_X0_Y0,12.978121801667914,321.2641352935426,0.14631869896361066,0.014246719795552157,0.9508064126148882,-3.1258698,0.1836467,-0.19121107,1.0,2
site17_24.png_X256_Y0,13.249111326745314,418.17095546187096,0.13698395216936587,0.013827024271188421,0.9451793011693608,-4.379822,0.18992504,-0.20544298,1.0,2
site17_24.png_X0_Y256,13.114801903673435,411.5851087923236,0.1393302826958699,0.017208267726834932,0.9370220653272826,14.431808,0.14483769,-0.07100641,0.316253662109375,1
site17_24.png_X256_Y256,13.129318845095321,441.68256064377204,0.11974206463801462,0.01417978059981896,0.910005459032927,5.4775543,0.16570728,-0.13634434,0.2231597900390625,1
site17_25.png_X0_Y0,12.769874533957395,335.60140010755833,0.1878634452196388,0.019464869585420055,0.9696962528982822,3.0943909,0.15060529,-0.12193822,0.8500518798828125,2
site17_25.png_X256_Y0,10.361487829421623,173.5704455618101,0.2976530815304036,0.17458652266958904,0.9568679132942568,5.1904907,0.13518175,-0.1026099,0.0536651611328125,1
site17_25.png_X0_Y256,13.028030108658086,437.06937381358773,0.14111338525133035,0.01905012666577125,0.9430942753630167,14.239212,0.13903433,-0.06980797,0.41229248046875,2
site17_25.png_X256_Y256,10.090366305740401,260.32897992960216,0.34265088584068104,0.24253151358442965,0.9595042015552545,7.951004,0.1265662,-0.08773664,0.0775299072265625,1
site17_29.png_X0_Y0,12.408653682360246,256.87726554992275,0.13157791769495394,0.01794465827510938,0.8472249383779106,2.278061,0.1740065,-0.1651298,0.0,0
site17_29.png_X256_Y0,12.743348812204168,270.343866061144,0.13858314454200413,0.015753600462006315,0.8962773929305677,3.473053,0.17815158,-0.16356969,0.0,0
site17_29.png_X0_Y256,13.189056976358973,366.4885908665073,0.10194345663114539,0.01229674850191482,0.8889116502327674,7.7871704,0.16321447,-0.11968434,0.0,0
site17_29.png_X256_Y256,12.989961863964048,508.31835799334243,0.11058155535666739,0.016607328195474166,0.8063205540249265,4.234833,0.15383375,-0.13584015,0.0,0
site17_30.png_X0_Y0,13.316372826105079,482.51352293892216,0.10517211911394811,0.01251728351664317,0.8707173100593741,4.2555084,0.1742787,-0.14107962,0.138397216796875,1
site17_30.png_X256_Y0,13.376154757500199,454.676738198664,0.10014948673439766,0.011700010066824668,0.8882619159920553,8.601456,0.15837605,-0.099298865,0.194976806640625,1
site17_30.png_X0_Y256,12.624399659678721,307.5239133987145,0.17039423764343656,0.01726330084695779,0.9218868460181466,0.88612366,0.18694538,-0.1826902,0.120269775390625,1
site17_30.png_X256_Y256,13.055390984319795,371.7594518484602,0.1188148417221802,0.013200346380564162,0.8822358149249754,15.322708,0.15764686,-0.061649814,0.135162353515625,1
site17_31.png_X0_Y0,13.581173021756033,558.5676861663962,0.0929861407606877,0.010786170102694193,0.8725678079004593,12.572754,0.15720293,-0.06509961,0.1457672119140625,1
site17_31.png_X256_Y0,13.391151121768791,481.8904307688243,0.09461099160924308,0.011419028657215065,0.8515063760129937,7.4403687,0.16374555,-0.10392911,0.441070556640625,2
site17_31.png_X0_Y256,13.467848808752017,520.3177780931719,0.09501533216068403,0.011618887905507845,0.8612136282083837,-0.6598053,0.1762804,-0.14691553,0.624542236328125,2
site17_31.png_X256_Y256,13.295807972952371,532.9739823175353,0.09969410724468332,0.012631843385388706,0.7985960084117337,0.008728027,0.18342063,-0.17209426,0.3240814208984375,1
site17_32.png_X0_Y0,12.914520569314153,402.97326788377705,0.0941599500214001,0.013820065431092501,0.7939967696575237,16.51242,0.15667401,-0.05145107,0.0,0
site17_32.png_X256_Y0,12.73253848989877,270.1801050227159,0.10552213986025907,0.01442081259769439,0.8530734573771566,7.1995087,0.18249826,-0.13153146,0.0,0
site17_32.png_X0_Y256,13.572799552458328,638.8960507828153,0.08674678877327585,0.011100136080618408,0.8195124818563198,12.171249,0.15059695,-0.07598106,0.062225341796875,1
site17_32.png_X256_Y256,13.104971704123708,470.94372962023465,0.09065017555909181,0.012963067733744395,0.7909179865933016,21.488129,0.11080694,0.070588514,0.0,0
site17_33.png_X0_Y0,12.871462070286036,386.290883704596,0.09277830585516343,0.013682533623738493,0.7598298638763155,10.025558,0.16886237,-0.10297652,0.0,0
site17_33.png_X256_Y0,12.893070783168387,452.52024879253963,0.08572125876067153,0.013770837720730641,0.6904435527393754,14.293976,0.154415,-0.06606368,0.0,0
site17_33.png_X0_Y256,12.962898784074312,218.265681078203,0.11846414208282671,0.013241895725056296,0.9387891710836969,13.213333,0.1556431,-0.068269245,0.0,0
site17_33.png_X256_Y256,12.633796410251573,299.5204863063648,0.10256069016242832,0.015406299869923158,0.8064725748629735,11.903259,0.18238352,-0.12114632,0.0,0
site17_40.png_X0_Y0,4.658813978405758,98.22364224397553,0.7345517920015505,0.6966451746269028,0.9837776161092691,2.162445,0.04388147,-0.028445523,0.0,0
site17_40.png_X256_Y0,12.25081788285329,268.2094761930618,0.12277981513483469,0.019499673256045087,0.7877303937411804,0.83044434,0.15402332,-0.15012138,0.0,0
site17_40.png_X0_Y256,5.318130202410371,95.98543985486782,0.6894091753627354,0.6431962269202297,0.9835212772879431,1.3066254,0.049321696,-0.039021235,0.1165771484375,1
site17_40.png_X256_Y256,12.089821410976883,238.60165343558234,0.13275312885505855,0.02080585632191257,0.8246888632505398,2.3321838,0.15234627,-0.14393422,0.0656890869140625,1
site17_42.png_X0_Y0,12.41497711644123,415.5582149894238,0.2627973011249454,0.026534082661477415,0.9690339498228656,2.718216,0.15089917,-0.1284253,0.5744171142578125,2
site17_42.png_X256_Y0,12.86189578417136,632.8265867094067,0.22767917255625045,0.021516459760409522,0.8915040416395348,0.095214844,0.13400333,-0.13189207,0.8083648681640625,2
site17_42.png_X0_Y256,12.802114683232485,506.4478637723795,0.2206986616799553,0.01986309965327318,0.956003303747764,3.7740479,0.15763342,-0.12698096,0.5039520263671875,2
site17_42.png_X256_Y256,13.853830937144506,862.1487239734099,0.12000164989555273,0.010438264750110173,0.8549617347512942,2.8351593,0.17149572,-0.15204132,0.1571502685546875,1
site17_43.png_X0_Y0,12.497131569456815,417.99949540145315,0.12994407391866425,0.018519456751062424,0.7553951593909758,3.265686,0.18681318,-0.17319766,0.098541259765625,1
site17_43.png_X256_Y0,12.492132433629184,286.762724943557,0.1380855966682829,0.016575965097042407,0.8419315987265517,4.137985,0.19636393,-0.18059878,0.0,0
site17_43.png_X0_Y256,12.78354670660664,345.2363635981611,0.1355680264331987,0.015331016301647201,0.8783128525452897,7.1957245,0.17621571,-0.12988038,0.0,0
site17_43.png_X256_Y256,13.047720145549166,505.2756058817745,0.18088786269194748,0.016902395829431344,0.902349323893301,3.116455,0.16679546,-0.1564289,0.0,0
site17_44.png_X0_Y0,13.063817561969394,446.8098478500091,0.1209543259602244,0.015279271946860438,0.8447727664219934,4.8211365,0.16471483,-0.13987392,0.0175628662109375,0
site17_44.png_X256_Y0,13.67692027846417,785.8103143773203,0.10674535216413986,0.011694030752820245,0.7979275520189641,7.2966766,0.14980933,-0.11304268,0.03863525390625,0
site17_44.png_X0_Y256,11.592580983351581,240.1758322820553,0.30651539432134717,0.033902935423480426,0.8762865157079012,0.8479309,0.12910256,-0.12756628,0.9221954345703125,2
site17_44.png_X256_Y256,11.830577834031564,327.1533084781097,0.2771363658436143,0.03158867191945304,0.8660639676630527,0.5343933,0.12580296,-0.12481308,0.9836273193359375,2
site17_45.png_X0_Y0,13.76481961845973,829.1465635212392,0.0872300728645651,0.010647523803535758,0.7526505196247871,2.551651,0.13972256,-0.1319792,0.480072021484375,2
site17_45.png_X256_Y0,13.294518507155752,376.93443274524356,0.11797850396922999,0.012194355163312917,0.9237572541004283,8.300217,0.15271308,-0.102700785,0.127655029296875,1
site17_45.png_X0_Y256,13.368663901838373,508.93608053394314,0.11155849222057972,0.012747202039542056,0.8367544477770394,4.2833557,0.14890483,-0.13486707,0.0,0
site17_45.png_X256_Y256,12.75076730532407,303.76394290957955,0.12799998332380097,0.01578860662382539,0.8723169483581771,3.644516,0.16052367,-0.14610234,0.0,0
site17_46.png_X0_Y0,12.061389195619647,95.95030764909859,0.2117958388335272,0.02254038667498518,0.9831747862979694,1.1352997,0.15221168,-0.14451745,0.6302947998046875,2
site17_46.png_X256_Y0,12.6517782869562,149.54553148128247,0.16078297156274474,0.01586350062804253,0.9659690608705174,1.3617554,0.1496349,-0.13442259,0.4795379638671875,2
site17_46.png_X0_Y256,12.807275060524411,206.850762387067,0.12871887177013425,0.013742656340684434,0.9309465664791519,6.412262,0.17839801,-0.13660069,0.0,0
site17_46.png_X256_Y256,12.01502686228487,148.58125767433572,0.1383758728057513,0.01852152623923717,0.8711606617668831,5.9886475,0.20353949,-0.16241927,0.0,0
site17_47.png_X0_Y0,12.92643467430565,272.64468374543844,0.1249612065711681,0.013865718595271446,0.9001032695716942,-3.3220215,0.19611198,-0.20601746,0.0,0
site17_47.png_X256_Y0,12.62106832622719,248.08097539107757,0.13009954220258615,0.0155721922191844,0.8804814068635378,-2.1328583,0.18595329,-0.19036789,0.0,0
site17_47.png_X0_Y256,11.874710184898937,156.53118123136974,0.26677017595451974,0.05560065355842746,0.9818114290550954,-1.6834259,0.14441243,-0.14885175,0.609466552734375,2
site17_47.png_X256_Y256,13.189335940834058,326.53177942380233,0.12501758744589295,0.0126468047248824,0.9444462160718939,0.52033997,0.17382924,-0.16925818,0.09912109375,1
site17_53.png_X0_Y0,5.883692766078991,100.02454119209366,0.6316995935896423,0.576391825163175,0.9806843167828982,-0.33314514,0.05587349,-0.057174362,0.4149322509765625,2
site17_53.png_X256_Y0,12.074982669298707,164.59905506596368,0.12613781306869623,0.018426874213730668,0.8554284701021138,4.781723,0.17781457,-0.1508719,0.343017578125,1
site17_53.png_X0_Y256,6.476629657360607,95.95652307706413,0.5931601137187997,0.5229341610992717,0.9826277957750991,3.0964203,0.07595065,-0.0659668,0.1771087646484375,1
site17_53.png_X256_Y256,11.9999277983009,158.6835240352318,0.12828419932858184,0.01857049124088876,0.8494135639538035,8.493561,0.18228102,-0.14305235,0.1619720458984375,1
site17_54.png_X0_Y0,11.464903204063798,150.44032244209592,0.1688697392762748,0.027411057968541534,0.8443576634439295,2.460556,0.1774426,-0.17024153,0.0,0
site17_54.png_X256_Y0,12.515324973589461,287.51758997442914,0.13254972157973738,0.01822016369836621,0.8548977667643723,4.18367,0.17352043,-0.15832293,0.00982666015625,0
site17_54.png_X0_Y256,11.812566628686525,148.86945895208984,0.17611355994422406,0.02194600704755933,0.88101247001235,4.169464,0.19651863,-0.1831402,0.0,0
site17_54.png_X256_Y256,11.962235328863791,260.6681218461797,0.21446954810318156,0.02568149239732004,0.9284163257664735,2.001114,0.16264686,-0.1583265,0.330902099609375,1
site17_55.png_X0_Y0,12.69856053414982,420.4091736351826,0.1579730546602922,0.018831571984716945,0.925473332545882,3.504486,0.17448023,-0.13969031,0.1170654296875,1
site17_55.png_X256_Y0,13.419492074303964,539.7908411278494,0.12185898753630596,0.011742319926297136,0.8909213063793193,1.3179016,0.18780103,-0.18065763,0.0,0
site17_55.png_X0_Y256,12.700063576708132,593.6074142607199,0.2223353692227826,0.023034283661072436,0.8496020322303999,2.0951385,0.13027641,-0.12554917,0.967559814453125,2
site17_55.png_X256_Y256,12.184078761286953,405.2820745025905,0.2471585988909727,0.026147393139232093,0.8484035734344184,1.8553314,0.12859413,-0.12459044,0.726806640625,2
site17_56.png_X0_Y0,12.9095978915501,489.7283300593449,0.17529352208275567,0.01863228589275049,0.862542144663445,2.1463318,0.13845181,-0.13287875,0.9123382568359375,2
site17_56.png_X256_Y0,13.117842148686053,665.4828560980047,0.1530077410304136,0.01658989898925248,0.8040429125019495,3.0997314,0.13622817,-0.12842706,0.9157257080078125,2
site17_56.png_X0_Y256,13.282000546483792,717.6171582143753,0.1363327064567478,0.01469948296034828,0.7964183583597494,2.9344482,0.13880058,-0.1304434,0.9700164794921875,2
site17_56.png_X256_Y256,12.924270845713767,645.5494738501951,0.1503410271115481,0.017322363869665854,0.7521926241239905,4.1397095,0.13533565,-0.12634812,0.936737060546875,2
site17_57.png_X0_Y0,13.545185019760726,813.1569709066316,0.12757179135233926,0.01265284682039241,0.7582875824228336,2.411316,0.13760474,-0.13041614,0.372833251953125,1
site17_57.png_X256_Y0,11.846615589187008,330.91398144644046,0.2823202841426806,0.028708290134700748,0.8843198203301926,1.6968079,0.13184564,-0.12816924,0.01312255859375,0
site17_57.png_X0_Y256,12.479095692601835,420.2722629367322,0.20015339266263713,0.020754007682025663,0.7947915885589159,1.8630829,0.12868145,-0.12436548,0.956329345703125,2
site17_57.png_X256_Y256,12.479387380340587,428.2972138420279,0.2348052195633173,0.023031474306625107,0.8842923124703247,1.7356873,0.1352495,-0.12513837,0.929443359375,2
site17_58.png_X0_Y0,11.787392261081397,310.8476164065521,0.27609604781561137,0.030736798958819728,0.8668794991036098,0.22970581,0.12557164,-0.12479235,0.0,0
site17_58.png_X256_Y0,12.844733237753541,457.2918017259318,0.17576575714371714,0.024278896028744112,0.9277179766367334,4.9598083,0.16442734,-0.12841499,0.0,0
site17_58.png_X0_Y256,13.399874383931747,552.9375148380793,0.160081619282611,0.014369571322675245,0.9318568483303935,7.4564056,0.13959059,-0.073172584,0.0475311279296875,0
site17_58.png_X256_Y256,13.216305231236783,557.6062587406502,0.09117676167524265,0.012819526736865662,0.7911324075850981,4.3982697,0.17150104,-0.13886529,0.3170318603515625,1
site17_59.png_X0_Y0,12.527305747984705,201.04192176687178,0.1324518489767548,0.017188852513199,0.9349061123730338,6.596817,0.16417967,-0.11613764,0.0,0
site17_59.png_X256_Y0,12.678897875722956,184.38986121623927,0.16138203813081703,0.016612731368647295,0.9521076534067151,8.8285675,0.16553476,-0.11658901,0.0,0
site17_59.png_X0_Y256,12.371558117442218,299.48311636451785,0.11738769625518122,0.018065723637424404,0.8306333279310917,8.797302,0.15041839,-0.064592674,0.0,0
site17_59.png_X256_Y256,12.864143685126908,297.357813521246,0.1133538422998389,0.014091089841084812,0.8849892976945848,25.431686,0.12772182,0.033196468,0.0,0
site17_60.png_X0_Y0,12.882459793423735,228.1536206176814,0.15505090750069384,0.01828720877214835,0.9707571766755676,10.387039,0.16052166,-0.09989308,0.1936492919921875,1
site17_60.png_X256_Y0,13.92601121373516,978.4944907157014,0.12382370839009561,0.011834687874333056,0.8838199991444179,3.1973877,0.131171,-0.10908685,0.791259765625,2
site17_60.png_X0_Y256,12.56596886143598,169.11980443219036,0.13276721614602016,0.01554722793423289,0.9392099020155932,12.913345,0.15986414,-0.08550911,0.0,0
site17_60.png_X256_Y256,12.26526872716893,250.58143673706758,0.1852168389687909,0.024222721467561912,0.9351542782324315,5.5926514,0.14811185,-0.11831777,0.048187255859375,0
site17_61.png_X0_Y0,13.118655049874526,300.61202997347016,0.13384547789190274,0.014112065720618067,0.9732137536402623,12.32222,0.09380512,0.023654085,0.2696990966796875,1
site17_61.png_X256_Y0,12.220228808209217,131.46237058763828,0.1948934233038777,0.019679704081801537,0.9637971340583629,4.98085,0.13537633,-0.0845477,0.138336181640625,1
site17_61.png_X0_Y256,13.895624300570537,681.189624167996,0.09178020976457445,0.009979887029506748,0.8709853907031865,3.903244,0.14611281,-0.1167912,0.8171234130859375,2
site17_61.png_X256_Y256,13.172036188137541,390.76258055798587,0.11639452603461746,0.013275582629799306,0.9020624009590684,4.1926727,0.14469615,-0.10613683,0.335662841796875,1
site17_62.png_X0_Y0,12.777841447992689,275.94914481510176,0.12817535018391224,0.014935468650707832,0.887999695919311,1.8276367,0.1674992,-0.16139331,0.0,0
site17_62.png_X256_Y0,12.498270691970944,249.93203820345929,0.12384897586919581,0.017221011988574814,0.8490692718248668,-0.42990112,0.16460136,-0.16441564,0.0,0
site17_62.png_X0_Y256,12.884123527405158,279.424318726575,0.14217054280876076,0.015203984322074576,0.9247448829362024,0.4447174,0.16836001,-0.16462937,0.0,0
site17_62.png_X256_Y256,12.271033009102908,182.2476626928384,0.15390471061094196,0.019244097459040044,0.908122984419039,0.4217682,0.17140332,-0.16750364,0.0,0
site17_63.png_X0_Y0,13.000994102642638,343.9818787395652,0.10055194188886861,0.013579819208137585,0.858910515410562,12.49408,0.17273018,-0.113663904,0.0,0
site17_63.png_X256_Y0,12.896555803959899,363.5508841851891,0.09505086345068417,0.013928570308743652,0.8128218392524208,26.494064,0.11430792,0.042323217,0.0,0
site17_63.png_X0_Y256,13.566942816290652,358.8246094350856,0.10683106254058464,0.010736292918208424,0.9363329998806497,11.396042,0.15110359,-0.09136828,0.0142364501953125,0
site17_63.png_X256_Y256,13.839956991232924,588.834750786982,0.09808538535859061,0.009932092823077526,0.8995593339587471,13.768982,0.13630438,-0.056485407,0.258575439453125,1
site17_68.png_X0_Y0,13.544367157750976,720.5520986219475,0.13425972965463706,0.012362843517274794,0.8811054881015505,1.8214569,0.18192497,-0.17734385,0.2045440673828125,1
site17_68.png_X256_Y0,13.85651975095639,960.2067219338517,0.09963555449952527,0.010795721345938383,0.7806144326039212,3.2301788,0.14963557,-0.13969311,0.9790496826171875,2
site17_68.png_X0_Y256,13.634301568105895,803.1462715061822,0.10066051176398483,0.011460513000466046,0.7947996915744359,2.4583588,0.18839484,-0.18247294,0.4532012939453125,2
site17_68.png_X256_Y256,13.719176720153271,922.7041739054391,0.11196197343611208,0.011744667106455185,0.7857319955755524,2.6551971,0.13781744,-0.13092077,1.0,2
site17_69.png_X0_Y0,12.651852410874667,523.578419402991,0.1578914718845046,0.01907225115274811,0.7233491100108991,2.2580109,0.12730835,-0.12209736,1.0,2
site17_69.png_X256_Y0,12.330114623581782,503.3313433985676,0.21824189860996093,0.024301096828933718,0.8023305704348213,2.6907349,0.127639,-0.12062485,0.9208984375,2
site17_69.png_X0_Y256,13.242805429286129,810.1623339130253,0.1362530067864953,0.014722118191633132,0.7260238345847527,2.2276,0.12972671,-0.124543875,1.0,2
site17_69.png_X256_Y256,12.456579876636571,650.0282208615648,0.1544775621450688,0.023170507869672813,0.6916160146472037,2.015442,0.12365943,-0.118120916,0.975250244140625,2
site17_70.png_X0_Y0,12.840263504402,601.5802690521435,0.21189412100029187,0.02204232550279122,0.8586916045960045,2.8856354,0.1371123,-0.1285531,0.62200927734375,2
site17_70.png_X256_Y0,12.520970579951342,429.58799899678155,0.18642237040355017,0.020080464453170684,0.794245045554063,1.4528198,0.13009042,-0.12709391,1.0,2
site17_70.png_X0_Y256,13.34420477310219,571.5072168607192,0.11975539708702715,0.012185685857299774,0.8183230368341122,4.281479,0.15963478,-0.14596522,0.035308837890625,0
site17_70.png_X256_Y256,13.462396187584414,709.9888700409538,0.13774774008033797,0.014220534445757367,0.8234398982223877,2.5621643,0.14143327,-0.13503286,0.333892822265625,1
site17_71.png_X0_Y0,13.90773816370304,830.3940125492842,0.12343707104671403,0.010553352778426811,0.8607514369871689,2.177719,0.15553138,-0.1449162,0.4870758056640625,2
site17_71.png_X256_Y0,13.659079137960727,728.3739193159258,0.08393854149888064,0.010621950450159609,0.7992454507419416,3.2503662,0.16467902,-0.14071995,0.4854278564453125,2
site17_71.png_X0_Y256,12.195216450775785,396.28789301290357,0.2523588249196733,0.025655899179650426,0.8641629942088569,0.4449768,0.13073318,-0.12961964,0.97332763671875,2
site17_71.png_X256_Y256,12.717841737283317,409.630825719056,0.21993013938908745,0.02292876552381001,0.9578436902536002,3.7486267,0.14284879,-0.11165735,0.681732177734375,2
site17_72.png_X0_Y0,12.977766900856132,381.4614232957542,0.10185405171571807,0.014835946624450124,0.8911134178650799,7.611145,0.14317852,-0.07140719,0.192474365234375,1
site17_72.png_X256_Y0,12.86171602527658,285.9760167663911,0.10975630990905107,0.013947370837702788,0.8918664373981872,16.600647,0.12793006,-0.0132570565,0.0,0
site17_72.png_X0_Y256,12.031869114379388,278.32378269477476,0.11024723936344952,0.01966231219189993,0.7395858306026675,9.528336,0.16413961,-0.07127762,0.0,0
site17_72.png_X256_Y256,12.680705554682282,310.9195622176707,0.12134465334305716,0.01633363998120658,0.9093835715828225,4.9883575,0.1540572,-0.10233154,0.0,0
site17_74.png_X0_Y0,13.624517850345686,530.7540520323018,0.0894510409052011,0.01059237288667435,0.8709506244767445,28.776718,0.12385896,0.030484328,0.0246124267578125,0
site17_74.png_X256_Y0,13.472839963777682,499.24599408881767,0.1034914408598563,0.012276533371261254,0.8757389355269601,9.216583,0.14768751,-0.10098791,0.7887420654296875,2
site17_74.png_X0_Y256,12.985101876763464,345.5038962928978,0.09703511607680035,0.013183435219586188,0.8258635380851447,20.238388,0.15971646,-0.06544548,0.0,0
site17_74.png_X256_Y256,13.825717665347923,678.0231895034595,0.08264436393466416,0.009785326845461498,0.8485198637802797,20.48938,0.1404089,-0.038778156,0.190216064453125,1
site17_75.png_X0_Y0,13.512409226022582,513.3597291756931,0.1046247576398976,0.011442665538632057,0.8755776769060473,1.7282562,0.15854467,-0.14280567,0.7332763671875,2
site17_75.png_X256_Y0,13.562232056533743,618.1046451185052,0.08530357851631189,0.01099920049635129,0.8021928395839819,3.7244415,0.16669859,-0.14707142,0.050750732421875,1
site17_75.png_X0_Y256,13.75334668343081,705.4376546130322,0.09168191317311442,0.010542785018150633,0.8170841504339125,4.583252,0.15681434,-0.13416232,0.6090240478515625,2
site17_75.png_X256_Y256,14.150382484465299,907.4245153606612,0.09595453975474179,0.009242496784203321,0.8688383775502091,3.2821045,0.14520079,-0.11693334,0.41949462890625,2
site17_76.png_X0_Y0,14.048823628822696,893.9070819066278,0.09708852857483766,0.009336611769548869,0.8332764259949765,-9.736435,0.20150572,-0.22887725,0.8237152099609375,2
site17_76.png_X256_Y0,13.993805876736637,819.9245549788574,0.09729362479279817,0.009684842273313406,0.8629599665528264,1.2436676,0.15190083,-0.14143662,0.99993896484375,2
site17_76.png_X0_Y256,13.872971889180656,664.2163713325554,0.09677716901055003,0.009945402005175345,0.8686268699181642,-3.0681305,0.16001081,-0.16819039,0.350341796875,1
site17_76.png_X256_Y256,13.977075157886064,902.2399626346039,0.08032042181103047,0.009379222320131594,0.7906425478017987,5.694214,0.15543455,-0.12550235,0.27313232421875,1
site17_80.png_X0_Y0,12.63101819830965,212.32787685325647,0.13094883392523024,0.01571338685458957,0.9197840622171854,5.8345184,0.16521496,-0.12305752,0.0,0
site17_80.png_X256_Y0,11.257072233996343,98.13269005610843,0.18276962990981208,0.026134765809459726,0.8699531573185808,0.85276794,0.1770662,-0.17549497,0.0,0
site17_80.png_X0_Y256,10.697884727552276,74.50057626573941,0.18913305741418562,0.030296929023461615,0.8191010341495357,1.9214325,0.15712214,-0.15276456,0.0,0
site17_80.png_X256_Y256,10.423978572205119,78.0448866271388,0.1963870800735749,0.03573607546103004,0.7725555540809997,2.7066498,0.15592894,-0.1500827,0.0,0
site17_84.png_X0_Y0,12.56675674324587,471.15925447842346,0.2229126107662649,0.02318296485106406,0.9088862862880337,0.5527649,0.13920635,-0.13637441,0.844940185546875,2
site17_84.png_X256_Y0,12.462068742924217,359.87992630536945,0.22488351827420325,0.022371315917968457,0.9651249527667216,1.4405365,0.14101586,-0.12355593,0.703887939453125,2
site17_84.png_X0_Y256,12.519370797481866,249.31827554307353,0.14892732365058478,0.016865304990899548,0.9245703574845491,6.938034,0.17724732,-0.13038835,0.0,0
site17_84.png_X256_Y256,12.232291744404638,158.334341764589,0.14471695187605196,0.018014385458249543,0.9355569253334919,8.161255,0.17831236,-0.11702031,0.0,0
site17_85.png_X0_Y0,12.779199398922296,358.28376181941616,0.15233211821496676,0.017523083965009803,0.9637457171499308,9.841278,0.13976608,-0.05932557,0.235015869140625,1
site17_85.png_X256_Y0,12.450491848342253,304.19429248967475,0.09745159261498684,0.015904711623066323,0.723475644396388,23.68785,0.12315603,0.03783153,0.0,0
site17_85.png_X0_Y256,12.609104848225687,218.6170318657545,0.12223111373139234,0.01541693267243252,0.9275293895622183,13.172928,0.15246055,-0.0679661,0.0,0
site17_85.png_X256_Y256,12.669871136595624,208.8148633338181,0.1273927139223487,0.015055643002900309,0.9212868724372484,14.193405,0.15486597,-0.07487815,0.0,0
site7_2.png_X0_Y0,12.961558032628108,932.1014374579481,0.1531289382035366,0.09538306507775798,0.7878013085671426,23.60344,0.14477426,-0.03608743,0.0,0
site7_2.png_X256_Y0,13.04285229876184,676.0308213337393,0.14293103812076385,0.07714430748059106,0.8547260149786281,19.294296,0.1463821,-0.046477452,0.0,0
site7_2.png_X0_Y256,13.91061400811888,829.7766133218385,0.0735338124209081,0.009660401202019343,0.789161633933684,18.814331,0.16807663,-0.08615256,0.153656005859375,1
site7_2.png_X256_Y256,13.98621241817153,832.0097166204491,0.08585834581456848,0.009729927201592384,0.8417409691161857,10.390396,0.14036337,-0.10154678,0.44683837890625,2
site7_3.png_X0_Y0,13.274456070609304,773.1839828881906,0.1181081210287991,0.05455028499397792,0.7975360266296194,20.543701,0.14787427,-0.058175337,0.0,0
site7_3.png_X256_Y0,13.261017597971462,970.6137327740491,0.12311653742477335,0.06363550536309903,0.720428742052381,14.994675,0.14678472,-0.074061304,0.0,0
site7_3.png_X0_Y256,13.82456400113186,807.0873152153051,0.08466203521555507,0.010765572493422188,0.8460219215949639,1.7329865,0.1513095,-0.14543642,0.3499908447265625,1
site7_3.png_X256_Y256,13.332241683499864,594.9583332432222,0.07742757026267963,0.012240042801276102,0.757244955983535,4.9019775,0.163078,-0.146495,0.0001373291015625,0
site7_5.png_X0_Y0,12.300996299746839,1530.358929903858,0.2473242864250009,0.19959668596789237,0.8360972258185932,9.065155,0.12163588,-0.078844465,0.0,0
site7_5.png_X256_Y0,13.909717070242106,1251.249781229065,0.06433395576132998,0.009795563594625967,0.5703213500800177,35.56848,0.15311606,0.0061031813,0.0,0
site7_5.png_X0_Y256,7.501952785656192,989.714346570645,0.5681839450238502,0.5413553802737635,0.9137546322123226,-0.7539215,0.07378291,-0.076436795,0.0,0
site7_5.png_X256_Y256,14.529675233067332,2000.3007702867126,0.057724919608885115,0.0076455811086869946,0.6066316353291369,11.7547,0.1632881,-0.11378136,0.0,0
site7_6.png_X0_Y0,14.536789481142474,1429.531226421412,0.07245651970647891,0.007890233191088957,0.8148391638259902,-0.9620514,0.14315726,-0.148532,0.6365814208984375,2
site7_6.png_X256_Y0,14.602030012156485,1606.9954148495776,0.07656338359992361,0.007931555636934774,0.8236262152140144,0.5595703,0.13114178,-0.13260484,1.0,2
site7_6.png_X0_Y256,14.425963144500413,1501.2206156587813,0.06044124435671276,0.008061319996601765,0.7086132466986279,9.952332,0.14025396,-0.097085424,0.1868438720703125,1
site7_6.png_X256_Y256,14.442767179972229,1627.6125228729547,0.05948644001814145,0.007974264278810234,0.673885746420314,-0.35498047,0.15087855,-0.15081552,0.208648681640625,1
site7_7.png_X0_Y0,14.581246841426797,1506.8820109453209,0.07507713129418363,0.007927763647187395,0.835708704391221,2.5564728,0.14727521,-0.14089361,0.8284912109375,2
site7_7.png_X256_Y0,14.077713793054373,966.0071267662463,0.09814625724732298,0.010676737110097562,0.8886717332007081,5.7328644,0.12674515,-0.107591495,0.54608154296875,2
site7_7.png_X0_Y256,14.488996595627007,1748.3879473341342,0.06592007954983674,0.008040262801689374,0.6879567629625335,-0.56700134,0.121906005,-0.13218482,0.12213134765625,1
site7_7.png_X256_Y256,14.149322424823502,1096.9951058638294,0.06667831606958038,0.008938541959249806,0.7782973783705445,5.0472717,0.14845797,-0.12724853,0.145233154296875,1
site10_12.png_X0_Y0,11.661353834368015,114.49615559521125,0.24129150809472555,0.03312373168950111,0.9509175642491488,-8.861465,0.19109133,-0.23074904,0.0,0
site10_12.png_X256_Y0,12.770482974474348,294.19203674670877,0.1528523771917791,0.021005733436682106,0.913626567469605,-6.2062225,0.17723851,-0.20737171,0.0,0
site10_12.png_X0_Y256,11.826563823247277,118.78035717933872,0.19576984921055343,0.02318698173569799,0.9370719021825488,-8.082535,0.1994208,-0.235899,0.0,0
site10_12.png_X256_Y256,12.67453481831893,193.667333132098,0.15758343353986107,0.015722036817506183,0.932917847011498,14.148804,0.16435267,-0.089210205,0.0,0
site10_13.png_X0_Y0,12.868566291903448,394.7917110156118,0.19135624216623984,0.08145306714809762,0.9438434502094537,-8.578766,0.17650706,-0.20895089,0.1264190673828125,1
site10_13.png_X256_Y0,8.719530173448435,185.05984493645025,0.48135024727215414,0.39510151250574244,0.9785245174129547,-3.7234344,0.120155066,-0.1306622,0.0,0
site10_13.png_X0_Y256,12.07337472566925,144.41670304089877,0.21656829709847303,0.022853774000202214,0.9566997275125946,-1.6739044,0.2001684,-0.20130315,0.0,0
site10_13.png_X256_Y256,11.688074684432232,99.1323473694054,0.26856832642737327,0.027514772441960683,0.9589307745468951,-5.218521,0.24233767,-0.25575334,0.0,0
site10_20.png_X0_Y0,10.993544188918397,52.02626844242549,0.29224433547270784,0.036580816091943594,0.9851728134661464,8.774399,0.16526288,-0.12473055,0.0,0
site10_20.png_X256_Y0,10.657654371314699,54.890297556829864,0.3304833278676297,0.04240285085299403,0.9738703707060568,5.377548,0.1709992,-0.15871884,0.0,0
site10_20.png_X0_Y256,12.167421403312112,127.15085073950084,0.18135611762160375,0.019274114408662994,0.9466101795704346,9.448166,0.17827351,-0.15283431,0.0,0
site10_20.png_X256_Y256,13.197088915513383,341.665381854347,0.13648800573261485,0.013117851895601475,0.9261156449655186,2.924118,0.16048132,-0.15311368,0.0027313232421875,0
site10_21.png_X0_Y0,12.597181125595421,124.67992580978532,0.19785701337771752,0.016484443312491902,0.9768613552977333,-0.585907,0.17065038,-0.16649148,0.0119476318359375,0
site10_21.png_X256_Y0,12.335752136146088,97.66253900242785,0.2104962582062191,0.017871868250808932,0.9757051634341378,18.471573,0.15515357,-0.07413786,0.0,0
site10_21.png_X0_Y256,13.213455826129923,669.7497821451627,0.12682357546013553,0.013801057395798205,0.8018873972019771,34.25888,0.12014445,0.049064614,0.011077880859375,0
site10_21.png_X256_Y256,12.44915678997176,163.09246062212333,0.14334483117293098,0.0163511752162837,0.9230433959310671,45.381775,0.11176345,0.08749966,0.0,0
site10_22.png_X0_Y0,12.012190826315038,60.18677847762936,0.2630672154510566,0.01965254900512381,0.9874018817945892,16.3219,0.14027609,-0.056819506,0.0,0
site10_22.png_X256_Y0,10.528071931102717,36.98921334342714,0.3416178833795579,0.040359977058662067,0.9794904260011122,0.76042175,0.081951104,-0.06968937,0.0,0
site10_22.png_X0_Y256,11.45583635093228,97.86229582673151,0.3039281892814484,0.04227544170739729,0.9828909755661689,5.070343,0.116936415,-0.07350283,0.0,0
site10_22.png_X256_Y256,8.791214861942493,38.35856104022693,0.4366523233261181,0.0874587213414966,0.9782206065890326,-0.8815155,0.1364526,-0.12527552,0.0639801025390625,1
site10_27.png_X0_Y0,12.50746380418455,130.23177410731734,0.16301666877994872,0.016687880687653887,0.9544053698511755,46.150513,0.11165533,0.07558929,0.0,0
site10_27.png_X256_Y0,13.032951338175108,235.5537992749264,0.13167830265284305,0.013401128112667773,0.9317518305656071,34.820908,0.103750214,0.056721553,0.0331878662109375,0
site10_27.png_X0_Y256,12.794165684234692,241.0955527771837,0.12716991597575886,0.014543959818445407,0.8996167449962735,55.727264,0.028979551,0.24828246,0.0,0
site10_27.png_X256_Y256,12.763497747075188,234.4892011486006,0.12903211462275466,0.014598147290525804,0.9013769534747571,59.536392,0.022667572,0.2779117,0.0145416259765625,0
site10_28.png_X0_Y0,13.419536259885884,328.04974321775506,0.1735203755883676,0.01461012908454382,0.9644745167416413,-1.7222443,0.15552478,-0.16738617,0.899444580078125,2
site10_28.png_X256_Y0,13.396631426241484,406.0311739925857,0.13688968661372242,0.012591537196188708,0.9219906784574853,8.747925,0.15249598,-0.12491336,0.224945068359375,1
site10_28.png_X0_Y256,13.491910390072595,693.1994561286828,0.13099445158323442,0.012268761027317079,0.8570753063022191,21.509933,0.13847385,-0.0510163,0.1841278076171875,1
site10_28.png_X256_Y256,12.588451153984614,120.11905688317552,0.16670682035570383,0.015455906801923843,0.9695556044010718,34.861465,0.118576646,0.055922404,0.0,0
site10_51.png_X0_Y0,12.925683672961537,261.31895283665614,0.12572126486265897,0.014061222311691175,0.9011597517212807,30.343094,0.12314455,0.02458453,0.0016021728515625,0
site10_51.png_X256_Y0,12.830090495198117,279.0421079182513,0.13106462025021084,0.014666038740896128,0.9002398568028547,42.625473,0.08260137,0.13924353,0.0,0
site10_51.png_X0_Y256,13.265028569686518,1809.1995153909124,0.20695483301993284,0.11457371593939597,0.8246790289841861,-4.201233,0.145609,-0.16092479,0.7474822998046875,2
site10_51.png_X256_Y256,14.510897282786146,2094.655541558789,0.09402466962865233,0.008777966989432702,0.7368658307453759,9.316803,0.1280953,-0.084212385,0.7479400634765625,2
site1_17.png_X0_Y0,12.162307839256693,157.62603148428633,0.19509865337320983,0.02207557956953602,0.9490454247369787,7.867157,0.16441198,-0.13906066,0.0,0
site1_17.png_X256_Y0,12.490470460306469,270.38013991013503,0.19682755707269461,0.022182416078363208,0.9374432250915533,9.10527,0.15855393,-0.13030839,0.1491241455078125,1
site1_17.png_X0_Y256,13.543919148984342,378.0190142613453,0.11236808124837508,0.011092364999970308,0.9279267565306122,33.866257,0.11339339,0.014535882,0.0,0
site1_17.png_X256_Y256,13.583321789405417,462.59483448373464,0.118597643862763,0.011567084750062444,0.9146873655377589,31.234772,0.11944239,-0.010822795,0.0,0
site1_32.png_X0_Y0,13.425079754679764,495.2391401444205,0.09778217786834598,0.011608015251892735,0.8418830808697817,18.113937,0.13594663,-0.07467343,0.0,0
site1_32.png_X256_Y0,13.31682018444468,393.8925906652553,0.11648823335122027,0.012720755516990088,0.9156361067790939,18.059189,0.10706165,-0.026489075,0.0,0
site1_32.png_X0_Y256,13.550251739025311,593.7382878130145,0.12233082337609658,0.012948316154787594,0.8978139875903532,9.322479,0.12623937,-0.10556303,0.1936187744140625,1
site1_32.png_X256_Y256,13.482272706615083,441.3803131908499,0.10447341648135866,0.011815400311881157,0.8953235790702718,32.5484,0.12014207,-0.024571994,0.1266937255859375,1
site1_33.png_X0_Y0,12.809006628800498,338.07751165418927,0.14579898166952354,0.018239865292186845,0.9198782859213788,17.67688,0.09900027,-0.011629138,0.0,0
site1_33.png_X256_Y0,13.177304476040607,391.3515492238523,0.1368875601058304,0.013978865813881108,0.8986078431579262,3.6784973,0.18876365,-0.17366561,0.0,0
site1_33.png_X0_Y256,12.293147209504667,268.87956502606005,0.20730542995606632,0.029558080593581865,0.9577132348429848,15.753754,0.14284226,-0.084630236,0.0,0
site1_33.png_X256_Y256,12.376250985449374,259.17095851054574,0.1744102605946635,0.022602651011621917,0.9215854717574258,11.87056,0.16485023,-0.13241439,0.0,0
site1_34.png_X0_Y0,13.712880544914043,742.0893274221673,0.0831553357593592,0.010693806283577278,0.7619151412390633,27.894775,0.11948596,-0.025078414,0.0,0
site1_34.png_X256_Y0,13.443320755063295,541.7124227610901,0.09378914481485694,0.011521227431398743,0.8096037861168361,10.952759,0.14573723,-0.10664509,0.0,0
site1_34.png_X0_Y256,13.85655225813927,681.5645167123403,0.0928376618185301,0.010361344570692193,0.8565429001441373,22.84253,0.11514749,-0.031206364,0.1812286376953125,1
site1_34.png_X256_Y256,13.562106668960972,631.9488451106647,0.08904315741899911,0.01110530392703264,0.7899741496984026,10.703354,0.14643188,-0.10392596,0.0,0
site1_35.png_X0_Y0,13.67640885654707,653.0788112144552,0.09077165414508369,0.01069989218207263,0.8251980290215084,8.031052,0.13195422,-0.086049005,0.0,0
site1_35.png_X256_Y0,13.3405130247711,427.489890682086,0.10025868620231837,0.011928179362655838,0.8621184242022434,18.039719,0.14018717,-0.06364476,0.0,0
site1_35.png_X0_Y256,13.741677714866343,750.7497780301084,0.08426680483099905,0.010862775661192823,0.7738238952287892,6.206192,0.1467971,-0.12085388,0.0,0
site1_35.png_X256_Y256,13.859525044264695,649.9331079542881,0.1004038003507399,0.010267287038635567,0.8791058189485192,-2.7587128,0.16028845,-0.17027675,0.027740478515625,0
site1_37.png_X0_Y0,12.973444448599565,303.93397706110744,0.12825407685260826,0.014010251956236085,0.9026348110891927,16.222687,0.15531437,-0.10161791,0.0,0
site1_37.png_X256_Y0,13.630092997409108,660.3645926146045,0.10034509752268023,0.010910634808316659,0.8247824681528397,2.4299927,0.1692625,-0.15691066,0.0,0
site1_37.png_X0_Y256,13.266725342171375,469.754501739119,0.09331677278849597,0.012376398982400541,0.8034745801162136,28.335114,0.11946506,-0.0070424452,0.0042724609375,0
site1_37.png_X256_Y256,13.687537984824775,770.4976832077676,0.08394821382471354,0.010789039910855476,0.7581125607987116,-5.6809998,0.17797606,-0.1921319,0.0,0
site1_41.png_X0_Y0,13.949664992397587,808.267557580022,0.0834175550218472,0.00994289088202958,0.8122814370550596,-4.412552,0.18024547,-0.19615105,0.0054779052734375,0
site1_41.png_X256_Y0,13.713610211218073,661.4614160119155,0.09592720969586263,0.011054702767898206,0.8620036583980635,1.9406433,0.16107668,-0.16106054,0.35955810546875,1
site1_41.png_X0_Y256,13.866530010314902,804.0753203095137,0.08788787083635069,0.010371107057092944,0.813657747173026,1.1214294,0.17427184,-0.17569101,0.0,0
site1_41.png_X256_Y256,13.878729760594414,629.9467678897795,0.09911291143693213,0.01008606577843504,0.8906005475318178,-7.2615204,0.15803234,-0.18773165,0.2846527099609375,1
site1_42.png_X0_Y0,13.6141308684202,514.4226514892247,0.09149743721079094,0.011081279668412963,0.862923391297536,10.276733,0.14244518,-0.103933915,0.17559814453125,1
site1_42.png_X256_Y0,13.731819264694884,486.37910201305533,0.10157054737874328,0.010575005928577519,0.9076548081666747,30.562424,0.10756171,-0.007402955,0.2166595458984375,1
site1_42.png_X0_Y256,13.70445102956424,549.9783495230307,0.12355391116906715,0.013986879910167092,0.9303204049537777,5.966522,0.10831698,-0.083071455,0.14599609375,1
site1_42.png_X256_Y256,13.881818360727525,617.8682930243294,0.10689355303499719,0.010445173705247956,0.9109916242719795,19.259766,0.091116115,-0.007945718,0.26275634765625,1
site1_44.png_X0_Y0,13.3676581739659,405.71466348581254,0.13042131641630073,0.013499140196979165,0.9275542385490269,11.581558,0.093154386,-0.017721772,0.0450286865234375,0
site1_44.png_X256_Y0,13.699622826772268,479.0880733221552,0.10973408331576828,0.01073144530443041,0.9257205797625278,-6.423691,0.17074353,-0.1905336,0.0847930908203125,1
site1_44.png_X0_Y256,13.18673555070938,292.2964013840914,0.11526836780891145,0.012774488371854253,0.9299591134378149,12.688248,0.16020784,-0.11937691,0.0736083984375,1
site1_44.png_X256_Y256,13.684184466444865,410.6010548527019,0.1055598720642342,0.010440929127735046,0.9258595933732516,4.751114,0.17317964,-0.15566584,0.150421142578125,1
site1_45.png_X0_Y0,13.831314255700056,697.7678752913869,0.12200928014886754,0.011965808799879827,0.909690184466825,-7.10672,0.13343409,-0.16267258,0.6331939697265625,2
site1_45.png_X256_Y0,13.665152113957916,576.7411284271772,0.11923667851023924,0.011467796790578931,0.9001574425810522,-2.9919434,0.1567091,-0.1702388,0.3588409423828125,1
site1_45.png_X0_Y256,13.694721032642008,679.6321220654802,0.1058351795269154,0.011761334448898323,0.8789707632475813,5.313095,0.120979816,-0.08796375,0.3429107666015625,1
site1_45.png_X256_Y256,13.664640681920455,844.1638056577845,0.10628783482268084,0.01277871001079865,0.8519109972540322,-2.1508026,0.114669725,-0.1131345,0.7468719482421875,2
site1_47.png_X0_Y0,13.678236840562292,704.2049888714826,0.08285779957774456,0.010768224673912558,0.7724613968401995,37.16739,0.09601134,0.04541566,0.0,0
site1_47.png_X256_Y0,13.905669856729325,949.7697301068347,0.07472600102932869,0.009856115042168129,0.7222623865797396,23.051208,0.111879736,-0.025913363,0.0,0
site1_47.png_X0_Y256,13.372734920514278,540.8849789894599,0.08971809141828674,0.012019166131566601,0.7811461401344998,35.67418,0.11435002,0.015493341,0.0,0
site1_47.png_X256_Y256,13.877875348345999,946.9557335370137,0.07475693385868466,0.009975455142423002,0.7053266035242021,30.731552,0.102748,0.011276126,0.0,0
site1_48.png_X0_Y0,14.13025045174821,900.4825348724396,0.09276547301645044,0.009342796479190667,0.8625857113992408,13.79747,0.12186489,-0.06607948,0.0576934814453125,1
site1_48.png_X256_Y0,13.711760667002439,492.8303861796064,0.1130587308998812,0.011085151143321238,0.9178305774735341,4.5088806,0.14175178,-0.129594,0.2757415771484375,1
site1_48.png_X0_Y256,14.0087012677572,896.5404369713808,0.0816535230862926,0.009475729343451913,0.7962191411624184,-3.1001892,0.15580606,-0.1624825,0.0526580810546875,1
site1_48.png_X256_Y256,13.79717600200447,603.163157709798,0.10048658301009794,0.010699989106195771,0.8844109068208152,5.5088043,0.13162327,-0.11173272,0.31414794921875,1
site1_50.png_X0_Y0,13.14488050335672,373.3923734411103,0.10107874679045303,0.012805836080422114,0.8511467955012061,18.02652,0.12608376,-0.05425157,0.0057373046875,0
site1_50.png_X256_Y0,13.787578328025731,772.7021820333352,0.08492956714706447,0.010310030691146851,0.790732270981728,-1.6331787,0.17291912,-0.17364211,0.0,0
site1_50.png_X0_Y256,13.123325904810915,399.7221379547557,0.09880640932257483,0.013122774762600133,0.8233580772036109,17.6725,0.13291067,-0.06708045,0.0,0
site1_50.png_X256_Y256,13.719607504586907,694.8116069840842,0.08601159469961378,0.010563913652581327,0.800882471911778,0.3671112,0.16947226,-0.16485342,0.0,0
site1_55.png_X0_Y0,13.707068423270474,570.6299978824433,0.11517616984517126,0.011704737870608262,0.9168638431045705,24.000793,0.08996484,0.0023637451,0.04241943359375,0
site1_55.png_X256_Y0,14.001380495281635,735.163376856272,0.09778612316299067,0.009927384282503431,0.8793442645522009,17.111588,0.121179424,-0.06431871,0.2770843505859375,1
site1_55.png_X0_Y256,14.064933782856208,737.9305565017088,0.10462107886514037,0.010620433040868876,0.904083583376308,7.688751,0.13770422,-0.106981836,0.3668365478515625,1
site1_55.png_X256_Y256,14.049710583988023,818.6772120849188,0.111724647266114,0.012522024972527294,0.8798291674359192,-1.0462799,0.13877188,-0.14106157,0.6986846923828125,2
site1_56.png_X0_Y0,13.222023278529898,411.830429612443,0.11368532975998985,0.012785299681555517,0.8793828103793411,5.4144287,0.1613508,-0.13340233,0.0,0
site1_56.png_X256_Y0,13.344372107290761,354.8431219062505,0.11425499702700474,0.011913544544728646,0.917636018413174,-5.732605,0.19242918,-0.21298169,0.0,0
site1_56.png_X0_Y256,13.434242715756586,433.8591091167079,0.12216420073592162,0.012106297306982964,0.9037292975649436,0.5550232,0.14882356,-0.14401843,0.3180694580078125,1
site1_56.png_X256_Y256,12.379070159770965,166.6395129427467,0.1481071835727705,0.016892053226301905,0.9180222739602043,1.245285,0.1487762,-0.14252298,0.0,0
site1_61.png_X0_Y0,13.421608104700319,507.68330527922967,0.09459377258237096,0.011678763693900189,0.8255595417669964,-1.3766785,0.18106386,-0.18676615,0.0,0
site1_61.png_X256_Y0,12.71985629131066,223.9198794033524,0.14799524830903554,0.01632052450831449,0.9398840287388668,13.246841,0.16109344,-0.11814914,0.0,0
site1_61.png_X0_Y256,13.461311098026764,309.11579003568477,0.13516831510296518,0.01180783983750657,0.9577221115884063,6.547943,0.15020853,-0.12633404,0.140716552734375,1
site1_61.png_X256_Y256,12.601345933100223,192.39721774678196,0.13446526693390762,0.015695606028953944,0.9169316895621086,38.202408,0.14203328,-0.018562768,0.0,0
site1_67.png_X0_Y0,13.169998747501598,404.731902618588,0.10122531000585733,0.013048321462544046,0.8511166287393773,22.202133,0.14714864,-0.08147202,0.0,0
site1_67.png_X256_Y0,13.935838122241472,894.5554042165904,0.09364069518154294,0.010526548410005806,0.8428130077490602,-2.389328,0.19461235,-0.20665112,0.0,0
site1_67.png_X0_Y256,12.978652209173985,386.0584334300527,0.0982706993524701,0.013831377686409007,0.8035026236912561,35.438477,0.13758318,-0.036986638,0.0,0
site1_67.png_X256_Y256,13.751159164998455,719.3700676422653,0.08595564020148432,0.01058372671981842,0.7985531116779452,15.704529,0.16919321,-0.12098174,0.0,0
site1_68.png_X0_Y0,13.887522438072864,558.6126038512857,0.11707868572646646,0.01365646117094168,0.9360502018983986,-1.145874,0.13658461,-0.14461154,0.636383056640625,2
site1_68.png_X256_Y0,13.828548014740312,667.1125998564463,0.09126147058506356,0.010299104749066012,0.8390287238150755,-3.122589,0.15659133,-0.1674075,0.371978759765625,1
site1_68.png_X0_Y256,13.870424003912795,703.9183478860366,0.0864551787636987,0.009971495094093107,0.8348065441821002,-3.7605896,0.19166106,-0.20661396,0.0,0
site1_68.png_X256_Y256,13.22158873407557,391.6483938569386,0.1027988115085062,0.0125056672623286,0.851777196973986,-7.947937,0.20014684,-0.22984746,0.0,0
site1_69.png_X0_Y0,12.982633842180128,301.6512065521845,0.1630718025848502,0.01495267147359036,0.9174375651313447,-2.282669,0.13636045,-0.14194933,0.3058013916015625,1
site1_69.png_X256_Y0,8.94372869273026,37.956283130287574,0.45193669405786097,0.11231537639975231,0.9807572792856019,-3.4593048,0.066600606,-0.10337043,0.0,0
site1_69.png_X0_Y256,12.673729491898346,288.64742833286783,0.12495304280197804,0.015613652614368327,0.8602462443308145,7.756378,0.10775869,-0.057800315,0.00860595703125,0
site1_69.png_X256_Y256,11.119885482549247,77.44263550978098,0.21980335137502852,0.02835305622613308,0.9211349720616693,7.540924,0.061281476,-0.007174775,0.0,0
site1_71.png_X0_Y0,13.077056134971357,292.0819133266184,0.14337315571735487,0.014131726180748577,0.9293308613546348,0.76524353,0.16777071,-0.16332251,0.0,0
site1_71.png_X256_Y0,12.061265798616262,116.6548874981948,0.2542225305450904,0.04834540284174368,0.9857395150218192,0.76828,0.1579937,-0.15847239,0.01153564453125,0
site1_71.png_X0_Y256,11.279861271129452,84.91879646650455,0.19065695226589774,0.025516630358766914,0.9054848354228645,0.18177795,0.11927943,-0.11654726,0.0,0
site1_71.png_X256_Y256,11.40863298198752,86.5456102070125,0.1995881139718351,0.02421357087382288,0.9206172228336365,1.6227722,0.11038653,-0.095198005,0.0,0
site1_72.png_X0_Y0,12.35362195384629,138.3932711427057,0.20480792224359806,0.02233179063514223,0.9768043940281339,3.0144806,0.16456111,-0.16005437,0.0,0
site1_72.png_X256_Y0,13.484995302926663,354.94500525638955,0.11202527604087553,0.011302748216809043,0.9214260008395871,7.5442047,0.18814734,-0.16604808,0.0,0
site1_72.png_X0_Y256,11.500517995597122,74.95152647119139,0.22835769450656868,0.024212528495381146,0.9635059178772732,1.045517,0.100502715,-0.08227432,0.0167388916015625,0
site1_72.png_X256_Y256,11.319793664342058,109.5470617971526,0.22439534017572946,0.02987612748556554,0.9434926150645122,0.52104187,0.13296044,-0.11960636,0.0,0
site1_73.png_X0_Y0,13.247011199944025,231.65125132160375,0.14197495543529667,0.012434029910756641,0.9657261583340392,-1.2999268,0.18768969,-0.19449574,0.0,0
site1_73.png_X256_Y0,13.380721678245333,325.07231192629746,0.12769860113479126,0.011831702791216094,0.9382888131909689,0.44914246,0.19491366,-0.19562696,0.0,0
site1_73.png_X0_Y256,11.230865527474702,85.76797716023407,0.22741369599095684,0.029327525338544505,0.9593188165853285,-0.20419312,0.12558594,-0.12121048,0.0,0
site1_73.png_X256_Y256,11.003414271236437,76.4204593335552,0.23186616644572422,0.031505400019948185,0.9539533091472243,0.06619263,0.13542989,-0.1334472,0.0,0
site1_74.png_X0_Y0,13.226394888576735,302.66627658232755,0.12845243046645313,0.012897370950218343,0.9354649913961723,6.923645,0.16848978,-0.14813563,0.0727386474609375,1
site1_74.png_X256_Y0,12.753598549131926,290.682100153795,0.11116069732772493,0.015275425345226034,0.8442124555013661,25.952805,0.14261311,-0.057328295,0.0,0
site1_74.png_X0_Y256,13.25070823531161,299.0564143598629,0.12226544847074758,0.01248125976306088,0.9266316232187042,7.893036,0.1661408,-0.13933653,0.0,0
site1_74.png_X256_Y256,12.973237476238566,339.01778699899785,0.10658011066913253,0.014150088315960955,0.840942984966342,20.352371,0.14705737,-0.08428917,0.0,0
site1_83.png_X0_Y0,14.025446940834726,793.3910824112106,0.08357925426547842,0.009522324217799917,0.8362957320560269,36.32939,0.11902226,-0.009487931,0.0521392822265625,1
site1_83.png_X256_Y0,14.033512603020457,738.4661852111929,0.1038044154375808,0.010857378935100992,0.8952349546113629,17.468796,0.14106685,-0.09555428,0.128173828125,1
site1_83.png_X0_Y256,13.946005755377712,743.5480113868502,0.0864724941881764,0.009694111309092732,0.8556461750359771,13.961456,0.13197385,-0.07892704,0.0168304443359375,0
site1_83.png_X256_Y256,14.05151470834781,738.4941546971042,0.09476483952819245,0.009321658149061413,0.8816975342108422,1.0157471,0.1663658,-0.16239443,0.1207427978515625,1
site1_84.png_X0_Y0,13.900066476570005,579.2899314566474,0.0991793203225749,0.009901850079230947,0.9098862472205664,19.992569,0.14135507,-0.07991896,0.0,0
site1_84.png_X256_Y0,13.817643196764346,548.044827830647,0.1061563814037255,0.010453091182501855,0.9239270901936943,17.237015,0.13254885,-0.069918945,0.0,0
site1_84.png_X0_Y256,14.045958758990386,698.1814840896365,0.08930113519384524,0.009294361800970858,0.8847878284225728,-1.797699,0.17508587,-0.1828509,0.0,0
site1_84.png_X256_Y256,13.940114879311842,623.0760919027557,0.10070129072339791,0.009881543087703294,0.9105984988602038,-3.7384186,0.19070122,-0.20576385,0.0490875244140625,0
site1_85.png_X0_Y0,13.972983496272246,721.7705867935505,0.09469262436265581,0.009698121612858952,0.8687445552432697,21.927826,0.12215321,-0.039808698,0.0,0
site1_85.png_X256_Y0,13.969048182453754,783.3139564410595,0.08853003159455472,0.009938457907988028,0.8636552758458629,35.75116,0.08705354,0.058510285,0.0,0
site1_85.png_X0_Y256,14.127073051575572,764.0235442498085,0.09797261778296582,0.009130651440882816,0.8893994141250707,-2.0704193,0.16258612,-0.17185012,0.8046722412109375,2
site1_85.png_X256_Y256,13.799349955020059,776.7449584144548,0.08627299109190331,0.010419866580828458,0.8138424615736253,31.223816,0.08795422,0.04409977,0.076324462890625,1
site1_86.png_X0_Y0,13.384419736317943,310.1877905733312,0.14278571774463267,0.013224650676801208,0.9592913821595026,15.344269,0.15057112,-0.10239576,0.5760040283203125,2
site1_86.png_X256_Y0,13.118790382704121,230.799161305148,0.15249186174207155,0.014060833558147695,0.9737411593798171,16.82814,0.14649314,-0.095226645,0.7050628662109375,2
site1_86.png_X0_Y256,12.99642721173234,397.459805678723,0.10056260595613138,0.014159416289108589,0.8092022025604658,34.13176,0.1334076,-0.012659386,0.0,0
site1_86.png_X256_Y256,11.85462331103241,200.86633381693122,0.13069233267860683,0.021088702079411614,0.7730124950576328,55.801804,0.1431531,0.03644625,0.0,0
site1_96.png_X0_Y0,13.93183777468008,764.6608806258487,0.08726862186228711,0.009769212891835258,0.8486801970578824,1.6821136,0.15617925,-0.15189067,0.0,0
site1_96.png_X256_Y0,13.948612344720427,765.3869770641202,0.08972544803812206,0.009885231662233367,0.8645358309363597,-1.5106506,0.16167739,-0.1659497,0.0,0
site1_96.png_X0_Y256,13.951304066883857,686.8003149029229,0.1040814828202602,0.010823830265383711,0.8970778123643546,-2.2790833,0.1654411,-0.17415833,0.12896728515625,1
site1_96.png_X256_Y256,13.692694696456513,523.3686481161146,0.14850867236113105,0.01326222402661606,0.9405890904017475,-0.057373047,0.1363111,-0.14412786,0.42645263671875,2
site1_97.png_X0_Y0,13.820924884745942,614.6654770100549,0.08978158567805308,0.010087850867078434,0.8629277457147408,1.270752,0.16989128,-0.15978326,0.0,0
site1_97.png_X256_Y0,13.668370365469684,442.1538965181727,0.11148342862015781,0.010761401334601553,0.925188648425168,0.60813904,0.17008102,-0.16831087,0.049530029296875,0
site1_97.png_X0_Y256,13.502086099838351,508.5214931456733,0.17060037107009735,0.016146702446279602,0.9498267411859422,-0.17982483,0.14148964,-0.14413694,0.6485443115234375,2
site1_97.png_X256_Y256,13.826847956365711,693.9734919862756,0.0934143244784247,0.010229090497652152,0.8365330347128115,3.0355682,0.1605897,-0.1516764,0.1170654296875,1
site1_98.png_X0_Y0,13.745413615527237,456.1587193627446,0.12022970316660053,0.010710811440166283,0.936267406753756,2.565689,0.15128526,-0.14367692,0.3214874267578125,1
site1_98.png_X256_Y0,13.794882188806065,687.6026996227605,0.11701500883556828,0.014574532622948576,0.9064639317042713,11.997253,0.12674466,-0.082803935,0.2566375732421875,1
site1_98.png_X0_Y256,13.655903826396043,532.1379899558,0.14394209943155917,0.01630627777435802,0.9425793668385543,-1.2206116,0.13809451,-0.145025,0.8228912353515625,2
site1_98.png_X256_Y256,13.558429491252953,485.7591676729155,0.1442692067244882,0.015035959098714384,0.9519542299964922,-1.9997101,0.14435127,-0.15423983,0.7227020263671875,2
site1_99.png_X0_Y0,13.581342387286146,590.6086432502279,0.14458752958074858,0.015183365130191596,0.9209226826118398,11.013687,0.11086708,-0.07410097,0.268768310546875,1
site1_99.png_X256_Y0,12.841578330494473,429.47737441733955,0.12172220109631046,0.016258956263788656,0.8741074386790989,41.522675,0.14319345,-0.0018468658,0.1083526611328125,1
site1_99.png_X0_Y256,13.329110019832402,410.01067468043493,0.13706117635644655,0.014777178498093346,0.9352027140997665,12.66066,0.14009416,-0.095840216,0.08135986328125,1
site1_99.png_X256_Y256,11.859633725269305,197.4141626868394,0.13381297326952854,0.02128924399389043,0.8323085359141558,27.432785,0.17138669,-0.08144288,0.0,0
site1_109.png_X0_Y0,13.35611499655309,415.72539295284935,0.168525789240111,0.01998028089152319,0.9622614827283377,3.0269165,0.12055324,-0.100454554,0.4590606689453125,2
site1_109.png_X256_Y0,13.017011126416595,427.0318561070592,0.14627674508065575,0.01776595100851097,0.9262571250938454,1.7557068,0.115431525,-0.09958641,0.1313934326171875,1
site1_109.png_X0_Y256,13.225352859654548,304.18757492611064,0.11183787436400627,0.012608384868584569,0.9215323335167408,17.77118,0.14864789,-0.08754435,0.0,0
site1_109.png_X256_Y256,13.527102815077384,492.6786444366492,0.11169455828309856,0.011315926865389375,0.8908183339388595,4.5233765,0.15775368,-0.13674396,0.0,0
site1_110.png_X0_Y0,13.973161456268656,796.6753374904051,0.0902502454563436,0.009784595301322075,0.8585619409272727,10.609528,0.1335359,-0.09953977,0.0291290283203125,0
site1_110.png_X256_Y0,13.867239698567673,641.9043845966904,0.10370628213685212,0.010520533437422156,0.9066906760609902,5.4524994,0.14769092,-0.13098064,0.227386474609375,1
site1_110.png_X0_Y256,13.562781366868645,407.587729944628,0.14202414732001517,0.013975923930174206,0.9522644197898951,-0.8796234,0.14091615,-0.15077594,0.54827880859375,2
site1_110.png_X256_Y256,13.322587085509358,474.33650032441824,0.16645059635824552,0.02654774560226431,0.9574483820958067,-0.003540039,0.14385085,-0.14645237,0.994110107421875,2
site1_111.png_X0_Y0,13.460024993965337,439.6677245230292,0.1566554909026012,0.01762543553594024,0.9571794634773174,-2.285675,0.15399072,-0.16659343,0.5841217041015625,2
site1_111.png_X256_Y0,13.619098485644503,506.02059146423164,0.1499285547507779,0.019291320251632365,0.9501027717698759,-2.5548553,0.1550612,-0.16509661,0.6793365478515625,2
site1_111.png_X0_Y256,13.472712967841673,495.34883386200283,0.1666586628345861,0.021921038327033186,0.9563709291439598,-2.6020203,0.13005987,-0.14674184,1.0,2
site1_111.png_X256_Y256,13.784994882894383,602.7299654880642,0.13712897736489787,0.012185503970204797,0.9386346228416675,-2.4261932,0.12704161,-0.13844585,1.0,2
site1_123.png_X0_Y0,13.687205480198845,482.29170340134874,0.11412089267224519,0.011000376796742607,0.9072510666787094,12.186035,0.15280774,-0.11522521,0.3427581787109375,1
site1_123.png_X256_Y0,13.753016590984092,478.5837924716527,0.13030638149431456,0.010658179863422799,0.9387841985735448,4.219406,0.153723,-0.13878179,0.704345703125,2
site1_123.png_X0_Y256,12.80604789625843,341.38924271914897,0.10322987263598714,0.01450045510801186,0.7980795872475092,12.646942,0.17190564,-0.1368919,0.0,0
site1_123.png_X256_Y256,12.92980193524596,342.16643694733165,0.10237176983109302,0.013906063073322657,0.825568859545106,17.359848,0.16642562,-0.11367659,0.0,0
site8_25.png_X0_Y0,12.497004369037395,292.40204904664415,0.0775999716032924,0.015105691048221258,0.7323785293165308,23.377197,0.1817459,-0.12605025,0.0,0
site8_25.png_X256_Y0,12.165360157361748,270.7190572886668,0.07982475170569298,0.017236640435974417,0.6440906662952082,23.308853,0.19034702,-0.13287148,0.0,0
site8_25.png_X0_Y256,13.088568959209955,505.5740235125898,0.06014418550016781,0.012561842465072874,0.7592598709305718,22.306625,0.17944232,-0.12637374,0.0,0
site8_25.png_X256_Y256,13.62728174435509,496.78236536126497,0.07204013471267538,0.010459154000108847,0.9123520877176511,33.394943,0.11936858,0.031884205,0.0,0
site8_26.png_X0_Y0,12.796902799571935,380.4426716737591,0.07077251195061504,0.01376954805745056,0.7092747801079202,26.745407,0.18292323,-0.11896086,0.0,0
site8_26.png_X256_Y0,13.010337004283256,404.91154839785247,0.07010352744014817,0.012577923738101779,0.7656338971131942,22.040222,0.18445152,-0.13828257,0.0,0
site8_26.png_X0_Y256,14.024821968049942,835.2442614919745,0.0567290186848317,0.008944595036446606,0.8202876829244385,37.384323,0.11783763,0.023695648,0.0,0
site8_26.png_X256_Y256,13.565397929946364,683.0232317648105,0.10053660548312693,0.03897666540264608,0.8967650650017456,32.888977,0.12138492,0.007868132,0.0,0
site8_35.png_X0_Y0,13.577587297969817,703.7512722120563,0.07842086466772179,0.012069812624572003,0.8806305134831953,16.398727,0.1560992,-0.0662515,0.0,0
site8_35.png_X256_Y0,11.49650019762421,686.9390605628598,0.17428686550332195,0.03460452510703113,0.931653076251785,10.250351,0.028878003,0.18508731,0.2435150146484375,1
site8_35.png_X0_Y256,13.519051083756793,911.8398060692689,0.08566449599328613,0.01355136765389528,0.8385711901280627,17.932907,0.14675859,-0.024517378,0.0,0
site8_35.png_X256_Y256,10.871864341814424,701.9485682942549,0.1965881011573145,0.04058417197484362,0.9320223517982142,9.912277,0.03741108,0.18344483,0.1891937255859375,1
site8_36.png_X0_Y0,14.493267212168714,2414.640702884603,0.035544667209099684,0.00796823816078201,0.6866658371633079,-3.693283,0.14216366,-0.15668908,1.0,2
site8_36.png_X256_Y0,14.471182742876184,2100.300335883379,0.03515891189643924,0.007670791307953775,0.7132565000229765,-3.068756,0.14262015,-0.1582408,1.0,2
site8_36.png_X0_Y256,14.401543959480366,2415.854471507233,0.03767767900183274,0.008889220171635178,0.675462591273709,-2.6549835,0.14840172,-0.15978849,1.0,2
site8_36.png_X256_Y256,14.41930020482255,2107.875226850783,0.03824959265087088,0.008233736068284099,0.7163657882662932,-2.0213928,0.14527586,-0.15775691,1.0,2
site8_37.png_X0_Y0,14.208497294585733,1510.212028741938,0.03958810459171497,0.00819833627325648,0.7633983744556138,-4.6092224,0.14540905,-0.16609874,1.0,2
site8_37.png_X256_Y0,14.16920818333392,1419.9165652633396,0.037547216398807336,0.00824965963314881,0.7448905165916537,-7.4270782,0.14805204,-0.17510065,0.9995880126953125,2
site8_37.png_X0_Y256,14.277263485528756,1598.0169399238912,0.04231088250394009,0.008194544047293245,0.757734560182595,-2.7837067,0.14323133,-0.15734032,1.0,2
site8_37.png_X256_Y256,14.085859451851912,1237.4443330990002,0.046782762197579014,0.008646358894795748,0.7626793083033784,-5.2004395,0.14245103,-0.15800476,1.0,2
site8_45.png_X0_Y0,12.023134993846156,1197.8451520000322,0.14937906254334174,0.03225926219754266,0.5652519331341351,19.600372,0.06801261,0.13837692,0.0,0
site8_45.png_X256_Y0,12.038870115283226,711.2268415844834,0.1686758154043554,0.03323168957673316,0.8000780425069015,25.49585,0.016831607,0.25538117,0.034088134765625,0
site8_45.png_X0_Y256,12.879753500877525,1194.7793839211276,0.11186652145582857,0.0228403789969802,0.7733892975814243,31.39,0.080987036,0.13549763,0.0,0
site8_45.png_X256_Y256,13.558881699306161,1125.9949754602414,0.07685667030407614,0.013956769642122929,0.6851491159698488,48.302505,0.021987563,0.28206354,0.0,0
site8_46.png_X0_Y0,14.432994735431311,2130.1649262753194,0.04740340007897859,0.009495054957950638,0.7791363168729291,11.702911,0.12502848,-0.06544961,0.768218994140625,2
site8_46.png_X256_Y0,14.247912111600854,1649.781871050132,0.06883064387116067,0.016897263091454576,0.8345390984394292,9.880066,0.12214137,-0.062295172,0.772308349609375,2
site8_46.png_X0_Y256,14.354011273652423,2065.523770545067,0.04079591705524789,0.008181258240998013,0.5486605578361263,55.86554,0.06625599,0.22074036,0.0,0
site8_46.png_X256_Y256,14.080337735914334,1678.156779378828,0.04684498378232701,0.009259278471459645,0.5597150686198384,48.417435,0.07393981,0.20538509,0.0,0
site8_47.png_X0_Y0,14.250241821649812,1315.1174653829291,0.04668545756124722,0.008678414151010411,0.825496776532118,17.366287,0.1134124,-0.031850852,0.6968841552734375,2
site8_47.png_X256_Y0,14.244004738737505,1062.6472924626314,0.05112009103617188,0.008374600894905979,0.8615741088950977,14.911514,0.12103096,-0.035718977,0.6417999267578125,2
site8_47.png_X0_Y256,13.56335250959807,837.8261811112593,0.05881450712099269,0.010311757699080899,0.6586652785451167,39.36728,0.111772865,0.09879054,0.0,0
site8_47.png_X256_Y256,13.167664212469417,701.3928033689222,0.08580739999877383,0.013784589127030435,0.7015107358264636,34.28987,0.08467893,0.15797615,0.0,0
site8_48.png_X0_Y0,13.86662640810585,877.5743489583681,0.1335050415721763,0.01352369446650701,0.9030173247809162,18.186127,0.10358543,0.016159914,0.06915283203125,1
site8_48.png_X256_Y0,6.4546413476858735,373.75419529153953,0.6270781180703595,0.5956959680336466,0.942734393971109,12.0802,0.0475149,0.01553864,0.0,0
site8_48.png_X0_Y256,13.757621303825136,801.0860423425056,0.0568425951672157,0.009535318709329702,0.7259322743939027,41.3945,0.09934917,0.115795255,0.0,0
site8_48.png_X256_Y256,12.612571198996884,479.3827080780303,0.18738779388278118,0.10057013794263325,0.9367270049936121,12.207672,0.11852289,-0.061237954,0.0,0
site8_57.png_X0_Y0,14.067041314167751,2364.4880714602464,0.06049394528357403,0.011828687154793505,0.5190127760222158,48.434006,0.034036994,0.32550782,0.0,0
site8_57.png_X256_Y0,13.889648336006816,2083.668849751608,0.05941610692626824,0.011869149216801534,0.5019811354403603,42.306747,0.0059705693,0.38964522,0.0025787353515625,0
site8_57.png_X0_Y256,14.783801695448936,2182.369532827211,0.03855357023554655,0.006684265072092932,0.6652175046306724,16.913803,0.18319009,-0.09649327,0.415252685546875,2
site8_57.png_X256_Y256,14.240524376471004,1899.380706999798,0.07400192535543165,0.02358705609310895,0.6981798252980123,-4.4718018,0.21771654,-0.23389894,0.45465087890625,2
site8_58.png_X0_Y0,14.375446529236926,1885.472764576964,0.05480779061232023,0.010574761690289399,0.7099164189562859,48.720184,0.035247896,0.3077817,0.06201171875,1
site8_58.png_X256_Y0,13.963217372887284,1207.955888255173,0.07269183006811893,0.01158637184628654,0.8098966423657714,29.827652,0.08790238,0.15956661,0.0,0
site8_58.png_X0_Y256,9.78164290719075,431.0893738435945,0.37906191509544873,0.2919397052555833,0.9018309329113696,3.0740356,0.16851264,-0.16167305,0.5357818603515625,2
site8_58.png_X256_Y256,12.667846216486137,352.0242354202735,0.08246472286353436,0.016036549346911972,0.8442828618458229,8.281784,0.20563892,-0.18890265,0.0026702880859375,0
site8_65.png_X0_Y0,14.701329989290777,2201.479483026572,0.041601668134717926,0.0071420224502585766,0.6924703655403165,81.53024,0.035319474,0.29965463,0.0,0
site8_65.png_X256_Y0,14.225901805007812,1200.877708648801,0.0551938387791346,0.0082592140756439,0.7462929707927766,30.627441,0.16431335,-0.05104687,0.008575439453125,0
site8_65.png_X0_Y256,14.44258416076162,2065.2894258521733,0.04591932249402139,0.008372574072190764,0.642461742501455,54.144424,0.056300566,0.22542171,0.0,0
site8_65.png_X256_Y256,14.560755188960744,1860.628120089199,0.04068387609504319,0.007246382695595036,0.6665499302131609,83.428314,0.034038834,0.31580174,0.0074005126953125,0
site8_93.png_X0_Y0,14.421132260395295,1478.824588034119,0.04245242335503243,0.0076020598687815,0.7200227121267133,73.13512,0.04120356,0.2315169,0.0,0
site8_93.png_X256_Y0,13.014846989467038,460.7272351829813,0.06669544254085649,0.013668266461468865,0.7955550505652165,35.082825,0.14927378,-0.075082324,0.1787872314453125,1
site8_93.png_X0_Y256,14.240250995244356,1583.31982045684,0.04413155392980464,0.008482210478681623,0.6423404903917775,67.02144,0.018811643,0.2784709,0.0,0
site8_93.png_X256_Y256,13.972198568112473,747.4624944132177,0.05538459443674195,0.008918144501232272,0.8247114957194139,61.3853,0.09001416,0.10490899,0.011505126953125,0
site8_103.png_X0_Y0,14.346831597649334,1523.1912934029183,0.042314406472727946,0.007892090978300102,0.671833207350869,73.52876,0.022193886,0.27210686,0.0,0
site8_103.png_X256_Y0,13.965979654916499,855.7950785154977,0.0508756374315735,0.008913917687225357,0.7857223223698686,72.02034,0.04857517,0.2138128,0.0,0
site8_103.png_X0_Y256,14.275564410866927,1223.2956835262346,0.04492600324886743,0.008035530945091095,0.753625923067435,72.14346,0.033236876,0.23902416,0.0,0
site8_103.png_X256_Y256,13.79272317206456,646.9987633362252,0.0570524552886395,0.009426957675814902,0.841373957178335,52.17749,0.09728586,0.07174452,0.0,0
site8_104.png_X0_Y0,14.40101000666682,1438.1695425289224,0.047910959443977635,0.008177515899064142,0.7721360345524602,36.351517,0.13204913,-0.0025239252,0.12640380859375,1
site8_104.png_X256_Y0,14.130058587525397,1102.4362037437936,0.04929130937075556,0.008607584574063954,0.7684625132486234,28.077866,0.16431291,-0.057689123,0.0,0
site8_104.png_X0_Y256,13.824606972850912,1411.4842351952202,0.054140298507399785,0.010582889702540507,0.611829331528031,32.901962,0.08347055,0.09954067,0.1462860107421875,1
site8_104.png_X256_Y256,14.261958371106854,1341.2238649198277,0.042060458015881354,0.007960625782272706,0.6762890175000893,29.265762,0.17345141,-0.07328946,0.0,0
site8_113.png_X0_Y0,14.26524838743681,1296.7120731510674,0.045210651701386835,0.008183220992668288,0.7298122760337398,63.835373,0.031694945,0.23920818,0.0,0
site8_113.png_X256_Y0,14.236942318846777,872.2329556390503,0.04980738042613801,0.007958641648655744,0.8490081167317781,42.74254,0.11679146,0.011403291,0.0,0
site8_113.png_X0_Y256,14.164876765648554,1219.0752435362474,0.049610902931243255,0.008733655215688557,0.7501324046555466,62.493546,0.030100867,0.24440376,0.0,0
site8_113.png_X256_Y256,14.450583106090125,1214.7810113598155,0.04452671940876633,0.00734358874677556,0.7881031177819458,53.171524,0.092423394,0.07602755,0.0,0
site8_114.png_X0_Y0,14.015249459576708,1192.96016144649,0.05634332961467377,0.010407017692186124,0.7947855931235195,39.05229,0.13188788,0.011852253,0.0,0
site8_114.png_X256_Y0,14.488452251365972,1462.0877768468113,0.04593463856445447,0.007513982046826518,0.7535544839436568,24.691925,0.17345071,-0.09383519,0.0,0
site8_114.png_X0_Y256,14.24502211583733,1136.1460380322956,0.05071324246143091,0.008361329300340302,0.7982950287256707,37.256973,0.16190198,-0.044310465,0.13763427734375,1
site8_114.png_X256_Y256,14.237067244703237,955.2445409067484,0.0529612662375046,0.008126763885884061,0.8409170642852565,24.651672,0.18962005,-0.12210547,0.0,0
site8_123.png_X0_Y0,14.040440688695844,1260.0304585227027,0.051151571237681354,0.009230002282633713,0.7028760569392829,58.213745,0.021630209,0.26556793,0.0,0
site8_123.png_X256_Y0,14.404371009679654,1412.0924882858717,0.04633626697267566,0.007907583152926216,0.7721257724199003,67.00076,0.034341644,0.24278615,0.0,0
site8_123.png_X0_Y256,14.054425461723167,1142.358254187189,0.049269760222568085,0.008930514450653132,0.7172831336566261,59.791275,0.02916586,0.25137532,0.0,0
site8_123.png_X256_Y256,14.35915472788427,1634.5400611845112,0.04924025015505405,0.008522439463916034,0.7185037728145715,55.747894,0.04914528,0.18170744,0.0,0
site8_124.png_X0_Y0,14.544831988143258,1613.7389836691077,0.04648902647385719,0.008209221733464833,0.7223463286851904,21.097244,0.16145189,-0.0989139,0.515533447265625,2
site8_124.png_X256_Y0,14.505028196196585,1444.253017529294,0.05476178945188358,0.007801750680211361,0.81353526380607,15.445038,0.16417237,-0.12012404,0.50921630859375,2
site8_124.png_X0_Y256,14.369118611736635,1300.1200121197999,0.06403041307206303,0.018460208618112556,0.8236217653940311,36.3938,0.12157299,0.016052343,0.1965179443359375,1
site8_124.png_X256_Y256,14.53432833881234,1575.6215609381898,0.040001720862994264,0.007312029090742391,0.6967337067934252,35.739075,0.1441568,-0.017941322,0.2459716796875,1
site8_133.png_X0_Y0,14.013586645482699,1174.2420804949818,0.04938216043095917,0.009049027479407556,0.6864526637683218,57.21982,0.027390344,0.2538019,0.0,0
site8_133.png_X256_Y0,14.717240578053246,1961.1549567775871,0.0371353661403967,0.006715006979054821,0.6818457242106941,73.76985,0.03463229,0.24152575,0.102142333984375,1
site8_133.png_X0_Y256,14.02584675247516,1311.1942761048958,0.05745624270444315,0.009893076541710653,0.7180571979420349,57.184006,0.021848958,0.26717016,0.0,0
site8_133.png_X256_Y256,14.54120220974626,1727.6549935421967,0.03670928225020782,0.007224883286199218,0.6375813391440888,44.72229,0.1194462,0.013963545,0.204437255859375,1
site8_134.png_X0_Y0,14.341266001675741,1297.7024623643445,0.04429153896382844,0.007909719905136125,0.7341479610698707,36.604675,0.1270348,0.008428289,0.197357177734375,1
site8_134.png_X256_Y0,13.638380571460367,997.2385522996685,0.06929566597083776,0.011872545090781417,0.7324412721023577,46.7554,0.07566632,0.16897911,0.0,0
site8_134.png_X0_Y256,14.103367265116752,1055.2277506098017,0.04412425945214708,0.008413985200376076,0.7139761414434973,38.01912,0.14099473,0.0032858416,0.0098114013671875,0
site8_134.png_X256_Y256,14.364537349578146,1189.836021662435,0.05302052376273951,0.008316117187013635,0.82107916836933,30.504608,0.12931946,-0.008233752,0.3274078369140625,1
site8_135.png_X0_Y0,14.430095599245618,1463.4006760020961,0.045072350712987735,0.007816635431843933,0.7391951086880351,38.312546,0.13079178,0.032817706,0.1192626953125,1
site8_135.png_X256_Y0,12.810781476162608,503.99455976968125,0.06007164209281603,0.014195976713856962,0.6125618208517297,9.59343,0.20403144,-0.18234783,0.0,0
site8_135.png_X0_Y256,14.148747547735939,1112.4286574875466,0.04174661003754901,0.008280283611013182,0.6897209802307708,31.222855,0.16367121,-0.04154214,0.041046142578125,0
site8_135.png_X256_Y256,12.955556716578016,557.5326105193919,0.056893595186054406,0.013424104019535596,0.6112566470871296,6.3170776,0.21185099,-0.19667293,0.0,0
site8_143.png_X0_Y0,13.733846170231091,1132.0148694012887,0.05875722013202394,0.010594090420239075,0.6486667439368958,48.48143,0.024333946,0.2589904,0.0,0
site8_143.png_X256_Y0,14.38558513189023,1324.657534707361,0.04469579194377482,0.007836131908747277,0.7643888812532643,49.723526,0.061547134,0.16156122,0.148529052734375,1
site8_143.png_X0_Y256,13.74643432790945,1245.2329139935214,0.05629793556789082,0.010514584800381577,0.5968856761580772,46.799057,0.027633563,0.2598498,0.0,0
site8_143.png_X256_Y256,14.31192078169889,1291.2157525801708,0.04845342357692402,0.00876550458170736,0.7584126797146861,56.798035,0.098878965,0.08146063,0.230133056640625,1
site8_144.png_X0_Y0,14.521233081864274,1400.962158409729,0.05014958420754449,0.007906989445169182,0.7989954773310499,23.847488,0.14560215,-0.05387729,0.35272216796875,1
site8_144.png_X256_Y0,14.664545609349885,1692.1536148958448,0.048888850198311296,0.0075676043136096395,0.7952318843595261,17.285004,0.13193646,-0.05587722,0.4524078369140625,2
site8_144.png_X0_Y256,13.889830612089659,1459.9518306059451,0.09423155934385642,0.03403754339677597,0.8012705681822349,4.876953,0.15573044,-0.13844147,0.8085174560546875,2
site8_144.png_X256_Y256,13.450480408523973,1679.8216518435029,0.11783449037074259,0.04865076291821613,0.7353062540519959,-5.5292206,0.16678444,-0.17964357,0.9324951171875,2
site8_145.png_X0_Y0,14.198134436872987,1308.9178523436112,0.04894938218541849,0.008543240786301256,0.729477683307568,33.21193,0.16099,0.004880541,0.0,0
site8_145.png_X256_Y0,13.841844358799378,817.5019610245954,0.06024741795414314,0.009758225075783403,0.8367878320097251,17.435516,0.18797696,-0.08735481,0.0,0
site8_145.png_X0_Y256,13.503342582328875,1053.7085036255903,0.10108171370767374,0.017590349532936905,0.8131222002598777,22.583115,0.099158294,0.08230979,0.0,0
site8_145.png_X256_Y256,13.744393052892939,1196.2671315120565,0.13997408550726012,0.039995861361908865,0.8749232478043093,17.996109,0.16650604,-0.08121822,0.2739410400390625,1
site8_146.png_X0_Y0,13.78699634762813,747.7882596086818,0.06565070518631512,0.010201401367256087,0.8773181405789381,23.327133,0.17909625,-0.055004332,0.0,0
site8_146.png_X256_Y0,13.680135041269203,729.4951428687746,0.08234065914957295,0.011511816584837775,0.8831291133733128,24.468018,0.15531528,-0.003087081,0.026824951171875,0
site8_146.png_X0_Y256,13.996374758990278,794.3182906213763,0.08188209229579609,0.009814812871899678,0.8892501574003805,3.481781,0.21422601,-0.1991993,0.2760162353515625,1
site8_146.png_X256_Y256,13.299218489381943,577.7828064175925,0.09201670751320701,0.013651727464581851,0.9038367984132538,-2.5897064,0.21389031,-0.22178975,0.20770263671875,1
site8_147.png_X0_Y0,14.019827814166655,956.4233817673124,0.06857891951401632,0.010079616276697054,0.8412933837151066,22.630081,0.14056505,0.0055906624,0.11492919921875,1
site8_147.png_X256_Y0,13.761531448115283,1233.283767105927,0.12972261831834117,0.014109307060749622,0.8777621998637132,4.1379395,0.17837323,-0.15562533,0.3232879638671875,1
site8_147.png_X0_Y256,13.076269283039657,525.6038997771302,0.08929056555839457,0.014828625203933677,0.8606996519301333,-4.4987793,0.18284084,-0.19624636,0.209747314453125,1
site8_147.png_X256_Y256,13.689207795059676,1092.6206436377981,0.1289005654726843,0.015162485549454902,0.8571643385425217,-2.970398,0.19376358,-0.22738248,0.7272491455078125,2
site8_155.png_X0_Y0,12.418540929226253,470.58839659030343,0.14937865156667524,0.02673449987822185,0.9063551953135276,12.899719,0.1694293,-0.081313506,0.0,0
site8_155.png_X256_Y0,12.271909338966065,570.8568305310168,0.16663885163023592,0.023544102783490877,0.8658922350293543,4.5052795,0.14734232,-0.12964848,0.0,0
site8_155.png_X0_Y256,13.075350452708772,572.3645648458821,0.1112700851972482,0.016558545093146068,0.8771438696236404,9.527512,0.16999984,-0.09647948,0.0,0
site8_155.png_X256_Y256,12.308885838489584,419.84877715307886,0.17688452618368053,0.021840518749004653,0.9382534471493562,3.5146332,0.10999745,-0.10175861,0.0,0
site8_156.png_X0_Y0,12.962051271776742,574.1145919989245,0.17099409932703313,0.020038982869614162,0.9583598180382714,-6.664139,0.18314955,-0.23137087,0.632110595703125,2
site8_156.png_X256_Y0,13.555106963308292,1112.3358629193222,0.12128288438656312,0.020315810782844265,0.8960737366468496,-7.4939117,0.18025398,-0.20513523,0.9527435302734375,2
site8_156.png_X0_Y256,13.775031258459133,1218.227605968968,0.06957310470112944,0.011662583622833072,0.6883905785257003,-7.04805,0.12232576,-0.14597993,0.545166015625,2
site8_156.png_X256_Y256,14.290160579346622,1814.9771623594397,0.03243004570428833,0.00786926739124526,0.4661466214615066,-8.254272,0.17854792,-0.20093378,1.0,2
site8_157.png_X0_Y0,14.012255574808204,1332.6016693850054,0.06026984478990535,0.009882226130735378,0.6732849299793934,-10.688019,0.20338896,-0.23823845,0.667724609375,2
site8_157.png_X256_Y0,12.971124907369198,706.5930361819486,0.10179593174434681,0.016557064067385066,0.9070075281883104,-6.871887,0.21660599,-0.26022142,0.193115234375,1
site8_157.png_X0_Y256,14.331788632041883,1578.610135284546,0.05050024066876803,0.0081560866556396,0.6649585373418396,-7.7780304,0.2019193,-0.23404142,0.819580078125,2
site8_157.png_X256_Y256,12.46402126503309,452.8471919303729,0.107608657537926,0.018226949507928074,0.9189553386628583,-6.285904,0.19424775,-0.22703347,0.0911407470703125,1
site8_166.png_X0_Y0,13.565866096154021,1071.2577687519083,0.07779495024462639,0.012926499153732503,0.6987396369331116,-6.7725983,0.111117765,-0.13470441,0.4693450927734375,2
site8_166.png_X256_Y0,14.419245108755636,2031.274148374403,0.035353222509015785,0.007640087269600417,0.5233178143358959,-9.112579,0.18685547,-0.21539447,1.0,2
site8_166.png_X0_Y256,13.564256607636516,1296.1016793422668,0.07923528243663479,0.013047739910840739,0.6297362092404055,-6.0596313,0.10190348,-0.12362379,0.4200592041015625,2
site8_166.png_X256_Y256,14.61841575896219,2558.2165673658988,0.03128972287647251,0.007020974215851306,0.46785288773306394,-9.369904,0.19225964,-0.22297224,1.0,2
site8_167.png_X0_Y0,14.27990601779587,1857.4427086187045,0.05307023280105047,0.008700291713564616,0.5763430799812961,-9.386032,0.20352569,-0.24393198,0.8176727294921875,2
site8_167.png_X256_Y0,12.57162465901088,344.87975880669615,0.11345936563553095,0.017631714338777575,0.9494808209004366,-4.253723,0.16120747,-0.16746935,0.018035888671875,0
site8_167.png_X0_Y256,14.280321856511028,2100.0789127228845,0.05920164421128319,0.009378866474898006,0.5098414540694753,-8.232025,0.17677632,-0.20514882,0.9846954345703125,2
site8_167.png_X256_Y256,11.788036297355827,255.1074284680198,0.12051177261506002,0.022666825823033337,0.9074330032443796,-5.4606476,0.16351849,-0.17923348,0.0677490234375,1
site8_168.png_X0_Y0,13.872081217051164,822.7764221844571,0.07487564564687772,0.009827353765258262,0.8455132104502749,18.886856,0.15492089,-0.031075597,0.0689544677734375,1
site8_168.png_X256_Y0,12.572282531440095,396.6170936358666,0.06835188090478066,0.015033570391648808,0.6048881426851587,4.8922424,0.22756845,-0.21524343,0.0,0
site8_168.png_X0_Y256,13.825856444694537,1508.0493049399051,0.12762867829537067,0.018361472367590743,0.8919975912374403,1.4682617,0.14603537,-0.13141543,0.6064453125,2
site8_168.png_X256_Y256,13.364229458034465,778.2876897107171,0.06271041798959151,0.011684610007402091,0.7076392775815777,4.200714,0.21942796,-0.21411715,0.0,0
site8_175.png_X0_Y0,13.21360854739958,629.0678667009473,0.11163774926106616,0.018932389643223684,0.8870122377524557,13.922913,0.16564226,-0.07449238,0.0,0
site8_175.png_X256_Y0,13.184463573276224,1099.189266658448,0.160298173601424,0.017340786171724173,0.8778754982110415,-5.4125366,0.16963968,-0.18219303,0.2310028076171875,1
site8_175.png_X0_Y256,12.907795977553215,732.2721356870613,0.15256151263937012,0.04137447337695943,0.9188968368989666,8.387604,0.17645653,-0.11881353,0.0,0
site8_175.png_X256_Y256,13.508141323655062,1656.3151017490081,0.1329371137021491,0.017872221594661158,0.8501799293756408,-7.9759216,0.23028567,-0.25809804,0.53131103515625,2
site8_176.png_X0_Y0,13.892232087275087,985.4461750289206,0.11179532926457468,0.011073363425260569,0.8450035695933669,-6.920059,0.12688698,-0.15719706,0.51336669921875,2
site8_176.png_X256_Y0,14.438337087419148,1938.375575995401,0.035677567406471114,0.0074748911710190965,0.5261112455856055,-9.429352,0.18563703,-0.21249166,0.988494873046875,2
site8_176.png_X0_Y256,10.394577827258257,143.42719191537117,0.15096545395493688,0.036366838949935865,0.6699160687406132,-6.173477,0.16693279,-0.17796966,0.0121612548828125,0
site8_176.png_X256_Y256,10.049529064397127,109.35020860366299,0.16225136048025918,0.04058199917294694,0.6426156651064345,-7.1172943,0.16740987,-0.18059005,0.0016632080078125,0
site8_177.png_X0_Y0,14.24825483769431,1504.1314503436492,0.05452558315016863,0.008391478624398561,0.6699967969284142,-7.9619293,0.18609464,-0.21348278,0.859100341796875,2
site8_177.png_X256_Y0,11.455264138161347,211.3032605548393,0.12347002723660128,0.023785119063047772,0.6847045269160513,-4.0845947,0.15955248,-0.1673452,0.02716064453125,0
site8_177.png_X0_Y256,10.318050650005938,96.8778812686233,0.15484579864562442,0.03550356311938381,0.5889618185743817,-6.4324646,0.16001901,-0.1715728,0.0,0
site8_177.png_X256_Y256,10.861719864361946,130.64381606533627,0.12638746255366662,0.028181787351484716,0.5694527297314363,-5.1655426,0.15841037,-0.16778947,0.0,0
site8_178.png_X0_Y0,13.929127155979732,1128.1047480085026,0.10245711237190368,0.014285788316164352,0.9044588449612742,-3.190567,0.16197827,-0.19038881,0.6176300048828125,2
site8_178.png_X256_Y0,13.939234236473885,1063.9159539900759,0.057136152062178175,0.009593996166502063,0.7289079273623599,8.161392,0.2066614,-0.18750261,0.0,0
site8_178.png_X0_Y256,12.71166736136654,1122.7925543511728,0.18281412933067748,0.019291925454999123,0.7744099073687433,-12.3307495,0.21269956,-0.2907653,0.0,0
site8_178.png_X256_Y256,13.641607328729384,1146.877333913098,0.11013472598878582,0.013706489222798542,0.7664576071389418,-4.931183,0.22482449,-0.26018816,0.0665130615234375,1
site8_179.png_X0_Y0,13.419091824547326,725.8182239252985,0.052315528546412166,0.011225379153529282,0.6250320981438109,4.1495056,0.2107416,-0.198904,0.0,0
site8_179.png_X256_Y0,13.198474896600192,565.8282442149697,0.05893668388966403,0.012127466184434384,0.6787485781571583,3.924118,0.21249291,-0.20190331,0.0,0
site8_179.png_X0_Y256,13.725869359586925,943.2277043986139,0.06323044561696528,0.013895964211964235,0.8041756920596931,12.781372,0.20320266,-0.15743649,0.10113525390625,1
site8_179.png_X256_Y256,13.496545593460864,688.2763034650216,0.05330748989574797,0.010689867425852262,0.67601292229279,4.4661407,0.2355792,-0.22138862,0.0,0
site8_185.png_X0_Y0,13.515332054842165,661.7924068717746,0.07360043882371457,0.011878957657714018,0.8092919176799751,9.942184,0.20586899,-0.15824285,0.0,0
site8_185.png_X256_Y0,12.450891565530695,828.0464169431627,0.21215789880031471,0.02912168161665727,0.8773566348126837,-4.482544,0.23170716,-0.2719588,0.487152099609375,2
site8_185.png_X0_Y256,13.70706712522026,700.3527415687553,0.05631720340251615,0.009762579226384321,0.7817601440097539,12.342682,0.20632899,-0.16348505,0.0,0
site8_185.png_X256_Y256,10.82511704461505,358.29539693272693,0.271796351446766,0.04476814296978018,0.841797190580853,7.307495,0.091298565,0.003184747,0.043792724609375,0
site8_186.png_X0_Y0,12.874400491164153,689.3901510536427,0.19568278970069375,0.017183307871820725,0.9417669911658975,-6.3373413,0.18845472,-0.21994929,0.6285552978515625,2
site8_186.png_X256_Y0,12.377730737245342,762.7828108780024,0.1823472878628902,0.02536844650500317,0.8521796944090729,-5.4481506,0.16780329,-0.18296668,0.4000701904296875,2
site8_186.png_X0_Y256,13.842291756138431,1325.8681516573874,0.08225067169312292,0.011101678188665497,0.761306642813012,-16.093384,0.21153744,-0.27037522,0.1192779541015625,1
site8_186.png_X256_Y256,13.886747009419949,1364.933630649839,0.0591841701124664,0.009463975559265253,0.7111820655109252,-17.263092,0.2277585,-0.2962358,0.1270751953125,1
site8_187.png_X0_Y0,11.557562606024668,370.7768370488665,0.20167451409917114,0.02630266619646364,0.7746802547097389,-6.900467,0.16399382,-0.17773466,0.18121337890625,1
site8_187.png_X256_Y0,9.40870026130758,59.02642877739409,0.23486734573317325,0.05468545225527303,0.7242373903633534,-7.227234,0.15153247,-0.1660749,0.0,0
site8_187.png_X0_Y256,13.289162864080504,942.9523571163097,0.1507911746121271,0.015143959829795592,0.8435402340236495,-11.965988,0.1914033,-0.24801683,0.0338134765625,0
site8_187.png_X256_Y256,10.516653081207037,99.57860231040753,0.2231847076249564,0.037641933126860816,0.9696044953230814,-6.687134,0.13140482,-0.15082416,0.0,0
site8_188.png_X0_Y0,13.239487614211018,648.7230045235065,0.1366648727811669,0.019599933045536366,0.8475847285146344,8.702377,0.18725742,-0.15791222,0.0,0
site8_188.png_X256_Y0,13.569037658739875,897.7135171568909,0.050970698203253284,0.011113421800705148,0.633489833013296,6.2085266,0.21431857,-0.19422328,0.0,0
site8_188.png_X0_Y256,13.500700253503437,1033.0992713591047,0.13450882221365473,0.015441470021090496,0.8490379554701968,7.5547028,0.14958024,-0.122784644,0.0,0
site8_188.png_X256_Y256,12.720973470089872,441.2495476199114,0.06487869487378907,0.014223096627693253,0.6034023428310769,9.6176605,0.20659035,-0.1802935,0.000213623046875,0
site8_189.png_X0_Y0,13.295178991458524,796.0562682021707,0.05614788266138659,0.012469597106705548,0.5597991080966386,-1.6540833,0.20716864,-0.21421054,0.0,0
site8_189.png_X256_Y0,13.399061267914233,772.3157096880025,0.0575487811175958,0.011833693821624417,0.6254681577236089,-4.7782135,0.21558091,-0.23277614,0.0,0
site8_189.png_X0_Y256,12.517251318192603,343.66636335784784,0.07450916752354757,0.015670216120358203,0.6834150782434684,1.7533264,0.22264276,-0.21922079,0.0,0
site8_189.png_X256_Y256,12.467090956558936,312.91345229299344,0.08037114751895474,0.016258019756060962,0.7393013294288338,0.33207703,0.22179721,-0.2223691,0.0,0
site8_193.png_X0_Y0,13.62287496133154,1174.5220399457194,0.05914344086756456,0.011483471770418772,0.6426019319317217,46.052414,0.022467691,0.25858444,0.0,0
site8_193.png_X256_Y0,14.584959856339793,1663.7575029737673,0.04012390621665104,0.0070985326066831484,0.7194368886086834,60.222275,0.051562704,0.18535382,0.0,0
site8_193.png_X0_Y256,13.779447174031837,1294.0988738257488,0.055253257248897424,0.010819262105433925,0.6538902956473951,49.244705,0.026143756,0.25050938,0.0,0
site8_193.png_X256_Y256,14.514546658228966,1605.6060198902449,0.040279324646669175,0.007236005476549709,0.6995118608110815,59.69586,0.05788658,0.17386504,0.0,0
site8_194.png_X0_Y0,14.20467024301068,1301.36761287729,0.036860500726953384,0.008193730583880739,0.6230418141826324,32.519073,0.15276346,-0.062614836,0.0,0
site8_194.png_X256_Y0,13.512483591610732,692.4240338001027,0.050071513808512706,0.010445684740886894,0.6804489138911779,24.621323,0.1690873,-0.10173554,0.0,0
site8_194.png_X0_Y256,14.44788285745933,1453.914099114559,0.03777918394279277,0.007429126539777088,0.6819516490270938,22.38655,0.1649951,-0.09595302,0.03253173828125,0
site8_194.png_X256_Y256,13.415221823019166,699.6717622278734,0.05191343936828208,0.011332900980038054,0.6668161794331393,20.65358,0.17649348,-0.12975289,0.0,0
site8_196.png_X0_Y0,13.278263226509829,1074.7679349138084,0.06791457697124968,0.012775638450734723,0.6857072052779001,-17.843323,0.21965107,-0.26880535,0.0,0
site8_196.png_X256_Y0,13.09843850214148,1061.5137711456657,0.07045285658727579,0.013596015568696758,0.6818201556288535,-19.010864,0.2305211,-0.2851554,0.0,0
site8_196.png_X0_Y256,12.769952766510672,725.2882149743876,0.1892985943377713,0.06655165089713046,0.9324582526322023,-3.640564,0.16149491,-0.15023701,0.0,0
site8_196.png_X256_Y256,12.148112767078484,690.3993722066043,0.19313602865008878,0.1039405602826877,0.855441327138269,-2.6308289,0.18570514,-0.1936486,0.0,0
site8_198.png_X0_Y0,13.589585441324806,878.3893390162611,0.1034214260970292,0.012738409692814506,0.8216007418747782,1.4115906,0.17286319,-0.17612806,0.0,0
site8_198.png_X256_Y0,12.946615542026528,612.9177731371426,0.05760100489703652,0.013496629679727258,0.5241402938156897,7.606018,0.21310006,-0.19631796,0.0,0
site8_198.png_X0_Y256,13.284910895532041,858.8342243218588,0.13660795936253087,0.017465954929040614,0.852772157190894,3.502365,0.14382605,-0.12994218,0.0,0
site8_198.png_X256_Y256,13.781869983874957,1092.1774373438755,0.051474781730028035,0.010382785156670378,0.6307762054677813,6.778824,0.2120719,-0.19448975,0.1996612548828125,1
site8_199.png_X0_Y0,13.023419160146656,627.403284223629,0.056964510925212264,0.013101089309715186,0.5432669686653081,1.9416351,0.2128166,-0.20943579,0.015716552734375,0
site8_199.png_X256_Y0,12.86294836287162,513.6631375552724,0.06188417480722233,0.013772677514764702,0.5712484630028509,1.75914,0.20568794,-0.20249885,0.0,0
site8_199.png_X0_Y256,12.844528284699798,541.021853989457,0.05910274470079635,0.013725983977080152,0.5254644395963858,6.241623,0.20635995,-0.19361827,0.0,0
site8_199.png_X256_Y256,12.844863194739725,522.9808257791544,0.06054691985156879,0.013694065725645008,0.5449086757779952,-0.59198,0.20607094,-0.20838551,0.0,0
site8_204.png_X0_Y0,14.27357137612242,1348.582392814773,0.04996524845861837,0.008384471027763572,0.7317582468053456,65.65018,0.037073568,0.24967518,0.0082550048828125,0
site8_204.png_X256_Y0,13.902594698213772,1042.8126846044956,0.04368125138530571,0.009177283222985288,0.6297269655675785,36.020416,0.15265274,-0.05395092,0.0,0
site8_204.png_X0_Y256,14.152499153121086,1247.5559933380061,0.0581526342371044,0.009412232976769094,0.7726642364548402,55.05983,0.070089884,0.17134303,0.0,0
site8_204.png_X256_Y256,14.440648175462758,1454.1324704591245,0.040707727700117616,0.00748854021105843,0.702185471970872,52.25981,0.09465197,0.099555865,0.0,0
site8_206.png_X0_Y0,12.405419260586541,753.0457701816388,0.23830377930259175,0.12851040335183195,0.9214596778573548,17.96347,0.0939043,0.007880207,0.1554718017578125,1
site8_206.png_X256_Y0,12.82806811540706,1034.1106737943978,0.20843597271707515,0.1191755204418319,0.9167322520196011,14.960449,0.1334472,-0.06966687,0.0395050048828125,0
site8_206.png_X0_Y256,13.781348083951901,995.2538456663851,0.04838429600939384,0.009646054561631161,0.6347401309254532,36.15007,0.14572385,0.020529648,0.0,0
site8_206.png_X256_Y256,13.987664482074862,1091.7780010543524,0.046948674078923044,0.008940301250070084,0.656389923656861,33.429306,0.1433739,0.028864734,0.0,0
site8_207.png_X0_Y0,13.546402376177602,612.8309436424762,0.12576102622230453,0.011446473952428978,0.8970995392579144,0.27172852,0.15725939,-0.16013679,0.02020263671875,0
site8_207.png_X256_Y0,11.128916015397305,116.0522902549513,0.17369296045552832,0.02854622298550468,0.8858932076851652,-5.5867767,0.14775217,-0.15976012,0.0,0
site8_207.png_X0_Y256,13.992697652664955,1022.7321985384692,0.048924565466712075,0.008826823638113858,0.699776612855091,22.102448,0.17112306,-0.07292872,0.01654052734375,0
site8_207.png_X256_Y256,11.635576918166244,200.65371505250897,0.15912969351218198,0.024231201204052866,0.8302512314842715,2.224121,0.14521265,-0.13622637,0.0,0
site8_214.png_X0_Y0,14.18027082546558,1144.1012292598132,0.04928964516041913,0.008315096319972239,0.751074962547846,35.832535,0.1535002,0.0033328347,0.0,0
site8_214.png_X256_Y0,14.322989694841237,1245.265594107459,0.0391932699098087,0.007767778794228703,0.7006561171377467,22.05104,0.18763548,-0.12143973,0.001739501953125,0
site8_214.png_X0_Y256,13.171516869365604,672.8349271014408,0.10185589247276669,0.01880190728479074,0.8875761048315322,14.261276,0.14976034,-0.059601948,0.0,0
site8_214.png_X256_Y256,14.217707889390345,1128.4134781244384,0.04209588260165131,0.008116785241311465,0.7164043918694696,9.806595,0.20681377,-0.17051943,0.0676116943359375,1
site8_224.png_X0_Y0,14.02812534796011,843.1796083537605,0.0501681109403459,0.008786545547736507,0.8003553831583416,4.725891,0.19579375,-0.1792799,0.0,0
site8_224.png_X256_Y0,13.793015934688603,688.4055170337057,0.05796230925689662,0.010060853412967058,0.8381161810610334,11.104645,0.18273659,-0.14284162,0.0,0
site8_224.png_X0_Y256,13.468081476395495,548.0508924451941,0.07474938010010121,0.012572658212935118,0.9020618548520495,11.0989685,0.16667028,-0.12273658,0.0112152099609375,0
site8_224.png_X256_Y256,13.10735465404549,444.6427692924471,0.09039262070701923,0.013636101082502461,0.9270683462107641,3.9617462,0.1795116,-0.17225361,0.0147552490234375,0
site8_233.png_X0_Y0,13.345131194363196,939.7696075427681,0.14758603202449735,0.015126592475535793,0.9258182133369914,-8.560699,0.16643088,-0.18165359,0.019317626953125,0
site8_233.png_X256_Y0,13.648062103453242,1898.340946105525,0.08086782988248836,0.012273243971444688,0.751781890883497,-24.509033,0.21461803,-0.28724614,0.0,0
site8_233.png_X0_Y256,12.962471260496367,611.3714483161107,0.12088378595584871,0.016810997054442646,0.9223062990234653,-0.5361328,0.15800934,-0.1581041,0.1154327392578125,1
site8_233.png_X256_Y256,13.275393426299747,970.1159147923826,0.10547358957827324,0.013560505575299923,0.8311828133911172,-11.163376,0.18425667,-0.2232377,0.0285797119140625,0
site8_234.png_X0_Y0,12.846326203176872,1680.1538173868933,0.07109880164119116,0.015268580151350462,0.5217208306745931,-31.773972,0.23780803,-0.3431716,0.0,0
site8_234.png_X256_Y0,13.144823539373828,1048.1979664973676,0.15107438622568115,0.015229418753900452,0.8278486423688194,-14.3641205,0.1724912,-0.22571915,0.0,0
site8_234.png_X0_Y256,13.26853929415821,1269.8717975658474,0.14290421918871113,0.019494821274368235,0.83411699909752,-18.105621,0.2023994,-0.26207745,0.140289306640625,1
site8_234.png_X256_Y256,13.050753120770025,482.2939441561073,0.14927185406318874,0.014771735058777958,0.9305252952075114,-0.28164673,0.13123187,-0.1351372,0.0,0
site8_235.png_X0_Y0,12.270184796156885,499.12830559462617,0.20602919043830648,0.0241182738356319,0.9174012971288845,-14.185684,0.20105508,-0.24790007,7.62939453125e-05,0
site8_235.png_X256_Y0,13.461932130123362,499.95616804535155,0.10502535279026085,0.011653744374131407,0.9071151455430015,4.8559265,0.19868632,-0.18760747,0.01416015625,0
site8_235.png_X0_Y256,13.670230178980832,743.271102385519,0.1260582881487962,0.013021929787400828,0.9087403287229743,3.3611298,0.13714914,-0.13091248,0.0654144287109375,1
site8_235.png_X256_Y256,13.070008025178824,376.28928760873606,0.09214265845250202,0.0136685262158464,0.8642221806334034,11.424515,0.17682526,-0.15225488,0.0525360107421875,1
site8_236.png_X0_Y0,12.93463626228773,425.47970068601893,0.11217427121291278,0.01709787214755141,0.9410284025118237,12.861572,0.14786686,-0.094006814,0.0,0
site8_236.png_X256_Y0,13.038528744564228,383.68872371805224,0.14089524556915942,0.015789638592422748,0.9578209207106998,15.087357,0.08939363,-0.0069510452,0.0,0
site8_236.png_X0_Y256,12.963038698573097,660.3390229269801,0.1544888402694863,0.01685099716527439,0.8755312097353579,3.2961884,0.085849516,-0.074101195,0.163360595703125,1
site8_236.png_X256_Y256,13.801321687653381,679.7382645797541,0.09493372575096654,0.010070456215499544,0.8882409485976169,11.30986,0.12704937,-0.08619517,0.0433349609375,0
site8_244.png_X0_Y0,11.47575744358845,997.4092220841444,0.20601270436628638,0.0366324271988949,0.7167979901454986,-10.432327,0.13786834,-0.1748159,0.0560760498046875,1
site8_244.png_X256_Y0,14.287277219180034,1959.9843390911915,0.04451431437979729,0.009084929537955552,0.6212672294987787,-2.8082886,0.13585982,-0.1442809,0.979278564453125,2
site8_244.png_X0_Y256,11.163012167371388,1126.6280009492057,0.19255751479834976,0.038207658362563714,0.5808562838816156,-11.664627,0.14920515,-0.19051062,0.0195159912109375,0
site8_244.png_X256_Y256,14.139760155323863,1837.2444850837503,0.044614707376230106,0.009733938036796654,0.6027024575020706,-3.5141144,0.1373674,-0.14626664,0.9992523193359375,2
site8_246.png_X0_Y0,13.853942667743441,1187.4045283366459,0.10943704844805269,0.01168354533924612,0.7799430289009808,27.620422,0.044985622,0.085015796,0.179718017578125,1
site8_246.png_X256_Y0,13.817672779210554,742.7542252829364,0.08363469097238424,0.010243617445229869,0.889809444380772,27.124786,0.09811029,-0.0021399166,0.0543365478515625,1
site8_246.png_X0_Y256,14.205091136487052,1140.1107529856683,0.05150412643487366,0.008270110081319792,0.7412996541380152,35.48752,0.077431366,0.0780198,0.0,0
site8_246.png_X256_Y256,14.07597549187117,884.8655441566847,0.054160196423171415,0.008893514911653112,0.8288542645917345,39.71988,0.081746906,0.08442426,0.0,0
site8_247.png_X0_Y0,13.137983330341088,720.3523953226954,0.1664780689100275,0.04267913859695427,0.8923803762221132,14.955872,0.13400947,-0.091673516,0.0,0
site8_247.png_X256_Y0,12.994672559909937,781.2074334691617,0.2057765656806825,0.03964770402885625,0.920443068735631,42.98079,0.0124703385,0.24284863,0.0022430419921875,0
site8_247.png_X0_Y256,12.018169484009988,695.497940065093,0.24196590656140476,0.147597497336515,0.9092193694010379,17.033173,0.13775027,-0.08712954,0.0,0
site8_247.png_X256_Y256,8.835446504065267,426.0019969332585,0.5202464646946066,0.36356369954758105,0.9693305487199939,2.8283844,0.12368068,-0.12797311,0.1837615966796875,1
site8_254.png_X0_Y0,11.408256864329381,1004.5367114661453,0.17436774404323996,0.04067115635400718,0.653712636790857,-9.323807,0.13957325,-0.17634083,0.0,0
site8_254.png_X256_Y0,14.12469763157874,1625.3431632664467,0.04235374377584797,0.00881550438239882,0.6237596020441873,-3.9246674,0.13823003,-0.14829703,0.988037109375,2
site8_254.png_X0_Y256,11.742985632055623,818.7148325764072,0.15409014593945602,0.03276921406533147,0.7236136726444544,-11.29483,0.14340462,-0.18828169,0.0,0
site8_254.png_X256_Y256,14.10790270204599,1319.9045871028488,0.046604587239276414,0.008574509208481044,0.6930061892340291,-3.982605,0.13890114,-0.15040399,0.9662628173828125,2
site8_255.png_X0_Y0,13.511036735673569,1187.4357658563943,0.14326472467613266,0.06534180677410131,0.8487712891838608,25.565735,0.08763161,0.05900031,0.0,0
site8_255.png_X256_Y0,13.949123110646342,796.7190085544087,0.07809205145398548,0.009657156741390548,0.8541606260231318,16.706741,0.13516015,-0.06753441,0.0,0
site8_255.png_X0_Y256,12.614894605995785,1054.5753106828477,0.19216356368612675,0.13789257868236166,0.8588270930508405,25.364182,0.13469936,-0.046925128,0.0151214599609375,0
site8_255.png_X256_Y256,12.62557047567239,588.9394010867808,0.17130659832271017,0.021195293628953737,0.8066738396568425,13.4335785,0.07180321,0.04261549,0.0,0
site13_6.png_X0_Y0,10.506395835287634,264.87136205127234,0.3799153493711179,0.2598432819842177,0.973031095032596,4.549759,0.09435773,-0.06588298,0.3403778076171875,1
site13_6.png_X256_Y0,10.176694901237422,360.41908842152316,0.3901357270904421,0.2253205051620878,0.9767918242318765,2.0632172,0.10088212,-0.09954129,0.1902008056640625,1
site13_6.png_X0_Y256,12.427809610910787,198.19306708957956,0.23794882600390654,0.023574960752516045,0.9747947123430054,19.947586,0.06596637,0.024868298,0.0,0
site13_6.png_X256_Y256,12.607899706801621,343.2421427906422,0.16624283805763201,0.0184741723291154,0.8321545180904213,12.387756,0.087845504,-0.06445595,0.0,0
site13_7.png_X0_Y0,9.098941648431136,302.50500497102456,0.43356164664415336,0.18446405231923477,0.9799024885536486,1.3153381,0.10263285,-0.10222049,0.04638671875,0
site13_7.png_X256_Y0,9.401161029614666,381.6845457125522,0.4235989511270337,0.15131597369042407,0.9720973366294965,0.495636,0.10618375,-0.10980633,0.060943603515625,1
site13_7.png_X0_Y256,10.402687661791854,78.19211536728756,0.2943847807982381,0.04068003464620676,0.895086268451188,4.5033417,0.12435815,-0.11699824,0.00946044921875,0
site13_7.png_X256_Y256,9.794182190893357,59.45804122813385,0.33954054702626135,0.050109867937980765,0.9602681465557612,3.4763184,0.12821567,-0.1208449,0.0034027099609375,0
site13_8.png_X0_Y0,11.126712575061,203.99453935987134,0.3378267310605164,0.0934299603282905,0.9769425572738211,-1.0223389,0.108223766,-0.11365443,0.0,0
site13_8.png_X256_Y0,11.017552303504546,139.40119886281968,0.2716625053496693,0.05865261125142994,0.9532175231208668,-4.879257,0.1280096,-0.14213821,0.0,0
site13_8.png_X0_Y256,13.028255219439082,346.5400472474512,0.18698930413551618,0.016446723908262184,0.9390133197592536,3.8736877,0.11403109,-0.09546408,0.0669097900390625,1
site13_8.png_X256_Y256,10.403147327534814,108.69416076449141,0.2731229044702886,0.0420640623275139,0.9024097082014072,-2.8017578,0.13718781,-0.1442028,0.0,0
site13_16.png_X0_Y0,12.722561839778658,277.14167983770653,0.14130176975397235,0.016752782018246364,0.9392045888775463,16.537308,0.07342074,0.040815525,0.32763671875,1
site13_16.png_X256_Y0,12.862138235535499,335.68198404763143,0.11314299459557889,0.014792157145856764,0.8701316668430308,13.898071,0.10868253,-0.05692885,0.082122802734375,1
site13_16.png_X0_Y256,12.587574495622931,241.37104343883775,0.1270470230782349,0.01621039516639306,0.9345829208168306,35.612488,0.028224654,0.17120996,0.0,0
site13_16.png_X256_Y256,12.478147550311753,283.7136079572988,0.16702755106235512,0.01960891331237541,0.9135941185443457,2.605362,0.1338596,-0.12320535,0.0794525146484375,1
site13_17.png_X0_Y0,12.219804514132601,309.41610756683485,0.15883886869643177,0.020636598713777238,0.8361852307542984,-5.112015,0.19623518,-0.21858433,0.0461578369140625,0
site13_17.png_X256_Y0,12.213457848574935,271.3347126556245,0.16752136614137017,0.020150971170605568,0.89553433922608,6.425461,0.1118804,-0.0763365,0.3318634033203125,1
site13_17.png_X0_Y256,12.56978289781077,343.81569469979524,0.18259061164197038,0.027080308326630477,0.9330073197274213,-0.99760437,0.12805429,-0.13237572,0.4533233642578125,2
site13_17.png_X256_Y256,12.144836524886124,222.16073066852238,0.1624086680069992,0.020613245358008576,0.9711891135509803,17.911377,0.105443716,-0.014932955,0.0496826171875,0
site13_24.png_X0_Y0,7.579475492371424,116.26605084282522,0.5260506130167415,0.3080497867410197,0.9871461387893866,-0.95700073,0.080301724,-0.082726456,0.0,0
site13_24.png_X256_Y0,12.823281305746864,314.26156900293347,0.17814724110508734,0.01978589067995012,0.9490817782335104,7.765625,0.102054365,-0.0696755,0.0,0
site13_24.png_X0_Y256,11.439254096510123,118.33022638529278,0.2471417547825767,0.028158301687451596,0.9705784501043413,5.472458,0.10903993,-0.083387434,0.0,0
site13_24.png_X256_Y256,12.491305058722242,216.53148303839563,0.1476925295009183,0.01713832403943394,0.9680157119761685,23.496246,0.0580926,0.08075002,0.0,0
site13_25.png_X0_Y0,12.480032326951108,228.96327632402702,0.11017273121285831,0.016220150979033298,0.8750753072654724,32.27658,0.091272324,0.04310959,0.0135498046875,0
site13_25.png_X256_Y0,12.522859408315277,214.65191439291843,0.114508216999398,0.016623361631885245,0.9199983692692607,17.767624,0.117242396,-0.038830176,0.0,0
site13_25.png_X0_Y256,12.479998794576066,310.4641150188843,0.11834731953364686,0.017202266301811864,0.8035394974893217,10.279022,0.13495335,-0.10609736,0.0,0
site13_25.png_X256_Y256,12.078240193673635,175.51869476284256,0.18337448898931144,0.02012160598750843,0.9030617226513977,2.3035736,0.14191145,-0.13542631,0.0,0
site13_26.png_X0_Y0,12.533911557114102,269.0245512243062,0.17311336106316622,0.021542536108100904,0.9259693620996088,0.783844,0.13274935,-0.13165674,0.22369384765625,1
site13_26.png_X256_Y0,11.797995572590974,192.91286821776626,0.17014208260211394,0.022254247539595033,0.8747944186363572,0.6481018,0.14899802,-0.1480051,0.0134124755859375,0
site13_26.png_X0_Y256,12.50148759741541,185.61170554895733,0.17365232639046474,0.017739581601342983,0.9528352784511878,12.55835,0.10821901,-0.047188617,0.29620361328125,1
site13_26.png_X256_Y256,12.821871154111708,233.31150772840454,0.14400368179777812,0.015108570119308846,0.9511320851724522,11.043976,0.11770783,-0.07872866,0.4134368896484375,2
site13_27.png_X0_Y0,10.528492844816473,102.85804399149833,0.23620529817476266,0.040735380516725705,0.7984321608549668,3.9904633,0.14233884,-0.124503925,0.0,0
site13_27.png_X256_Y0,11.76907502318315,182.6772509221375,0.17875511167617303,0.02336289618240974,0.862074697329474,5.2585297,0.15283954,-0.12640275,0.0,0
site13_27.png_X0_Y256,13.146355017034136,268.69245443458783,0.1192366564294534,0.012802149673356899,0.9601203881159073,17.41626,0.08726145,0.008802287,0.5013885498046875,2
site13_27.png_X256_Y256,12.517679648164966,232.86030667293062,0.13083003864977785,0.018340087409413515,0.9220922703567795,23.770432,0.08622907,0.027954116,0.134552001953125,1
site13_31.png_X0_Y0,10.435815557173134,170.72967719747493,0.30701348483395124,0.09847672372837475,0.9646592677438816,-4.4817657,0.13118324,-0.14246759,0.0,0
site13_31.png_X256_Y0,12.476807973918842,261.29683898621954,0.11933719210574155,0.015881665419401635,0.8383032955727017,20.630066,0.15935737,-0.049694464,0.0,0
site13_31.png_X0_Y256,8.765200455788134,94.93947691392704,0.40006661597772086,0.1611361479929943,0.9847227644548239,-4.1504517,0.11966868,-0.12903148,0.0,0
site13_31.png_X256_Y256,12.272121452914428,209.80022540910272,0.12630904547027264,0.016966611745274574,0.8606509293418187,24.821854,0.14793524,-0.0138833085,0.003265380859375,0
site13_32.png_X0_Y0,11.581817006916495,161.61007886090346,0.1555122321229876,0.022801239509925145,0.8237082705443188,22.817413,0.07170109,0.069478005,0.0400543212890625,0
site13_32.png_X256_Y0,13.030401889622897,445.7964482260952,0.1005393214749132,0.014560279885650559,0.8622399814202124,15.746414,0.085218646,0.013263591,0.2600250244140625,1
site13_32.png_X0_Y256,11.993751930028289,221.5545774912551,0.23985506552847016,0.04747094141418079,0.9735813576331401,-2.526184,0.1401188,-0.15227833,0.3169403076171875,1
site13_32.png_X256_Y256,13.070789706996077,490.6169990959358,0.17453611167513033,0.018140372917708012,0.9327390432775955,-2.4786377,0.12829,-0.13766429,0.458221435546875,2
site13_33.png_X0_Y0,13.135370152759934,487.34470474102966,0.13439148947955343,0.015721621889133307,0.9320938460723859,8.120407,0.120546356,-0.044654854,0.1109161376953125,1
site13_33.png_X256_Y0,12.15036211076696,208.8375601481595,0.18059846435615673,0.0218119893107988,0.9238470448695523,4.1605377,0.1278398,-0.07853108,0.0,0
site13_33.png_X0_Y256,13.454616688163004,515.8446931318781,0.15303971425380808,0.012868925410249452,0.9161686781753873,-5.3655853,0.15418229,-0.1743186,0.4516754150390625,2
site13_33.png_X256_Y256,11.800939445540621,124.2976297127373,0.2056003815000331,0.02256400329731836,0.9449190487588282,-3.917572,0.16239235,-0.17527103,0.0,0
site13_34.png_X0_Y0,12.101043436500529,174.96336975262915,0.25467971772406006,0.04038666706871909,0.9825893048185612,12.5,0.09584596,-0.035976946,0.0206756591796875,0
site13_34.png_X256_Y0,12.461296148625802,169.20154178982295,0.19118936752596383,0.019942081687266095,0.9698555361681844,11.174515,0.103333645,-0.05389426,0.0,0
site13_34.png_X0_Y256,10.983260129632319,68.65676554690819,0.2649579571485634,0.029539257922221188,0.9546397992001083,-0.6983032,0.14592966,-0.14867933,0.0,0
site13_34.png_X256_Y256,10.763728384425786,71.48721785190823,0.23165641661476472,0.033793816968540405,0.9379823424836058,0.75779724,0.13757956,-0.1363514,0.0,0
site13_35.png_X0_Y0,11.62758427138174,156.01270825824926,0.1793473389508522,0.02595047563694107,0.902289880764654,3.8725433,0.14124036,-0.13182704,0.02142333984375,0
site13_35.png_X256_Y0,11.774999891832348,125.2434341509327,0.2101565214849736,0.023094802301904534,0.9232973759246222,7.8749847,0.12223195,-0.10336801,0.0,0
site13_35.png_X0_Y256,10.27592261638221,62.122825520835036,0.20971717236197673,0.03654206741756234,0.8595144683162048,0.6915741,0.13515404,-0.13397084,0.0,0
site13_35.png_X256_Y256,12.387655528711562,231.9051147545503,0.19845255424093755,0.018421300838100774,0.9144514955985593,15.958099,0.10513164,-0.07206127,0.002899169921875,0
site13_36.png_X0_Y0,13.016956073655557,263.60608193062365,0.11953881991918007,0.013272601500671471,0.9476936567082949,7.384094,0.09643945,-0.045837414,0.77764892578125,2
site13_36.png_X256_Y0,12.064541297966938,217.13623454621006,0.14466960207417792,0.021296565552591577,0.8531058047290868,2.2913818,0.124232955,-0.12087678,1.0,2
site13_36.png_X0_Y256,12.934316475570526,331.63067070056326,0.11931148944329124,0.014432650961372714,0.939612139834435,-1.6392059,0.14697927,-0.1545989,0.7136077880859375,2
site13_36.png_X256_Y256,12.550832750521362,298.2004160208822,0.11938592278716334,0.016505364935256846,0.8436360749002088,2.163269,0.12566419,-0.122560084,1.0,2
site13_37.png_X0_Y0,12.609220772199738,320.7086212634574,0.10901760704167429,0.015556699113846858,0.8127364091661184,2.5058746,0.12314473,-0.119465515,1.0,2
site13_37.png_X256_Y0,13.185259711475467,352.24351696162796,0.16377064868724966,0.014517565154666581,0.9499260925432581,7.2811737,0.104176044,-0.060756586,0.484100341796875,2
site13_37.png_X0_Y256,12.789697645886315,384.58003246948317,0.10112449541815355,0.014146057302642519,0.7973682059599984,2.1378174,0.12449751,-0.121521786,1.0,2
site13_37.png_X256_Y256,13.160692075865555,411.091248798543,0.1318149584975138,0.014588330015184862,0.8907559954987693,7.6396027,0.10853894,-0.06569072,0.3768463134765625,1
site13_42.png_X0_Y0,12.297584268131146,263.1665070976598,0.15245358167687723,0.018756964333182233,0.8706397764466829,-1.6734009,0.18293992,-0.18651295,0.0,0
site13_42.png_X256_Y0,13.195892568200248,387.4849968612085,0.15232370972769826,0.0147479040380183,0.9526595858225926,-3.98143,0.14705655,-0.16553542,0.5570526123046875,2
site13_42.png_X0_Y256,12.389923233409739,249.55260389636624,0.1319938337946954,0.01695771669027369,0.8815861465889351,3.515335,0.15579325,-0.13473997,0.0,0
site13_42.png_X256_Y256,10.837561442644596,164.51670655518882,0.26557563355875147,0.050241800462869204,0.9714780999755861,-1.9246674,0.1467923,-0.15433776,0.3005828857421875,1
site13_43.png_X0_Y0,12.39561647628553,283.83594946957555,0.18261581973372845,0.02003509855377601,0.9065317020808425,-3.204605,0.15482685,-0.16558489,0.2381134033203125,1
site13_43.png_X256_Y0,11.428230432231716,182.10500235788118,0.2408792529785267,0.05065251065400708,0.9407870852557787,-2.351883,0.15077135,-0.15783727,0.13397216796875,1
site13_43.png_X0_Y256,12.87947877317481,385.01898939111857,0.16142579923243397,0.015976962708931813,0.913036716384804,-1.5201416,0.14812943,-0.15422508,0.2723541259765625,1
site13_43.png_X256_Y256,12.819266446298604,388.87027961001695,0.18951105959027803,0.017380071502143307,0.9320555545296696,-6.275238,0.14670199,-0.1650824,0.372467041015625,1
site13_44.png_X0_Y0,10.760943242183403,74.44591213415764,0.23494053306582238,0.033252103261045045,0.9636023145554928,-1.9329071,0.13454616,-0.14036909,0.0,0
site13_44.png_X256_Y0,10.444972679274025,73.16967737769343,0.19827826006747717,0.039568501545904064,0.8825363597803935,-1.2833557,0.13119507,-0.13419065,0.0,0
site13_44.png_X0_Y256,12.284900899298552,188.76543360727806,0.1908556825374092,0.019807610610977036,0.9416413250445101,-3.5681915,0.14436197,-0.15520495,0.2401580810546875,1
site13_44.png_X256_Y256,10.534362493535811,60.18878686983379,0.20850249406059967,0.03507957224565205,0.9023396121491585,-1.2566528,0.13215017,-0.13485712,0.0,0
site13_45.png_X0_Y0,11.9615139674255,216.30427355164693,0.1803815546908168,0.025770036498087557,0.9265879801906214,0.030303955,0.13716671,-0.13808969,0.1041259765625,1
site13_45.png_X256_Y0,13.25091741604216,561.2887163891724,0.1601457060772548,0.014120826151265734,0.9103299372112729,-2.1403198,0.13206227,-0.14219087,0.4480743408203125,2
site13_45.png_X0_Y256,12.102018950114326,224.34456654293217,0.15619962311414815,0.022221472101258886,0.9048400950780568,-0.6654968,0.13561371,-0.13849325,0.153350830078125,1
site13_45.png_X256_Y256,13.249513468461513,524.4889203071345,0.1638928972596583,0.016733758774163034,0.9304656994101713,-3.313568,0.14141263,-0.15821886,0.523101806640625,2
site13_46.png_X0_Y0,13.083323786859168,366.25926901611894,0.10096016336344567,0.01307972122017468,0.8894958433344196,1.6105499,0.13230526,-0.12388089,0.6536407470703125,2
site13_46.png_X256_Y0,12.59805826010771,317.50975817594315,0.11046477472450034,0.015856941905912823,0.8243308332059953,1.9137878,0.12631078,-0.12369528,1.0,2
site13_46.png_X0_Y256,13.182206338814083,355.29399548851063,0.10752231748890903,0.0124474782396327,0.9325416076889779,6.4907074,0.10557571,-0.05933782,0.5844879150390625,2
site13_46.png_X256_Y256,12.58899957419518,346.6112139261322,0.11108479533840444,0.016821297627713196,0.8106180319664482,2.2972412,0.12588623,-0.12255368,1.0,2
site13_47.png_X0_Y0,12.62986008409217,387.1298545481305,0.10742992677174865,0.01643844249518956,0.7725672392690043,3.0567322,0.123196766,-0.118529975,1.0,2
site13_47.png_X256_Y0,13.429623834797056,416.79645037365304,0.09755782535576737,0.011326301972193371,0.9271518220615166,10.150421,0.08971761,-0.02654139,0.4742279052734375,2
site13_47.png_X0_Y256,12.71575572961331,479.0686064554465,0.1020534238037904,0.017253211237219724,0.7113043958544865,2.8102112,0.123194054,-0.118961066,1.0,2
site13_47.png_X256_Y256,13.227102128164805,365.83703972029934,0.10584998202702794,0.012307141739069351,0.9216062485896285,17.164307,0.074950315,0.02460343,0.529022216796875,2
site13_52.png_X0_Y0,12.226367355569318,205.56485657561626,0.1337297339992266,0.019096868744050605,0.9466873565396309,21.792313,0.11107905,-0.0013448526,0.0,0
site13_52.png_X256_Y0,11.783447726132593,182.0450726583675,0.19176530003610104,0.025083681976863892,0.9256870911808619,1.9824524,0.14083742,-0.13584055,0.0349273681640625,0
site13_52.png_X0_Y256,11.900329991852034,221.4481479479293,0.2194401623487366,0.058077918497998246,0.9764737974559994,13.127167,0.12802197,-0.069988735,0.100616455078125,1
site13_52.png_X256_Y256,12.411448833687308,276.10324705343857,0.21058890468497266,0.04861507693809257,0.9677831029300317,17.455536,0.09174326,-0.015345834,0.17352294921875,1
site13_53.png_X0_Y0,12.920076902181655,435.57123687406136,0.16562599526610594,0.017045811851585768,0.8955169795043693,12.908981,0.12422863,-0.101213515,0.1430816650390625,1
site13_53.png_X256_Y0,12.200365999859768,196.45883009240998,0.23455191957370736,0.020142666294255054,0.9477172617120471,19.752396,0.12297806,-0.07838553,0.0088958740234375,0
site13_53.png_X0_Y256,11.698336929058161,282.619083075029,0.28239799698648743,0.08861322925268192,0.9652881885983979,1.9794464,0.12445104,-0.11932794,0.4091033935546875,2
site13_53.png_X256_Y256,10.443809733951827,162.468496837171,0.3548516269682348,0.09908370177012868,0.9839917394648277,4.9726562,0.12614179,-0.119215965,0.3966827392578125,1
site13_54.png_X0_Y0,9.7897859963078,64.85878164348125,0.2953818476268279,0.04873481062914101,0.9590662831594021,2.1947784,0.13284796,-0.12915689,0.1267547607421875,1
site13_54.png_X256_Y0,10.486057269831292,60.74604169670471,0.20696261335243554,0.03557755791801814,0.874809914510469,-1.5388184,0.13682011,-0.14033175,0.0,0
site13_54.png_X0_Y256,11.497299330487998,92.6333239619394,0.2294924694485237,0.027026464388124186,0.9623839921356253,1.565628,0.134849,-0.13219228,0.0737152099609375,1
site13_54.png_X256_Y256,10.73827523698613,57.256885662966624,0.2344256421857254,0.0313573641829804,0.9312969288001804,1.8302612,0.13093129,-0.12800154,0.0041656494140625,0
site13_55.png_X0_Y0,11.95990519124424,180.72150484489515,0.11727350828519675,0.019494417946500118,0.8142923296297083,-0.32170105,0.1242304,-0.12571126,0.007232666015625,0
site13_55.png_X256_Y0,13.215118163286812,418.12565233326086,0.1643853475015637,0.015189485067052085,0.9444401104180113,-4.1322174,0.12664145,-0.1484684,0.4951324462890625,2
site13_55.png_X0_Y256,11.323632089977444,98.12397124904038,0.16089699636519436,0.025387442106722932,0.8767443431936152,3.3504333,0.12402483,-0.11673392,0.0,0
site13_55.png_X256_Y256,12.684517832384888,353.40651364560205,0.1928571873726566,0.026610167356356677,0.9303733302798264,3.9488068,0.11554746,-0.11014961,0.3647308349609375,1
site13_56.png_X0_Y0,13.208650278677721,446.89004660168644,0.16704534532057377,0.014033629616437041,0.9155251354152674,5.0893555,0.12482479,-0.10185091,0.29095458984375,1
site13_56.png_X256_Y0,13.478774497857582,480.28588420018843,0.121430870694051,0.011825718381612624,0.9044573089184962,7.35495,0.120515354,-0.07621597,0.621673583984375,2
site13_56.png_X0_Y256,12.879703022630911,415.0054655060962,0.12815024615010093,0.015672606309457618,0.8567014846869766,6.761963,0.11869143,-0.09201035,0.1070556640625,1
site13_56.png_X256_Y256,12.890294076080004,436.9411273308699,0.13736092475850933,0.01592860167251494,0.8288996191762552,7.744751,0.12572834,-0.09119786,0.1141815185546875,1
site13_57.png_X0_Y0,13.330345896217302,458.0476708477611,0.12776768454926712,0.0125686872664912,0.8943689784316219,13.000473,0.10740375,-0.03610571,0.6058349609375,2
site13_57.png_X256_Y0,12.851110212492781,325.99298038917505,0.10995225417143183,0.014661962901006322,0.8868902305280818,16.222687,0.08771773,-0.005385046,0.07196044921875,1
site13_57.png_X0_Y256,12.464133217674615,439.7719321144883,0.14337450281240635,0.020622443473110572,0.784040819078535,8.66835,0.12175791,-0.08750361,0.0843505859375,1
site13_57.png_X256_Y256,12.244336027036077,290.53318699540955,0.1851056400119644,0.021610157812155178,0.8759422770599632,10.559738,0.113024555,-0.06851208,0.0,0
site13_61.png_X0_Y0,5.045992255464355,60.84828835363898,0.6677998189027001,0.5160103546965116,0.9927447225128959,-2.4318542,0.07461126,-0.08088993,0.0,0
site13_61.png_X256_Y0,11.8156398625458,147.57845742923726,0.19979582079406244,0.022948404645605613,0.9512315281374198,17.169327,0.098607436,0.034452446,0.0,0
site13_61.png_X0_Y256,4.804603686340936,53.83331326893612,0.7032328731728174,0.5777025925055586,0.9923995437859611,-2.3348846,0.07037531,-0.07696703,0.0,0
site13_61.png_X256_Y256,11.46178400610206,104.9537506608042,0.19830975198194767,0.025793411724602065,0.9553230656276561,14.715881,0.084746644,0.033422813,0.010009765625,0
site13_62.png_X0_Y0,12.413919484611077,299.3107838181625,0.1319356618604014,0.01729985278319989,0.8851702997793938,10.339127,0.12914927,-0.08237549,0.23712158203125,1
site13_62.png_X256_Y0,12.826502578095043,235.49865392819072,0.14963899297072475,0.015048149836669508,0.9464042219725184,2.7388306,0.12687242,-0.12087534,0.1797943115234375,1
site13_62.png_X0_Y256,12.801098148015505,265.57966180377355,0.16941360445436351,0.01792007586883382,0.9745362786567288,4.909622,0.14684594,-0.13393167,0.195648193359375,1
site13_62.png_X256_Y256,12.70152559071788,454.3655259695877,0.21722172681914587,0.03550241725734389,0.9544289542908913,4.4241486,0.12898633,-0.12473798,0.3690643310546875,1
site13_63.png_X0_Y0,12.906468282159956,436.0398580924461,0.17255756403100325,0.02372633249557901,0.9277158031042897,7.357254,0.11686913,-0.102385886,0.42218017578125,2
site13_63.png_X256_Y0,12.483508295699329,203.04071534987781,0.17709139808295343,0.017561985976996722,0.9437144615985743,2.0630646,0.120566964,-0.120626114,0.319183349609375,1
site13_63.png_X0_Y256,12.598768814516486,377.2927026864904,0.14701347761861205,0.019417821712021322,0.8808306129102502,0.5036926,0.14764136,-0.14933053,0.2660980224609375,1
site13_63.png_X256_Y256,11.985705437751268,176.74974408881488,0.20390116850678056,0.022662607952622253,0.940554117904589,-1.343399,0.14361534,-0.15037811,0.01177978515625,0
site13_64.png_X0_Y0,12.370356220620716,152.8339981467492,0.1686687307506031,0.01803417208458602,0.9581872578250202,-0.6097717,0.1197552,-0.12508708,0.293304443359375,1
site13_64.png_X256_Y0,10.809938301761049,90.57495712286315,0.1693673088111963,0.03155534119754766,0.8212444010407115,-0.67578125,0.1374262,-0.1393738,0.001007080078125,0
site13_64.png_X0_Y256,12.666253175350588,261.1642953581711,0.1432883558717587,0.016273452412847077,0.897705186753516,-5.5408173,0.16533136,-0.18761899,0.3682708740234375,1
site13_64.png_X256_Y256,13.055306819423834,487.10656792161353,0.07565771798298129,0.013143598306752966,0.7337518385791982,-6.3251953,0.18281698,-0.21350968,0.8629150390625,2
site13_65.png_X0_Y0,10.571183875191434,110.45216907259405,0.19315881087761577,0.03796225718362434,0.8417039625396715,0.6251221,0.12546712,-0.12476274,0.0,0
site13_65.png_X256_Y0,12.093948196347291,179.7471520118518,0.17779034009082978,0.02057658136778396,0.9350478716749194,0.6622467,0.120401606,-0.120440885,0.0,0
site13_65.png_X0_Y256,12.314615293946222,234.0454609555246,0.13427526558016284,0.02066080057423432,0.89052583984636,-1.0590363,0.14562282,-0.15067853,0.1000518798828125,1
site13_65.png_X256_Y256,10.843167651776398,86.66142427191738,0.18026014679069027,0.031828070415869894,0.8640835858026793,0.0546875,0.13153654,-0.13182676,0.0,0
site13_66.png_X0_Y0,12.945219913944007,318.1699271163866,0.15446257936972624,0.015661879133667636,0.929459868659395,0.42858887,0.1323117,-0.13587809,0.3951416015625,1
site13_66.png_X256_Y0,12.521577981472838,433.86730067759663,0.2088052275008367,0.03525322259569433,0.9429608698140315,0.5502014,0.11079539,-0.11253145,0.76507568359375,2
site13_66.png_X0_Y256,12.790313377712165,359.03492492369173,0.20156369106153638,0.02759551311774096,0.940040421247644,2.874054,0.13282745,-0.13283537,0.9157867431640625,2
site13_66.png_X256_Y256,12.045741371621355,430.1378045403044,0.21244789219048782,0.05548502288415125,0.889423043439843,1.7069702,0.1114202,-0.110016674,0.9866943359375,2
site13_67.png_X0_Y0,11.592656964286938,182.3047987853313,0.1576557565112736,0.026792450205064322,0.8755360637618785,-0.06440735,0.13415478,-0.1357846,0.0185546875,0
site13_67.png_X256_Y0,11.59523386601994,171.68801832529027,0.14361745669608664,0.024647733408762185,0.8171469457144371,-6.223694,0.15163256,-0.16694653,0.0,0
site13_67.png_X0_Y256,13.055558295213938,364.886923463944,0.13390054194290718,0.014950374040045707,0.9180492439803769,-2.4786682,0.13955687,-0.14843552,0.2576141357421875,1
site13_67.png_X256_Y256,12.201012815202654,198.13307245110815,0.14495526001499814,0.018421599745881916,0.8788408506864526,-6.7760468,0.1649108,-0.18375142,0.0,0
site13_71.png_X0_Y0,4.658989652686892,81.89178145125149,0.7475079741135536,0.6552230302910248,0.9768221212559682,-4.10289,0.1280656,-0.14820427,0.1326446533203125,1
site13_71.png_X256_Y0,11.839699327964667,212.76419647793927,0.17898744719680307,0.021138682422840872,0.8584664137690928,13.025467,0.14064279,-0.033637874,0.36590576171875,1
site13_71.png_X0_Y256,3.9625519590528255,62.40128349072882,0.7843714215257085,0.717530273804643,0.9783064857352515,-2.585556,0.09492428,-0.10826662,0.125885009765625,1
site13_71.png_X256_Y256,11.695592194575818,240.06341518289054,0.18155894193137312,0.023543756584366523,0.8580434301939412,6.380768,0.21233559,-0.17468749,0.543609619140625,2
site13_72.png_X0_Y0,12.356369135702916,235.84934338657078,0.14126717264387598,0.01807987886584821,0.9033144729542948,-4.7209167,0.19112869,-0.2259006,0.6416778564453125,2
site13_72.png_X256_Y0,12.641638185374706,360.9421310313535,0.11180499493908756,0.0163474774122653,0.797228763472986,-4.9430237,0.17532688,-0.20329195,0.681640625,2
site13_72.png_X0_Y256,12.008576748412258,255.59579951221906,0.11419062185309314,0.019293664442620168,0.7409179419694669,-5.9589996,0.19851652,-0.24045928,1.0,2
site13_72.png_X256_Y256,12.65413537720574,492.59397022782696,0.07344789680283437,0.015307757031870137,0.5905605051465603,-4.1746216,0.17757136,-0.20007512,1.0,2
site13_73.png_X0_Y0,12.934835338254098,593.6670500829384,0.06377190705623313,0.01371738037304328,0.5715727808418173,-7.1809235,0.19842118,-0.23650241,0.9924468994140625,2
site13_73.png_X256_Y0,12.561821430972355,420.1596780535384,0.07729962864313539,0.015539731536023081,0.6286058839603779,-5.328766,0.18928738,-0.2179931,1.0,2
site13_73.png_X0_Y256,13.19253728116749,708.0637713109566,0.061200403253524376,0.012356705864606465,0.5970952969137725,-6.357147,0.17934285,-0.21177855,1.0,2
site13_73.png_X256_Y256,12.998569228648268,584.0176212274419,0.06595463250990202,0.013326229762687661,0.6154965355880324,-5.879898,0.17891026,-0.20562017,1.0,2
site13_74.png_X0_Y0,12.803616544339153,450.6799685067315,0.07650359998976203,0.014261522881054395,0.7094346366330431,-5.840317,0.17754272,-0.20973252,1.0,2
site13_74.png_X256_Y0,13.142251884051262,594.9007062488347,0.06286099867801637,0.012476531713839825,0.6636862100282459,-5.809784,0.1938475,-0.22003402,1.0,2
site13_74.png_X0_Y256,12.772968922534957,410.4448739517487,0.0769047320732838,0.014108471154255918,0.7076609834965661,-6.0543976,0.1753163,-0.20401151,1.0,2
site13_74.png_X256_Y256,13.084815789369976,589.6331350322291,0.06036627678906732,0.012660787519813536,0.6138246687632135,-6.775757,0.19414972,-0.22105181,1.0,2
site13_75.png_X0_Y0,13.27441692259191,716.867632070647,0.05516399854925343,0.011858705531049776,0.6018662323808628,-6.5153046,0.19767398,-0.22498178,0.9820709228515625,2
site13_75.png_X256_Y0,12.654609837529446,273.4668924662407,0.14633280493713455,0.017018571252502144,0.897746065141292,-1.9235992,0.1517418,-0.15845734,0.18841552734375,1
site13_75.png_X0_Y256,13.197124515504715,681.4541104833784,0.05534298016299004,0.012107044851099957,0.5619947519881955,-7.178833,0.19582266,-0.22360784,1.0,2
site13_75.png_X256_Y256,12.892321701709085,334.98732664419754,0.1088370114119349,0.016319900044070468,0.9178170528157488,-1.9154816,0.16098079,-0.16924986,0.43475341796875,2
site13_76.png_X0_Y0,12.382226709288176,289.452661536432,0.16126307199249948,0.01993255375551562,0.8640408715369708,2.3488007,0.14666913,-0.14475746,0.227630615234375,1
site13_76.png_X256_Y0,13.693152261990772,708.2558944125881,0.12479598855132595,0.01522726943305027,0.8975224781893016,0.27827454,0.14482649,-0.15082791,0.9602508544921875,2
site13_76.png_X0_Y256,10.68057062475519,81.54197257365,0.22553516800240303,0.03387483393298354,0.84694866048915,8.294876,0.14676756,-0.13206187,0.0,0
site13_76.png_X256_Y256,12.825173330750484,393.1947078797763,0.14762693666423196,0.01814976854770909,0.8937861949303184,4.7175903,0.14358816,-0.13938332,0.42303466796875,2
site13_77.png_X0_Y0,13.240169858815602,445.16458710292795,0.14670837306767928,0.015699924814384585,0.9261894067519263,2.6134186,0.1344052,-0.13036749,0.4524383544921875,2
site13_77.png_X256_Y0,12.420356857132802,177.5544802630094,0.19921587719999795,0.019787365003585418,0.9725942597692901,8.345627,0.12998049,-0.106130496,0.0375823974609375,0
site13_77.png_X0_Y256,12.72324850474945,399.6973930699641,0.17324522832796108,0.019796077246965395,0.8989337766463343,6.2830505,0.12848479,-0.12021522,0.7220001220703125,2
site13_77.png_X256_Y256,12.26286595065142,90.1020910977753,0.24506064477285086,0.01902876243982972,0.9861885966006023,19.100677,0.13106507,-0.0949134,0.1180877685546875,1
site13_82.png_X0_Y0,12.285300925021016,286.66683487122157,0.1111957420183751,0.01778274939559585,0.7907209015901614,-6.4951324,0.19873601,-0.24245259,1.0,2
site13_82.png_X256_Y0,13.103667801068129,613.4080934016073,0.06452099049052439,0.012685764846830629,0.6272832652598512,-6.4510956,0.1770409,-0.20753762,1.0,2
site13_82.png_X0_Y256,12.458550080954762,279.8778064026007,0.11023626838766995,0.016518807910216097,0.8323998936276706,-5.4433746,0.19780314,-0.23441486,0.9998016357421875,2
site13_82.png_X256_Y256,13.097271387960795,585.8340909746555,0.06459478020933059,0.012572538981252771,0.636131360150677,-5.3187866,0.17552873,-0.20096973,1.0,2
site13_83.png_X0_Y0,13.074860960495485,647.9859354425313,0.05832052281268549,0.012985475414238445,0.5529546957056037,-4.310379,0.18657592,-0.20328145,1.0,2
site13_83.png_X256_Y0,12.709673655761337,467.221131235604,0.06789850302697936,0.014758228712766865,0.5851832563235722,-3.9329224,0.18205833,-0.19571865,1.0,2
site13_83.png_X0_Y256,13.155414024097634,667.4477970762805,0.05612847538309511,0.012394865003598333,0.5723999063460988,-3.0344696,0.17284428,-0.18500924,1.0,2
site13_83.png_X256_Y256,12.977103667401849,541.3267100244119,0.06325417302623865,0.013437566868736869,0.6071651024549027,-2.993332,0.164123,-0.17425801,1.0,2
site13_84.png_X0_Y0,12.391506701773027,332.0711916690816,0.08153701781191312,0.0165829449579196,0.6617567622269299,-5.233551,0.17943041,-0.19701748,1.0,2
site13_84.png_X256_Y0,13.122370102519875,550.7004296574921,0.06443505006327117,0.012406728814777009,0.6737193678222306,-5.9891205,0.18858966,-0.21479341,1.0,2
site13_84.png_X0_Y256,12.834334598197163,394.3245499477619,0.0755584927030332,0.013944017489401505,0.7443648787858363,-4.795456,0.17587349,-0.19537151,1.0,2
site13_84.png_X256_Y256,12.655060942446951,456.31031377658064,0.07776253809589785,0.015342113817581054,0.6342732390546308,-5.707611,0.17449723,-0.20551257,1.0,2
site13_85.png_X0_Y0,13.222015353184997,463.81559245543554,0.0812013659789628,0.011862735208971598,0.8043563705011674,-6.2854614,0.1842947,-0.20799388,0.7451324462890625,2
site13_85.png_X256_Y0,11.719669541386972,178.07857376069433,0.14755439025901648,0.025225163958081366,0.9035929161131249,0.88139343,0.1371476,-0.13738307,0.0147552490234375,0
site13_85.png_X0_Y256,13.067884388968332,367.3777316116501,0.1099084910971547,0.013227704558287765,0.9259131364890999,-4.2986755,0.16999629,-0.19409171,0.6164703369140625,2
site13_85.png_X256_Y256,10.719508225914321,76.86199475562354,0.1882372886692859,0.032463076872743385,0.8478994262210524,5.1665344,0.13204679,-0.123158574,0.0,0
site13_86.png_X0_Y0,12.062752923886556,162.20001332120034,0.15953205244245416,0.022167779141724395,0.9279919112468222,0.3502655,0.15505116,-0.15721172,0.0473175048828125,0
site13_86.png_X256_Y0,13.37048734976723,521.7986076719582,0.07740525205968432,0.011744609532568694,0.8197281635707394,-0.8513794,0.18713127,-0.19360255,0.1357574462890625,1
site13_86.png_X0_Y256,12.173587314647834,161.43852429053848,0.138937554258016,0.020779071424053164,0.9370011073178951,-1.3688354,0.1567826,-0.16180171,0.166900634765625,1
site13_86.png_X256_Y256,13.0873439932402,449.8263560890212,0.07459956375300321,0.01269660458055321,0.7634022650971067,-1.8782654,0.19377105,-0.20400017,0.9920196533203125,2
site13_87.png_X0_Y0,13.137415106208731,485.7574487577115,0.06953368857647044,0.012523649966213142,0.7470873021309679,-3.660736,0.19336933,-0.21425919,0.995086669921875,2
site13_87.png_X256_Y0,13.030767565503382,328.1318668000457,0.11176245654035058,0.01347762067599979,0.9268761619192918,-3.125229,0.18013838,-0.1957663,0.8031005859375,2
site13_87.png_X0_Y256,13.425886230222844,608.8721096003368,0.0675102296712367,0.011692572752149947,0.8002700860906935,2.9527283,0.18356082,-0.17676127,1.0,2
site13_87.png_X256_Y256,12.442560471412392,242.14743391964214,0.17806912377191067,0.021165843427371822,0.9423906311888337,-0.044296265,0.15591021,-0.15751827,0.4395904541015625,2
site13_92.png_X0_Y0,12.317589087533975,307.22818391666215,0.11080256967241546,0.01766730313387129,0.7760184114067192,-4.5894012,0.18860972,-0.22123004,0.95703125,2
site13_92.png_X256_Y0,13.173640206635675,652.2258180748213,0.06160518817509463,0.012474831854105835,0.622546575964139,-5.138855,0.16281092,-0.18985936,1.0,2
site13_92.png_X0_Y256,12.388972682926543,307.2710572856858,0.1093316997782207,0.017237484207776706,0.8108993427362043,-3.1195526,0.17411049,-0.19620326,0.902984619140625,2
site13_92.png_X256_Y256,12.914160188745292,543.7575061575185,0.06955622204801128,0.01371261834060048,0.6191339991601734,-5.0409393,0.16560292,-0.19212234,1.0,2
site13_93.png_X0_Y0,13.33974137549771,788.1341002108959,0.05219675582867662,0.011577190684950923,0.55273969380141,-3.2099762,0.17016655,-0.18799725,1.0,2
site13_93.png_X256_Y0,13.128102545327765,673.8731144271758,0.05740690620868381,0.012630690272343328,0.5666281355081138,-3.1643066,0.17105418,-0.18707663,1.0,2
site13_93.png_X0_Y256,13.574646014912743,906.2411777471996,0.04993149217642997,0.010584934063617301,0.5844434701369644,-4.692505,0.16708007,-0.19141617,1.0,2
site13_93.png_X256_Y256,13.382973779593193,717.0733938870013,0.05643700145159085,0.011301259426668778,0.6345798460952355,-5.304016,0.16341363,-0.18935138,1.0,2
site13_94.png_X0_Y0,13.02728059234558,536.3116340920848,0.06659720278579628,0.012975554644073751,0.6610462257319867,-5.7243958,0.17372991,-0.20071544,1.0,2
site13_94.png_X256_Y0,13.059070514245782,611.7719014471932,0.061857177927641525,0.012976990791875188,0.5984600759856182,-6.1816406,0.17314525,-0.20267238,1.0,2
site13_94.png_X0_Y256,13.130041052996305,579.0895880340814,0.06482697595457333,0.012510748416362754,0.6775113908982631,-6.1997986,0.16502377,-0.19515428,1.0,2
site13_94.png_X256_Y256,13.028643800094063,596.3209730332433,0.06528728425881834,0.013122915245841298,0.6103728294020176,-5.5703583,0.16923402,-0.19670528,1.0,2
site13_95.png_X0_Y0,13.238827623723205,445.88947425571996,0.08434015577987752,0.012960854603332808,0.905370615375073,-4.867859,0.16883785,-0.19627249,0.7033843994140625,2
site13_95.png_X256_Y0,11.299241617479755,148.89434473820364,0.15705809155328954,0.029834349529846614,0.8461598275747446,5.025955,0.13486442,-0.12619668,0.0,0
site13_95.png_X0_Y256,12.919881643729681,431.4403238988898,0.09311277831268754,0.014786827528370933,0.8197730832204266,-4.7095337,0.16856414,-0.1926108,0.7627410888671875,2
site13_95.png_X256_Y256,11.743304637684833,195.4346032325318,0.1666055676785385,0.027367835215652773,0.9191777844833551,2.4054565,0.1353235,-0.13249356,0.0,0
site13_96.png_X0_Y0,11.432184397161269,115.44184138913025,0.1453088903056974,0.02350934396858057,0.8374903598778018,-1.4320679,0.15099156,-0.15453038,0.0,0
site13_96.png_X256_Y0,12.707255122015138,317.97414170632584,0.12514203572452975,0.016216032417289684,0.8528191561827609,-4.07489,0.16841075,-0.18022658,0.1858978271484375,1
site13_96.png_X0_Y256,11.114893661185862,73.39556301963208,0.1868575910167967,0.02820401655857173,0.9252149240810256,-2.262207,0.14936721,-0.1549464,0.0,0
site13_96.png_X256_Y256,10.676406018806762,57.513805312260544,0.22559892003142726,0.03468419432681217,0.9342349415196218,-6.3048553,0.16249076,-0.1774847,0.0,0
site13_97.png_X0_Y0,11.745654866638763,161.14131465362132,0.19857838932169297,0.025068718265425616,0.9057621781696263,-4.4630585,0.15854996,-0.17057914,0.2489166259765625,1
site13_97.png_X256_Y0,10.15786121733078,33.65672463715924,0.2959754173710057,0.03819193497774033,0.962399967906789,-0.28297424,0.12067412,-0.122028366,0.0218048095703125,0
site13_97.png_X0_Y256,9.56059244815564,28.189634155132925,0.2804256472284091,0.049095094215862514,0.8824914638454388,-4.7442627,0.13927001,-0.14918026,0.0,0
site13_97.png_X256_Y256,9.646397556436568,23.87298833381412,0.301542116031999,0.04410858161890266,0.921610801094215,-1.7063446,0.12567535,-0.12894595,0.0,0
site13_98.png_X0_Y0,10.874339506461936,76.12448353698213,0.33947387457103406,0.03603333716647018,0.9770601643334711,60.54567,0.060030665,0.11564403,0.0,0
site13_98.png_X256_Y0,11.264106849568734,130.255933640315,0.2430101015189546,0.03472504810451272,0.9660932857801561,63.906693,0.05576834,0.16466662,0.0,0
site13_98.png_X0_Y256,11.766909406967462,153.6739767006726,0.26126132094802923,0.03014374249599215,0.9469356856033495,50.592316,0.08591374,0.061548673,0.2272491455078125,1
site13_98.png_X256_Y256,11.264446888715087,110.53313757028889,0.25319309820524155,0.03446279830882705,0.966621680611961,79.174805,0.0050516487,0.29457524,0.0,0
site13_102.png_X0_Y0,12.703404571418172,349.93127009446357,0.11022941546744376,0.015373061449682823,0.8897415620821781,1.8423767,0.15702105,-0.1556023,0.8307647705078125,2
site13_102.png_X256_Y0,12.476114613899682,391.61436396159996,0.07913444656173191,0.015997569468708915,0.625362991762902,-5.5317383,0.178722,-0.208595,1.0,2
site13_102.png_X0_Y256,12.799332257929915,348.4555527771996,0.11238889072826688,0.014545990251085598,0.8676104488099367,-0.74012756,0.15523592,-0.16384454,0.771942138671875,2
site13_102.png_X256_Y256,12.485674351181082,340.99952145810965,0.08742066582645534,0.015737077736294614,0.7058355997843587,-5.889786,0.17970467,-0.21111944,1.0,2
site13_103.png_X0_Y0,13.345342941166699,791.9418864139262,0.054423495583397374,0.011602649729092689,0.56718157624015,-6.0053864,0.17767334,-0.20842403,1.0,2
site13_103.png_X256_Y0,13.142085585562551,633.0845525008742,0.06094481255142049,0.012436350944102566,0.6086839904238758,-5.489319,0.1751754,-0.2028632,1.0,2
site13_103.png_X0_Y256,12.857230870160787,579.0157767745991,0.06686084231112033,0.014059909326765985,0.5920221107328839,-6.276703,0.1817927,-0.21523526,1.0,2
site13_103.png_X256_Y256,12.78687113985623,476.9127846561663,0.07026272371809275,0.014156594237331926,0.6294968310366318,-5.5502167,0.17502034,-0.2032068,1.0,2
site13_104.png_X0_Y0,12.852672411239439,475.6770898362674,0.07209897855581698,0.013861163427366189,0.6643733163320599,-5.948944,0.17310804,-0.20218138,1.0,2
site13_104.png_X256_Y0,12.96210971365031,558.2327279622348,0.0660137063129688,0.013340450348105184,0.61294066276813,-5.7113953,0.17953819,-0.20823613,1.0,2
site13_104.png_X0_Y256,12.572772137259705,378.5987094957676,0.08045169885709103,0.01523870279486871,0.6811724540777957,-6.350403,0.17926061,-0.21143349,1.0,2
site13_104.png_X256_Y256,12.616080538174588,435.92360058333696,0.07838178552080374,0.015204581744132521,0.6408242088239746,-7.38179,0.1862949,-0.22621885,1.0,2
site13_105.png_X0_Y0,12.800152092798793,408.8252439867183,0.08882334994879112,0.014367242544028321,0.7552182523928996,-4.6620483,0.1795795,-0.20631656,0.859954833984375,2
site13_105.png_X256_Y0,12.780197530977759,309.2476098135373,0.14728535479215418,0.017376374332852995,0.9391531900930908,3.126068,0.14889668,-0.14691085,0.0,0
site13_105.png_X0_Y256,12.692140672107186,399.1755843005375,0.08429960011927679,0.014908535058389273,0.7133091573178822,-5.5927734,0.1813491,-0.21305543,0.9531402587890625,2
site13_105.png_X256_Y256,11.473114312625302,130.0605308505157,0.1824575869167399,0.025759876436768362,0.8954807821110033,13.068054,0.10068314,-0.069986925,0.0013275146484375,0
site13_106.png_X0_Y0,10.481078357996108,42.75921221705626,0.22689559101156676,0.03222110660147353,0.9258691692346201,-3.2754822,0.14896053,-0.1559645,0.0,0
site13_106.png_X256_Y0,9.717215897390643,32.488471861784326,0.258372989813823,0.04528267581828982,0.8874067483640102,-6.2136536,0.15483329,-0.167921,0.0,0
site13_106.png_X0_Y256,10.454848300565045,45.79070232903253,0.22185492596255663,0.03301696625693137,0.8941540214646977,-5.5137787,0.15824047,-0.17012358,0.0,0
site13_106.png_X256_Y256,10.731974332621677,149.30332858756873,0.20753215364532374,0.038003033079655,0.8116963024660607,-6.3796234,0.15019988,-0.16264084,0.21417236328125,1
site13_107.png_X0_Y0,9.861870727533557,75.3775826304836,0.25418884082564097,0.046608438952816134,0.8561754616317684,-5.5219116,0.14392096,-0.15527263,0.074737548828125,1
site13_107.png_X256_Y0,10.456476679395173,80.38270813809899,0.2594940875049956,0.040115763693101936,0.9016741244495358,-4.272522,0.13484274,-0.1434158,0.0,0
site13_107.png_X0_Y256,13.368585805804551,640.4516229034407,0.09105288017712376,0.013478127542610286,0.7704334137486062,-5.5335693,0.14356479,-0.15465143,0.974822998046875,2
site13_107.png_X256_Y256,12.914063235316162,353.84407214172086,0.1455384556968941,0.015512452249742011,0.8736577614239844,-5.416565,0.14747408,-0.15879199,0.5428009033203125,2
site13_108.png_X0_Y0,12.136105400073296,164.03454306938332,0.2611195344422128,0.02585922838973786,0.9671086237262054,39.593964,0.07255203,0.06065236,0.1849365234375,1
site13_108.png_X256_Y0,10.883400134006102,72.28326238706354,0.276833343382661,0.035520418281548734,0.9694440454940043,75.27496,0.020568326,0.25600708,0.0,0
site13_108.png_X0_Y256,12.12370181179992,175.0703961667478,0.2728063037584205,0.027366681119562284,0.9811673481708649,27.38655,0.075275265,0.033618048,0.43743896484375,2
site13_108.png_X256_Y256,10.375466733772019,60.53076105043846,0.29899543836818865,0.04617011111545761,0.9669592143538892,76.29436,0.004182724,0.28753328,0.0,0
site13_112.png_X0_Y0,12.952468773544059,327.0165080437953,0.1427287932026232,0.013981467953959444,0.91661374888213,-2.5710144,0.15688562,-0.17366979,0.698638916015625,2
site13_112.png_X256_Y0,12.394199846253285,327.30025482989026,0.08391931441593566,0.016794114887749373,0.6773825574939731,-5.2516937,0.1661373,-0.18720064,1.0,2
site13_112.png_X0_Y256,12.446524348814567,227.46783711494342,0.1581254058880687,0.016909736791542618,0.8996718591365128,-2.5055695,0.14986023,-0.16429931,0.6398162841796875,2
site13_112.png_X256_Y256,12.391143880331132,327.12572847584295,0.08322639990673558,0.01672859634484181,0.6924125040361266,-6.28508,0.15625596,-0.17994948,1.0,2
site13_113.png_X0_Y0,12.781936043632776,514.0663032998424,0.06896549465472748,0.014438127238806402,0.6134474992878548,-6.6013184,0.17077392,-0.2003575,1.0,2
site13_113.png_X256_Y0,12.627786847320078,427.1715346111109,0.07343506220774466,0.014967013291489565,0.6267775563755926,-5.8842163,0.16795644,-0.19411556,1.0,2
site13_113.png_X0_Y256,12.994341005415805,616.9109807376108,0.060955802353348194,0.01317772524113061,0.5896877478555627,-7.9241943,0.15453577,-0.18710689,1.0,2
site13_113.png_X256_Y256,13.38499727884874,765.8111283671395,0.05318296644923317,0.011283685142366549,0.5996311604270639,-6.840271,0.15408525,-0.18122455,1.0,2
site13_114.png_X0_Y0,12.528590317231494,374.68174581292743,0.08106595231179378,0.015506994556504478,0.6769872685978728,-6.762558,0.1736449,-0.20530725,1.0,2
site13_114.png_X256_Y0,12.648136715895284,432.3385700812511,0.07728485574074846,0.015212965104596687,0.6815712299029905,-8.176743,0.18171471,-0.22281036,1.0,2
site13_114.png_X0_Y256,13.425046774940789,793.300664723349,0.052941485831563925,0.011090713673850672,0.5953137681598393,-7.694519,0.1582966,-0.19107038,1.0,2
site13_114.png_X256_Y256,13.14862976306007,572.173949968194,0.06266727029243221,0.01226849948846069,0.683945074487573,-8.404587,0.16441005,-0.20328502,1.0,2
site13_115.png_X0_Y0,12.311487308784248,363.307136618152,0.08655039540250352,0.017449746749990613,0.6790952376654307,-9.774933,0.19515868,-0.25000927,0.9884796142578125,2
site13_115.png_X256_Y0,12.403188204248814,186.71373918685381,0.16178331704782953,0.018178224972984863,0.9518611511427852,-5.998413,0.16385667,-0.18326417,0.0296173095703125,0
site13_115.png_X0_Y256,12.300031747295812,309.2303402687858,0.09249341743925428,0.017458978932351404,0.720272140115761,-9.387894,0.18666856,-0.23335204,0.9506683349609375,2
site13_115.png_X256_Y256,11.990123353231454,174.56388253617416,0.19142455556618718,0.021797882141791826,0.9269916928169994,-7.108032,0.16501993,-0.19034338,0.0,0
site13_116.png_X0_Y0,9.936495164701073,38.763032502523515,0.28532141894262053,0.04240970073655879,0.9008372092775732,-5.003311,0.1561247,-0.16627301,0.0,0
site13_116.png_X256_Y0,10.571866234532454,126.67311792640116,0.30904007706706843,0.051212607795615664,0.9396524027306579,-7.050705,0.14279267,-0.15512387,0.4407806396484375,2
site13_116.png_X0_Y256,11.116203666671373,111.82249133446885,0.22882810686112307,0.030521203451783246,0.9300528832995295,-6.9477997,0.16061844,-0.17639221,0.0,0
site13_116.png_X256_Y256,11.229110494893728,147.57147712118365,0.24164632438784572,0.034804123004364584,0.9268761161202914,-5.879883,0.15460944,-0.16625181,0.12750244140625,1
site13_117.png_X0_Y0,12.508451656788655,373.44351745722594,0.14075151631322508,0.017993575117201628,0.7860088797711844,-5.858185,0.13846599,-0.14817826,0.9960784912109375,2
site13_117.png_X256_Y0,11.55208779911796,164.69230772118877,0.15442140375527136,0.024041571519868438,0.8260398611974352,-4.1878357,0.13295327,-0.13941479,0.9748687744140625,2
site13_117.png_X0_Y256,9.531759203863992,296.5305231461327,0.4219763149260338,0.23518685569048445,0.9023408257101647,-3.5547333,0.13596682,-0.14258535,0.8730010986328125,2
site13_117.png_X256_Y256,8.976910925980068,134.32798047926224,0.4311208046079006,0.21448544824225788,0.9049393734583019,-2.0685425,0.13244237,-0.13597402,0.8977508544921875,2
site13_118.png_X0_Y0,12.829574720282123,173.09479630730957,0.17256917612880796,0.015039763874611886,0.9775890849595895,14.597504,0.09729846,-0.03569794,0.448883056640625,2
site13_118.png_X256_Y0,11.630586307020351,120.65400588115506,0.2581074532336605,0.031554024945286745,0.9603157789150708,42.825745,0.055858187,0.10954211,0.0,0
site13_118.png_X0_Y256,8.445319407746865,86.03035815551627,0.48738943772185467,0.19499400267143824,0.9369389442076603,-1.2558899,0.13205102,-0.13434556,0.82568359375,2
site13_118.png_X256_Y256,11.005972470611997,191.64324152668604,0.34741125569761766,0.06661150135035747,0.9728574139458961,-3.2004547,0.13883641,-0.14670892,0.75531005859375,2
site13_119.png_X0_Y0,11.286569656029483,125.45108744232675,0.24716494507141107,0.032764631592743745,0.9751221948394182,1.4705963,0.12928152,-0.11024849,0.0,0
site13_119.png_X256_Y0,10.256359482298368,56.51312328791795,0.2952950467623947,0.038708864165079154,0.969853904982681,-0.72795105,0.14730507,-0.15057713,0.0,0
site13_119.png_X0_Y256,11.597951297115156,262.51873870625553,0.21878348999349245,0.035039800786235344,0.942605994688157,-3.5855713,0.15758352,-0.1687999,0.1728668212890625,1
site13_119.png_X256_Y256,10.770297000729766,59.88922643934998,0.2658410325102873,0.030865823719714282,0.9751827833476469,-2.1761017,0.14565066,-0.15181515,0.0,0
site13_122.png_X0_Y0,12.13725883688188,185.130585501988,0.2031165399853313,0.02028367724280583,0.9490267929588047,0.17100525,0.14270389,-0.15095258,0.493743896484375,2
site13_122.png_X256_Y0,10.445056066728194,177.66200390176704,0.3310459281871829,0.06107105029893187,0.8821642800348634,-3.9832153,0.10417475,-0.12260221,0.5130615234375,2
site13_122.png_X0_Y256,12.049597471507159,244.56499653080766,0.16767467560257232,0.019836881932715076,0.8870720500435987,21.18785,0.056374565,0.06692453,0.1397552490234375,1
site13_122.png_X256_Y256,6.8147523504750644,21.58469187031495,0.5748741320245752,0.1262390764723775,0.72895762462227,-3.4679413,0.051471286,-0.06621276,0.0,0
site13_123.png_X0_Y0,11.954244007802131,284.50009554620567,0.11942322361365357,0.021931359949940398,0.7543730139417761,-6.814148,0.16351198,-0.1982966,0.95947265625,2
site13_123.png_X256_Y0,11.631031152917103,352.7238837076265,0.20903427302140618,0.050357215793235155,0.7966229638537927,-5.9413605,0.14116311,-0.16914265,0.7950439453125,2
site13_123.png_X0_Y256,7.7022816141562,128.1353779946544,0.4967776818997628,0.1466830105821326,0.8203852576191113,-6.120987,0.08268343,-0.109777495,0.1504058837890625,1
site13_123.png_X256_Y256,9.03166322995414,219.14338423025345,0.415050389835697,0.11301596368118363,0.7973460471275582,-6.0715637,0.09897603,-0.12694477,0.1526336669921875,1
site13_124.png_X0_Y0,12.291702221151347,305.4126873828818,0.14837565797581181,0.018774113416822176,0.8080747635483618,-6.8991394,0.15994677,-0.19427899,0.6799468994140625,2
site13_124.png_X256_Y0,11.142660031206304,157.5542252829541,0.22859754836578483,0.03407838120871184,0.7993777245090559,-7.296707,0.14796159,-0.18550804,0.4217681884765625,2
site13_124.png_X0_Y256,11.612580259382957,184.49808473605063,0.20381500981371387,0.026645766203821638,0.866316207968562,-6.454056,0.15611428,-0.17756936,0.0908050537109375,1
site13_124.png_X256_Y256,11.747616969135343,215.51799991290522,0.18135947457538346,0.029408094066974005,0.897440946542841,-7.545822,0.16049416,-0.18272944,0.0,0
site13_126.png_X0_Y0,9.606878746072724,41.61202869689606,0.3330812118716711,0.05123326485810269,0.9260912568738566,-6.4073944,0.15680893,-0.17030035,0.0,0
site13_126.png_X256_Y0,11.445047114710984,273.07936439711585,0.2323500941850133,0.03455771203669951,0.8190606741807847,-5.1480255,0.16164911,-0.1727586,0.3923187255859375,1
site13_126.png_X0_Y256,11.95582227302796,205.8585772449374,0.24711928083072857,0.026032847723424363,0.9501718800036062,-5.6353455,0.15961091,-0.17708278,0.1373748779296875,1
site13_126.png_X256_Y256,13.776934366589845,759.7024602166307,0.11664592761469104,0.011845408967609487,0.8548579458917652,-8.447327,0.19128029,-0.21632004,0.9719390869140625,2
site13_127.png_X0_Y0,11.14208587424371,306.6985449256247,0.3314016491376097,0.12425215424710395,0.9196337397904353,-4.7865906,0.15701692,-0.16785619,0.773468017578125,2
site13_127.png_X256_Y0,10.177742798234938,160.42420637495462,0.3889961283163803,0.08615953596718406,0.9230782211777208,-4.466568,0.14132881,-0.14987448,0.41546630859375,2
site13_127.png_X0_Y256,13.787676024493184,725.8684124645541,0.1296100942828526,0.01331270333783888,0.8933027675712243,-5.1769104,0.18404603,-0.20473161,1.0,2
site13_127.png_X256_Y256,13.62206398809762,554.6675766682274,0.14245899238813098,0.014185689553497667,0.91954859614476,-7.2444305,0.17687859,-0.20197257,1.0,2
site13_128.png_X0_Y0,13.340693785220594,553.5170054185962,0.11131329827776576,0.024162341079707935,0.8654050655554639,-8.101425,0.19074783,-0.21191688,0.8277740478515625,2
site13_128.png_X256_Y0,13.77524944289463,724.4078074538837,0.06002444798254482,0.009742919675252861,0.7679508930024708,-10.402222,0.2083088,-0.23724532,1.0,2
site13_128.png_X0_Y256,13.804834039587444,568.3160148590878,0.0857910377344467,0.009741450235791572,0.8745861758832052,-9.747528,0.19486603,-0.22955823,0.9446563720703125,2
site13_128.png_X256_Y256,13.806453090925505,661.3342102346602,0.06695561841419263,0.009719407401349993,0.8183996626669828,-10.800888,0.20289466,-0.2359774,0.96044921875,2
site13_129.png_X0_Y0,11.722757549801326,225.47765258552977,0.2031877848368671,0.03437649110573738,0.9674101316817869,-2.4647217,0.15778238,-0.1604957,0.23138427734375,1
site13_129.png_X256_Y0,10.79836325763155,69.7339934910848,0.2498960711809483,0.030925743092099015,0.9719272756869763,-2.400116,0.14470081,-0.15085268,0.0,0
site13_129.png_X0_Y256,11.810204961180279,175.91409427863354,0.18762293226509197,0.02932827487537025,0.9803396907649998,9.388397,0.10570297,-0.040273413,0.000396728515625,0
site13_129.png_X256_Y256,10.591286881112328,83.78503613393859,0.25413445925015843,0.03493580446408659,0.9597759415687324,-0.798996,0.1466273,-0.14934286,0.0,0
site13_131.png_X0_Y0,10.472224660489392,326.3399461145176,0.35690064050546355,0.23651742093521297,0.9712790790661764,11.618652,0.04417121,0.06211355,0.232025146484375,1
site13_131.png_X256_Y0,12.960400134511051,306.82093306964174,0.14494383745851222,0.014579003360200887,0.9546637487381142,15.473038,0.077009514,0.03529145,0.193695068359375,1
site13_131.png_X0_Y256,9.629325279450695,493.2495388492383,0.3686520794918675,0.3294009512022582,0.9608630606598425,-2.7572174,0.08941117,-0.0956364,0.6649627685546875,2
site13_131.png_X256_Y256,13.14009724454364,407.32033399114306,0.14354270417680123,0.013104490024053856,0.8971254203142963,-3.45932,0.1416685,-0.15314548,0.5680389404296875,2
site13_132.png_X0_Y0,12.93483081828234,358.7351261233946,0.15504581562456227,0.01501594643649745,0.9266412830517539,17.219772,0.08488228,0.011942569,0.009124755859375,0
site13_132.png_X256_Y0,12.514433344873515,527.3716150339671,0.18551755245778917,0.025825860264795584,0.914669345249606,-7.03508,0.13713698,-0.17620409,0.3234710693359375,1
site13_132.png_X0_Y256,11.44965743770177,220.6385115850826,0.2831656509550603,0.043542444652957805,0.9408742853773923,1.5045929,0.12600482,-0.12534681,0.606719970703125,2
site13_132.png_X256_Y256,12.927925734962706,533.1822912161824,0.08391907026251011,0.015015249558116724,0.8384387364835755,-9.26886,0.18132034,-0.23461527,0.7409515380859375,2
site13_133.png_X0_Y0,11.73583742080383,362.9507111598016,0.12689056239564755,0.024246064020274474,0.6256583409800822,-7.6446075,0.16516057,-0.22696143,0.8577880859375,2
site13_133.png_X256_Y0,11.719955204294044,337.40776115258643,0.12010886253267831,0.0240413691517314,0.6244702245642387,-7.882675,0.16631041,-0.2265444,0.9344024658203125,2
site13_133.png_X0_Y256,12.334757588870277,510.2396215698662,0.08630328798266872,0.018752745729823397,0.5735603086766677,-8.273163,0.17167321,-0.23617002,1.0,2
site13_133.png_X256_Y256,12.512706038760676,430.9972329152504,0.08413978635038144,0.016043123586480863,0.6328951531252248,-8.742493,0.17721768,-0.23448147,1.0,2
site13_134.png_X0_Y0,11.793261451190808,343.88903151735235,0.10268832564009844,0.02251682801997606,0.6323158355607724,-8.496262,0.17570117,-0.23663291,1.0,2
site13_134.png_X256_Y0,12.490797123135504,504.9699340548766,0.13189177784702477,0.0204710481354395,0.8223218445132874,-8.470261,0.15668651,-0.21082456,0.71539306640625,2
site13_134.png_X0_Y256,12.304632423824017,376.4022449298644,0.08755149592986294,0.017697289370616646,0.6666281797786837,-9.545105,0.1843659,-0.23898521,1.0,2
site13_134.png_X256_Y256,12.830708206865898,487.75657068500266,0.08537576316246098,0.014618206489538385,0.7730889608545679,-9.542572,0.1820207,-0.23628068,0.9058380126953125,2
site13_135.png_X0_Y0,13.12092421141099,408.46771304910385,0.15070627558423746,0.015525696214390844,0.9299501416749242,-7.7731323,0.15374362,-0.1879726,0.32904052734375,1
site13_135.png_X256_Y0,10.186641510942987,44.74482664419963,0.2728480455096643,0.04185728031087178,0.9286594028962345,-2.2815094,0.14272842,-0.14736871,0.0,0
site13_135.png_X0_Y256,12.784718217636287,351.12778255361394,0.1347102545534285,0.017712364707161535,0.9370765718198972,-8.028152,0.16309948,-0.19814311,0.545196533203125,2
site13_135.png_X256_Y256,10.193861823466287,91.11111201221038,0.28751585424241954,0.049489129886966014,0.9320485151425546,-2.5762634,0.13432337,-0.13928407,0.0,0
site13_136.png_X0_Y0,13.027335433011375,313.4739563659561,0.1817340804741064,0.015061720042419593,0.9380116885410623,-3.1088715,0.18214682,-0.19947888,0.3823089599609375,1
site13_136.png_X256_Y0,13.910914082796769,729.8282043414782,0.1076805322145565,0.010423813848105897,0.876565433990239,-8.855942,0.20093267,-0.22990873,1.0,2
site13_136.png_X0_Y256,12.26144336725093,282.4115122789298,0.20324154115560866,0.031193114358695494,0.9274485508801008,-5.828659,0.16399544,-0.18065554,0.553955078125,2
site13_136.png_X256_Y256,13.568975469331459,567.5386159319933,0.1487880317178672,0.016302129712067966,0.9121913485579076,-11.782089,0.21646771,-0.25888234,1.0,2
site13_137.png_X0_Y0,13.783531413245488,642.940178056537,0.09898846665493198,0.01022288609985057,0.866297027096415,-9.533951,0.20718597,-0.24073358,1.0,2
site13_137.png_X256_Y0,13.760257785083317,563.0550262819709,0.11162037649768093,0.01029860802772436,0.8997757312424894,-9.293137,0.19384536,-0.2281764,1.0,2
site13_137.png_X0_Y256,13.809070931456668,650.4727242377006,0.11309483243492292,0.0130302986446303,0.8940155175449322,-9.053116,0.19574802,-0.22948356,1.0,2
site13_137.png_X256_Y256,13.939739184242166,694.3907087268146,0.08579453230181162,0.009410527406481897,0.8670186354535329,-10.52684,0.19065607,-0.22637086,1.0,2
site13_138.png_X0_Y0,13.783718754899564,551.3215647227155,0.0991857783779668,0.011592202928198977,0.8974664304850707,-11.187332,0.17065156,-0.20916785,1.0,2
site13_138.png_X256_Y0,13.618722806490771,527.7814763853091,0.10712165383554206,0.010849640912658682,0.8833161646496566,-15.480576,0.19854644,-0.25308067,1.0,2
site13_138.png_X0_Y256,13.856293415621955,656.8566455810674,0.09396072059139407,0.009867842994825668,0.8914369039072595,-10.212418,0.16854577,-0.20850462,1.0,2
site13_138.png_X256_Y256,13.76880325303879,624.2887722270609,0.0925867072103386,0.01009785060672919,0.8584645040758822,-12.191483,0.18105787,-0.22538263,1.0,2
site13_139.png_X0_Y0,12.889344421125262,323.9243857530692,0.15488828380383896,0.017835718260645363,0.9575662578396966,-0.19276428,0.15008035,-0.14271957,0.188507080078125,1
site13_139.png_X256_Y0,11.50775634293756,153.35446227112092,0.20812533689806723,0.025383018108310222,0.9241568227180577,2.9852142,0.146687,-0.14226197,0.0,0
site13_139.png_X0_Y256,13.140263312019151,408.9838294916575,0.14270088189099586,0.01575156052771982,0.9521478318520572,-4.1553345,0.18162853,-0.20352472,0.4083709716796875,2
site13_139.png_X256_Y256,10.666356964845649,115.50254977052134,0.22426792034140833,0.0346966637426734,0.8968905381937644,3.6815796,0.14416623,-0.13840416,0.0,0
site13_141.png_X0_Y0,8.202555377837882,425.8473320207386,0.4771623888236688,0.4458667960493764,0.9714075215648039,-1.4966736,0.071417615,-0.07478566,0.5510711669921875,2
site13_141.png_X256_Y0,13.297033218387508,451.9869014021119,0.13034971526040753,0.012241739463291504,0.8990377523656852,-2.7913208,0.13693708,-0.1457795,0.639923095703125,2
site13_141.png_X0_Y256,6.94269713287777,340.2918966413321,0.5662639848240378,0.5391029642047643,0.9747407879461705,-1.433197,0.05955924,-0.06286972,0.459503173828125,2
site13_141.png_X256_Y256,12.567545477546489,364.9633948331242,0.15651068248968036,0.019087250230700976,0.8226051786733531,-3.2958221,0.13259098,-0.1398828,0.63299560546875,2
site13_142.png_X0_Y0,11.154883038340913,111.59750623258071,0.2845858314627235,0.03595530412101687,0.9593121836416141,0.5573273,0.13029854,-0.13071615,0.5106048583984375,2
site13_142.png_X256_Y0,12.91286223375031,345.4918995248445,0.14889144834056206,0.014903580621379068,0.9108150042727252,-8.475967,0.16944861,-0.20620055,0.341278076171875,1
site13_142.png_X0_Y256,9.442219292784783,51.15721014754005,0.292787803427691,0.05182549851106137,0.8095167527437115,-0.7056885,0.13772993,-0.13922608,0.0,0
site13_142.png_X256_Y256,12.219090818410276,200.2213481143071,0.1702420804772392,0.019918553171817156,0.9355417473879553,-6.354538,0.15810609,-0.17695957,0.0,0
site13_143.png_X0_Y0,11.440655043018278,338.9544622110761,0.20189611862253656,0.047150265647028525,0.6665651764926745,-8.28862,0.1563184,-0.20038775,0.70550537109375,2
site13_143.png_X256_Y0,12.375488596203967,363.234478190518,0.1543994181256877,0.01882759072442886,0.8150550771175991,-8.744186,0.1707252,-0.21138462,0.6192474365234375,2
site13_143.png_X0_Y256,12.274735769119234,281.27922625913527,0.16249328638336707,0.02109432567635318,0.9051688885701391,-6.56575,0.1512918,-0.1698105,0.0,0
site13_143.png_X256_Y256,12.049897552313995,143.2588149239503,0.21766132280493425,0.020828907395604,0.9475894063519977,-4.8857117,0.15389541,-0.17010854,0.0,0
site13_144.png_X0_Y0,9.8092679967728,39.927259842969306,0.3833780054112537,0.04928933641256425,0.9702867931930466,-3.4668427,0.12970692,-0.13882074,0.0,0
site13_144.png_X256_Y0,8.755362778485175,13.20631981990109,0.3797336670150385,0.06268617102381369,0.9197842089009012,-1.6986389,0.12294455,-0.12623784,0.0,0
site13_144.png_X0_Y256,10.469413019823925,102.05207366157597,0.2751511194324588,0.038896256512656616,0.8791907198701053,-0.8176727,0.12721716,-0.12927167,0.07110595703125,1
site13_144.png_X256_Y256,12.563448574590904,526.3282541570597,0.15885974106102932,0.02254157644173058,0.7259493534019248,-5.761322,0.14202705,-0.15492706,0.574005126953125,2
site13_145.png_X0_Y0,9.890374560306538,34.99824972666865,0.28720232256834727,0.04193352053012342,0.9298428661181835,-1.917038,0.12520802,-0.12891522,0.0,0
site13_145.png_X256_Y0,9.475407256201358,20.396189972006077,0.29628216216532133,0.04858343925803677,0.9204761670542193,-2.5569305,0.12775703,-0.13256752,0.0,0
site13_145.png_X0_Y256,12.914613515912542,490.93535998777145,0.12900681910642395,0.017385117190711702,0.8570132781404981,-5.2966614,0.14120977,-0.15454552,0.6415557861328125,2
site13_145.png_X256_Y256,12.928557941380157,373.05650173612656,0.14036965189797795,0.015309646762062033,0.8499721556330161,-4.9553223,0.13686416,-0.14872605,0.5897979736328125,2
site13_146.png_X0_Y0,11.94352918876774,208.17832818207256,0.2178189087716801,0.026191933449021057,0.9255508415785907,-7.4513702,0.15276022,-0.17416723,0.2187957763671875,1
site13_146.png_X256_Y0,13.820513411383905,631.2192904922547,0.10325387287117341,0.010494635407946951,0.8799584869948472,-8.524628,0.19093877,-0.22067612,0.9654083251953125,2
site13_146.png_X0_Y256,12.12281812038335,165.62461177792673,0.22008738224202606,0.021202735201720595,0.9399635629019943,-1.4075317,0.1195251,-0.12176126,0.590545654296875,2
site13_146.png_X256_Y256,13.79498969265826,552.7699321925468,0.09565108675896,0.009796956550257974,0.890589559406633,-8.077316,0.13862526,-0.1617932,0.83477783203125,2
site13_147.png_X0_Y0,13.90633590464075,688.2234890727361,0.08295429585200641,0.009508211352215249,0.8534119545786515,-10.04393,0.19249207,-0.22561935,1.0,2
site13_147.png_X256_Y0,13.62343354643847,563.7201135981554,0.10604432796134067,0.010763035701739566,0.8664961965216236,-10.5841675,0.18657881,-0.22117159,1.0,2
site13_147.png_X0_Y256,13.876237941305249,675.498470209757,0.08986647169719021,0.009873284696665818,0.8679346598293565,-7.877548,0.1447369,-0.16604564,0.9578399658203125,2
site13_147.png_X256_Y256,13.706724568060988,532.7410054876707,0.12219523318344686,0.010891334708637701,0.9074526227353301,-7.454712,0.13741161,-0.16042373,0.9712066650390625,2
site13_148.png_X0_Y0,13.324007822686688,418.2218779285725,0.1345231706837794,0.013256345867535563,0.897030053021149,-11.000534,0.17294857,-0.20796804,1.0,2
site13_148.png_X256_Y0,13.79845536239078,662.2981268622851,0.10123915316239612,0.01013094898964093,0.8614749390587318,-10.89003,0.16512832,-0.20162776,0.974273681640625,2
site13_148.png_X0_Y256,12.857928704835068,320.78416517985977,0.2074758299914821,0.01837367441640399,0.9217293683779086,-4.624878,0.15226278,-0.16606763,0.569732666015625,2
site13_148.png_X256_Y256,13.55013871706388,516.1626667778289,0.13486859213542532,0.012045330599741666,0.9248757978195654,-7.161728,0.12642863,-0.16377524,0.6270599365234375,2
site13_149.png_X0_Y0,13.294681466689417,448.73596349663296,0.13281422144314714,0.014489737596802896,0.9496005523109579,-11.869934,0.22732651,-0.29048806,0.0,0
site13_149.png_X256_Y0,10.225052323019211,94.67617570465733,0.22500081120349097,0.036852355444143434,0.8239136451106204,3.336609,0.14026201,-0.13511437,0.0,0
site13_149.png_X0_Y256,12.854150622095275,353.8641683036775,0.18390239282018783,0.01970110986826163,0.9695099322072407,-6.1652374,0.16418275,-0.21000023,0.214752197265625,1
site13_149.png_X256_Y256,8.678598997509077,42.77375654796245,0.4302524635753832,0.08689050407397596,0.8720437907300943,1.1807861,0.12984157,-0.12787941,0.0,0
site13_151.png_X0_Y0,5.345615638132796,260.3784536746832,0.676899470727149,0.655623919230044,0.9792063628099492,-1.2245483,0.044769615,-0.04751459,0.345001220703125,1
site13_151.png_X256_Y0,13.218760990571571,448.03548653162443,0.10031334658149205,0.012576312672211161,0.8384670333985194,-4.6657715,0.13339615,-0.14506644,0.865692138671875,2
site13_151.png_X0_Y256,3.995009286539525,209.36465276277212,0.7645698284252653,0.7488588158993387,0.9801303648911812,-1.0845642,0.03306146,-0.035392147,0.2514190673828125,1
site13_151.png_X256_Y256,13.1898194477956,427.569012669412,0.09494605551656488,0.01233507492883595,0.8489178449591597,-5.371704,0.14306442,-0.15679571,0.8647613525390625,2
site13_152.png_X0_Y0,13.343131850743186,365.76061749087114,0.15503018270703095,0.012620282810943462,0.9380996426528733,-10.996384,0.14771925,-0.1804379,0.6466217041015625,2
site13_152.png_X256_Y0,12.565670418260897,326.283426116172,0.18285683371842057,0.02078647196729652,0.9222746858419758,-17.141846,0.20011362,-0.25420615,0.0,0
site13_152.png_X0_Y256,13.237943998875195,328.5509473069264,0.15757834265764017,0.013262183986493177,0.9364023421914061,-9.398376,0.15885954,-0.18592173,0.686309814453125,2
site13_152.png_X256_Y256,12.586025789449488,263.57202764562635,0.16760902213606005,0.019267857920922525,0.960039171433342,-8.152527,0.17809126,-0.21686596,0.4016265869140625,2
site13_153.png_X0_Y0,12.882758492740907,322.7390479022615,0.1660523098716472,0.015967748650024472,0.9334316787701971,-7.3280945,0.15780984,-0.19088863,0.0519561767578125,1
site13_153.png_X256_Y0,13.042604158603678,340.2776266640355,0.17070080624329023,0.01423062148982822,0.9334888931417504,-2.66568,0.14049953,-0.1557231,0.0,0
site13_153.png_X0_Y256,12.188118585279037,288.39644143782255,0.1293279116898769,0.020780002523631966,0.9522927709711813,-8.401779,0.1946215,-0.25367314,0.80926513671875,2
site13_153.png_X256_Y256,11.663415048952434,152.46358729214333,0.24731603187275714,0.026690429755150336,0.982905660270181,9.362366,0.12196343,-0.07107502,0.0467529296875,0
site13_154.png_X0_Y0,11.102023270067594,59.327903765977794,0.3038784430456908,0.032744658941029674,0.9888317881335338,1.3849945,0.12580185,-0.124077104,0.0006103515625,0
site13_154.png_X256_Y0,12.328002462178627,366.2102492881347,0.19330893964528262,0.023611634955398086,0.8523742346694575,-5.213089,0.13995427,-0.15101105,0.500732421875,2
site13_154.png_X0_Y256,11.634616841788432,172.22726164515328,0.2592932805156076,0.03697368428945949,0.9768862888046851,9.960907,0.1126324,-0.062275432,0.0,0
site13_154.png_X256_Y256,12.484845218075595,279.3030935667702,0.20934975451048402,0.024516872280259904,0.958309927228344,8.42305,0.111403175,-0.0680282,0.154571533203125,1
site13_155.png_X0_Y0,13.370469487744106,636.4058747086672,0.08787350038268985,0.012426797480980675,0.7585590414902503,-10.044037,0.16571721,-0.1898121,1.0,2
site13_155.png_X256_Y0,13.899051068292502,797.712201151593,0.07441024689027112,0.009279086121946575,0.8062343421949736,-7.8950806,0.15401927,-0.1742891,0.9788665771484375,2
site13_155.png_X0_Y256,13.253676395714365,399.95745997634975,0.15635941152176291,0.013402544844022979,0.9242039622986322,14.482086,0.095852405,-0.015160702,0.4264068603515625,2
site13_155.png_X256_Y256,12.838285693781538,322.43284866398335,0.19975281156066071,0.01749771377265764,0.9244385762848422,7.224304,0.118943796,-0.0868009,0.1964263916015625,1
site13_156.png_X0_Y0,11.092791640274285,201.12053080547093,0.3197307032954382,0.04837880721191945,0.9150105023641335,-1.9656677,0.12835772,-0.13304584,0.4460906982421875,2
site13_156.png_X256_Y0,13.785871126259131,565.2668112775082,0.10747365292090169,0.0113282842029443,0.9086182393572065,-0.8506775,0.10457896,-0.11167335,1.0,2
site13_156.png_X0_Y256,10.159763049396744,128.3184091305073,0.3663285421357052,0.06761117848846855,0.9470535407654034,-5.8308563,0.13751018,-0.15417412,0.174957275390625,1
site13_156.png_X256_Y256,13.753990711913989,537.5587351469304,0.1256723181827281,0.01077093368304113,0.9184995954010335,-6.156372,0.13642752,-0.1576089,0.986236572265625,2
site13_157.png_X0_Y0,13.714877694558187,606.7389234609093,0.12137168608477131,0.012445797074311205,0.9082813124776722,-5.9417267,0.14002895,-0.15905233,1.0,2
site13_157.png_X256_Y0,13.570087920319963,544.4928257911461,0.11864063994538289,0.01191177920009667,0.9013792959005649,-5.0631866,0.12875901,-0.14246865,1.0,2
site13_157.png_X0_Y256,13.730055050183287,567.5984657493386,0.10259818501055276,0.010510835094622,0.8891099044589419,-8.904541,0.14130792,-0.16665173,1.0,2
site13_157.png_X256_Y256,13.545119524948223,548.1940633560321,0.14812923691352156,0.01383448961530499,0.9144055492158851,-7.200409,0.13982305,-0.15921837,0.999359130859375,2
site13_158.png_X0_Y0,13.453537276976757,428.78071850369145,0.12194686000907765,0.01229443599641548,0.9129952280128526,-4.249756,0.12988853,-0.14194217,1.0,2
site13_158.png_X256_Y0,13.854902318893856,557.8190383956895,0.10837840702718239,0.009802876052362023,0.9158631964200528,-9.681702,0.16211925,-0.19531107,0.883941650390625,2
site13_158.png_X0_Y256,13.43949921695547,367.39096229515684,0.12760847393794403,0.01150717144655088,0.9315197084520347,-5.1048737,0.12975498,-0.14464137,0.9755706787109375,2
site13_158.png_X256_Y256,13.733126735468893,578.7795427239613,0.09643448155286098,0.010209074000982556,0.872714708398359,-10.125107,0.1313644,-0.15907714,0.983734130859375,2
site13_159.png_X0_Y0,12.81357449446163,287.89539030964676,0.16963639674389974,0.017389906126540327,0.9725328066737744,6.8814697,0.13877371,-0.09899495,0.1072845458984375,1
site13_159.png_X256_Y0,9.521149376176458,60.71340271770465,0.4002740790203162,0.06688410084994446,0.9321112839501315,1.073349,0.12998646,-0.12843776,0.0,0
site13_159.png_X0_Y256,13.508344239334727,615.4173740118398,0.13278614101805444,0.013659370873585493,0.9361448767404584,-2.847931,0.12534247,-0.13715702,0.5010223388671875,2
site13_159.png_X256_Y256,7.441225184295304,14.818587967969059,0.444876050066204,0.10628202060268568,0.758543823110774,0.9814453,0.13547495,-0.13403448,0.0,0
site13_162.png_X0_Y0,12.96873623174289,323.67661616025487,0.16047537453711885,0.016246832477869746,0.9214246630888557,-6.955826,0.14105183,-0.15741225,0.6474761962890625,2
site13_162.png_X256_Y0,11.384694228746696,170.07134895533392,0.26343519550043765,0.032588084697832274,0.9513534415376732,-3.3181305,0.15005511,-0.15459543,0.092987060546875,1
site13_162.png_X0_Y256,12.604253943276426,239.99547489247038,0.1833993824733009,0.018894316595724634,0.9532442090810158,5.126053,0.11090092,-0.06589482,0.212615966796875,1
site13_162.png_X256_Y256,10.969254877598566,72.81610318146794,0.2951961941046365,0.035215210822153335,0.9755008526788469,-5.470001,0.16458695,-0.18395355,0.0,0
site13_163.png_X0_Y0,12.368179924759993,260.5357251868575,0.16352559522899868,0.018540459549188953,0.9105489753660073,-6.6086426,0.2069403,-0.22718346,0.0,0
site13_163.png_X256_Y0,12.135514556306816,162.40485421773477,0.213288486309987,0.020433848472058688,0.9484605496493747,-1.7444916,0.15468709,-0.15211003,0.0316009521484375,0
site13_163.png_X0_Y256,12.712665781888251,311.69142146352874,0.22996729803219523,0.01793323780388568,0.933750203545824,-4.9634094,0.16660644,-0.18250099,0.2267608642578125,1
site13_163.png_X256_Y256,12.58235528254584,260.6169094969657,0.17663482850418516,0.017260310492024804,0.9253444232893406,-5.2522125,0.1406342,-0.1595599,0.2016754150390625,1
site13_165.png_X0_Y0,9.864768584325734,55.87526110750811,0.2923000653951139,0.04946915582270523,0.9127696050964798,-6.1457367,0.14226559,-0.15649545,0.03948974609375,0
site13_165.png_X256_Y0,10.94223737382714,198.4682593233499,0.28671186943904325,0.044123735739839895,0.9158207284364341,-7.376053,0.13369972,-0.15208721,0.24017333984375,1
site13_165.png_X0_Y256,12.751952813965723,255.00336407571905,0.19551784549437512,0.016964197977139245,0.9656284783173206,-4.9085083,0.12584841,-0.14959651,0.406524658203125,2
site13_165.png_X256_Y256,13.63248295383654,620.4494298768035,0.12895519261139307,0.011844074512501083,0.929373042044678,-15.10585,0.12165594,-0.19044557,0.9896392822265625,2
site13_166.png_X0_Y0,8.189145283495638,23.116425263120796,0.4329230549456222,0.09278987255189794,0.9031745796274359,-6.5886383,0.1380863,-0.15256464,0.0015411376953125,0
site13_166.png_X256_Y0,12.790482519650832,322.37871437669054,0.18781749329016378,0.01969338545581718,0.9172371403611272,-7.554535,0.15206021,-0.17078118,0.6140594482421875,2
site13_166.png_X0_Y256,11.193917115075045,168.0104061689093,0.2897024194389681,0.043556955517077015,0.9232651999108386,-9.592926,0.14488105,-0.17182477,0.146148681640625,1
site13_166.png_X256_Y256,9.578048923368009,61.13660000060448,0.35828067091298543,0.06574885609672698,0.9332757184820764,-6.106064,0.14184734,-0.15576202,0.0600128173828125,1
site13_167.png_X0_Y0,13.783385355636401,481.96555384348557,0.10296492193910778,0.009895376891174232,0.9243352521781494,-16.171173,0.15691233,-0.21899135,0.973052978515625,2
site13_167.png_X256_Y0,12.539429040487533,352.13382971693767,0.09491631443815654,0.015827190579602912,0.7068063367300907,-7.978485,0.15043315,-0.17067835,0.9323272705078125,2
site13_167.png_X0_Y256,13.267950657936016,456.22807389284435,0.1852061963000011,0.017806840926978647,0.9273038116403444,-4.8374023,0.13047415,-0.14309767,0.881561279296875,2
site13_167.png_X256_Y256,12.648928722347318,323.8388334414714,0.10399203216921554,0.0155678790278618,0.7870017390610771,-8.122253,0.1480571,-0.16685984,0.90643310546875,2
site13_168.png_X0_Y0,12.30679274286016,316.8046542946279,0.0791944388609789,0.01642988903288729,0.6223162017289422,-5.7324066,0.14424817,-0.15781076,1.0,2
site13_168.png_X256_Y0,12.742939662620671,388.2461787834223,0.09733661144871952,0.016106530859683662,0.78270749531967,-7.036316,0.14568725,-0.16465795,0.9270782470703125,2
site13_168.png_X0_Y256,12.604531182508044,342.74898650759695,0.07575603919459116,0.014383683259679158,0.703141200238703,-6.7999115,0.14496222,-0.1601206,1.0,2
site13_168.png_X256_Y256,12.87752415547319,392.4384017865798,0.09555308200667062,0.014687650405240693,0.7998846996665732,-7.063141,0.14541286,-0.16226646,0.915924072265625,2
site13_169.png_X0_Y0,13.615835772515844,613.1070107650811,0.13134624463843417,0.013960603720511472,0.8972199678390588,-6.3478394,0.12954494,-0.14691152,0.7952423095703125,2
site13_169.png_X256_Y0,7.614601200379921,17.764487231473463,0.4344245111619171,0.09425093318377906,0.8111644493848733,1.0146637,0.1367573,-0.1352677,0.0,0
site13_169.png_X0_Y256,13.460463474214832,529.6079901359949,0.15352447207938066,0.015119277908399334,0.9304523851630524,-3.8197327,0.11254582,-0.122685276,0.76416015625,2
site13_169.png_X256_Y256,8.389748240511368,78.89337427311617,0.4094090282911571,0.08567613507860011,0.9288375723238796,0.8582306,0.1374428,-0.13632986,0.0,0
site13_172.png_X0_Y0,12.90657620915285,321.8694100826614,0.13390367615471674,0.014609197650835095,0.8998114916534963,-3.6632385,0.13747634,-0.14561024,0.725738525390625,2
site13_172.png_X256_Y0,9.7540239386847,34.072598024197944,0.3443783236964263,0.04582710457856283,0.922528264545383,-1.1308899,0.1585754,-0.16143203,0.012481689453125,0
site13_172.png_X0_Y256,12.877594911484255,324.36873341984153,0.12109483141423437,0.014243734781442068,0.88256655846693,-4.719391,0.13923821,-0.14988339,0.7204742431640625,2
site13_172.png_X256_Y256,10.49939722860261,57.95340929570362,0.28504525180684315,0.04148259101638195,0.9666850050881195,-0.18412781,0.1576185,-0.16004731,0.0,0
site13_173.png_X0_Y0,11.844393658951246,113.34339346645213,0.2080763228284866,0.026053459142032855,0.9783574405780846,9.861588,0.13263912,-0.094159946,0.0,0
site13_173.png_X256_Y0,11.392668818806325,215.6508129986105,0.20546176656982648,0.03141525674738501,0.8582235523216211,1.8798065,0.13350973,-0.13093889,0.0223236083984375,0
site13_173.png_X0_Y256,11.762932311529749,157.0904493614217,0.19705181628139415,0.02642356713013121,0.951479182014522,1.9035034,0.14539464,-0.1380293,0.0,0
site13_173.png_X256_Y256,12.753810343307432,301.7966708267302,0.1746388684208165,0.016517783637639043,0.9163690333176313,4.0957336,0.12535325,-0.11195892,0.0,0
site13_175.png_X0_Y0,11.320145480426955,214.83642595394755,0.2725251950502465,0.05140517152742309,0.975375938391957,-2.6315613,0.1489456,-0.16137311,0.0486602783203125,0
site13_175.png_X256_Y0,13.486705447086427,362.6363233191681,0.1369004204912796,0.011664454180081585,0.9442056941539971,-9.305542,0.15834245,-0.19104405,0.7140045166015625,2
site13_175.png_X0_Y256,12.182530961394553,227.5317265294783,0.2595590756208436,0.026739944145397012,0.9685299634585448,1.6733246,0.116471946,-0.09217863,0.0,0
site13_175.png_X256_Y256,13.68847511435063,696.66016171666,0.14143629755749348,0.012702860004111017,0.8975363891761561,-9.537216,0.1829399,-0.2132507,0.7873382568359375,2
site13_176.png_X0_Y0,10.976032280998785,65.46988348832281,0.27784337179991425,0.03142502043290338,0.9587323203130305,-6.7304077,0.15813331,-0.17425513,0.0,0
site13_176.png_X256_Y0,10.09932849411986,38.742841154844754,0.3253620542159534,0.04519349972016615,0.9394610296311319,-6.7323303,0.14024037,-0.15443769,0.0,0
site13_176.png_X0_Y256,11.588335793632819,142.70677301098726,0.23994889472869893,0.025673651741129337,0.9311816038284424,-7.6078644,0.15823823,-0.17655247,0.0833587646484375,1
site13_176.png_X256_Y256,10.317096756032534,53.12424464148517,0.3050987020685184,0.037137932884186264,0.9203003383107323,-6.8657837,0.1414567,-0.15529561,0.0,0
site13_177.png_X0_Y0,13.771373192138432,667.658471456268,0.11462856159971124,0.013535497955768964,0.8954428291376457,-0.90579224,0.122364044,-0.12571573,0.9993133544921875,2
site13_177.png_X256_Y0,12.545639086513674,319.9715159884499,0.1096698923685504,0.016775803403984605,0.8071546750285383,-5.479416,0.14764899,-0.1605519,0.9131927490234375,2
site13_177.png_X0_Y256,11.645600187230807,260.7529402002901,0.30649195862897877,0.06873124802634359,0.9303952518027511,-5.4445953,0.13571975,-0.14752278,0.601104736328125,2
site13_177.png_X256_Y256,11.950728174846418,242.395183763463,0.18270440453641082,0.023584733192025416,0.8140470910164938,-4.1658173,0.1490106,-0.15876564,0.44598388671875,2
site13_178.png_X0_Y0,11.81389221681259,211.5002678206713,0.10315789432521341,0.02010119988124754,0.6742866000022278,-5.450348,0.14013235,-0.15089664,1.0,2
site13_178.png_X256_Y0,12.053577949564914,237.43914244221187,0.1165465719486286,0.019430269796761192,0.8208268528294406,-5.680954,0.14110982,-0.15350366,0.923583984375,2
site13_178.png_X0_Y256,11.856889479333265,161.127798863421,0.20376263613066403,0.022379021901301824,0.9194248562274152,-4.3380127,0.14292136,-0.15224513,0.396881103515625,1
site13_178.png_X256_Y256,12.19511525788971,205.72225602833578,0.20332031131186581,0.022108484993035075,0.9090651834388956,-3.5335846,0.14677975,-0.15635806,0.5265350341796875,2
site13_179.png_X0_Y0,12.796634113995104,248.61136137542996,0.20305786055996533,0.01913114869434642,0.9655913885308918,-1.6901703,0.12645337,-0.12488271,0.645599365234375,2
site13_179.png_X256_Y0,8.57312318797656,117.87676386485978,0.4220079392711297,0.08348160747564469,0.9517034557925258,2.1579895,0.1328668,-0.12901652,0.0,0
site13_179.png_X0_Y256,11.555671075738708,112.47228322640282,0.27775909717591496,0.02966004826359304,0.9750611745219431,1.3762512,0.13967058,-0.13098799,0.0535430908203125,1
site13_179.png_X256_Y256,9.025121411885145,142.33972720828257,0.39675471034843746,0.07998689189613029,0.9609777600239177,2.9722748,0.12942268,-0.124272004,0.0,0
site13_182.png_X0_Y0,12.826284430741229,355.7199246834169,0.12139256728790959,0.014102727441895408,0.8488732499783767,-5.5536194,0.13702695,-0.14895613,0.754241943359375,2
site13_182.png_X256_Y0,11.301949195140034,83.8395887399085,0.2466964461908973,0.027329198751626864,0.9643643088379174,0.98854065,0.15546447,-0.15609524,0.0,0
site13_182.png_X0_Y256,12.899632385440372,404.9151020641118,0.10772936003521844,0.013889578076648893,0.8304651398583912,-5.7301483,0.13729289,-0.14947319,0.77935791015625,2
site13_182.png_X256_Y256,11.938460320522776,100.49301766448305,0.26845300911618586,0.022506534827374726,0.9801255956854216,2.9895325,0.15914649,-0.156744,0.0,0
site13_185.png_X0_Y0,11.525579223622623,223.83262690434017,0.2854194388195931,0.040336203212505264,0.9387803078314549,3.329483,0.11391289,-0.08659805,0.0,0
site13_185.png_X256_Y0,12.662161001585618,214.91952507750165,0.18304082331913923,0.01682595506220589,0.9613103129959608,-2.5704498,0.14010252,-0.14840272,0.5478057861328125,2
site13_185.png_X0_Y256,12.569630857486263,405.37405198725446,0.20527643224716893,0.021084995745582803,0.9127611398625135,2.5399628,0.10765019,-0.079293534,0.0,0
site13_185.png_X256_Y256,9.692642998867194,132.69729195200918,0.4127134326041976,0.0839610623322809,0.982926683356836,-0.50823975,0.1381129,-0.13928677,0.0,0
site13_186.png_X0_Y0,12.343090889235286,189.28965047999054,0.20690201578976394,0.019827812679911763,0.9403136440595778,-5.0074005,0.1398509,-0.1520544,0.3294525146484375,1
site13_186.png_X256_Y0,10.305347311856647,60.92427308607333,0.2927110738444622,0.04114219041802649,0.9342555884050796,-5.651352,0.13485499,-0.14605862,0.0,0
site13_186.png_X0_Y256,10.01783606756776,55.981356719771554,0.3088342899195592,0.04489354151053884,0.9001302650787097,-1.5082397,0.14192876,-0.14495748,0.0,0
site13_186.png_X256_Y256,10.835696890051278,105.74071213595732,0.24874928347424732,0.034308973707525905,0.8775913618321138,-4.110153,0.1375356,-0.145102,0.0,0
site13_187.png_X0_Y0,10.010492406887503,59.377824259300866,0.3638458284001393,0.05142349497249334,0.9135797554444068,-3.95224,0.13668959,-0.14437225,0.0,0
site13_187.png_X256_Y0,12.465186597032496,350.51148389445234,0.14663707188999603,0.01802463404824567,0.8487095220146594,12.977127,0.052914426,0.030951431,0.1377410888671875,1
site13_187.png_X0_Y256,10.1280199992718,86.00636919994972,0.3476577779122484,0.0499869351250729,0.8732776101676877,-3.3315125,0.13462812,-0.14103541,0.0,0
site13_187.png_X256_Y256,12.784345891967039,300.37744272037,0.17825294950631732,0.015425519999743842,0.944753890146534,9.182419,0.10677773,-0.05880482,0.015960693359375,0
site13_188.png_X0_Y0,12.594225131009418,306.0631249549742,0.16241458207508022,0.018556359516477588,0.8991092125574001,6.904846,0.11628944,-0.085575655,0.3339080810546875,1
site13_188.png_X256_Y0,11.243321033815235,91.04487483780716,0.23410444285470788,0.029210763739518492,0.9213992835691747,16.628311,0.10952096,-0.053114906,0.0869293212890625,1
site13_188.png_X0_Y256,9.070627313797274,62.73513866361653,0.29645816793281543,0.06677974795463462,0.7400600587187514,-9.542297,0.12169106,-0.15054287,0.0,0
site13_188.png_X256_Y256,9.575070352242811,57.941445687957575,0.3281063387875598,0.05694320475318563,0.8746102115347822,-7.450226,0.11811751,-0.13946196,0.0,0
site13_189.png_X0_Y0,12.009387997164781,179.07916471430804,0.2009082998951127,0.023746156374309622,0.9123128812489569,11.890274,0.11016023,-0.05661557,0.059722900390625,1
site13_189.png_X256_Y0,11.883436401900711,198.48612392170844,0.16214633808019988,0.021985666053911987,0.8902366081592885,17.063995,0.08029552,0.039522268,0.010223388671875,0
site13_189.png_X0_Y256,9.204055638535248,42.84399452734536,0.3301622653318789,0.05663358479360708,0.827013422985213,-7.2023773,0.113340735,-0.13335598,0.0,0
site13_189.png_X256_Y256,11.307388205505816,198.9653091509492,0.19011786765712577,0.02937154351365655,0.8946240693836378,13.582382,0.11407948,-0.021207558,0.0294036865234375,0
site13_192.png_X0_Y0,12.728076097790211,401.43950178417225,0.10539450736077675,0.014959147517106725,0.771285755168535,-4.0533752,0.13290231,-0.1411456,0.809814453125,2
site13_192.png_X256_Y0,12.239499476168398,146.2052445423686,0.2395383537893352,0.01933709166909578,0.9540689931673008,-2.1054382,0.15514779,-0.16454622,0.0792388916015625,1
site13_192.png_X0_Y256,12.598151882627825,332.8327073571501,0.11262545501920246,0.01567180521760167,0.7966504781325194,-2.1311493,0.12907648,-0.13339132,0.8358001708984375,2
site13_192.png_X256_Y256,11.74626355414945,106.49269941248747,0.2237132260688095,0.022568003188785546,0.9448890861025193,2.2078247,0.14552216,-0.140654,0.0,0
site13_195.png_X0_Y0,11.763968278087383,259.0182648801143,0.2680748903761822,0.03297759801243871,0.9343822585663986,-0.2706604,0.11764108,-0.11697498,0.0,0
site13_195.png_X256_Y0,10.160985813905977,186.3813406652423,0.3891665272301566,0.07015683407233814,0.9678195156556735,0.560318,0.1294582,-0.1275875,0.0,0
site13_195.png_X0_Y256,10.679787857142047,235.27497419865136,0.34723835865438335,0.050522043535985287,0.9498936759607698,4.5596466,0.111147806,-0.103032574,0.0,0
site13_195.png_X256_Y256,12.411716454036974,280.1390252997781,0.2595356409476075,0.022337899486052908,0.962258857218694,5.485977,0.11139335,-0.079415075,0.0087127685546875,0
site13_199.png_X0_Y0,8.9280563648899,85.46871098255482,0.3192755697792031,0.07426245181409843,0.6700169196566774,-5.4176483,0.10912394,-0.12254576,0.0,0
site13_199.png_X256_Y0,11.897547327064464,212.4354556991534,0.17354860795705096,0.021706637943867582,0.9201378830424717,22.866837,0.069630966,0.051100895,0.0,0
site13_199.png_X0_Y256,8.727471232622829,79.14024942329891,0.33248199911299603,0.08104869367204422,0.6937354367311532,-5.0470123,0.10853693,-0.12072818,0.0,0
site13_199.png_X256_Y256,11.70826875632725,140.5520498426195,0.1832341680135671,0.024772951254969436,0.9402187146109438,22.404526,0.07826909,0.04020258,0.0,0
site13_202.png_X0_Y0,12.244759579341727,276.6378927726172,0.21093576774940476,0.021229908311210022,0.8731346076180682,-1.0996399,0.13196196,-0.13462506,0.372039794921875,1
site13_202.png_X256_Y0,11.460051222997732,86.44938955269747,0.2593134903696893,0.0247132889337645,0.95434284130261,2.4955292,0.14504579,-0.14006265,0.0,0
site13_202.png_X0_Y256,10.069686909545839,81.21138273140173,0.3178471521762209,0.0518151169669944,0.9278394688081488,20.961472,0.021336682,0.018323533,0.0,0
site13_202.png_X256_Y256,11.467011990423533,124.35895082420535,0.20751176265804908,0.02482531782287703,0.8939110707468874,-0.13214111,0.14301139,-0.1434993,0.0,0
site13_209.png_X0_Y0,8.033988212704873,39.94497211108716,0.3687277203199566,0.10275642245005853,0.7445804990909541,-4.636673,0.10675373,-0.11760673,0.0,0
site13_209.png_X256_Y0,11.458224265118998,120.98542420583918,0.19616512010475928,0.02901427203832622,0.9356066753952205,22.370834,0.09147579,0.008369943,0.0,0
site13_209.png_X0_Y256,8.590989230612946,49.75410016580249,0.36836458574676884,0.09141383654292064,0.8561489122637063,-3.4135437,0.10976836,-0.11788973,0.0,0
site13_209.png_X256_Y256,11.743632356706064,250.90272009264788,0.26723436182839866,0.05447632240809592,0.952985751306064,9.251572,0.104055345,-0.06874403,0.0,0
site13_210.png_X0_Y0,13.041966012178667,340.0988330810452,0.1480579753175015,0.014152976123029376,0.9381161492918628,-3.8675995,0.14638469,-0.16398747,0.509521484375,2
site13_210.png_X256_Y0,10.48374807814417,166.37652022359333,0.27843085933279677,0.15218431126339957,0.9766002616735542,-1.2920227,0.113271296,-0.11687221,0.074951171875,1
site13_210.png_X0_Y256,12.705562867401394,373.1950629265399,0.17170482585278599,0.01661775434516039,0.9313813317191605,-10.354889,0.19581215,-0.23887163,0.8609161376953125,2
site13_210.png_X256_Y256,12.124770526798585,476.29810914073937,0.22843537428595803,0.07652117763841207,0.9110233441989802,-14.253204,0.21898115,-0.2682957,0.9033966064453125,2
site13_219.png_X0_Y0,11.926987233199025,65.34664580630078,0.18544277554469887,0.019179049669734,0.9784254062842123,16.644852,0.12739077,-0.084994964,0.0,0
site13_219.png_X256_Y0,12.659726168334187,142.37343132749805,0.1743055441090967,0.015728208968990222,0.9706549370672901,20.908417,0.103051834,-0.033995014,0.0,0
site13_219.png_X0_Y256,9.094564858427635,44.261718825092245,0.3973623307105209,0.07424862171457589,0.9682632315354428,6.493515,0.11403557,-0.10089418,0.0,0
site13_219.png_X256_Y256,8.963333492051891,53.63017937812451,0.3873394414310231,0.07522282313116607,0.9726606903897015,13.977432,0.098432034,-0.06099142,0.0,0
site2_36.png_X0_Y0,14.449159954445653,2049.654453140418,0.058838275130426484,0.008816236953968774,0.6941816370169687,-7.2722015,0.20982942,-0.26331532,0.2410125732421875,1
site2_36.png_X256_Y0,14.701128731275324,2430.3176343837013,0.03051836115293617,0.006798288522837778,0.5277137582948481,-9.484619,0.24940601,-0.30011985,0.0,0
site2_36.png_X0_Y256,14.84077160597587,2356.468354779669,0.046102808515800835,0.007649241861901833,0.7224242374697233,-10.711807,0.2279132,-0.27672166,0.131011962890625,1
site2_36.png_X256_Y256,15.032084828338578,3342.9361281720903,0.0378821020750027,0.00649288605142601,0.6297181708679914,-9.021179,0.24260119,-0.29443794,0.00787353515625,0
site2_37.png_X0_Y0,13.60630334163042,1281.4890950297795,0.08079178533247341,0.014310551764455072,0.7554086323620528,-6.5506744,0.18261561,-0.21172363,0.0,0
site2_37.png_X256_Y0,12.979748322927213,1185.088127388105,0.0795031662762715,0.01665574636740504,0.5424971136119668,-3.5892181,0.17071187,-0.20165339,0.0,0
site2_37.png_X0_Y256,14.233411991864418,1823.7603823352945,0.07188228787099618,0.01196854672470347,0.779712984409971,-9.097214,0.20134693,-0.25495887,0.144989013671875,1
site2_37.png_X256_Y256,14.472861979188123,1899.9248264342918,0.045436239180479815,0.008027971606216237,0.6940132167244195,-7.6901093,0.22186944,-0.26876932,0.15234375,1
site2_49.png_X0_Y0,14.17399937582254,1803.493193633774,0.050958490482296295,0.010244626077359716,0.6611565949968483,-3.9669952,0.23578015,-0.26373556,0.0,0
site2_49.png_X256_Y0,14.542118159046344,2258.8181237838016,0.03689098661748656,0.007506109570890873,0.5528047463732229,-9.777512,0.25553322,-0.3133382,0.0,0
site2_49.png_X0_Y256,13.021963374511747,1202.388068982099,0.08464279806466646,0.018791550964856636,0.6632037937686296,-1.2175293,0.18045026,-0.19176492,0.0052032470703125,0
site2_49.png_X256_Y256,12.461530214144236,1274.3323688908918,0.1308974326091877,0.03024876435287152,0.7138498138659427,-4.057892,0.17573446,-0.22100958,0.0029296875,0
site2_50.png_X0_Y0,14.735805344045486,2791.9635772753654,0.05761587431792692,0.009052289360612992,0.7618939001644536,-6.2545166,0.15036136,-0.18959233,0.50689697265625,2
site2_50.png_X256_Y0,14.262706712565407,2153.7507856204797,0.03278672124376881,0.008319716665787152,0.3019983049061285,-3.2534637,0.19757909,-0.20983888,0.0,0
site2_50.png_X0_Y256,14.658153540628122,2271.4299136754935,0.04512216950082979,0.00775051929361428,0.6990214373217716,-9.086533,0.2114104,-0.2636912,0.071014404296875,1
site2_50.png_X256_Y256,14.005029619149212,1556.3320546785808,0.039113741308912736,0.009315352119000822,0.41949958818128563,-0.60206604,0.1856457,-0.18886796,0.00311279296875,0
site2_51.png_X0_Y0,14.232401137353616,2000.2238274645897,0.08545793395797731,0.012029700505156265,0.7898725056431076,-5.2236176,0.17562322,-0.21729442,0.2673187255859375,1
site2_51.png_X256_Y0,14.718596594076734,1949.2252648771607,0.03310628177800019,0.006722658453879356,0.6737064568262797,-9.129044,0.20885569,-0.243156,0.014678955078125,0
site2_51.png_X0_Y256,14.405891085685269,3306.8445348852824,0.076884738548722,0.011869128409978792,0.7200306952284504,-14.793625,0.24629107,-0.34820634,0.9724273681640625,2
site2_51.png_X256_Y256,13.08519809337953,1299.5094966933368,0.08736938535927782,0.016467031493608484,0.7388992163910633,-8.012009,0.15294114,-0.2183336,0.3070831298828125,1
site2_63.png_X0_Y0,14.46068495946021,2389.3246361229094,0.035892663324072475,0.007742852950204082,0.5047348992619104,-8.733307,0.25252187,-0.3004367,0.040313720703125,0
site2_63.png_X256_Y0,14.388363835613752,2270.5736041579803,0.08405671774872114,0.010924322365913383,0.7100232956630822,-12.867172,0.25049457,-0.30818513,0.4175567626953125,2
site2_63.png_X0_Y256,13.66491534908215,2116.950382050177,0.0590164633633522,0.013489748850192895,0.5723857714094311,-7.44368,0.21915908,-0.28046054,0.0105743408203125,0
site2_63.png_X256_Y256,14.378440012298148,2693.8399644521187,0.09789029062526525,0.04716102028747873,0.7406719391483614,-5.9305267,0.20618048,-0.24372418,0.4546661376953125,2
site2_64.png_X0_Y0,14.546701181294019,1964.9404061088649,0.0534539853580709,0.008935889332088045,0.684555913330531,-0.1458435,0.19399741,-0.20221226,0.1089324951171875,1
site2_64.png_X256_Y0,13.021189545787363,934.8543224961804,0.07068739233863762,0.015385874898217298,0.7406785431691457,4.051758,0.17705555,-0.17527398,0.068359375,1
site2_64.png_X0_Y256,13.71222985546286,948.4373189548543,0.05767859243658038,0.011124491072731627,0.7477595264796899,2.8636475,0.15749957,-0.15244007,0.0405731201171875,0
site2_64.png_X256_Y256,14.507546603518506,2558.3480693724537,0.06974678152051636,0.014837748014784113,0.7763901748403382,-5.3217316,0.16041273,-0.19812259,0.628509521484375,2
site2_65.png_X0_Y0,14.792731063060202,2765.310950686368,0.05478914050037839,0.012980713539166942,0.699794618612478,-8.673813,0.1884715,-0.23069862,0.520172119140625,2
site2_65.png_X256_Y0,14.434934737270762,1936.126353491145,0.05068818894553396,0.00946606612228823,0.7447687662664713,-7.7409363,0.19908877,-0.24260707,0.0,0
site2_65.png_X0_Y256,14.551645612114903,2716.881862355335,0.047764560255596285,0.008660172001025434,0.7061368010225043,-11.514664,0.21608508,-0.28466564,0.4871063232421875,2
site2_65.png_X256_Y256,14.62991118093844,1583.4372083004018,0.042128325735737285,0.007173392868273348,0.8026189977735242,-4.7180786,0.19726568,-0.22186828,0.0,0
site2_66.png_X0_Y0,12.420765006287686,742.4420705529035,0.10129922884341849,0.020997963318194486,0.6813669410778553,-2.4246368,0.10234511,-0.12290533,0.0680084228515625,1
site2_66.png_X256_Y0,11.810302180807938,599.9987732783842,0.11404101376223232,0.025113453460755858,0.5872884950208564,-1.4920807,0.084265806,-0.101358294,0.0,0
site2_66.png_X0_Y256,14.15305005332361,1738.4994855497173,0.050104502732419114,0.010116515396213693,0.6546145399268652,-8.314453,0.18844196,-0.23794633,0.0,0
site2_66.png_X256_Y256,14.615516266590227,2521.410398359796,0.03210952833496212,0.007247053419896334,0.5127959099836614,-4.3399353,0.17395769,-0.19910139,0.0,0
site2_77.png_X0_Y0,14.91082185289607,3179.698405736826,0.03360944708066381,0.006369274602653771,0.5122388295698084,-10.577774,0.24160543,-0.29465747,0.0561981201171875,1
site2_77.png_X256_Y0,14.514932177697446,1477.993820991374,0.052464220329546535,0.007601268610794854,0.7637324576321691,-9.068161,0.2213457,-0.26264077,0.14556884765625,1
site2_77.png_X0_Y256,14.782781699347366,2336.038701731679,0.035855243517324595,0.006719671313120405,0.6490336010465473,-6.415573,0.21615687,-0.25191638,0.0107879638671875,0
site2_77.png_X256_Y256,14.402986712403505,1823.0968459996918,0.040279100651730834,0.008295970713685947,0.6422715012582054,4.8054657,0.18462612,-0.1813817,0.0,0
site2_78.png_X0_Y0,12.023631737435904,634.4517219189701,0.13858932832150478,0.027495270246135337,0.8049319428206091,-2.8063354,0.09893529,-0.12872733,0.06793212890625,1
site2_78.png_X256_Y0,12.628666557817656,1105.0113867415523,0.10679009927478277,0.023879766737817228,0.8014896852224788,-6.76857,0.12735233,-0.19360542,0.389892578125,1
site2_78.png_X0_Y256,13.056933078323869,1011.2921844814889,0.08759042629852612,0.018796351448525598,0.7379741493579492,-6.7959595,0.1712654,-0.22815484,0.0,0
site2_78.png_X256_Y256,12.177147596375391,796.3974589101329,0.09955701604028054,0.02315963055087943,0.5520477675738784,-5.398712,0.1340201,-0.19324,0.0,0
site2_79.png_X0_Y0,14.994061703784595,3089.301188500602,0.038441139852991524,0.006656992340256871,0.6328188929856239,-3.0530243,0.21094993,-0.23851745,0.0367431640625,0
site2_79.png_X256_Y0,13.329474422261463,1209.3515813030679,0.0767731361137275,0.015081273901076673,0.6756321556591006,-0.35876465,0.16724244,-0.18657677,0.0,0
site2_79.png_X0_Y256,13.809457007288476,1665.6371598217554,0.06847830434648322,0.014586864646721013,0.736169883285248,-4.2740326,0.20040272,-0.24616474,0.112518310546875,1
site2_79.png_X256_Y256,14.773809449896067,2276.5966104684467,0.02859224974779296,0.00660188123549623,0.5641897711762034,7.0696106,0.20976758,-0.20105593,0.0,0
site2_88.png_X0_Y0,14.65614828860045,3119.0882908016747,0.021928125394496137,0.006792615300625883,0.2114346213962111,50.221207,0.13853015,0.015407087,0.0,0
site2_88.png_X256_Y0,13.87144652542041,1400.6850536153697,0.03885046704490436,0.009691645726602199,0.4955117272302575,30.829987,0.090866745,0.058073826,0.0,0
site2_88.png_X0_Y256,14.651557890355939,3004.104833823014,0.022530903337943366,0.006813206719596544,0.23569442262055876,47.994812,0.1382826,0.010944547,0.0,0
site2_88.png_X256_Y256,13.739142969156966,1274.3689183848699,0.043665207463645786,0.010059672969617277,0.4742097719525151,33.436157,0.076792315,0.098304376,0.0,0
site2_90.png_X0_Y0,14.57662998801089,1613.3729609555899,0.03371166570810754,0.007006507460102089,0.6751495084644369,8.883118,0.18728048,-0.16853732,0.0,0
site2_90.png_X256_Y0,14.80492266502913,2196.263787861138,0.03127366201259611,0.006474956485413495,0.6267676533076945,-2.9155426,0.20221893,-0.21953738,0.0,0
site2_90.png_X0_Y256,14.254073956424975,1267.6165927168845,0.041885962940467425,0.00832921554022312,0.7432000464241508,9.676941,0.17229639,-0.14403762,0.0,0
site2_90.png_X256_Y256,14.635058683031087,1919.6261274062208,0.03345806968992985,0.007127982707720205,0.6788140750742062,-9.900162,0.22372364,-0.27134466,0.0,0
site2_91.png_X0_Y0,14.687073222037354,1931.3287181014173,0.032456746157258264,0.006825108119807474,0.6379437465880311,2.420227,0.19869493,-0.20079717,0.0,0
site2_91.png_X256_Y0,14.651521281551178,1842.307096984956,0.049024426220317725,0.00782959080375595,0.8132168215303285,4.431015,0.19192055,-0.19813994,0.0,0
site2_91.png_X0_Y256,14.75584751291411,1854.688427768156,0.03646595046759604,0.006621338390281017,0.7399807889017117,-1.511795,0.19435936,-0.21191974,0.0615234375,1
site2_91.png_X256_Y256,14.641031233854303,1797.1358917696484,0.03871600432107785,0.007162512691427414,0.7302266412349059,3.669159,0.17700143,-0.1780178,0.0,0
site2_93.png_X0_Y0,11.852134843285953,859.5464018347864,0.12001039029687263,0.029597248256461855,0.6299548548007526,-4.5478516,0.14363208,-0.2062244,0.0,0
site2_93.png_X256_Y0,11.835945413917997,867.9510482598156,0.11184254777956326,0.0282828747797186,0.5321335688238147,1.0487518,0.13549194,-0.14399016,0.0,0
site2_93.png_X0_Y256,13.019976021373996,1371.5582886693492,0.08450438843669533,0.01869964704612751,0.6584845729602831,4.0898285,0.090491265,-0.07944447,0.0,0
site2_93.png_X256_Y256,14.181653630870546,2071.092818988361,0.04461034832032445,0.009494800022417565,0.5833270859453729,14.612045,0.14179754,-0.08009726,0.0,0
site2_94.png_X0_Y0,15.031920068096655,2868.8229315950684,0.03086063421411405,0.00602780193771909,0.6419726911630085,3.3062897,0.1813879,-0.18090788,0.0049285888671875,0
site2_94.png_X256_Y0,14.819140547211461,2575.192410281152,0.028459743637527957,0.006444117939486608,0.5370155106833115,-3.956253,0.20114884,-0.22305137,0.0,0
site2_94.png_X0_Y256,15.042747292402776,2920.419235075117,0.028573090786023176,0.005928187383361782,0.6055948786130364,3.83107,0.17127231,-0.1663535,0.1886749267578125,1
site2_94.png_X256_Y256,14.58712946905418,2646.9641162958233,0.02900511538315411,0.007203837527059021,0.4357752779094092,-2.5826416,0.20240551,-0.22219792,0.0,0
site2_103.png_X0_Y0,13.881510598730438,2072.4282019239417,0.051252298030999684,0.01123232279285397,0.47805441878828914,-2.7727203,0.14335889,-0.1731688,0.0,0
site2_103.png_X256_Y0,13.80236669717979,1766.2507622222788,0.06458285793065804,0.01340330594712128,0.6928717529582942,0.76538086,0.15308478,-0.15588394,0.0,0
site2_103.png_X0_Y256,14.622945513073,2470.2535327762366,0.03329552062727884,0.007147996074794549,0.5204813819904771,6.5491333,0.13736233,-0.108252004,0.0309906005859375,0
site2_103.png_X256_Y256,14.729179656847352,2831.781602133644,0.04108195814812618,0.007591788550465658,0.6013304373369475,15.530441,0.14150576,-0.08346632,0.0,0
site2_104.png_X0_Y0,12.001666901775138,938.5204684047209,0.09157147316080748,0.021714265808290684,0.4975589971225612,3.254486,0.07856864,-0.050930455,0.0,0
site2_104.png_X256_Y0,14.722245928561334,2379.2091401297066,0.04089437206609365,0.0073817029673907,0.657426782371608,-3.4665527,0.1934993,-0.21824732,0.0,0
site2_104.png_X0_Y256,14.327436069024479,3870.66833016568,0.0573192312206084,0.011241206898296639,0.5613033695787223,17.438126,0.091082424,-0.014415771,0.0,0
site2_104.png_X256_Y256,14.818519090120404,2359.913061938621,0.03197611511861338,0.006512994568090971,0.6193831978391513,7.092514,0.1833974,-0.16552207,0.0,0
site2_105.png_X0_Y0,14.675535540944978,1975.9919007862977,0.03971794699752061,0.006989811114886669,0.7146486022968412,13.104095,0.16478744,-0.13996693,0.0476226806640625,0
site2_105.png_X256_Y0,14.198209957717786,2040.9246492188602,0.048899567744280954,0.009905851523273685,0.6162917464267326,9.379471,0.12960656,-0.08477698,0.0,0
site2_105.png_X0_Y256,14.655809314893537,1891.011356059038,0.04565167687970662,0.007672304509372483,0.7985926340727834,6.3467865,0.17954981,-0.17527565,0.0,0
site2_105.png_X256_Y256,14.646895757317836,2779.053078954489,0.0368245366463605,0.00781971500159193,0.5723721777878926,4.3883057,0.1809245,-0.17606285,0.0,0
site2_107.png_X0_Y0,14.801620695546054,3421.9343994653877,0.02640524986823012,0.006702195028532721,0.39278550266608847,0.5203247,0.21177353,-0.22636521,0.0,0
site2_107.png_X256_Y0,13.985849273291326,1820.96130140785,0.05201782636601772,0.010612733620455821,0.5930522481048524,-1.3925629,0.17334627,-0.19457628,0.0,0
site2_107.png_X0_Y256,14.673224071085492,2715.61338682886,0.033540621829298206,0.007298333852881646,0.5456587435292405,-7.0454865,0.22162628,-0.27003154,0.0,0
site2_107.png_X256_Y256,14.601847269965932,2572.9631795618543,0.044760213945131654,0.008951416058976397,0.6912784479982301,4.651001,0.19567162,-0.20610455,0.0,0
site2_108.png_X0_Y0,14.920905006556183,2673.9568510762983,0.03086620902086278,0.006322000387305581,0.6250189156382688,-3.4397583,0.18520018,-0.20733154,0.244049072265625,1
site2_108.png_X256_Y0,14.559045743179036,2366.697520350139,0.03516601027754085,0.0075612381534876085,0.5695528962194546,-5.58992,0.19580866,-0.22615795,0.0,0
site2_108.png_X0_Y256,14.78380535664873,2512.5935132373506,0.028467907910949854,0.006538916160974546,0.5236489170734929,-7.1997223,0.22612554,-0.26431292,0.0,0
site2_108.png_X256_Y256,14.586584260459734,1759.9073128126488,0.03599199858294373,0.007198982986367054,0.6919708613301517,-8.441071,0.21025115,-0.2549546,0.240753173828125,1
site2_116.png_X0_Y0,14.48275282852672,2168.219659776478,0.031657675288192105,0.007329911481841198,0.4625153627463308,36.573334,0.13060309,0.017704962,0.0,0
site2_116.png_X256_Y0,13.750895134194806,1455.238839959597,0.047901710634023556,0.010493041444908794,0.5188290586226362,-0.95991516,0.15837562,-0.1666225,0.0,0
site2_116.png_X0_Y256,14.43927357025014,2110.718367214604,0.02936640524315014,0.007371231297922194,0.41624790545390755,19.956772,0.15944302,-0.09219503,0.0,0
site2_116.png_X256_Y256,14.365987769612186,2103.774184974101,0.031156338722044662,0.00767905884288381,0.40796180291238526,-0.5428314,0.17528835,-0.17798707,0.0,0
site2_117.png_X0_Y0,14.260525005584412,1642.9499177751973,0.054163720001412174,0.008996366262270038,0.6762445860190098,-6.82843,0.18139514,-0.22148868,0.0849609375,1
site2_117.png_X256_Y0,14.4082163599671,2216.1333417590427,0.06753480714472462,0.010894365491503218,0.7754833981578549,11.506973,0.1547454,-0.10640181,0.317047119140625,1
site2_117.png_X0_Y256,14.59366352866692,2117.663534623291,0.031219656647937466,0.0070283558362104655,0.5437164523851266,-11.348755,0.22957213,-0.27631885,0.0041656494140625,0
site2_117.png_X256_Y256,14.859710796729033,2494.7858357064497,0.04163177742010807,0.0069349334613076595,0.6870779177415358,-2.5612946,0.19094086,-0.20665686,0.3590545654296875,1
site2_118.png_X0_Y0,14.74094899714476,3171.964463968645,0.06474443537365486,0.02116120156499443,0.675397151045741,57.334213,0.05019927,0.21418473,0.08251953125,1
site2_118.png_X256_Y0,14.749684614377749,2102.5383915440616,0.03502764930959677,0.006852440749690183,0.6503131673948538,7.2427063,0.18720084,-0.16919121,0.0105743408203125,0
site2_118.png_X0_Y256,14.622191227534447,2419.055628153885,0.03667968872325027,0.00773977953590304,0.4787270549820954,6.8635254,0.1824222,-0.1630037,0.00970458984375,0
site2_118.png_X256_Y256,14.080995955298599,1347.0648195255912,0.06503097221178201,0.010204925812381357,0.679957397551453,2.0538635,0.18814427,-0.18602446,0.0,0
site2_130.png_X0_Y0,14.599811446400423,2279.6271070622597,0.029899176287396457,0.006989584004474606,0.48243880372539627,15.969284,0.17789975,-0.12087932,0.0,0
site2_130.png_X256_Y0,14.212632573919514,1631.023682928641,0.038180111690336194,0.008212182429445797,0.5403817301277329,-7.783142,0.20135958,-0.2386364,0.1947479248046875,1
site2_130.png_X0_Y256,14.467958956763638,1593.9830837147729,0.04801819283986003,0.008180570442337247,0.7693179044605919,1.1289215,0.18691134,-0.18463326,0.0,0
site2_130.png_X256_Y256,14.566728775479358,1505.3154918781765,0.04198250599850097,0.007111019320141252,0.7573861414822678,-5.1314697,0.19508913,-0.21780343,0.0,0
site2_131.png_X0_Y0,14.697500166022984,2460.145387080814,0.026582579473845715,0.006768394443210733,0.461102311694481,7.5147095,0.21503225,-0.19555797,0.0,0
site2_131.png_X256_Y0,14.15043608225516,1693.1090930020857,0.0328904778867591,0.008517591916588211,0.4590945517852398,2.5390015,0.17069164,-0.16383442,0.140289306640625,1
site2_131.png_X0_Y256,14.557688799659697,1813.323480782718,0.0590874683969716,0.0077909537245902435,0.76375701730787,4.243149,0.18260537,-0.17371196,0.0,0
site2_131.png_X256_Y256,14.752286234028663,2442.5157364506003,0.04037586267702134,0.007244236932515345,0.6739994411129159,6.6670685,0.16160357,-0.13896939,0.0,0
site2_132.png_X0_Y0,14.505674218458553,1480.3384484182932,0.0463139807254042,0.007501498490482672,0.75296548729728,-2.437271,0.18554595,-0.19433594,0.0,0
site2_132.png_X256_Y0,14.377041165889434,1674.5426570161628,0.04785780724835072,0.008130439041427791,0.6750114492398858,-1.16008,0.19774544,-0.2080122,0.520538330078125,2
site2_132.png_X0_Y256,14.488707053867842,2129.002706531509,0.039628320920520016,0.00781557809341894,0.6050558056734953,3.2454987,0.18331896,-0.17416382,0.0405731201171875,0
site2_132.png_X256_Y256,14.635559358432209,1937.8787489640592,0.04265675031887211,0.007403137567016082,0.7178400922832381,0.8617401,0.19704875,-0.19953853,0.4286956787109375,2
site2_133.png_X0_Y0,14.682673544880888,2512.13660261403,0.02783615174929516,0.006794303242779131,0.4729255616346958,-1.4654694,0.23208348,-0.24538808,0.0,0
site2_133.png_X256_Y0,14.808742726268529,2892.2738927189016,0.027931645051280807,0.006533197405895266,0.48080580569018394,3.9368896,0.21528724,-0.20948055,0.0,0
site2_133.png_X0_Y256,14.195356526077619,1663.5757970795128,0.04543726501430198,0.008940089056309044,0.6382937838773677,-8.455078,0.24253055,-0.29563397,0.06134033203125,1
site2_133.png_X256_Y256,14.563084263138789,2752.8759213107514,0.032508251483669606,0.007531619606426489,0.46835903665790124,3.7902832,0.20395213,-0.19962582,0.0,0
site2_165.png_X0_Y0,13.714449527515864,1463.5460737156955,0.11947971247559587,0.06068430296152829,0.7904027957124904,1.2308044,0.19096148,-0.19467789,0.0,0
site2_165.png_X256_Y0,14.263454499996682,1571.6075243447658,0.06973117247898322,0.010232773716517903,0.7794205750156469,2.321518,0.17451704,-0.17238972,0.07061767578125,1
site2_165.png_X0_Y256,14.044362841750589,1679.5241160855053,0.08160400461266074,0.012847436242735995,0.8110079680466694,2.0868835,0.1757636,-0.18099475,0.0,0
site2_165.png_X256_Y256,14.277280677458684,1982.935275780691,0.07864824543980549,0.011410357828940343,0.7848068675990032,0.56944275,0.18285167,-0.18977709,0.18243408203125,1
site11_323.png_X0_Y0,13.33651353524526,461.36320985318156,0.06449560267494044,0.011288539022756627,0.8105816178057387,91.98334,0.033339165,0.2416719,0.0,0
site11_323.png_X256_Y0,13.309709624881286,377.82230977869705,0.08876384273491704,0.011938514676253429,0.9063808459805692,74.63649,0.047194023,0.19229002,0.047821044921875,0
site11_323.png_X0_Y256,13.614008877248208,496.7791426975115,0.07020175309510801,0.010035014135376752,0.8726513470033231,82.84396,-0.009288315,0.32526493,0.0,0
site11_323.png_X256_Y256,13.890901982186843,670.892421634706,0.09626737323357955,0.012225587371803688,0.9125995637597559,56.21898,0.03368252,0.17519572,0.3657379150390625,1
site11_324.png_X0_Y0,13.207073701931115,335.1478091209025,0.1245663548665954,0.01710597930354483,0.935776318515431,44.79387,0.10358222,0.069490984,0.099334716796875,1
site11_324.png_X256_Y0,13.415672959856238,364.6753605284128,0.07512449300865039,0.01101127404986121,0.8915247298490719,61.305405,0.11814639,0.090560496,0.0,0
site11_324.png_X0_Y256,13.602398052590189,707.6857794027524,0.1341383458834534,0.01624992345942835,0.9463489975180515,-2.9546814,0.12412259,-0.14456409,0.867645263671875,2
site11_324.png_X256_Y256,12.69013485044927,406.1519406749182,0.19078606109396848,0.02672633692751617,0.9694367456072744,9.812241,0.09522607,-0.057590827,0.618377685546875,2
site11_325.png_X0_Y0,13.846692268567542,602.8328535148503,0.059581697802822325,0.009086317277362279,0.865729040431005,70.722824,0.15679649,0.049639214,0.0,0
site11_325.png_X256_Y0,13.609012717632702,744.0159154531791,0.048426871191929205,0.009797118646799758,0.6945584715305212,82.9671,0.1731381,0.03483827,0.0,0
site11_325.png_X0_Y256,13.740044769786028,481.83544625264983,0.08001192640929965,0.010006263375956868,0.9043288271524101,52.821808,0.081977926,0.103225924,0.0,0
site11_325.png_X256_Y256,11.412766658135954,250.53934532393654,0.2780825750113901,0.0567572960844316,0.9488440273868867,26.303223,0.04672472,0.11982082,0.005279541015625,0
site11_357.png_X0_Y0,13.22928636889318,402.7917751285591,0.10875979468681002,0.031191288685110327,0.9118971032817342,73.25769,0.059807003,0.1460852,0.0,0
site11_357.png_X256_Y0,13.68489377171235,393.8296455540019,0.10314298780960982,0.01117166001451424,0.9450704692511733,37.641983,0.07981011,0.06968094,0.0971527099609375,1
site11_357.png_X0_Y256,13.45541662066282,382.14350454152515,0.09217742918195933,0.01118476145988743,0.9220638986564362,77.74255,0.02784435,0.23553883,0.0,0
site11_357.png_X256_Y256,13.46492456470994,377.21964343643987,0.08646936027747651,0.011638177263279313,0.9177262476665669,44.235107,0.09586018,0.05252763,0.1583709716796875,1
site11_358.png_X0_Y0,13.939069952141278,498.2616541263981,0.06708372437517787,0.009005038266671785,0.9211133172334603,34.186142,0.08880781,0.0350151,0.5008392333984375,2
site11_358.png_X256_Y0,13.616819162517128,518.7217924145557,0.08229307864063719,0.013658097410194229,0.8973338367988857,18.795288,0.11886813,-0.0611576,0.734161376953125,2
site11_358.png_X0_Y256,13.706895787282125,468.85044572700883,0.09568756695526376,0.013959508830522716,0.9294743727969303,32.609512,0.10223331,-0.002920188,0.501861572265625,2
site11_358.png_X256_Y256,13.733151949096353,817.2091810541116,0.10612196736212937,0.0240749545688668,0.8966181961155617,8.131088,0.12783226,-0.10426858,0.8188018798828125,2
site11_359.png_X0_Y0,13.288001278459603,386.3512708453632,0.11446853073439908,0.01521306774290505,0.9286201207484559,60.44316,0.020249637,0.23465718,0.0238189697265625,0
site11_359.png_X256_Y0,13.124173777314567,638.994520737207,0.1878376567789441,0.028252015428777314,0.9525090665341733,-0.020202637,0.10888799,-0.12472732,0.209808349609375,1
site11_359.png_X0_Y256,12.918214118193015,294.21711837095353,0.11697384733388827,0.0268088059950789,0.925927998886673,59.955048,0.07439531,0.106590696,0.0450897216796875,0
site11_359.png_X256_Y256,13.396128143095765,432.58407532557794,0.11430728617721478,0.015038663678145908,0.9341202040948442,17.290894,0.14930767,-0.104584664,0.233245849609375,1
site11_360.png_X0_Y0,12.779667866172549,504.96253032183506,0.20883361109878618,0.04025569629764378,0.9665695463279314,9.051315,0.1039826,-0.071403526,0.4527587890625,2
site11_360.png_X256_Y0,10.654624273323837,510.9602329183452,0.37217857336076204,0.10053696869889474,0.9581927532165649,-0.7425232,0.09494014,-0.0427234,0.0,0
site11_360.png_X0_Y256,13.341199720828351,566.3072521385639,0.11629813754633898,0.01371397473575367,0.9198685499356287,2.227417,0.17506056,-0.1733956,0.0655059814453125,1
site11_360.png_X256_Y256,12.523436357572592,360.4123467986923,0.10048360353481339,0.018513055984951166,0.9280262247717337,8.678436,0.18396625,-0.16527341,0.0,0
site11_361.png_X0_Y0,9.149056351614796,172.47814733218783,0.44323770433991416,0.09478563813631537,0.9616533479369981,13.659653,0.020597102,0.11579066,0.0,0
site11_361.png_X256_Y0,12.149226993932356,228.7485742863446,0.20901665440783,0.036108070367418164,0.9582654201554112,36.67949,0.039846037,0.18179028,0.0,0
site11_361.png_X0_Y256,13.326846881788548,757.430941975377,0.0908698584001284,0.013545113849615188,0.9055744439196893,-2.8008728,0.19146448,-0.20592499,0.0,0
site11_361.png_X256_Y256,13.157548583124374,808.0661343293334,0.16921078556289063,0.025606722136029707,0.9431674253590366,1.9379883,0.13730425,-0.107364185,0.0,0
site11_362.png_X0_Y0,13.642868975764614,460.29079918178945,0.0791376896078505,0.010162241816340067,0.9181068452777543,74.99837,0.09955145,0.16041765,0.0,0
site11_362.png_X256_Y0,13.665281799068381,745.2843243433855,0.048829963145773335,0.009598131749757325,0.7146237020441941,87.922745,0.1504744,0.08759567,0.0,0
site11_362.png_X0_Y256,13.41479501099103,526.0824506499941,0.13717643545090147,0.04114818425826579,0.9513850385750817,40.643845,0.07249259,0.08743735,0.2563629150390625,1
site11_362.png_X256_Y256,13.746521852334126,651.2665237829128,0.055063500803603053,0.00953390324557591,0.7946609903439722,83.146225,0.10529435,0.14609793,0.0,0
site11_390.png_X0_Y0,13.684677476347165,696.7437746449579,0.053668248104437474,0.00993398833354723,0.7673044696805601,99.085754,-0.015376769,0.314688,0.0,0
site11_390.png_X256_Y0,13.699545110447778,596.132340866501,0.0662546608172675,0.010059188715001305,0.8441611010940908,90.23009,-0.0047554076,0.27508825,0.101959228515625,1
site11_390.png_X0_Y256,13.594594525065062,414.8476366661785,0.08752204837537428,0.010753346553251832,0.9123650582998113,35.90422,0.10454597,-0.004141261,0.3266143798828125,1
site11_390.png_X256_Y256,11.3752733748697,222.95520451871135,0.3131403869274841,0.05515409721858161,0.986392260081953,5.296097,0.071808346,-0.037724786,0.52911376953125,2
site11_391.png_X0_Y0,12.596362015399368,352.0423128274244,0.17966127575948845,0.03095152726862726,0.9445012879800229,37.405167,0.03029949,0.14892896,0.0,0
site11_391.png_X256_Y0,12.949173189649308,333.75265919358685,0.12462252879338637,0.01830827326723391,0.9242001093751941,48.868256,0.07207061,0.11511655,0.034027099609375,0
site11_391.png_X0_Y256,13.951458386149252,1142.5032620565876,0.07858738955903866,0.013007446917852035,0.8441007743309206,-14.550629,0.19672821,-0.23083217,0.0,0
site11_391.png_X256_Y256,12.680963383166617,967.9351642997414,0.19497733071511764,0.04910715187922126,0.9178656205257425,-10.714264,0.16241498,-0.17389598,0.0,0
site11_392.png_X0_Y0,13.280629778092122,403.2031875360629,0.13152432153761853,0.041672248001435194,0.9393922311687682,20.887253,0.119621105,-0.055648774,0.3951568603515625,1
site11_392.png_X256_Y0,13.508227617447375,365.41702872693975,0.11060570877740196,0.011489682642521296,0.9426519580098841,35.534958,0.11374004,-0.008529831,0.40643310546875,2
site11_392.png_X0_Y256,12.004737970228632,481.568446961533,0.2707882219666426,0.06430875688315384,0.957354234664516,5.561554,0.11556114,-0.062217526,0.0,0
site11_392.png_X256_Y256,13.220581668979019,303.6600768484573,0.11717796594046404,0.013947024684222901,0.9422229079072716,35.5932,0.06655777,0.08217218,0.0371551513671875,0
site11_393.png_X0_Y0,12.646454387226486,243.84937825896833,0.09189382266536177,0.015289587861048698,0.8645458807440937,44.448166,0.12055673,-0.005901619,0.0,0
site11_393.png_X256_Y0,12.758716405379545,232.89951238707224,0.20359958055593969,0.03958734928503186,0.9694236318268517,26.21547,0.09527257,-0.012554822,0.4891510009765625,2
site11_393.png_X0_Y256,13.5576043730157,387.93392467741586,0.08141301141031963,0.010780589882237214,0.9136974433815973,33.23851,0.1229375,-0.029092245,0.2201690673828125,1
site11_393.png_X256_Y256,13.011558158184611,229.12867941417568,0.11420859290916222,0.013235439521697586,0.9404446176381299,36.973724,0.112122245,0.0014623138,0.097137451171875,1
site11_394.png_X0_Y0,13.212198673105194,266.0220940263463,0.12818497932836356,0.01273320216929916,0.9513862899030636,43.506012,0.08003782,0.07403604,0.208709716796875,1
site11_394.png_X256_Y0,12.63263648634079,233.02424811070898,0.15244978572916418,0.022275901322747746,0.9487587321516702,36.150925,0.058315307,0.13886058,0.0,0
site11_394.png_X0_Y256,12.759125411648384,225.8252749393292,0.09392189649678483,0.014256785578081271,0.8874749827396086,45.512436,0.09557452,0.057876743,0.00030517578125,0
site11_394.png_X256_Y256,13.086647713802655,307.28000806480856,0.08685694370219638,0.012651032021553228,0.8921756618857855,48.663864,0.087036565,0.09351945,0.0,0
site11_395.png_X0_Y0,13.867572636305333,568.1129358600219,0.09932191429177137,0.010325678342460148,0.937817228501477,26.680817,0.093403354,0.024109803,0.05645751953125,1
site11_395.png_X256_Y0,13.24007566367413,693.0369169309183,0.12653005129750655,0.01580158959945078,0.9410404185591474,2.9205475,0.16040619,-0.16382167,0.3095245361328125,1
site11_395.png_X0_Y256,13.433134573756728,654.315846549415,0.1386714407365841,0.02066253965869083,0.9322964258783856,29.924576,0.07172868,0.06750364,0.3830413818359375,1
site11_395.png_X256_Y256,13.757728889568435,1205.2143582695417,0.05093164455831168,0.010288706716056948,0.7634030667174581,-0.09611511,0.146487,-0.15094179,1.0,2
site11_396.png_X0_Y0,14.066604761730652,924.5985833573002,0.07000726532617621,0.014160838966464705,0.8641502020046,31.651901,0.10405661,0.0032682782,0.598114013671875,2
site11_396.png_X256_Y0,13.691120892444019,710.8381721122771,0.050957991643841016,0.009697046145213883,0.7386655690527489,87.25676,0.10870075,0.14210294,0.0,0
site11_396.png_X0_Y256,14.06353893665253,743.4659018015816,0.056705634489684194,0.008637606791832234,0.8494775956082057,61.14995,0.07460053,0.112706125,0.2508087158203125,1
site11_396.png_X256_Y256,13.72644028407695,771.2653836865479,0.04842153935951793,0.009416668338436011,0.7178066320186068,83.69258,0.13833511,0.1011115,0.0,0
site11_421.png_X0_Y0,12.70109713962465,501.3807869419789,0.13951850231451235,0.02262917474061122,0.9023383695176814,30.347488,0.08373186,0.103137,0.0,0
site11_421.png_X256_Y0,13.594002922656305,509.5309493644352,0.07673582162536012,0.010622332237807864,0.8669618775141756,79.971924,-0.005153565,0.33535793,0.0,0
site11_421.png_X0_Y256,13.771655022008703,592.6955170787755,0.05999820783688881,0.009378367511324735,0.8450481374887042,55.123703,0.11692914,0.0653423,0.0,0
site11_421.png_X256_Y256,13.593108420163547,450.08766053021645,0.0837299414088849,0.013266138741662563,0.9012959357666247,51.99826,0.08303097,0.090826415,0.1134185791015625,1
site11_422.png_X0_Y0,13.27478772541431,396.3535957924802,0.06680216982690099,0.011232846418148944,0.8400194577678224,78.30504,0.016376536,0.2742903,0.0,0
site11_422.png_X256_Y0,13.38631089640795,434.3395877036462,0.06560346616768344,0.010749299524092608,0.8420113837632921,77.34308,0.03828402,0.23109114,0.0,0
site11_422.png_X0_Y256,13.489188432280432,449.70977002536483,0.1296506668436722,0.023513643559067567,0.9487455274604272,35.165085,0.068026155,0.07216042,0.4606475830078125,2
site11_422.png_X256_Y256,13.241298737624646,407.0794082654602,0.14919373432349192,0.03998623755981748,0.9524404470561715,41.787445,0.08015081,0.057564303,0.430450439453125,2
site11_423.png_X0_Y0,13.51433491482236,499.8737335850399,0.061449366577597676,0.010494157370985368,0.8255504881163179,91.525116,0.0066116164,0.2968885,0.0,0
site11_423.png_X256_Y0,13.80688039590677,674.8696038332582,0.0539898767792033,0.009350031605021396,0.80542983949903,97.52916,0.0004825294,0.32498366,0.0,0
site11_423.png_X0_Y256,13.677312076179277,559.8198490514618,0.08063292449776027,0.013235322008124953,0.8756894994049433,74.03291,0.03329978,0.21619786,0.1357269287109375,1
site11_423.png_X256_Y256,13.783809319680413,737.4334561376667,0.05313445005090145,0.009593478795388086,0.7735066560326046,90.79758,0.013975436,0.28500775,0.026885986328125,0
site11_424.png_X0_Y0,13.578101747213886,488.59622124003357,0.0843394567765978,0.01216605410069843,0.8961108472555184,72.54968,0.037288606,0.2028293,0.0865020751953125,1
site11_424.png_X256_Y0,10.599646780193845,222.58914094041683,0.3672610388925584,0.08745860693239092,0.9817029938104046,20.090424,0.05326026,0.06524748,0.0962677001953125,1
site11_424.png_X0_Y256,13.607108127926281,590.0506151930971,0.07395211813434094,0.014971713684495475,0.8547558530309829,73.03798,0.04168137,0.19876516,0.12054443359375,1
site11_424.png_X256_Y256,12.019109286860761,360.00632348437534,0.23428824300365575,0.0455011687295053,0.9786801461740715,18.982224,0.072039895,0.043534327,0.0,0
site11_426.png_X0_Y0,13.917304109666919,1158.3757496064384,0.06923641172048522,0.010433556336217129,0.8523193084407817,-18.075134,0.23791626,-0.29041725,0.0,0
site11_426.png_X256_Y0,11.980300213892736,360.66827016656765,0.2575039696172898,0.05600005391461581,0.9629025722410793,14.056824,0.0823715,-0.008394761,0.0,0
site11_426.png_X0_Y256,12.651348148426546,715.8520670234753,0.10089566207946657,0.019560109476241205,0.7988887042719579,-3.230713,0.21747893,-0.23338623,0.0,0
site11_426.png_X256_Y256,14.024407056259975,1169.4017210627126,0.07511138307177033,0.010077056831755686,0.8588054152093876,-10.967712,0.21146497,-0.24768917,0.313720703125,1
site11_427.png_X0_Y0,13.656025331997732,558.6808348651889,0.13872510223733225,0.024519132414571744,0.9450837201389576,4.369522,0.13404952,-0.12834585,0.6336822509765625,2
site11_427.png_X256_Y0,13.85192416197252,480.9085806240414,0.08760687836669463,0.00998360243999252,0.9277944787332137,19.601913,0.12920326,-0.07022831,0.4401397705078125,2
site11_427.png_X0_Y256,13.29959672172117,390.2587452242075,0.1519601356092331,0.019245365035810216,0.958736152975302,1.9953461,0.15284306,-0.15816827,0.401031494140625,2
site11_427.png_X256_Y256,12.892583492326489,300.4516519037223,0.18167401228899097,0.02732084706061697,0.9649689286479354,14.491592,0.12639591,-0.07279226,0.0741119384765625,1
site11_428.png_X0_Y0,13.460962367746049,726.2941945254918,0.12511171086698814,0.030991497655661622,0.8949030118770518,1.9063873,0.14260446,-0.14089051,0.9525146484375,2
site11_428.png_X256_Y0,13.50889520655171,460.26266542619845,0.07696397884993021,0.01131487879070434,0.8971703863934275,44.53795,0.08587375,0.07395835,0.2282867431640625,1
site11_428.png_X0_Y256,14.116150910582736,801.4565085994428,0.08836154474338027,0.022410677183751056,0.9058065406595237,7.945648,0.12775782,-0.09252775,0.73052978515625,2
site11_428.png_X256_Y256,13.985282150409565,762.6397987252454,0.10398993876594975,0.021257063812816904,0.9265843144872394,12.202011,0.11040852,-0.045929644,0.66961669921875,2
site11_429.png_X0_Y0,11.179127239579593,377.2716036801504,0.3346057342521489,0.06169304043091606,0.9624746565682107,10.503021,-0.0017049722,0.100950986,0.27349853515625,1
site11_429.png_X256_Y0,13.416507652218321,774.949653498664,0.11062963243813667,0.015769651925303302,0.9398410572089763,-5.399002,0.115014195,-0.15161061,0.55743408203125,2
site11_429.png_X0_Y256,13.384892061008681,470.97891958621875,0.1682157333799587,0.016495565706919024,0.955352653582408,4.2058716,0.13887097,-0.133705,0.1509552001953125,1
site11_429.png_X256_Y256,13.758851582709388,621.2180014897782,0.10248163275744282,0.011783365850683928,0.9464613269701075,16.42038,0.13608062,-0.06456359,0.0834808349609375,1
site11_455.png_X0_Y0,13.768544894023961,689.737491064139,0.05483901977701093,0.009700675396908833,0.7864583856627951,72.788376,0.09071709,0.11747439,0.0068817138671875,0
site11_455.png_X256_Y0,13.844742986998803,499.8587977580544,0.08391044686297162,0.011413837698763267,0.9265420505954804,49.93448,0.07648811,0.081701465,0.3429107666015625,1
site11_455.png_X0_Y256,13.52085451283772,487.0708571823281,0.06280930786943065,0.010361830858392002,0.8420753250137261,84.61578,0.017284812,0.272753,6.103515625e-05,0
site11_455.png_X256_Y256,13.530110371750212,447.2373036963164,0.09249581387937132,0.015262126104957996,0.9260786506459874,69.47809,0.017835956,0.25588864,0.1988983154296875,1
site11_456.png_X0_Y0,13.681913145546094,491.38233326725407,0.06756587201160538,0.009919341424139482,0.8785187338872598,75.21588,0.025283441,0.22834226,0.0015106201171875,0
site11_456.png_X256_Y0,13.411739293099377,299.38389823025074,0.08844168234481203,0.011214036294802028,0.9287642279117165,64.79387,0.07181422,0.122340634,0.0026397705078125,0
site11_456.png_X0_Y256,13.272881346032442,450.32311029710837,0.12854765854895783,0.03984900055503943,0.9245789021393742,30.25853,0.108649045,-0.035335995,0.6809844970703125,2
site11_456.png_X256_Y256,13.778250216708276,525.226336324961,0.10661800766303522,0.02974037270303602,0.9419890410564825,31.427155,0.08669199,0.026681434,0.4983367919921875,2
site11_457.png_X0_Y0,13.377198456988776,279.4305828137006,0.10397917763619527,0.014673690692833561,0.9494184022878963,51.27768,0.079944275,0.071510196,0.1370849609375,1
site11_457.png_X256_Y0,13.085721155798321,229.01689063401858,0.12329377986875938,0.018129026128415684,0.9603149819473656,52.76686,0.07154902,0.09841141,0.1643524169921875,1
site11_457.png_X0_Y256,13.780805623761912,500.0180805609576,0.09756294016638009,0.015354189431958083,0.9303498056741535,45.935577,0.06406431,0.09511023,0.266815185546875,1
site11_457.png_X256_Y256,12.425282987550577,326.21965901035924,0.24149774732405802,0.0878692846247259,0.9753143895678752,14.106796,0.08822926,-0.033610027,0.4815673828125,2
site11_458.png_X0_Y0,7.621243150987626,21.664992986472903,0.49718516746118635,0.11109363078026718,0.9396939114328996,6.8842773,-0.036363572,0.17590907,0.0782012939453125,1
site11_458.png_X256_Y0,11.037551864446442,223.7294840025799,0.2666820316522569,0.050745676109984636,0.9532583464747607,24.012802,-0.017485464,0.23281881,0.0,0
site11_458.png_X0_Y256,8.143923181846322,37.362324826991866,0.47867573427577015,0.09786872637902108,0.887371582892851,4.956009,-0.011155101,0.11080135,0.0,0
site11_458.png_X256_Y256,7.803854658321919,35.83700131860553,0.4805352202134024,0.12097058831279832,0.9135416231446996,7.346344,-0.012213998,0.15466532,0.0,0
site11_459.png_X0_Y0,13.58809166242403,497.7385597636993,0.1145818812310812,0.013584666114708203,0.9347040637586032,25.107498,0.13277963,-0.037930265,0.0487213134765625,0
site11_459.png_X256_Y0,11.470598144567282,308.65164974107086,0.14967504980028618,0.030755468590500976,0.9471273910208418,19.0289,0.1926551,-0.16726214,0.0,0
site11_459.png_X0_Y256,12.817730438820938,370.70726113455294,0.18011230125816596,0.08571633646171764,0.9684855277339997,27.947113,0.08252047,0.044952597,0.3523101806640625,1
site11_459.png_X256_Y256,13.54883707080575,533.6988364000658,0.06981743800792942,0.010430603205056725,0.8840263673947939,65.91072,0.042267274,0.20058906,0.0,0
site11_460.png_X0_Y0,9.684271864679356,52.17981790357083,0.1861426100266625,0.04145497121521352,0.6673822083259948,20.886276,0.17735276,-0.14618476,0.0,0
site11_460.png_X256_Y0,13.14175671761343,509.90008790186334,0.10067152867956763,0.01596907097968204,0.9071920898599788,2.4719238,0.18099517,-0.18381786,0.66717529296875,2
site11_460.png_X0_Y256,13.671795203578512,448.0229272395245,0.08136165558999217,0.01061903159069664,0.9321623070903795,42.178406,0.11779095,0.011464698,0.0,0
site11_460.png_X256_Y256,13.53758735493078,349.8248255779022,0.08964285728616445,0.01058125697658742,0.9341763020399338,23.767258,0.15577516,-0.090943575,0.0598297119140625,1
site11_461.png_X0_Y0,13.515935824188691,504.21495317303794,0.11429471273350589,0.012664259803135085,0.9556127067093187,-2.3336945,0.16962638,-0.19698901,0.845001220703125,2
site11_461.png_X256_Y0,13.897545725770375,526.246393965064,0.07080975927204212,0.009261594533488836,0.9016429380020702,48.573822,0.098708704,0.07986913,0.136444091796875,1
site11_461.png_X0_Y256,13.254514761893642,306.62190710904923,0.08588537441456243,0.011836642123703889,0.9126244472443389,24.296402,0.1463482,-0.08118999,0.180755615234375,1
site11_461.png_X256_Y256,13.541467729187449,417.7216718179318,0.07980362989445848,0.010783818421413537,0.8989761204583913,5.8872833,0.14967866,-0.13482004,0.357818603515625,1
site11_462.png_X0_Y0,14.041072618083657,690.4869822904828,0.06774315598413899,0.009129843076471673,0.8752551415415201,16.768127,0.1347003,-0.079484336,0.4623260498046875,2
site11_462.png_X256_Y0,13.907046248814705,644.8297622608808,0.10562040937479408,0.02002774197879124,0.9343133700254113,2.506073,0.13859195,-0.12915282,0.7317047119140625,2
site11_462.png_X0_Y256,13.772102250906594,517.3555257443176,0.08262859612715111,0.011382771250077488,0.9058283736929209,21.256882,0.13154447,-0.058584213,0.46014404296875,2
site11_462.png_X256_Y256,13.678776461946736,552.135697643327,0.10420450823920531,0.019819578593718242,0.9175675605772647,8.729691,0.138749,-0.11137337,0.727752685546875,2
site11_463.png_X0_Y0,11.429749848170953,329.4969931186595,0.33097354636347426,0.08984181007525571,0.9723014894442932,8.871475,0.13057911,-0.12631558,0.095611572265625,1
site11_463.png_X256_Y0,13.21715287203481,325.37649574383005,0.09495034624198087,0.01244628919978933,0.9261489849244164,21.617737,0.14359245,-0.08924459,0.0,0
site11_463.png_X0_Y256,13.517186826879586,414.7311255586929,0.12745314064593058,0.01583641237762305,0.9564668611425484,13.355972,0.1293684,-0.051340364,0.3774566650390625,1
site11_463.png_X256_Y256,13.502720811863572,406.0203414401888,0.07316478656985534,0.010930792345683981,0.9037289965827717,78.47615,0.03301695,0.2261121,0.0,0
site11_490.png_X0_Y0,12.3336039930557,241.55245889502334,0.19033651475923458,0.02923408344246041,0.9426543700949171,48.84366,-0.03081091,0.30406702,0.0444183349609375,0
site11_490.png_X256_Y0,9.516830798718784,90.15018661693553,0.3507984819505603,0.07302918642951749,0.9258615703300515,8.3155365,-0.016872982,0.15920451,0.115570068359375,1
site11_490.png_X0_Y256,11.245674473403716,171.65089603458927,0.26180532645970467,0.052860556551717314,0.9511651678589021,36.538803,-0.04495439,0.313555,0.0,0
site11_490.png_X256_Y256,8.290280390103575,117.82296906539912,0.4833735003235793,0.12723949865426384,0.9289720343930694,10.4127655,-0.014438358,0.15724868,0.0,0
site11_491.png_X0_Y0,13.417953954117266,453.23681949248845,0.13753248130354181,0.018668922914281728,0.9598780807096418,37.81491,0.05745607,0.07670314,0.2762298583984375,1
site11_491.png_X256_Y0,13.32919142390195,422.8819291558393,0.14652368873302318,0.023655166172410032,0.9533103285747949,21.064514,0.11905692,-0.0699702,0.4321746826171875,2
site11_491.png_X0_Y256,11.644017126019959,206.49354875529713,0.24036068977198344,0.04672453976478034,0.971086379087571,36.986435,0.009745124,0.19003442,0.0,0
site11_491.png_X256_Y256,11.527845629418534,175.73271082637677,0.2905398000282925,0.04982885866988781,0.9778266281286923,29.221237,0.06291607,0.048807975,0.0,0
site11_492.png_X0_Y0,12.920395281320328,455.7838495561098,0.12120243412371752,0.016479764833155292,0.8673322352291525,24.847961,0.036598176,0.10749869,0.278045654296875,1
site11_492.png_X256_Y0,13.617492519013519,813.3823159813071,0.08952283440329575,0.01352137216923846,0.8311910110164616,48.77768,0.045387797,0.21592617,0.0,0
site11_492.png_X0_Y256,13.586658729234069,712.8400325596265,0.09662902181444019,0.013808346149349794,0.8315869409135149,46.268402,0.059892528,0.14877228,0.0,0
site11_492.png_X256_Y256,13.932250901553953,835.1827347054209,0.04637036191470605,0.008867580689774187,0.7526985834771808,62.535477,0.07220036,0.17599162,0.0,0
site11_493.png_X0_Y0,13.866787147301869,586.553584393642,0.08604554180930646,0.009396967228083048,0.8985669143593116,46.624725,0.076703794,0.096737005,0.1749420166015625,1
site11_493.png_X256_Y0,13.152776867549587,264.61088882581737,0.09985723214640888,0.012372983556774842,0.9305058007790162,46.662155,0.10143761,0.045958225,0.0785675048828125,1
site11_493.png_X0_Y256,14.001450158373551,825.8026478247755,0.06008379348669101,0.008983068680901332,0.8139455498198855,61.656647,0.055571172,0.18350644,0.0,0
site11_493.png_X256_Y256,12.234615705887324,338.48121198879255,0.24097054927685102,0.10832087198525238,0.9732692709585311,35.4429,0.06536701,0.08348633,0.420745849609375,2
site11_494.png_X0_Y0,12.38962757680926,266.48247410852497,0.23638178226763232,0.03371565317645314,0.9703706881190912,24.242752,0.09977788,0.0108808465,0.3795318603515625,1
site11_494.png_X256_Y0,12.667556873258864,766.698824130174,0.21521562338443578,0.03952493774747148,0.9492862363123633,10.3051605,0.10447849,-0.045714628,0.479583740234375,2
site11_494.png_X0_Y256,12.794461280322007,465.42404258579916,0.2007266853908875,0.03224760974434922,0.9563907910113648,25.807175,0.09162234,-0.0153281195,0.2234954833984375,1
site11_494.png_X256_Y256,13.26288960754701,1074.854000669739,0.06913013036759835,0.013921812730075832,0.7878427078576533,0.4643402,0.1386972,-0.13939363,0.9496917724609375,2
site11_495.png_X0_Y0,13.512698752128795,343.5210061334588,0.0988799849446925,0.011491063803437895,0.9429887769976254,12.402267,0.14430737,-0.11183527,0.16064453125,1
site11_495.png_X256_Y0,13.430508840903913,285.34874234069423,0.08696110784113784,0.010952710340040507,0.9378605314987686,16.510529,0.1519362,-0.095474,0.0,0
site11_495.png_X0_Y256,13.759674229150715,441.71662572688524,0.102627017058169,0.01031594672564869,0.9439745868001064,19.506653,0.13482784,-0.079249576,0.1338958740234375,1
site11_495.png_X256_Y256,13.387209153987962,336.46861114116075,0.09000899155859357,0.01132773677500325,0.9263099405647728,35.395187,0.088140085,0.07783193,0.0,0
site11_496.png_X0_Y0,13.334549650162108,300.08485714629114,0.08423567535911185,0.011190956159293362,0.9225006238786441,32.89328,0.15529153,-0.06185004,0.0,0
site11_496.png_X256_Y0,13.03716023132848,240.01083205678896,0.11776079350790396,0.012996181121674513,0.9423113579572036,45.65065,0.07020275,0.12136946,0.0616912841796875,1
site11_496.png_X0_Y256,13.367074455958537,316.66918504902264,0.08051679119210182,0.010859373708449605,0.9148343112628263,38.149277,0.12576805,0.013981514,0.0,0
site11_496.png_X256_Y256,13.262875801798238,320.83417383039216,0.08961362520362783,0.01176494689556382,0.9050353707782888,46.659424,0.09023115,0.07109385,0.2825775146484375,1
site11_526.png_X0_Y0,13.639179493066084,640.636555951988,0.10963547414268279,0.013460987870759538,0.9335546365511646,19.996628,0.15269703,-0.08866972,0.0,0
site11_526.png_X256_Y0,14.084250667973134,893.5540428411114,0.05909611030349042,0.008560040146224118,0.8062346980962485,57.057007,0.104485154,0.076850176,0.0,0
site11_526.png_X0_Y256,11.953389173687043,418.9809677167422,0.1267438127520314,0.032827730210644085,0.6965381573770072,4.748535,0.1808005,-0.1747004,0.0,0
site11_526.png_X256_Y256,13.332088175523609,404.12351606051743,0.13401905161442032,0.028390251393345247,0.9595589948663702,37.650375,0.10245176,0.030069618,0.0,0
site11_527.png_X0_Y0,13.678840844387905,469.7798197958925,0.08754212180904468,0.011782293614289487,0.9216876031540424,58.26642,0.05502619,0.18126768,0.0920257568359375,1
site11_527.png_X256_Y0,13.00231741115965,377.17717670186585,0.14847134951231217,0.03882651576906827,0.9410093639456416,36.834106,0.10832068,-0.0049909353,0.500701904296875,2
site11_527.png_X0_Y256,13.579011600134338,525.2914944973218,0.07264388868494069,0.010368233271831385,0.856693745719092,65.343994,0.038361084,0.24086908,0.0233917236328125,0
site11_527.png_X256_Y256,13.073527806707947,436.247869118861,0.1642486463839713,0.06865053626328639,0.9556233845859698,44.922028,0.056455698,0.12579744,0.3090362548828125,1
site11_528.png_X0_Y0,12.975960168025722,338.02930412881415,0.14132842604535742,0.02303925488280437,0.9360674170633647,26.282028,0.12752646,-0.063921094,0.4950103759765625,2
site11_528.png_X256_Y0,13.636498106667545,558.98953336757,0.08590154657991425,0.01153364279833178,0.8834562649487542,16.37764,0.1333246,-0.09119356,0.5169219970703125,2
site11_528.png_X0_Y256,13.118106169141262,271.5132173623279,0.10351377084799596,0.013466032796343775,0.9384444477390613,46.184235,0.11113711,0.03543872,0.0820770263671875,1
site11_528.png_X256_Y256,13.303305053300232,217.7151509034996,0.10393320719754581,0.01152006249804367,0.9594500385872587,40.96202,0.09459237,0.033449996,0.0565185546875,1
site11_529.png_X0_Y0,13.614983473547047,395.41977519163635,0.07994159944938718,0.0101692217592815,0.9156084480969089,40.797897,0.098702,0.04212157,0.1701202392578125,1
site11_529.png_X256_Y0,13.46241687873147,451.93171873498306,0.0677390788162479,0.010454889284239198,0.8563221006768929,56.087067,0.06817284,0.1486864,0.0,0
site11_529.png_X0_Y256,13.140898755233007,344.6309564680886,0.15412128202146713,0.02124637592328746,0.955453652485406,20.517776,0.081583306,0.009175491,0.3402252197265625,1
site11_529.png_X256_Y256,13.200126099039043,297.19073180988426,0.0981547056026438,0.01217569573720743,0.9286094381914646,44.50255,0.10213702,0.0401858,0.0,0
site11_560.png_X0_Y0,11.596827356561432,246.68842482458433,0.12580684682484633,0.026143509550955735,0.944072184111691,15.404037,0.16107155,-0.122235544,0.0480804443359375,0
site11_560.png_X256_Y0,13.46291539719721,433.10386301245285,0.11196915720588574,0.01438795019612861,0.9357143499776663,47.058105,0.046867207,0.19263162,0.2613067626953125,1
site11_560.png_X0_Y256,13.602985794406774,518.0423754685748,0.06377863458765384,0.010198176990707386,0.8386574488911807,85.76935,0.06678828,0.17586353,0.0,0
site11_560.png_X256_Y256,13.375918742092647,371.49678365894806,0.07806430201804,0.011234519754113593,0.8953994878423173,86.68346,0.01819693,0.30935887,0.0,0
site11_561.png_X0_Y0,13.301498398198182,423.49330885358154,0.1421589336733409,0.02158123971433384,0.9494616245893334,53.40721,0.015703537,0.25126976,0.22796630859375,1
site11_561.png_X256_Y0,12.831300433790748,404.9421904135381,0.16114891449936386,0.02938355410135259,0.9308812199243434,68.7529,-0.011749294,0.32882893,0.0,0
site11_561.png_X0_Y256,13.254686724716608,412.2920165170958,0.07516976131320566,0.011764032243060076,0.8362934493596615,90.98053,-0.032016046,0.45423144,0.0,0
site11_561.png_X256_Y256,12.58584456946402,389.523169529166,0.1621150996223562,0.029562717563798503,0.89601603516572,56.410553,-0.039059915,0.40007865,0.0,0
site11_562.png_X0_Y0,12.783927570849915,304.81252981125465,0.15972443009626497,0.027757660232627775,0.9471532085372102,52.172394,0.03970741,0.18203196,0.0405120849609375,0
site11_562.png_X256_Y0,13.123737117486634,342.6166047613943,0.08180253112479606,0.012412455559753854,0.8641497691848008,72.748764,0.03714627,0.215489,0.0,0
site11_562.png_X0_Y256,12.453554937007906,329.67964604960423,0.16443868558699556,0.032459966668691595,0.8987019635557072,56.563614,-0.022336014,0.36060622,0.0,0
site11_562.png_X256_Y256,11.931246026349235,301.83595017543274,0.2032176079090816,0.038255319042471175,0.9072135553857242,42.676224,-0.04231116,0.37235153,0.0,0
site11_563.png_X0_Y0,13.055907931519773,261.6578558727451,0.08645967003167472,0.012332410884744818,0.9068737788960561,41.258698,0.11181194,0.04155936,0.0,0
site11_563.png_X256_Y0,13.25451662536404,413.07190131200014,0.06727073311425397,0.011639245463735227,0.8189520719509878,57.37889,0.08658151,0.095971435,0.0,0
site11_563.png_X0_Y256,11.746115919037807,280.841085730258,0.2745857078876938,0.06556998837667567,0.9716926430453007,20.114548,0.095233455,-0.009669466,0.1314697265625,1
site11_563.png_X256_Y256,13.171280188035626,338.9469932087381,0.1656354639476368,0.022793162220527206,0.9633608281327881,27.670807,0.11657292,-0.03419129,0.0,0
site11_564.png_X0_Y0,13.097405179580267,344.45763032849067,0.12235666362638133,0.02746379909280506,0.9322873799045278,61.462433,0.05787784,0.16024187,0.1136627197265625,1
site11_564.png_X256_Y0,12.683194698076143,558.5374697231398,0.1689020406759108,0.03350085134463456,0.9593358311757404,26.42627,0.1437804,-0.029564599,0.0,0
site11_564.png_X0_Y256,12.332516905714563,306.2836915939963,0.22587340143874213,0.03985067275291118,0.9661647976794712,37.23056,0.033472534,0.16675948,0.12091064453125,1
site11_564.png_X256_Y256,13.798411829805309,557.0850891633901,0.07175538722033256,0.010173116991004795,0.9289388992747706,33.356308,0.15766507,-0.042660695,0.0,0
site16_303.png_X0_Y0,12.687387240068762,268.42813995819125,0.08356641965319123,0.014008745899200975,0.8241042860071793,20.407394,0.11672578,-0.05970574,0.0,0
site16_303.png_X256_Y0,12.501602861651927,272.1879287413536,0.08488216025733883,0.015521375798584536,0.7795953365693316,20.71408,0.12888184,-0.07794204,0.0105743408203125,0
site16_303.png_X0_Y256,13.116674816213342,414.04319010417464,0.07247622355552626,0.012204514316177424,0.7899326849665418,21.584473,0.10821673,-0.044552766,0.0,0
site16_303.png_X256_Y256,12.896587758919289,344.4607724042537,0.07739687489419941,0.013699901148029506,0.8064097503060633,12.60965,0.13360101,-0.101880275,0.137481689453125,1
site16_304.png_X0_Y0,13.18843715209902,379.93576246215054,0.12010871862745692,0.019159706416845793,0.91906187937105,-2.5339355,0.14350417,-0.14922956,0.5457611083984375,2
site16_304.png_X256_Y0,12.837489230961538,219.32457227989482,0.09573114441334349,0.01341768844765487,0.9029543065027332,-7.379532,0.15540317,-0.1769916,0.0,0
site16_304.png_X0_Y256,13.077385172531894,381.9875720125625,0.13164348340098056,0.03951644725905463,0.9342440809539101,-5.337784,0.13450696,-0.14455919,0.594268798828125,2
site16_304.png_X256_Y256,12.466292426136482,152.25579895654107,0.12516075528358184,0.01633686796757426,0.9424687456591292,-2.2363129,0.13608429,-0.14248866,0.088165283203125,1
site16_329.png_X0_Y0,13.131162658344875,487.33788655505725,0.06688901648236428,0.01220909893088867,0.7193195769442651,20.84401,0.11815524,-0.06326102,0.0,0
site16_329.png_X256_Y0,13.07170691092241,352.42187686227356,0.08178109304565782,0.012524604517976136,0.8379973676951115,5.467621,0.12855425,-0.11451401,0.19390869140625,1
site16_329.png_X0_Y256,12.958374458869358,386.07121398621126,0.07438108320254092,0.012979760112428197,0.768715568582498,24.98729,0.114961326,-0.050697796,0.0,0
site16_329.png_X256_Y256,13.14888328374491,368.32992210028704,0.08458523784354505,0.012666569663995188,0.8531094869560715,-0.2273407,0.12638463,-0.12643068,0.7421722412109375,2
site16_330.png_X0_Y0,11.754485616821505,124.54329960231958,0.12071703153745617,0.020548255706420958,0.8560968992972432,7.438095,0.1308623,-0.11235096,0.0706939697265625,1
site16_330.png_X256_Y0,11.623989105273923,105.79216121804322,0.13831348173979044,0.02158631970728053,0.8825941337861549,13.370239,0.118269965,-0.084603064,0.0,0
site16_330.png_X0_Y256,11.526072788896842,103.81783254938506,0.1390442955217622,0.02287678146816481,0.8947176191065436,23.186157,0.08881591,-0.01824268,0.1133270263671875,1
site16_330.png_X256_Y256,11.813863105668107,118.83361285323096,0.1265759166562718,0.01946615497991941,0.8785906672692152,24.644241,0.10457096,-0.04270832,0.0,0
site16_355.png_X0_Y0,13.075650424472801,438.4717321763329,0.07100372466391369,0.012498581745076232,0.7523817372839767,14.415344,0.12826253,-0.09356257,0.1261138916015625,1
site16_355.png_X256_Y0,13.444883091222849,463.97095013036665,0.0754724943234184,0.01111097056680914,0.8464035956542658,-1.7977753,0.14158985,-0.14777891,0.9825286865234375,2
site16_355.png_X0_Y256,13.454575995755974,478.6621050797853,0.07048947850973167,0.01087280041229271,0.8323426779477947,6.4973297,0.12327891,-0.10974729,0.280914306640625,1
site16_355.png_X256_Y256,13.169137064943172,310.24606933031885,0.08863864504889804,0.012449740692754964,0.8937709684029949,-3.893509,0.1418269,-0.15456277,0.5121917724609375,2
site16_380.png_X0_Y0,12.733747991581916,340.1965195477866,0.0872898371499307,0.015014145788079202,0.7834159389771199,33.96826,0.07660638,0.022979785,0.0,0
site16_380.png_X256_Y0,13.281455301500776,465.7937310619766,0.07013038903877279,0.011379504775162634,0.7980696992290867,36.376038,0.097757585,0.0034213837,0.0,0
site16_380.png_X0_Y256,12.90074520472964,366.83352344952056,0.07719748846006022,0.013220167029609943,0.7774167116581394,28.262024,0.07810623,0.0080878325,0.0,0
site16_380.png_X256_Y256,13.37938724730894,488.33477106161297,0.07017842306019605,0.010916868059079108,0.8108354552494729,25.023987,0.094292626,-0.020885317,0.0,0
site16_381.png_X0_Y0,13.682284313027846,525.4257990016104,0.0762112536706279,0.010233486956068233,0.8766290735693553,0.58529663,0.12557778,-0.1253764,0.4123687744140625,2
site16_381.png_X256_Y0,13.082470699258154,289.26024475263455,0.09785018142223761,0.012956319310969487,0.9102860855954602,4.547348,0.120703906,-0.107267566,0.4810791015625,2
site16_381.png_X0_Y256,13.030280276107264,279.98840843966804,0.09766635919781114,0.012719110534252778,0.8990292928482762,-4.338135,0.12809297,-0.13805667,0.4332427978515625,2
site16_381.png_X256_Y256,12.760551124681708,271.2290480374292,0.10114427134215812,0.014578205380349006,0.8716102112623673,2.6110992,0.10831259,-0.099313796,0.092529296875,1
site16_406.png_X0_Y0,13.032491067677109,391.58076653210475,0.07145422544812563,0.012344381240843657,0.7805915910948595,23.918335,0.10612729,-0.041764565,0.0,0
site16_406.png_X256_Y0,13.591866139613543,617.0031112432766,0.06082325537642867,0.010226845129056472,0.7804622748987342,13.583084,0.1181925,-0.08220959,0.0223541259765625,0
site16_406.png_X0_Y256,13.136697915468176,423.1301008626516,0.07046526292333655,0.01202889204921977,0.7860142722917455,26.873993,0.10530945,-0.034208596,0.0,0
site16_406.png_X256_Y256,13.813845770613497,532.3734951400814,0.07112388950618638,0.00939364410063731,0.8939864606082387,4.076126,0.114373386,-0.102201335,0.2334747314453125,1
site16_407.png_X0_Y0,12.44494331825613,226.3685004265232,0.09105967357923984,0.015594041777881784,0.8250616506918931,-8.167084,0.13468976,-0.15336433,0.99578857421875,2
site16_407.png_X256_Y0,12.378994915653502,228.5455615478482,0.09851962620246128,0.016383065806420696,0.8163279418338164,5.3228455,0.13156602,-0.11911274,0.0370635986328125,0
site16_407.png_X0_Y256,13.042036307330939,262.81094431828996,0.08969392956564513,0.012253016000806988,0.9183868502382496,-2.420578,0.10932261,-0.115066305,0.9949188232421875,2
site16_407.png_X256_Y256,12.58738116981695,185.88147483840777,0.11526760627992438,0.016213959744861152,0.9282746664033814,13.718567,0.10656251,-0.06841688,0.1681671142578125,1
site16_432.png_X0_Y0,13.069135175204755,425.3257131572001,0.0697746486695659,0.012330271347702404,0.7639326000156367,11.574783,0.119878516,-0.09187324,0.0,0
site16_432.png_X256_Y0,13.725582582347817,433.2704037809775,0.07711960546439837,0.009929967198953485,0.9329078072527381,-2.3288574,0.11686053,-0.12310986,0.6064300537109375,2
site16_432.png_X0_Y256,13.098537793022532,293.323009599682,0.09614916165877153,0.012553960994426856,0.9085698153919193,17.320541,0.10139145,-0.047621917,0.0,0
site16_432.png_X256_Y256,11.51216038491632,283.3050674770318,0.2642078780387055,0.10243987925426176,0.9704029746862571,1.6737823,0.10784204,-0.09922861,0.4520416259765625,2
site16_433.png_X0_Y0,12.416945149928228,270.7606330798195,0.09876641413707067,0.016741841842565233,0.8888248658727667,2.2531586,0.100585416,-0.097376496,0.9952392578125,2
site16_433.png_X256_Y0,12.496357637699324,164.13750486591965,0.11782118707916898,0.015480768660429108,0.920959073114563,16.768372,0.08899866,-0.036549218,0.0798492431640625,1
site16_433.png_X0_Y256,12.424870444742451,205.85102229310445,0.138019645773945,0.024498545864993837,0.9446981492352525,6.74617,0.110054836,-0.09586924,0.6892242431640625,2
site16_433.png_X256_Y256,12.19492533612279,139.03867402261534,0.13736685835726867,0.01783270409927173,0.9134446307707141,44.491943,0.017983608,0.14598352,0.0,0
site16_458.png_X0_Y0,13.006170798356266,293.6382928441132,0.09416468713313789,0.013086317707608595,0.8831735006707486,15.767044,0.115981534,-0.06912794,0.0,0
site16_458.png_X256_Y0,12.50761423601481,284.10986091588023,0.17033180701964062,0.05050555338263904,0.9467232024216272,16.195175,0.118013844,-0.07187665,0.0,0
site16_458.png_X0_Y256,13.319432852582183,446.78931235883067,0.07109242399743501,0.011442792801448947,0.8172686859496234,13.965408,0.13647744,-0.096266866,0.0,0
site16_458.png_X256_Y256,12.554072353380905,212.70305234165056,0.09673710253115328,0.014968130340475533,0.8646215565887164,30.063507,0.11502584,-0.033895947,0.0,0
site16_459.png_X0_Y0,11.971759533069093,134.60425567990853,0.1588155899109072,0.026768097006528154,0.9326496882452358,16.218964,0.12256486,-0.087917894,0.0,0
site16_459.png_X256_Y0,12.230719405883164,132.1342535773532,0.1299997222972051,0.017196800292529204,0.9206382072705381,23.839584,0.10558916,-0.04620375,0.0,0
site16_459.png_X0_Y256,11.93075732374232,128.38713574707018,0.13045369689626013,0.019498775345314544,0.8949106890125482,19.104065,0.12759784,-0.090387516,0.0610198974609375,1
site16_459.png_X256_Y256,12.25460243434745,160.0706230025744,0.12445255059932533,0.016942766520932524,0.8979072967081175,8.741898,0.13366157,-0.11668593,0.0,0
site16_484.png_X0_Y0,12.567263529789944,243.37665493741338,0.10083486445465009,0.015211282480159688,0.8447558328679563,22.868134,0.107522845,-0.03788957,0.0,0
site16_484.png_X256_Y0,12.554060420714702,174.32947311431894,0.12319690930301772,0.015750785812023917,0.9251476241931674,12.124954,0.13537943,-0.10019991,0.16058349609375,1
site16_484.png_X0_Y256,12.73514226942358,220.86231368344934,0.12295371269720116,0.014617520806070641,0.9131078061194563,17.804611,0.08919312,-0.017350856,0.0182952880859375,0
site16_484.png_X256_Y256,13.024381110435666,297.86860696609045,0.0978267796097709,0.01310775711939654,0.8898831861209735,9.244247,0.106900565,-0.07282795,0.3512725830078125,1
site16_485.png_X0_Y0,12.657882109765723,274.46073182490215,0.10025981811690356,0.01547614760204342,0.8388544742878713,4.1617584,0.1532427,-0.1462344,0.2857513427734375,1
site16_485.png_X256_Y0,12.984255662127207,378.3378358834529,0.08597254816900245,0.013590658492896318,0.8167413505164558,-6.9000397,0.15357816,-0.17163286,0.0,0
site16_485.png_X0_Y256,13.171689858625982,364.92424325981943,0.08986621150275602,0.012740828739412523,0.8621495714929979,7.0607147,0.11543296,-0.09134039,0.157073974609375,1
site16_485.png_X256_Y256,13.251369685610474,437.2356255256477,0.08290382537140718,0.0122785097184934,0.8265249612267738,-6.4672394,0.14085183,-0.15533623,0.213623046875,1
site16_486.png_X0_Y0,12.858479138906503,347.94075065780635,0.07611269774582718,0.013663605024188237,0.7791925619782979,-9.328293,0.1555137,-0.17858528,0.0,0
site16_486.png_X256_Y0,13.028381057393897,368.6580896620368,0.07555475732270141,0.012685256508864023,0.8070636967232163,-4.4524536,0.13717619,-0.14893241,0.0,0
site16_486.png_X0_Y256,13.492422298946613,430.99604375421984,0.07802543595788729,0.010921234168916962,0.8743090749596673,-7.233078,0.1424338,-0.1602876,0.1077423095703125,1
site16_486.png_X256_Y256,13.129076412520327,367.7846903234496,0.079831547596194,0.012547533231984888,0.8401951848679223,-10.271957,0.15237892,-0.17876759,0.0,0
site16_487.png_X0_Y0,11.917872051737953,126.79733110462533,0.12492571243622187,0.019562603335927894,0.888846074155571,-3.830902,0.14599748,-0.15639119,0.0,0
site16_487.png_X256_Y0,11.812383160072837,124.65363393887165,0.12268172299287364,0.019507093500552724,0.8656830752650764,4.7026825,0.12511848,-0.11285209,0.0,0
site16_487.png_X0_Y256,11.83766659785757,141.51757710376003,0.11504750398590724,0.019821075739153125,0.8370014820702381,-4.024292,0.13863932,-0.14841685,0.0,0
site16_487.png_X256_Y256,11.42622776743799,108.47141285803639,0.13415408670674278,0.023047841154606872,0.831634524306406,-6.560913,0.14355117,-0.15905318,0.0,0
site16_509.png_X0_Y0,12.766123345409142,291.9934698793789,0.08937052400723752,0.014232743567039019,0.8304357523508711,9.627426,0.12209057,-0.0932764,0.0,0
site16_509.png_X256_Y0,12.708890550511715,259.13801739415476,0.0943335066857744,0.01440936740440086,0.8470778061942124,17.627487,0.13391316,-0.09181078,0.0,0
site16_509.png_X0_Y256,12.906061066980369,301.3682698661621,0.08482675933467862,0.01314572393626144,0.8437267715747117,22.743439,0.10255745,-0.036085103,0.0,0
site16_509.png_X256_Y256,12.67620440906274,249.26163428729643,0.09967109173189667,0.014834326176263572,0.861720482529669,12.807556,0.14253864,-0.11377619,0.0,0
site16_510.png_X0_Y0,13.701967294058313,555.3050498906672,0.06647963375921428,0.009843424113002383,0.8771160417574931,-6.863495,0.10602537,-0.12275227,0.389678955078125,1
site16_510.png_X256_Y0,13.193931639930792,495.3053947399793,0.10871034123893511,0.032365189056675,0.9068407788170494,-7.5640106,0.14122985,-0.15925667,0.0,0
site16_510.png_X0_Y256,13.657650649255027,506.1866394385627,0.06712014268006816,0.009873975016373538,0.8759699072075888,-4.880371,0.12090709,-0.13457784,0.1374053955078125,1
site16_510.png_X256_Y256,12.430560247308101,427.46274319070824,0.12029093406030274,0.038636940303541145,0.8466827471240921,-7.21521,0.15453343,-0.16819002,0.0,0
site16_511.png_X0_Y0,12.524804259300527,335.081284812332,0.1700269233196695,0.0396594227788791,0.9334098184349247,-5.416809,0.13750492,-0.15039131,0.0,0
site16_511.png_X256_Y0,12.708083835402945,290.9494803681299,0.11606605929559556,0.01585425135094669,0.8571861539310169,-0.5070648,0.14106658,-0.14270382,0.066192626953125,1
site16_511.png_X0_Y256,13.142452318904287,429.4590422703918,0.11268121820340166,0.01977054724015418,0.8829818104379158,-4.2589264,0.1455407,-0.15516171,0.1083984375,1
site16_511.png_X256_Y256,13.037193718612361,369.39697886629733,0.08717813417869019,0.013130071498237982,0.8372835911646379,4.913727,0.14391074,-0.13287199,0.0,0
site16_512.png_X0_Y0,11.726381982893248,313.3625330101334,0.19523542801047003,0.06689963868570134,0.9063497507096014,-1.3143005,0.13521072,-0.13884497,0.035247802734375,0
site16_512.png_X256_Y0,12.595622932267473,309.5195792934209,0.16250994880864852,0.04613576704455358,0.9324189644203276,1.6711578,0.13882187,-0.1360049,0.133697509765625,1
site16_512.png_X0_Y256,12.795719240726728,250.73296511558655,0.12288904342914878,0.01857453675171503,0.9289438510087619,7.654358,0.14080034,-0.123312846,0.0632171630859375,1
site16_512.png_X256_Y256,12.715711330244154,212.38228211505916,0.12342276616583964,0.015012739749269125,0.9178066562509702,11.418137,0.1362524,-0.11185844,0.1076507568359375,1
site16_513.png_X0_Y0,12.745372498597423,258.8258736573644,0.1435190120801763,0.033860969415872036,0.9636044021224995,5.980774,0.11335921,-0.09495306,0.157684326171875,1
site16_513.png_X256_Y0,12.180772255093768,152.37046082036275,0.12801965343535895,0.01792133116284234,0.8918560350478224,13.015884,0.10557135,-0.0664913,0.0392913818359375,0
site16_513.png_X0_Y256,12.142923793983694,161.70694579609244,0.15572426773405101,0.020987156812250694,0.9186537687085944,14.1175995,0.12523209,-0.09449653,0.0,0
site16_513.png_X256_Y256,11.839204614149299,162.2410577512335,0.1461642874945993,0.024122228916472085,0.9022199663812784,25.699173,0.09682368,-0.033695146,0.001068115234375,0
site16_514.png_X0_Y0,12.19003729566598,148.01211745483243,0.133328226089517,0.018348251228534836,0.9122763667982458,8.047623,0.118241556,-0.093627825,0.0941925048828125,1
site16_514.png_X256_Y0,12.058524221889536,89.56325828707769,0.15678126283506383,0.018012970399283366,0.9549977335605871,48.946198,0.06859033,0.042339038,0.0,0
site16_514.png_X0_Y256,11.980885473510899,147.75988836926126,0.1275426148957202,0.019308779861927448,0.8661005181032252,11.495102,0.117705554,-0.08387978,0.0,0
site16_514.png_X256_Y256,12.240954165315944,134.37879346285405,0.14587572432796925,0.017547524266920154,0.940585807579924,38.975754,0.053070683,0.05593798,0.0,0
site16_535.png_X0_Y0,12.719664083054976,266.42257306384994,0.09345380269957546,0.014273641893329123,0.8443179806310626,13.745712,0.118292935,-0.078342505,0.0,0
site16_535.png_X256_Y0,11.644391861175633,113.87694172614007,0.16628383070251285,0.022569150519795814,0.9082568201594037,10.820557,0.14683554,-0.12650305,0.0,0
site16_535.png_X0_Y256,12.881062711014646,318.9644240646658,0.08377439878751183,0.013321505453600469,0.8256098252318594,13.030334,0.12516901,-0.0906115,0.0,0
site16_535.png_X256_Y256,11.736928016210058,112.5977629097,0.1664723729349048,0.022631869216168353,0.9152592605223207,2.33461,0.15131275,-0.14718477,0.0367279052734375,0
site16_536.png_X0_Y0,12.226670959570642,209.81873535720104,0.24278961485554765,0.03391165306868046,0.9494694288843996,7.258728,0.105445534,-0.09062155,0.1236572265625,1
site16_536.png_X256_Y0,11.804674296874442,114.5153739547309,0.2354152306718823,0.024905718422296948,0.9584794907314904,-0.8118744,0.119495526,-0.12318375,0.0144500732421875,0
site16_536.png_X0_Y256,12.208295574539822,146.04627284277922,0.17665191641109707,0.021092626186786596,0.9350308601073416,2.3742676,0.14381036,-0.14000548,0.0995025634765625,1
site16_536.png_X256_Y256,9.712486413653357,98.91823161464316,0.3269969735701512,0.14760590382433125,0.9001795105568441,-0.3957367,0.13340957,-0.134209,0.8531341552734375,2
site16_537.png_X0_Y0,13.355641765124949,419.38570733012057,0.10883599626054946,0.01216570560775703,0.8922462346399769,-2.0091095,0.14118207,-0.14825359,0.22564697265625,1
site16_537.png_X256_Y0,12.920572578442483,292.82386164576604,0.09546599526791427,0.013688103595038909,0.8839660923613486,-6.5767517,0.16649392,-0.18651739,0.1382598876953125,1
site16_537.png_X0_Y256,13.022659374946937,373.82239230403195,0.14084537093571034,0.021821187299644634,0.9245581434877554,3.4767456,0.13471985,-0.12848684,0.5941009521484375,2
site16_537.png_X256_Y256,12.350738908859608,247.79222653247086,0.09495633744543198,0.01693572253842715,0.7832527648570334,1.7262726,0.15613669,-0.15321597,0.0099639892578125,0
site16_538.png_X0_Y0,11.911760593096375,172.10890117383093,0.1122827802224515,0.01986549977111072,0.8007413764375311,15.052795,0.12960765,-0.090752944,0.0494537353515625,0
site16_538.png_X256_Y0,11.984599355751568,148.45049115724885,0.12643404692056995,0.019600436747729454,0.870725277805652,24.263199,0.12838161,-0.06839751,0.0,0
site16_538.png_X0_Y256,11.768112444187272,141.60051776961126,0.12175714421787012,0.021008397818548352,0.8327979004662434,25.107117,0.11765952,-0.053336643,0.033447265625,0
site16_538.png_X256_Y256,11.69209505636646,120.37882970192015,0.1328058514726395,0.021005027373639778,0.8631511496302268,23.251526,0.11551083,-0.05194962,0.0,0
site16_561.png_X0_Y0,12.750235323602332,211.3475100021646,0.10174854066750354,0.0139664978669563,0.9085917129969763,19.303833,0.12129171,-0.07358703,0.0,0
site16_561.png_X256_Y0,12.532563883219733,234.49031467764775,0.12609143472912707,0.017128245704378726,0.8722598691863114,0.8403168,0.14324363,-0.14267907,0.0485382080078125,0
site16_561.png_X0_Y256,12.059631191720433,153.38028277886113,0.12825295696151415,0.019747564646221197,0.8930988818512255,14.303925,0.13459447,-0.10350983,0.0,0
site16_561.png_X256_Y256,12.670296295380368,295.0429791576549,0.1421657928125944,0.03131723454925859,0.9068852842351295,-0.7771759,0.13485332,-0.1365762,0.237396240234375,1
site16_562.png_X0_Y0,11.782899602221523,151.0149984080632,0.15844364080575396,0.025159948497753982,0.9101993761469889,1.8353882,0.1357712,-0.13336274,0.7212066650390625,2
site16_562.png_X256_Y0,11.57795000218232,217.72659109476578,0.20431048123948894,0.05890992833180432,0.9180820566647542,1.8197937,0.13893627,-0.13570368,0.7522735595703125,2
site16_562.png_X0_Y256,11.03117826132093,188.4196636960514,0.2174542207363368,0.06484891074332247,0.8905515768265762,-1.8740845,0.14384122,-0.14728382,0.9679412841796875,2
site16_562.png_X256_Y256,12.357456215488982,258.7880792093217,0.1813727981489378,0.0730572710696156,0.9411235463063489,1.9906921,0.14063007,-0.1366733,0.248443603515625,1
site16_563.png_X0_Y0,12.428653178699307,230.48568241482553,0.10475826108794783,0.01666500570298609,0.8551806067761866,7.158951,0.13996783,-0.12371382,0.135894775390625,1
site16_563.png_X256_Y0,12.134771223758127,157.507835598094,0.1189405933816103,0.01792420993958523,0.8802850790667623,24.013138,0.12225737,-0.06410104,0.0,0
site16_563.png_X0_Y256,11.689669022233783,132.71788509828193,0.13120891448501054,0.021787581289221404,0.8448368150804596,5.2924194,0.1486205,-0.13790618,0.0,0
site16_563.png_X256_Y256,12.068010085194178,160.75611902574195,0.1167787507261116,0.01798084142173293,0.8600264742567083,-1.0395508,0.15863544,-0.16201901,0.0155487060546875,0
site16_587.png_X0_Y0,12.029649412052356,173.5651186592927,0.14253807189382134,0.02032665542713475,0.8646723449626923,6.861252,0.13802928,-0.12565306,0.235107421875,1
site16_587.png_X256_Y0,12.47640754257472,239.356522251055,0.14515375451078077,0.03880445134748929,0.9319438133860505,10.39444,0.12993862,-0.10523612,0.560394287109375,2
site16_587.png_X0_Y256,12.813639068963983,242.93025883975014,0.1172774705486446,0.014429050827738949,0.90383759534802,3.1815643,0.14089474,-0.13429427,0.2041473388671875,1
site16_587.png_X256_Y256,12.207986345067557,167.60124226560143,0.11346309180845283,0.018177257539529767,0.8898121382918713,22.125961,0.13050395,-0.077576384,0.0725860595703125,1
site16_588.png_X0_Y0,12.188216215278786,182.77074295344124,0.10979114844760676,0.017761320839848722,0.8735542742236346,4.221588,0.14899197,-0.13873288,0.02490234375,0
site16_588.png_X256_Y0,12.410825487815508,235.75993429510925,0.10399253467037792,0.016422279587465855,0.816585753686498,0.33699036,0.1488908,-0.14806697,0.1841888427734375,1
site16_588.png_X0_Y256,12.132884961877261,162.4348958783909,0.11164726052814537,0.017710096009381178,0.8579798565936383,7.618042,0.14094019,-0.121111624,0.0,0
site16_588.png_X256_Y256,12.2821299809276,197.79090563125214,0.10383638230220668,0.016919003108914497,0.8324947260450422,1.460968,0.14163549,-0.13771653,0.0,0
site16_613.png_X0_Y0,12.559371940612586,182.84641003460416,0.1203691971176958,0.015573362653519503,0.9173967902066338,11.295181,0.13226157,-0.10767069,0.2168426513671875,1
site16_613.png_X256_Y0,11.437384347986473,113.99805020905589,0.12774492106622642,0.022806442179305823,0.8132929629691814,30.616974,0.11651821,-0.044008385,0.0,0
site16_613.png_X0_Y256,12.037195581832503,125.02991561238684,0.12338579578547897,0.018057311420117034,0.9020845772956355,18.637695,0.12822936,-0.07910313,0.0,0
site16_613.png_X256_Y256,11.503921093414998,117.95744437236013,0.134856994726422,0.022807093965478926,0.8336999022120098,46.995224,0.09662625,0.022602785,0.0,0
site16_638.png_X0_Y0,12.684181240649243,232.98902758254434,0.09745270432801806,0.014711979493182483,0.8724483690419715,20.317383,0.1256281,-0.07946259,0.0,0
site16_638.png_X256_Y0,13.051092585669013,245.04979728349718,0.10785080462714142,0.013085734191951798,0.9286087476382201,9.513016,0.13823368,-0.11795664,0.0,0
site16_638.png_X0_Y256,12.458561288394481,238.26891167159565,0.12684751178062573,0.017587099730235558,0.8778353718518348,13.440201,0.13440414,-0.10745475,0.02020263671875,0
site16_638.png_X256_Y256,13.064711053951076,275.5349467001953,0.09099235842474912,0.012465772294943708,0.9003181927453274,4.3271484,0.14918816,-0.1422107,0.0205230712890625,0
site16_664.png_X0_Y0,12.985066810728696,353.29885358095396,0.11024496700094849,0.015169509461383398,0.8731890657322834,8.536316,0.13444142,-0.11653719,0.3704833984375,1
site16_664.png_X256_Y0,12.397668945051219,193.28143945539134,0.1266513657651761,0.018251243410378686,0.9369223824342444,4.63237,0.14046842,-0.12696846,0.0967559814453125,1
site16_664.png_X0_Y256,12.88721189480517,261.7305341995906,0.09690337739384632,0.013337697096005196,0.8825512494208226,34.05754,0.09993671,-0.017144524,0.0158843994140625,0
site16_664.png_X256_Y256,12.182947449042445,190.1681844272724,0.10495766315668578,0.017641105392609317,0.8356442397833128,30.886368,0.101147294,-0.015737716,0.0,0
site16_667.png_X0_Y0,12.294187695351013,194.82884284290344,0.108101365109958,0.016985587392207402,0.8535122671043436,-3.3509827,0.15093869,-0.16099024,0.0234527587890625,0
site16_667.png_X256_Y0,12.808884745237048,232.4326878033849,0.16959121571242028,0.01846796913786007,0.959695713775265,2.6142578,0.08039422,-0.07463494,0.4732208251953125,2
site16_667.png_X0_Y256,12.005973703157693,116.58642290525508,0.13425725790379966,0.01805099125341669,0.9168955019109593,-3.649292,0.14137354,-0.1513435,0.0032196044921875,0
site16_667.png_X256_Y256,10.409830644455996,125.02489608864076,0.345216548044466,0.05629541300401769,0.9632976283743561,0.2622528,0.11451146,-0.11576901,0.2255859375,1
site16_668.png_X0_Y0,12.424604514459137,177.32909492443588,0.12503407697585056,0.016801353925545125,0.9276592936675953,-17.622406,0.18694904,-0.23946606,0.0967559814453125,1
site16_668.png_X256_Y0,12.553016409543954,242.09884754362014,0.08951586578096757,0.015150713125464973,0.8330846625775464,-14.744446,0.17451222,-0.21653286,0.0,0
site16_668.png_X0_Y256,11.524260475645667,113.78717054438113,0.2932764497947181,0.03340601221622655,0.9675240187117008,-1.1764526,0.11063877,-0.11370489,0.1452789306640625,1
site16_668.png_X256_Y256,11.831173357064698,107.81106746804102,0.2162033916551247,0.025605940455316036,0.9650187425668283,-1.2088928,0.11773302,-0.12135569,0.0052032470703125,0
site16_689.png_X0_Y0,12.595501978298149,217.30782541570906,0.09600924421304582,0.014732705641388564,0.8757931918041562,17.206223,0.107751586,-0.059026852,0.0,0
site16_689.png_X256_Y0,12.324156117530833,171.36552460291983,0.11811964368025965,0.016906790190510525,0.8935331900546557,12.776932,0.14083892,-0.115043715,0.0,0
site16_689.png_X0_Y256,12.52540972446186,228.53783321018602,0.09251372804377993,0.014819331206967597,0.8413060298274888,19.714676,0.107925445,-0.05165176,0.0,0
site16_689.png_X256_Y256,12.287892038415423,193.65725602833575,0.11642390061535647,0.017855703230490842,0.8592465724523194,7.199646,0.1400094,-0.12530534,0.028778076171875,0
site16_690.png_X0_Y0,12.819387026780193,249.78199745891345,0.10399214512980773,0.015896754588442145,0.9089374549792295,5.589981,0.14221227,-0.13007158,0.170654296875,1
site16_690.png_X256_Y0,12.269422337467802,131.32549049644527,0.12113702843407889,0.01635629518155602,0.9208609632444826,4.378647,0.1390276,-0.12929045,0.0,0
site16_690.png_X0_Y256,13.055067088143108,258.6783980620488,0.10597253420816506,0.015513629687012897,0.9307060607726287,14.792511,0.13058858,-0.09357788,0.16107177734375,1
site16_690.png_X256_Y256,12.224443430892126,146.36756800269242,0.11144641021013454,0.016852846604240634,0.8964297565890478,29.820831,0.1199428,-0.05439482,0.0,0
site16_693.png_X0_Y0,12.54449160884273,159.60394492202812,0.16188265414797245,0.016834622840313184,0.963823809691001,-2.586258,0.12985164,-0.13845241,0.0896759033203125,1
site16_693.png_X256_Y0,10.990720856081722,105.68014138191498,0.36369347348415254,0.051337289868025326,0.9861806326448765,-0.25627136,0.10284805,-0.10574219,0.10626220703125,1
site16_693.png_X0_Y256,12.063249624672153,136.1414592794861,0.2040347209643566,0.02416537920209432,0.9734637348063131,-6.95282,0.13592488,-0.15539673,0.1125030517578125,1
site16_693.png_X256_Y256,12.562671715767276,252.19745242213605,0.22164324107690875,0.02214380169543441,0.9593916537016289,1.4354858,0.11476475,-0.116932765,0.3970184326171875,1
site16_694.png_X0_Y0,13.211122911840462,403.04580840300076,0.10512778375161473,0.014049513663024147,0.9111920542625687,-4.9753723,0.111446135,-0.12494149,0.8922576904296875,2
site16_694.png_X256_Y0,10.759418397460454,226.10211674896038,0.32152224954977354,0.06159056926358045,0.9368166029579327,25.191345,0.033790573,0.003393529,0.2596588134765625,1
site16_694.png_X0_Y256,13.458855201740128,394.079360357181,0.13346676951138714,0.015572830407426939,0.9445429531809015,0.5748291,0.10271228,-0.09908111,0.6685943603515625,2
site16_694.png_X256_Y256,13.08786335503666,391.5041288957445,0.15876366288142757,0.0179121956249997,0.9298963912367566,4.1414337,0.09173253,-0.09464577,0.2411956787109375,1
site16_696.png_X0_Y0,12.310567675605558,152.7490464154511,0.17023072505032893,0.01858271623168295,0.9598019057093614,2.156311,0.10769999,-0.101764396,0.0,0
site16_696.png_X256_Y0,12.19582129446766,135.49743533137212,0.1745302480570723,0.01852367506292152,0.9735835255805146,11.728241,0.075749926,-0.042527825,0.000152587890625,0
site16_696.png_X0_Y256,11.680733061902165,115.32952317017734,0.13516662820525638,0.021744657349180446,0.8805614815146221,-1.0319672,0.1113512,-0.113698505,0.0,0
site16_696.png_X256_Y256,12.473411465818069,221.7929785269019,0.15560054431891002,0.025670810923863537,0.9409146557481769,18.911575,0.05264817,-0.009791844,0.40582275390625,2
site16_697.png_X0_Y0,12.457429893386925,189.52036160972068,0.15390284546605487,0.01846700418747915,0.9439657484108392,4.7665253,0.08982849,-0.08132419,0.0172882080078125,0
site16_697.png_X256_Y0,12.308469612608743,132.21792306444792,0.13496602070172692,0.016700206724669816,0.9442745180990338,2.5933685,0.08849269,-0.08389031,0.0355682373046875,0
site16_697.png_X0_Y256,11.914285114505434,293.3664776918743,0.2768258460866561,0.06681241265226857,0.9414824843567015,0.98431396,0.11036265,-0.11270407,0.402984619140625,2
site16_697.png_X256_Y256,12.462298233268347,237.2119458561824,0.13489287855773074,0.017395444870429246,0.9167719744751348,-0.06329346,0.08273117,-0.08532697,0.140411376953125,1
site16_698.png_X0_Y0,12.153003302372777,102.53758615977051,0.14926656708984457,0.017775932611584572,0.9608906190796378,3.9442291,0.09210334,-0.08530355,0.018341064453125,0
site16_698.png_X256_Y0,12.097235439321077,90.4029998828581,0.1607465409148954,0.01798362487107283,0.97318010311126,6.975937,0.09763204,-0.082084,0.0,0
site16_698.png_X0_Y256,12.758151769780882,165.23660662365958,0.12915882119908323,0.014199199450120482,0.9525818248166207,20.82576,0.04835637,0.0119431475,0.085174560546875,1
site16_698.png_X256_Y256,11.449389888871048,90.00224162581668,0.2390304062835055,0.029075748085316405,0.9683271163213703,12.979904,0.0857912,-0.060660064,0.0,0
site16_715.png_X0_Y0,12.268630568695254,186.61835908965514,0.10044006123318133,0.016824709888255983,0.8463501833816757,9.109879,0.14020103,-0.117888756,0.0,0
site16_715.png_X256_Y0,12.673548222473467,245.77674273417196,0.11666251716816141,0.015757878312308942,0.8904278649774551,0.45863342,0.14671949,-0.14571485,0.152435302734375,1
site16_715.png_X0_Y256,12.35994945470551,206.44872290705783,0.10154521661718346,0.016345046920459273,0.8471318622485783,8.603973,0.14047514,-0.119993486,0.0,0
site16_715.png_X256_Y256,12.928293119319822,326.4194743458156,0.08900743993825858,0.013625210652367837,0.840815369164386,-3.6649017,0.1544574,-0.16406107,0.0643310546875,1
site16_719.png_X0_Y0,12.9578721420689,244.82948648056413,0.14881651154025027,0.015055954125845263,0.9558039102394233,-8.370926,0.13613752,-0.15934831,0.4248809814453125,2
site16_719.png_X256_Y0,12.808989618460782,244.61508549896894,0.09908928525996269,0.01376628387046941,0.8850045033926373,-8.475128,0.12675837,-0.15007111,0.0,0
site16_719.png_X0_Y256,12.982689293804603,235.41734176759292,0.10605670828090413,0.012997222077559193,0.9236483928727103,-8.028366,0.14566357,-0.16547143,0.070648193359375,1
site16_719.png_X256_Y256,12.73560870000685,229.46533684460533,0.09983016269027395,0.013839528015602606,0.8842277573593408,-9.637619,0.14354533,-0.16518839,0.0,0
site16_720.png_X0_Y0,13.30352339293307,351.33085435890916,0.15454779116532844,0.013751148015485461,0.9580736500536554,-4.997574,0.11012672,-0.1279452,0.5160369873046875,2
site16_720.png_X256_Y0,12.872959543666273,279.9185627222868,0.11786886619688776,0.014378326878841854,0.89463810563216,-3.6542969,0.11405851,-0.12411785,0.2518463134765625,1
site16_720.png_X0_Y256,12.84104973284777,235.65372942499764,0.1094358678650623,0.014004378330735149,0.9103146887694304,-12.002853,0.13568094,-0.17139578,0.0,0
site16_720.png_X256_Y256,13.361807300368227,315.3329509533645,0.0890704016637167,0.011371364223244354,0.9193259375052033,-12.225845,0.1397872,-0.17508183,0.0,0
site16_722.png_X0_Y0,12.35915799188723,203.28242229552845,0.12564146187446584,0.01848878449524484,0.9017301321527743,-0.40812683,0.09705095,-0.096638575,0.2164306640625,1
site16_722.png_X256_Y0,12.632547371288842,284.94582014731907,0.1249147900522398,0.0167911365194234,0.9112018270717459,3.185852,0.10968447,-0.10406848,0.0016021728515625,0
site16_722.png_X0_Y256,12.806735551194855,301.174614301009,0.09777802427107216,0.014407074159538399,0.8467440646772623,-5.789276,0.1057588,-0.12614295,0.0845794677734375,1
site16_722.png_X256_Y256,12.66985527731941,370.6996862234827,0.11666008903458076,0.017384548402531376,0.8884541493035011,-1.1873322,0.11867069,-0.12492235,0.0785675048828125,1
site16_723.png_X0_Y0,12.836583010281192,283.02185866014145,0.1177227302264316,0.015303305519902883,0.9117000371980545,0.06918335,0.11285256,-0.114083156,0.0,0
site16_723.png_X256_Y0,12.340668885506691,319.16239511249563,0.15163450571655365,0.01961895435778883,0.9127530266350199,3.400467,0.07829876,-0.069784716,0.0,0
site16_723.png_X0_Y256,12.447119644531819,250.35337487386101,0.1077283934952048,0.017128732781123552,0.8497897653827068,-6.901535,0.11842285,-0.13850002,0.0,0
site16_723.png_X256_Y256,12.327818249197145,330.0242137039014,0.14146449501779645,0.018481920062322153,0.8770899155086824,6.8638,0.06754361,-0.045290954,0.0,0
site16_724.png_X0_Y0,12.160809131730996,136.35337757713825,0.18283332925954468,0.018698583163325053,0.9532313300649292,3.917633,0.07489661,-0.068844646,0.3042755126953125,1
site16_724.png_X256_Y0,11.35240176642685,79.061538350635,0.2650248318769667,0.0288991937431506,0.9688649667320206,15.549927,0.027939424,0.0064566582,0.38818359375,1
site16_724.png_X0_Y256,12.54736910007512,151.61436247476973,0.16521895905120662,0.016758776464223416,0.9566094131467585,6.200012,0.0829605,-0.07359354,0.7076873779296875,2
site16_724.png_X256_Y256,10.631888853580886,256.1880001081272,0.300435159221657,0.13146162854271531,0.9704922439654944,8.675217,0.06611487,-0.05101656,0.0407867431640625,0
site16_741.png_X0_Y0,12.10979609970752,186.42387257906006,0.11247490449133557,0.018220024366827854,0.8233336476336509,12.19455,0.1374402,-0.11018993,0.0,0
site16_741.png_X256_Y0,12.86481006321665,287.60485327158773,0.09109162992504767,0.013537420199560854,0.8609293710600521,-4.8433075,0.16145432,-0.17495339,0.0,0
site16_741.png_X0_Y256,12.455591206833068,205.63038051771406,0.11375212816611949,0.01677112792607436,0.8842763683737154,15.830704,0.12960134,-0.09320912,0.0,0
site16_741.png_X256_Y256,12.918237032858153,273.6592992178546,0.08708966466180985,0.013219914312477089,0.8745890612064225,6.294647,0.1535255,-0.13972145,0.0,0
site16_745.png_X0_Y0,13.048147306511474,305.0814357308584,0.1054505107644704,0.013021389134924906,0.9122073583932522,-6.95697,0.15778346,-0.17608637,0.21478271484375,1
site16_745.png_X256_Y0,12.15069469864186,183.1130954440623,0.1649440446955625,0.021826720178905152,0.9136122469632096,-5.98024,0.13615276,-0.14785314,0.0,0
site16_745.png_X0_Y256,12.405941338675433,210.51341404148664,0.10386687383977275,0.016231894604454396,0.8608109401778358,-6.758667,0.15865648,-0.17638019,0.0,0
site16_745.png_X256_Y256,11.065888379034286,118.3535250714859,0.30850715318275124,0.05576858791899075,0.9779240741448005,-3.9472656,0.1305242,-0.1415319,0.0,0
site16_746.png_X0_Y0,13.003929394311145,288.3273394848243,0.10023260008030155,0.013595751911448444,0.900587354869917,-8.184586,0.14160877,-0.1636777,0.002227783203125,0
site16_746.png_X256_Y0,13.526781890023956,481.1417714640849,0.09704392292523195,0.013127949913624927,0.9144893347049373,-5.3737335,0.13745524,-0.1441339,0.0,0
site16_746.png_X0_Y256,12.884736405029763,240.73384342862045,0.11414681641137314,0.014025346060046498,0.9170430920024921,-4.8558197,0.14418143,-0.15774654,0.012542724609375,0
site16_746.png_X256_Y256,13.09692839348815,332.48905751395466,0.1253213997669764,0.013645369383878121,0.9330527306156747,10.846405,0.115230486,-0.07819617,0.0411224365234375,0
site16_747.png_X0_Y0,12.289432055455176,207.70147817246738,0.1540827911686602,0.019604728159013145,0.9038712044229665,-1.0743866,0.15142342,-0.15514576,0.078704833984375,1
site16_747.png_X256_Y0,11.17972055616572,61.475801149198176,0.19824801901803152,0.0265446902243598,0.9326132955836124,-0.69763184,0.14593509,-0.148757,0.0,0
site16_747.png_X0_Y256,12.068589993316342,203.25017481259061,0.14070517775716582,0.02033252738930026,0.869554259021923,14.97197,0.10084,-0.05860652,0.1785430908203125,1
site16_747.png_X256_Y256,11.333688246500795,95.99877318819945,0.19052482997663234,0.025547512912167038,0.8791929472827642,1.7495575,0.12963283,-0.12524587,0.0064239501953125,0
site16_749.png_X0_Y0,12.61919831462613,277.2827914143836,0.10390016888422002,0.01528279958441314,0.8580508783501395,11.109177,0.08625744,-0.056175888,0.0,0
site16_749.png_X256_Y0,11.84943125069058,154.17010916775462,0.13614189284107808,0.021371870922910548,0.8602642200214279,8.025864,0.09289269,-0.072790824,0.0,0
site16_749.png_X0_Y256,12.15348017686589,124.53033460688266,0.12690288275214864,0.017171762796808383,0.9182008709704252,11.931595,0.107474,-0.07512127,0.0253143310546875,0
site16_749.png_X256_Y256,12.085442824334471,165.33724183607572,0.11628312710568892,0.01850373163904249,0.8503127225630498,11.781952,0.11370576,-0.08291006,0.05535888671875,1
site16_750.png_X0_Y0,11.559321133912864,95.54552703587908,0.21282397325526523,0.027185154424950914,0.9505164953035632,3.3998413,0.04542485,-0.04079823,0.145660400390625,1
site16_750.png_X256_Y0,12.681692249430899,177.6578252655236,0.16733650348943624,0.015542711256273765,0.9627061782517013,9.915817,0.07470057,-0.05767534,0.0,0
site16_750.png_X0_Y256,11.711828648224996,128.02462295151196,0.125474447269156,0.021130862785545393,0.8428524031472054,32.144745,0.07041867,0.019485101,0.0,0
site16_750.png_X256_Y256,11.589240912100637,108.0475862648993,0.13593760194320556,0.02229195318388856,0.8663341694967672,21.636002,0.07931468,-0.020932447,0.0,0
site16_767.png_X0_Y0,12.818961235863032,317.4407293769257,0.11379266085364284,0.016356333507468884,0.8738342791663014,3.3817902,0.13376635,-0.12634258,0.343414306640625,1
site16_767.png_X256_Y0,12.560379740023029,210.33212574491353,0.09575215674432211,0.015118562864361675,0.8710343048229566,-2.1526642,0.1628334,-0.16935626,0.0502777099609375,1
site16_767.png_X0_Y256,12.722047896894217,282.6814155463121,0.10478884512995902,0.01481771336000481,0.8414020479631592,-0.64302063,0.14051291,-0.14246319,0.1614837646484375,1
site16_767.png_X256_Y256,12.527057514972375,161.29445549788667,0.1097006067107559,0.015119935209047789,0.9211592438519642,16.9944,0.14815462,-0.11340311,0.0,0
site16_792.png_X0_Y0,13.039337617914091,316.1282009473591,0.08417839306397691,0.012553314500304622,0.8645874018931077,43.29312,0.10501281,0.012107005,0.0,0
site16_792.png_X256_Y0,12.955524980484771,229.7785145436883,0.11475596484936271,0.013185962599333748,0.9310938963566271,29.71901,0.100462385,-0.018913664,0.0,0
site16_792.png_X0_Y256,12.884090106528138,333.3256073986013,0.13405375413862533,0.03974047019851519,0.906566230414571,14.846451,0.13945162,-0.107282326,0.0,0
site16_792.png_X256_Y256,12.567012144241822,242.54446395316717,0.12561173513854298,0.020755700966056584,0.8997623353734838,12.917618,0.13919625,-0.111244716,0.0458526611328125,0
site16_793.png_X0_Y0,13.29452029571895,333.062728728137,0.08971165284088925,0.011788724245774526,0.9047604987635495,-8.273514,0.15776218,-0.17773531,0.3650360107421875,1
site16_793.png_X256_Y0,12.24976796732766,171.6450167003097,0.10462954216124952,0.016914649216514616,0.8674632634637316,21.294998,0.14867742,-0.10446111,0.0,0
site16_793.png_X0_Y256,12.902220349066866,265.24194472980525,0.09522370664466767,0.01388879941070981,0.8925080902950672,-7.310623,0.16396758,-0.18494236,0.106201171875,1
site16_793.png_X256_Y256,12.18875732605156,140.66262409590158,0.11750978938665264,0.017001683488253424,0.9024287461748479,28.098999,0.13701436,-0.07906483,0.0,0
site16_818.png_X0_Y0,12.465085633444758,284.6415103866409,0.09175039932655804,0.01650127296915859,0.772956228558862,10.952972,0.15807648,-0.1324937,0.0,0
site16_818.png_X256_Y0,12.349006219324597,236.89147332155318,0.1585438604916608,0.030409058972157912,0.9393352590615602,-4.412689,0.14470324,-0.15400806,0.333221435546875,1
site16_818.png_X0_Y256,12.497504719824304,199.40849390859583,0.12215346904719215,0.015814447135267806,0.8906797908278841,23.828827,0.12458305,-0.05986148,0.0,0
site16_818.png_X256_Y256,12.370743568382528,180.68491260874174,0.13177827965893574,0.016623027103219022,0.9105822777367814,-7.064499,0.1463061,-0.16284025,0.0,0
site16_823.png_X0_Y0,12.416632733863356,198.81383582937306,0.10441039721485731,0.016051029824639164,0.8654778399513855,-5.78273,0.15854387,-0.17705044,0.0,0
site16_823.png_X256_Y0,12.591861680510043,192.41434111880832,0.10828474517402516,0.01552264290870074,0.9042550467294812,-6.6611633,0.13998011,-0.15777996,0.077056884765625,1
site16_823.png_X0_Y256,12.060514905015754,173.59271922157623,0.10522283997116054,0.01788219117738983,0.8190761141344847,-5.244629,0.15541834,-0.16894759,0.0,0
site16_823.png_X256_Y256,12.748355978805929,218.82142882245168,0.09605913798427897,0.014246709034557744,0.8990276294879174,-5.446396,0.1376191,-0.14880502,0.5145111083984375,2
site16_849.png_X0_Y0,11.880157921228017,173.25623679894989,0.10457621287176934,0.019160891252469052,0.7718774134145985,-3.34935,0.1524154,-0.16094226,0.0,0
site16_849.png_X256_Y0,12.779995713791958,267.289249192026,0.09868532891476456,0.01495691530759548,0.8911916869418587,-9.148972,0.14241922,-0.16475773,0.4296417236328125,2
site16_849.png_X0_Y256,11.699296260711007,141.1024133145916,0.1132157845171821,0.020611029454754237,0.8004419433416168,-0.27069092,0.14741766,-0.14851132,0.0,0
site16_849.png_X256_Y256,11.897542815314502,155.8159867148487,0.11181061368344544,0.019658037733143487,0.8227666973800885,-3.7168274,0.14023872,-0.15017788,0.0382232666015625,0
site16_850.png_X0_Y0,11.865634875528816,107.45391595179898,0.1904806870947942,0.022059485816317323,0.9458940894530078,-4.9018707,0.12777665,-0.13746089,0.14642333984375,1
site16_850.png_X256_Y0,11.843629531146338,115.5556080293652,0.14280854021222106,0.020433300155188006,0.9307829642621611,-4.3971863,0.1367594,-0.14777151,0.0,0
site16_850.png_X0_Y256,12.6870185448627,227.81905354912118,0.10715701895789635,0.014620650217472232,0.8847250518282139,-8.863541,0.13818207,-0.15855022,0.734344482421875,2
site16_850.png_X256_Y256,11.985976055690003,102.22665773080129,0.17387864267599706,0.019639982916855904,0.9514957960913476,-4.0331726,0.12454328,-0.13353454,0.03765869140625,0
site16_851.png_X0_Y0,11.489354952115953,110.89029569456645,0.13026961597856726,0.02254757899815668,0.8310453911819189,-3.568985,0.13162772,-0.1414729,0.0,0
site16_851.png_X256_Y0,11.57575146904114,125.85312932526205,0.1225106488413309,0.021939410794466693,0.8181521894085898,-5.1464996,0.13370278,-0.14749351,0.0,0
site16_851.png_X0_Y256,12.04283728976036,105.71443134852058,0.14543978501312962,0.01803358041552198,0.9525599323976925,0.13804626,0.12559763,-0.12587543,0.0,0
site16_851.png_X256_Y256,12.125607585254748,118.55710100982853,0.1420658392331477,0.01784373570676534,0.9550135536937979,-1.1598511,0.12984963,-0.13413712,0.0,0
site16_875.png_X0_Y0,12.176932071376342,131.53865712706875,0.1296386274368748,0.017121958180458495,0.9188376694620772,-11.588974,0.15572663,-0.19392642,0.0,0
site16_875.png_X256_Y0,12.228831681255299,169.0997002655302,0.13841695884288546,0.017581369356124477,0.9001473734725611,-4.204132,0.12582883,-0.14079507,0.1041717529296875,1
site16_875.png_X0_Y256,12.244051349549599,164.1348490814878,0.12041874330224503,0.01719477439193108,0.8860277718844283,-12.133041,0.1518286,-0.19658974,0.0,0
site16_875.png_X256_Y256,12.663148586648857,282.31109547711276,0.11865654754794622,0.015151249222567744,0.8523303584281798,-5.878937,0.12339221,-0.14748555,0.11199951171875,1
site16_877.png_X0_Y0,12.947204733066735,159.2709980085855,0.13248816163744115,0.01357265307571991,0.9759075777873981,2.4008942,0.11198049,-0.10947796,0.2438201904296875,1
site16_877.png_X256_Y0,12.16327809677604,91.73231563581683,0.17738870927153777,0.018722092086532957,0.9828705274886497,-2.783432,0.11858667,-0.1305889,0.0685882568359375,1
site16_877.png_X0_Y256,11.730589570617319,110.09858125480757,0.13859523531530485,0.02059258683626177,0.8868434729893111,-9.587067,0.118457556,-0.15292856,0.0,0
site16_877.png_X256_Y256,11.414774052458837,87.60926928645381,0.14948488301344404,0.022616514723314222,0.8850307577174582,-5.4233704,0.10607011,-0.12511373,0.0,0
site16_1004.png_X0_Y0,12.456390055000451,284.87934966419505,0.08369615410144796,0.01571918128806789,0.7316609289758029,-4.47316,0.13655664,-0.14710914,0.0,0
site16_1004.png_X256_Y0,12.70240356198886,366.85683712394916,0.080793923166045,0.015112404394314764,0.7192479829712489,-5.5749054,0.12969723,-0.14388052,0.0,0
site16_1004.png_X0_Y256,12.044521728384069,208.43548758290416,0.10211416471254786,0.01898819195012666,0.7562466979701972,-5.186783,0.13002415,-0.14180642,0.0,0
site16_1004.png_X256_Y256,11.846950546229422,173.54573747176914,0.1094060606090247,0.01995271598831832,0.7638618583211187,-2.194519,0.12502894,-0.1306873,0.0,0
site16_1005.png_X0_Y0,12.719974958723622,350.3540488484131,0.08633531508308581,0.015201399637069478,0.7557984663898514,-1.0920105,0.10952628,-0.11383928,0.0,0
site16_1005.png_X256_Y0,12.774270108466045,327.52338724890285,0.08563635123648372,0.014209551921225506,0.7897910342823007,4.43248,0.09678948,-0.08414862,0.0,0
site16_1005.png_X0_Y256,12.395286766684507,296.0785699911326,0.11573984571744539,0.017664309305886194,0.8928822522920354,-2.6882172,0.097722024,-0.10788728,0.0823822021484375,1
site16_1005.png_X256_Y256,13.250875411458864,421.7623840740563,0.07704640810254276,0.012012813366354045,0.8330969198133202,4.7226105,0.09192276,-0.08066356,0.0021209716796875,0
site3_10.png_X0_Y0,14.239967879205716,1037.3598202013932,0.07168603143280734,0.015053403472318705,0.8562323663185514,58.07115,0.014984613,0.21283896,0.0,0
site3_10.png_X256_Y0,14.13437231142421,1091.662807559091,0.07677608535591204,0.01564109271881249,0.8489415596697275,53.68393,0.01423232,0.22077847,0.0,0
site3_10.png_X0_Y256,14.22402479315471,1273.4168353368602,0.07483660227432291,0.01114888755552744,0.8399731503601516,56.857895,0.028603371,0.21690708,0.0,0
site3_10.png_X256_Y256,13.922899245002768,993.7803915112136,0.07942679892177162,0.011529170452792645,0.8527053839614768,49.030365,0.0005560147,0.23635209,0.0,0
site3_132.png_X0_Y0,12.949085314288208,365.860534379811,0.06974732848146581,0.012883842388439504,0.7782333322164058,119.64159,-0.08507216,0.55503035,0.0,0
site3_132.png_X256_Y0,12.20054847457222,206.9128078593603,0.09035671996533508,0.016986817900277767,0.7860319072789456,104.37146,-0.011937588,0.35947844,0.0,0
site3_132.png_X0_Y256,13.311518456655964,502.01086128231896,0.06008246961695375,0.011187537499802766,0.7583420838014258,95.76784,-0.02543059,0.38299054,0.0,0
site3_132.png_X256_Y256,12.482363090109375,208.0212441428831,0.10795050675931184,0.015655609315017197,0.8838249219378839,66.77615,-0.02042914,0.32365572,0.0,0
site3_255.png_X0_Y0,12.967924818007198,320.4129183637326,0.0893333215713896,0.012883050173432222,0.8656080490427105,28.828964,0.12518138,-0.042110108,0.0,0
site3_255.png_X256_Y0,13.664525046321272,694.810838034072,0.05557165836403125,0.010064439410733142,0.7406953847714128,91.19438,-0.027099943,0.4049278,0.0,0
site3_255.png_X0_Y256,12.856019593256878,290.9287749152995,0.09901750795705445,0.013884570941949437,0.8830345704908604,29.996521,0.12964073,-0.048600644,0.0,0
site3_255.png_X256_Y256,13.570758807179171,657.0952488976693,0.054473495554436785,0.010314632168493489,0.7285094792994811,83.31262,-0.019563403,0.37176186,0.0,0
site3_334.png_X0_Y0,14.266311740219432,1097.0503065828657,0.046223013584340236,0.008059388225519614,0.7625802026160262,62.496628,-0.02680642,0.24316126,0.0,0
site3_334.png_X256_Y0,13.595189325591729,655.318293580001,0.05878942572707338,0.010464832664057172,0.7524092066095097,78.157715,-0.012366674,0.2809135,0.0,0
site3_334.png_X0_Y256,13.78887666684102,772.2741351884073,0.049645834626931826,0.009548375157440874,0.7332688817185106,68.834625,-0.021162897,0.2643603,0.0,0
site3_334.png_X256_Y256,13.658519005245086,687.6774542243392,0.05418709001298887,0.009989767502172201,0.7427623091794522,90.824524,-0.047996156,0.36645174,0.0,0
site3_725.png_X0_Y0,12.83454599393118,242.0125548166637,0.1031764537268619,0.013698150576934182,0.8978392215062057,26.703308,0.13983065,-0.04059169,0.0,0
site3_725.png_X256_Y0,12.708669816591094,250.95516221225353,0.0907044111600587,0.014619180582023075,0.860781534002955,9.438156,0.19727397,-0.17245212,0.0,0
site3_725.png_X0_Y256,11.511974017415348,162.94396485127632,0.19571983235243384,0.025460207294249425,0.915349546653419,4.982788,0.11067849,-0.057570554,0.0,0
site3_725.png_X256_Y256,13.454318550546152,455.82032430435675,0.11138553982701291,0.011834819049661983,0.9005865822437682,4.3151703,0.19731358,-0.18945366,0.0,0
site3_797.png_X0_Y0,9.606659697503613,23.526024966359216,0.43717413058719135,0.05804242916422373,0.9788511900970576,9.028946,0.13791898,-0.118473165,0.0,0
site3_797.png_X256_Y0,9.706107190517205,45.72550136966477,0.48091688938897725,0.06801173820625096,0.9825450617697069,6.186798,0.1411969,-0.121338,0.0,0
site3_797.png_X0_Y256,6.618622713202684,4.781971131896417,0.5915738350332795,0.14414521353498463,0.9328681766246197,6.18544,0.115741275,-0.105489284,0.0,0
site3_797.png_X256_Y256,8.901426595137679,21.706146313917948,0.46007067908929405,0.08679222819852082,0.9604530234165596,12.777161,0.11290883,-0.08824797,0.0,0
site4_29.png_X0_Y0,13.174438348878567,906.3119072892821,0.04529968951376381,0.012018014548788303,0.2778947379103972,33.851547,0.18165359,-0.0853907,0.0,0
site4_29.png_X256_Y0,13.23462490197116,964.0622261870577,0.04316029313366362,0.011589591682507004,0.262139175221178,37.03679,0.17759174,-0.07049941,0.0,0
site4_29.png_X0_Y256,12.970920264114376,715.9389571919562,0.050525487157706016,0.012952004074517846,0.355105163605867,38.361267,0.17266294,-0.06476222,0.0,0
site4_29.png_X256_Y256,12.986897170967085,736.7602977070219,0.05003650864167599,0.012792385110566934,0.33992372609028665,38.41162,0.17330338,-0.065785125,0.0,0
site4_39.png_X0_Y0,13.093635094541607,844.0453979539216,0.04650102849345937,0.012292444281037956,0.2870719036881564,32.12932,0.17540556,-0.08945868,0.0,0
site4_39.png_X256_Y0,13.531909970148735,1141.1522156592691,0.03925408764655432,0.010354309790117271,0.3084776302851306,35.356583,0.17076327,-0.072501466,0.0,0
site4_39.png_X0_Y256,13.036048800039941,819.6425283094328,0.046958755322483094,0.012574713238685881,0.27620764864903885,34.188797,0.17118812,-0.07872002,0.0,0
site4_39.png_X256_Y256,13.219812116450463,915.571934772694,0.043832708063543,0.011620533742929241,0.29940442797930944,32.05786,0.17627342,-0.09193593,0.0,0
site4_46.png_X0_Y0,13.419115863355321,999.6405120777089,0.04180604640937622,0.010998779604466304,0.34658111075286363,22.788208,0.18981993,-0.1303494,0.0,0
site4_46.png_X256_Y0,13.23567650444069,881.7863664215863,0.04449044366144818,0.011730284889572586,0.3409831187821179,24.404633,0.18888125,-0.12701908,0.0,0
site4_46.png_X0_Y256,13.437237502748669,871.6836637201061,0.046828968626675106,0.010885333681295996,0.48264189933604634,30.024857,0.17549452,-0.08961389,0.0,0
site4_46.png_X256_Y256,13.213065389733902,822.7672854190844,0.04722810705889895,0.011887836180741658,0.3928910579051413,24.901703,0.18588513,-0.11677234,0.0,0
site4_55.png_X0_Y0,10.36537863783072,228.6235485750686,0.27786962411034366,0.19105022157582335,0.9749542676065809,37.709625,0.11845915,-0.034157246,0.0,0
site4_55.png_X256_Y0,12.09848177859125,255.52518098508187,0.08891079947945571,0.01828388623497167,0.6621453236140171,39.570923,0.1540555,-0.064912975,0.0,0
site4_55.png_X0_Y256,12.393346669660033,222.5903696444908,0.13299999677452656,0.030573532874642304,0.9224004473141139,64.97908,0.099889055,0.10316572,0.0,0
site4_55.png_X256_Y256,12.467123431371936,267.45977768466867,0.08723650328525202,0.015972035175889115,0.7738843116266212,57.034485,0.12985887,0.018983465,0.0,0
site4_70.png_X0_Y0,13.031076543321273,806.1938365802874,0.04655246252732767,0.012617106071973961,0.2778445076738396,29.649933,0.18000062,-0.10263818,0.0,0
site4_70.png_X256_Y0,13.033608248289251,765.2054907667832,0.04780315433693715,0.012691918760422374,0.33105605524592163,28.398254,0.18272564,-0.11030515,0.0,0
site4_70.png_X0_Y256,12.862559435533642,699.6469829813128,0.0495866050957406,0.013518374416212385,0.29719020164737175,27.300613,0.18326117,-0.11536953,0.0,0
site4_70.png_X256_Y256,12.896325375079245,682.8827111417576,0.050770432460587586,0.013449806960865231,0.3448646148838094,24.115509,0.18735032,-0.1297299,0.0,0
site4_84.png_X0_Y0,13.305647533369944,921.6192564008087,0.04413085160330487,0.011444615346010666,0.37841066994640604,57.665726,0.10278386,0.10267615,0.0,0
site4_84.png_X256_Y0,13.304307847261352,877.6840768725045,0.04606010537441936,0.011474896576292422,0.4196786581847921,54.04506,0.10933799,0.092643715,0.0,0
site4_84.png_X0_Y256,12.961402461797775,687.1052073722112,0.053510230093676066,0.01335267205721143,0.4740198326830848,72.75746,0.049077876,0.24882245,0.0,0
site4_84.png_X256_Y256,13.037383405580883,727.6428357182598,0.05027719205490881,0.012665767706503633,0.4176937645099926,67.254456,0.068235844,0.19425109,0.0,0
site4_185.png_X0_Y0,11.022577090797238,102.94069325800268,0.13674778703525922,0.02646119462581161,0.7371034150269705,-3.659439,0.1349131,-0.14515875,0.0,0
site4_185.png_X256_Y0,12.092933318193685,157.65074100106364,0.1425832114743876,0.01855178647715923,0.906630044668839,-2.9007874,0.13697574,-0.1460959,0.0,0
site4_185.png_X0_Y256,10.579764056239076,70.56916979046571,0.1584163128955458,0.03137290356434448,0.7680574184198043,-4.5372314,0.13460265,-0.14678153,0.0,0
site4_185.png_X256_Y256,12.207105286471874,185.1237117484937,0.15608589283159013,0.01878395442787573,0.9029452391875643,-1.6783905,0.13646203,-0.14238235,0.0,0
site4_214.png_X0_Y0,11.840306557744421,239.81143603122214,0.10015791204867265,0.020925587904392196,0.6383206001280228,2.8891602,0.13882175,-0.13204989,0.0,0
site4_214.png_X256_Y0,11.220364317070294,115.08062710255886,0.1342304322337384,0.026749611036033006,0.8383302138301645,-0.34814453,0.13328823,-0.13176918,0.0,0
site4_214.png_X0_Y256,11.683864389382395,168.55150491999734,0.1359389112313609,0.02513371199523065,0.878750827892552,50.827286,0.11236524,0.08015853,0.0,0
site4_214.png_X256_Y256,11.723247242422987,164.78270313702927,0.13884087457448135,0.024693629277339146,0.8949129466354913,47.17108,0.11563722,0.057983346,0.0,0
site5_40.png_X0_Y0,11.443356798376488,144.1277120428466,0.13651723120981923,0.022945179115531775,0.753954826398054,25.749817,0.066035144,0.12137641,0.0,0
site5_40.png_X256_Y0,11.535920510527435,167.45650977088567,0.11359987910542539,0.02230458815871223,0.6832345793057674,15.185013,0.14517254,-0.07263996,0.0,0
site5_40.png_X0_Y256,11.095415181917506,198.7988026990933,0.21059047549346535,0.07825175706085812,0.8027788386131467,24.952362,0.021163624,0.201484,0.0,0
site5_40.png_X256_Y256,12.213642304970657,287.7824876550028,0.10377360373259722,0.017909686252615162,0.7069377005225591,19.725159,0.102457404,0.0301138,0.0,0
site5_57.png_X0_Y0,9.132075631157836,69.12341419166141,0.3049499564250902,0.06811519774130653,0.8886392609250718,13.624466,0.08702158,-0.030375928,0.0,0
site5_57.png_X256_Y0,12.336458934475395,413.56458070516146,0.14379075136231112,0.05303737547767296,0.7453640323254361,33.05208,0.00029786525,0.27360252,0.0,0
site5_57.png_X0_Y256,8.466992400527817,44.2692573619537,0.286909764561192,0.07353159483977335,0.890787148366705,12.6129,0.09240396,-0.04921086,0.0,0
site5_57.png_X256_Y256,12.70530603370836,447.2205391406364,0.115903113624132,0.01618018241867162,0.7815332138062641,29.637543,0.018445125,0.22482793,0.0,0
site5_129.png_X0_Y0,12.693594581957655,430.0639811160538,0.1788878936461561,0.026540790137441792,0.9486417799345737,9.116119,0.13220496,-0.109586075,0.0,0
site5_129.png_X256_Y0,10.143304850779316,208.6748852004082,0.25657406954613254,0.06564366814445774,0.6489857912200623,-1.6441345,0.15484297,-0.16293693,0.0,0
site5_129.png_X0_Y256,11.42674411423306,334.37824459040723,0.21506327517056842,0.045955484512324396,0.9561830109597818,10.265198,0.12339486,-0.101666346,0.0,0
site5_129.png_X256_Y256,10.43858886170676,146.65128596874146,0.23788771715012114,0.052211092381289764,0.6280703746326006,0.80010986,0.14804497,-0.14574525,0.0,0
site5_175.png_X0_Y0,12.448421602011322,366.47025072989913,0.08374203233779157,0.016014953346372242,0.660440503899725,42.0524,0.011833252,0.27986547,0.0,0
site5_175.png_X256_Y0,11.712592476750547,213.3309117286675,0.10125630636301955,0.021639001272216032,0.6558429905325649,53.623672,0.05216486,0.1768361,0.0,0
site5_175.png_X0_Y256,12.411847941162545,366.45822798023426,0.08423866727911161,0.015680323070595803,0.6086310264952174,41.901505,0.0041927025,0.29879874,0.0,0
site5_175.png_X256_Y256,11.785023351352558,236.95970768454976,0.09419078785022034,0.020565746758478436,0.58594511383813,59.720276,0.039424527,0.20004559,0.0,0
site5_231.png_X0_Y0,12.432820210863184,464.4027419442266,0.07412719335203061,0.016602508719582798,0.4738495886352696,60.028595,0.06689701,0.14143027,0.0,0
site5_231.png_X256_Y0,11.980175269014527,356.17155952639223,0.07546430367610518,0.01911046228202541,0.3608575351825666,68.06888,0.0499806,0.19252922,0.0,0
site5_231.png_X0_Y256,12.074329631872331,329.997952740541,0.07970443495770546,0.01870437527765669,0.5062243803688529,54.819565,0.08675273,0.08559044,0.0,0
site5_231.png_X256_Y256,11.751818231791386,270.811512624357,0.08571345402318363,0.020912927023774803,0.46074262990631504,57.379562,0.07830121,0.112054676,0.0,0
site6_205.png_X0_Y0,12.869363261327313,246.8980371431751,0.14042805055764154,0.015867177727392205,0.9460099596209863,12.405716,0.16183996,-0.104729384,0.0,0
site6_205.png_X256_Y0,12.578041571054236,208.54409495447254,0.16531924274882812,0.019958540891162925,0.9501254343465914,6.3415833,0.15733166,-0.12276601,0.0,0
site6_205.png_X0_Y256,13.304151448243935,310.91457220480714,0.10267682650337241,0.011682085724544725,0.9284607418586975,6.9349823,0.1842193,-0.15072605,0.0,0
site6_205.png_X256_Y256,12.843475046034955,263.7038213517729,0.13601890990778495,0.018701768090251224,0.9536826324999604,7.463379,0.1613417,-0.10356575,0.0,0
site6_224.png_X0_Y0,12.115506153300842,115.54337754710129,0.17322296005359925,0.019378237036863758,0.9599439637186289,16.429977,0.08507692,0.015396267,0.0,0
site6_224.png_X256_Y0,10.96691840400791,77.1071475814648,0.21647188417529184,0.03242490174896842,0.9520477526271957,3.231079,0.04272326,-0.017170327,0.0,0
site6_224.png_X0_Y256,12.346958911227041,117.86416056925421,0.1691527709883026,0.018578677945739936,0.9684696940280474,11.206741,0.1221283,-0.0763565,0.0,0
site6_224.png_X256_Y256,10.920739230716544,91.783295262045,0.22860944840100844,0.035999943610380114,0.9388969193106661,8.032074,0.03245196,0.029800827,0.0,0
site6_237.png_X0_Y0,13.235815356395847,264.2043201082527,0.13255197539957522,0.013598440552884778,0.9480353368822507,-0.20777893,0.16926357,-0.17070167,0.0,0
site6_237.png_X256_Y0,13.472964403369986,270.6459088301325,0.10358588528012622,0.011681909163548146,0.9568790208395204,5.3208466,0.1670806,-0.15192941,0.0,0
site6_237.png_X0_Y256,13.335151413558613,244.69604657763352,0.1235000701424962,0.012930362977016439,0.9582862462083791,0.02029419,0.16075695,-0.16161932,0.0,0
site6_237.png_X256_Y256,12.979397948379729,153.5100627312814,0.1218996052059508,0.013097788914508373,0.970982004822977,8.468491,0.16959415,-0.14419845,0.0,0
site6_271.png_X0_Y0,13.102882371839058,323.05226957482887,0.12108355546444503,0.013053181045164893,0.91244567900686,-0.22447205,0.18557644,-0.18750192,0.0,0
site6_271.png_X256_Y0,13.620845956406374,401.95473123317925,0.09510420792045121,0.010813614032046762,0.9239824881159524,1.2391663,0.15852126,-0.1564767,0.0,0
site6_271.png_X0_Y256,12.492101155524463,251.55950381166423,0.14586276316289326,0.018697068792527118,0.9221291563174434,0.7186432,0.19519094,-0.19212644,0.0,0
site6_271.png_X256_Y256,13.550746522654837,416.3259669958637,0.07622113261554186,0.010341491352307264,0.8875469342830833,1.3338013,0.16394532,-0.16138345,0.0,0
site6_375.png_X0_Y0,12.140799872938134,156.52559048804665,0.16029922628522564,0.021812623478030858,0.9386453361586815,-3.0843048,0.21930405,-0.23117615,0.0,0
site6_375.png_X256_Y0,13.14876059905579,236.25345041570722,0.11488250053629598,0.012552357558414027,0.9384623362275588,-0.4669342,0.17294806,-0.17492476,0.0,0
site6_375.png_X0_Y256,12.587149442524712,214.0877171190238,0.1304370541235085,0.016610405953876438,0.9014327557700746,-1.8508301,0.19268675,-0.19822031,0.0,0
site6_375.png_X256_Y256,12.982010439964089,237.76116927684077,0.1264708347374753,0.014012652566848216,0.924520656174528,-0.46315002,0.17420003,-0.17630965,0.0,0
site6_435.png_X0_Y0,12.1663580431628,133.27552916847412,0.17201199519387605,0.02271830533985904,0.970066874661838,17.602783,0.041503977,0.11130126,0.0,0
site6_435.png_X256_Y0,12.397693716278614,93.28851846345157,0.1796397081156788,0.01808768543399588,0.9865145764517994,-2.9285736,0.14882505,-0.15395907,0.0,0
site6_435.png_X0_Y256,12.166314496499439,139.96743883062334,0.1875887730291283,0.02341313975352208,0.9647184743648922,10.102936,0.1087521,-0.012471288,0.0,0
site6_435.png_X256_Y256,12.092254916975772,114.46440900135187,0.18266444450025174,0.022588020781928272,0.967800632138909,-0.5184326,0.12494317,-0.117432736,0.0,0
site6_569.png_X0_Y0,13.282106071849174,263.8294532751858,0.10235189211569745,0.011651695863156359,0.9439100591761533,9.355316,0.15488106,-0.12103586,0.0,0
site6_569.png_X256_Y0,12.485324539966474,163.97672708514708,0.152509754651904,0.019917736046257805,0.9677981553541958,7.0917053,0.069352195,-0.035423014,0.0,0
site6_569.png_X0_Y256,13.425939444734178,267.3231007455052,0.10294793637632367,0.010960838037896367,0.9527771712731137,26.446259,0.12823085,-0.04454471,0.0,0
site6_569.png_X256_Y256,13.090175958214557,181.46774356617897,0.11787918933502443,0.012552888794606141,0.9642182716756622,18.63028,0.15234102,-0.1021985,0.0,0
site6_582.png_X0_Y0,12.687801952662587,209.28885583370135,0.1446977057240902,0.01800657335194783,0.9577390379244792,-3.1375122,0.06574985,-0.08284299,0.0,0
site6_582.png_X256_Y0,13.114206222601286,294.18789921546454,0.11378712049700276,0.013538008747914455,0.9291163705317278,0.3006897,0.1762406,-0.17694214,0.0,0
site6_582.png_X0_Y256,12.1563523097575,198.75512870652722,0.16734507124398756,0.023659517557892244,0.9396154627352403,-1.2442627,0.08638352,-0.09896938,0.0,0
site6_582.png_X256_Y256,13.74502695725441,467.4496742538978,0.07946965951911611,0.009801803566979694,0.9073707804065845,0.16905212,0.16737376,-0.16832207,0.0,0
site6_912.png_X0_Y0,12.350571092242651,354.95795156914744,0.1814516767236164,0.027918136462845303,0.9511215090078888,-6.344696,0.0662813,-0.08960311,0.0,0
site6_912.png_X256_Y0,10.54247078519072,67.73895258134169,0.22955035415302863,0.03827845159309461,0.9297871453517332,7.302826,0.013005872,0.038798727,0.0,0
site6_912.png_X0_Y256,13.69412054916668,446.6454236651866,0.08636932879439245,0.010114336980071161,0.9154123809403941,-11.195358,0.15655446,-0.2025615,0.0,0
site6_912.png_X256_Y256,10.574590461715385,96.181091857705,0.2510803249902415,0.04757979134791069,0.9549167753954131,-1.3017731,0.03498912,-0.023339268,0.0,0
site9_107.png_X0_Y0,12.936115393279444,413.9587688629538,0.0712140512250673,0.013283320853900923,0.7914659119478171,29.982574,0.1591807,-0.026688172,0.0,0
site9_107.png_X256_Y0,12.646778435523812,392.0127338043211,0.07138776332729832,0.014846448395399472,0.6488439557131985,30.740051,0.16803658,-0.0441736,0.0,0
site9_107.png_X0_Y256,12.355818435953392,330.3106873708616,0.0764563198337991,0.016337180138633195,0.7049896382222525,20.644257,0.1907223,-0.11317613,0.0,0
site9_107.png_X256_Y256,11.998819094594154,306.9220625330461,0.07593976344412613,0.01835362569869116,0.48161973177133405,34.95894,0.17131433,-0.039956085,0.0,0
site9_125.png_X0_Y0,12.597264962789792,419.4165706999955,0.0878807393661588,0.0160428190271972,0.6676674247537802,3.8640442,0.17128177,-0.15797518,0.0,0
site9_125.png_X256_Y0,12.583905835754441,446.61108861377187,0.07663447644689386,0.015268155926761933,0.5947594631506531,4.8213043,0.16546348,-0.15254173,0.0,0
site9_125.png_X0_Y256,9.988327776029486,396.9781209150484,0.3390043663010117,0.276872347825996,0.940082627676819,3.3307343,0.12542734,-0.115316175,0.0,0
site9_125.png_X256_Y256,11.753043294400804,283.026075292565,0.1255471225565,0.031521463019293865,0.7725691104217722,2.253708,0.170506,-0.16309196,0.0,0
site14_32.png_X0_Y0,11.900134460184232,139.93515432766662,0.16295235274326636,0.020838709765089922,0.9357578564658812,21.014862,0.063246965,0.1335813,0.0,0
site14_32.png_X256_Y0,10.74021483868313,123.74580523416398,0.29889884066674755,0.08842277479715745,0.9711092895263813,5.078842,0.09649496,-0.030103944,0.0,0
site14_32.png_X0_Y256,11.1278161304792,115.6358012843638,0.17650663296005337,0.027580140228308278,0.8183878377421736,27.065521,0.046090595,0.19878215,0.0,0
site14_32.png_X256_Y256,12.09097371300436,166.46124615532824,0.17596522577582344,0.01918806689852947,0.9226818376049046,18.621506,0.08766511,0.07818776,0.0,0
site14_35.png_X0_Y0,6.113193847652457,283.17244027237047,0.6414363121022837,0.32129802436661126,0.9752654354249382,0.08065796,0.090966284,-0.08980444,0.0,0
site14_35.png_X256_Y0,7.123976682557326,18.678693110822806,0.4278827270621182,0.11120925071454359,0.9306494210368808,-0.9437561,0.13520563,-0.13714598,0.0,0
site14_35.png_X0_Y256,8.1007013479378,24.580053149630128,0.3976056734384472,0.08662140983090805,0.9669868691839101,-0.30943298,0.13505895,-0.1353871,0.0,0
site14_35.png_X256_Y256,8.319010210689596,9.903106722774917,0.3979369236951214,0.07749720811181338,0.9373816721543335,-0.44909668,0.13681927,-0.13770217,0.0,0
site14_46.png_X0_Y0,9.430998078597181,176.24858705185488,0.24525171499471624,0.07238701919655625,0.2675918711141612,-4.1199036,0.124782056,-0.13183862,0.0,0
site14_46.png_X256_Y0,9.255256912098229,95.89599413386681,0.2590975742594443,0.0628454814013723,0.35875295514583516,-3.9596863,0.12431559,-0.13102964,0.0,0
site14_46.png_X0_Y256,9.253020058418894,121.56906584907273,0.2820668907355736,0.07103329956878679,0.3369070279699295,-4.56044,0.12617546,-0.13371354,0.0,0
site14_46.png_X256_Y256,9.427202585255444,134.60582457768635,0.27278205599118543,0.06680358260577289,0.31744903948671604,-4.5905457,0.12807804,-0.13557668,0.0,0
site14_63.png_X0_Y0,7.986976114891644,131.05526682946416,0.45389001838784454,0.1255570437532753,0.9799998444610901,-0.7846527,0.12730293,-0.1288268,0.0,0
site14_63.png_X256_Y0,8.060858167013656,10.386661019800101,0.42184761140030724,0.07921364793631373,0.8996380232975594,-1.1846161,0.14518997,-0.14743729,0.0,0
site14_63.png_X0_Y256,9.117890215179475,26.61632893598633,0.34528523404359984,0.05966544868564556,0.9619762837171493,-2.402954,0.14196768,-0.14690208,0.0,0
site14_63.png_X256_Y256,9.166567817405753,47.45542576773465,0.38018605737702443,0.06647478979794313,0.9051377680910878,-2.1375427,0.14577803,-0.14978522,0.0,0
site14_108.png_X0_Y0,9.111657303116,23.896039338836363,0.3473699427448768,0.0537157323121656,0.8849109136403931,-2.5685272,0.15262882,-0.1620226,0.0,0
site14_108.png_X256_Y0,9.891478037252263,31.727331735391175,0.3339835427090186,0.041213831121609756,0.9450402168293914,-3.4088287,0.14725304,-0.1636745,0.0,0
site14_108.png_X0_Y256,9.773890519877309,19.563324247284775,0.32250004288514417,0.04087751780526554,0.9609608413880705,-2.098755,0.13947642,-0.14918557,0.0,0
site14_108.png_X256_Y256,9.501091452880251,168.97225526241698,0.409126745039591,0.06110968602510998,0.9806141356678721,-2.400772,0.13215724,-0.14752623,0.0,0
site14_198.png_X0_Y0,9.831409289917207,28.90426327914765,0.2722203992921351,0.0400699874670179,0.911337837161422,-5.8135223,0.13246512,-0.14898087,0.0,0
site14_198.png_X256_Y0,8.75529042697059,25.840647497356972,0.26372870661831577,0.06141668161452242,0.6856122578516894,-5.7567444,0.13253623,-0.14686698,0.0,0
site14_198.png_X0_Y256,9.156290633477209,39.95061938317029,0.254173705936946,0.0557081454133866,0.7437628732972678,-5.007202,0.13247427,-0.1451826,0.0,0
site14_198.png_X256_Y256,9.62055952177735,50.10023287317433,0.21086931050534036,0.04595538527966318,0.680644501593002,-5.4614716,0.13337381,-0.14837292,0.0,0
site14_216.png_X0_Y0,11.8066269923311,250.83384191178823,0.23503534026452608,0.025626999370750556,0.9462270048331729,-2.138504,0.13203804,-0.13925709,0.0,0
site14_216.png_X256_Y0,10.472318186572263,137.52202585845475,0.26360561716624653,0.03979589442565809,0.9375940835746149,-4.678467,0.13771303,-0.15275843,0.0,0
site14_216.png_X0_Y256,10.13019991994034,66.99609007052723,0.21919776625928541,0.03952303795794164,0.8242887183881524,-5.6328278,0.14185017,-0.15852882,0.0,0
site14_216.png_X256_Y256,9.281173986625003,41.4078521482135,0.28948489369812547,0.05295893741055087,0.8453996061034024,-5.017914,0.13196364,-0.14523877,0.0,0
site14_268.png_X0_Y0,11.345015010540406,498.91938902705385,0.22399773599706038,0.03889160693170234,0.719850682429972,-6.427902,0.13244529,-0.14785305,0.0,0
site14_268.png_X256_Y0,11.750937453104967,598.377915555314,0.21296233392763259,0.03187859953749375,0.7797342297329742,-9.613113,0.1534813,-0.18015628,0.0,0
site14_268.png_X0_Y256,11.559904804788783,649.0695291174114,0.20788896611948043,0.03175992216545252,0.6185151734053951,-5.1092224,0.13674718,-0.14838421,0.0,0
site14_268.png_X256_Y256,11.799239471152896,584.1420933354972,0.19546750838560906,0.027467288847774933,0.6079992981071369,-8.599442,0.14501551,-0.16349748,0.0,0
site15_16.png_X0_Y0,6.5887419940122935,4.013915035683402,0.5709569911697053,0.1380924645254059,0.8834243946133136,3.2393036,0.14843619,-0.14346896,0.0,0
site15_16.png_X256_Y0,6.547888165787247,3.037644535755483,0.6137907088836628,0.15524182682838505,0.9619789684584377,3.402237,0.14629671,-0.141065,0.0,0
site15_16.png_X0_Y256,6.059316487197246,2.478389426542681,0.641785995575245,0.17173364981123332,0.9430210143462184,4.5121307,0.14979091,-0.14279637,0.0,0
site15_16.png_X256_Y256,7.534675828025747,5.26557182033352,0.5814953887184656,0.12378977100103392,0.9814052176340913,5.2418213,0.14902866,-0.14050046,0.0,0
site15_26.png_X0_Y0,8.957777281701704,22.31122083453495,0.42946310103671625,0.07221173346276752,0.9415588216789434,4.8722534,0.13955982,-0.1318002,0.0,0
site15_26.png_X256_Y0,8.907025098268319,13.89989260440695,0.43707510410179234,0.05866282687517589,0.9515274533211375,0.34513855,0.138732,-0.13805565,0.0,0
site15_26.png_X0_Y256,9.931396162461969,47.13801249819808,0.3203183399299827,0.05615266652787658,0.932168513935606,10.329758,0.13892171,-0.12069258,0.0,0
site15_26.png_X256_Y256,9.581753615355566,47.19272719627106,0.29925771477100654,0.05397675599819417,0.7896021504240056,5.03389,0.14312883,-0.13520966,0.0,0
site15_37.png_X0_Y0,10.910527690444855,60.647611540633235,0.26578554140827565,0.03670961178530323,0.9569865615543146,12.153168,0.1384383,-0.115074635,0.0,0
site15_37.png_X256_Y0,10.394986498026235,85.1515154778217,0.2464773857726107,0.04031806007198384,0.7884296349895465,5.316345,0.14141563,-0.13288295,0.0,0
site15_37.png_X0_Y256,12.11809846442278,146.62184220011463,0.2183612023941143,0.026642166948182437,0.9621885915668289,21.404877,0.124576926,-0.07477903,0.0,0
site15_37.png_X256_Y256,9.330322094671095,47.78266824959152,0.3646402473440395,0.07038224539715482,0.8864267073872232,5.113388,0.13958158,-0.13175951,0.0,0
site15_63.png_X0_Y0,7.730362500547996,20.898870746828337,0.3827403603518835,0.10277161028077506,0.7893474512022844,9.277145,0.147784,-0.13318172,0.0,0
site15_63.png_X256_Y0,8.3611413531329,41.38497837370285,0.3699421146173584,0.09077509704406087,0.8899145226214689,11.230606,0.14617936,-0.12776946,0.0,0
site15_63.png_X0_Y256,9.914353950535975,59.13901229394975,0.2627048209650467,0.052276515508023355,0.9005932373554048,11.563721,0.14771596,-0.12811494,0.0,0
site15_63.png_X256_Y256,9.307482054501612,61.935004520497536,0.3127390581258279,0.06311934795660133,0.8348860707896593,11.353973,0.1490331,-0.13100003,0.0,0
site15_71.png_X0_Y0,13.895328269885399,1195.5183400014973,0.08612975101289547,0.010923676389010884,0.6194715623127771,40.988754,0.08295579,0.06387759,0.0,0
site15_71.png_X256_Y0,13.219224838975606,750.2106395827851,0.10533595584639209,0.014408032405963948,0.6139374221375662,44.095657,0.082319215,0.06494624,0.0,0
site15_71.png_X0_Y256,12.980516141010055,561.5597120849036,0.1038615842912893,0.015039150990150504,0.625822608782361,6.4006042,0.20214449,-0.18805039,0.0,0
site15_71.png_X256_Y256,12.974760182459363,540.0549612078495,0.12466972973332473,0.015651831982310918,0.7316345382180602,4.4965363,0.19659033,-0.18798092,0.0,0
site12_113.png_X0_Y0,10.701729621475796,197.6138762284942,0.21237301185686505,0.03456431701683603,0.8781315859087137,-4.500412,0.12270033,-0.13303947,0.0,0
site12_113.png_X256_Y0,11.803160695820104,180.00318598917008,0.23911781881465727,0.025318538844490552,0.9641441954706002,-1.0757294,0.096125245,-0.10339117,0.0,0
site12_113.png_X0_Y256,9.004303031859301,113.08805549548262,0.23685693886616707,0.05466300574320543,0.4513924160574137,-2.8279114,0.12839122,-0.13385963,0.0,0
site12_113.png_X256_Y256,10.494885328869774,70.46049988285799,0.26686817049118333,0.037316944663848564,0.9362573149529598,-0.68144226,0.12948748,-0.12982978,0.0,0
site12_183.png_X0_Y0,9.94210442071348,65.68634410443354,0.22169742182976251,0.04383893353541577,0.8701375811843709,-3.990921,0.12949704,-0.13852404,0.0,0
site12_183.png_X256_Y0,9.694964524976614,57.118051410516884,0.2438863163630597,0.04899965510153474,0.8528513562132555,-4.1359406,0.13073759,-0.13999516,0.0,0
site12_183.png_X0_Y256,10.62451879300307,123.15314863875338,0.15175244321228754,0.033649448264244264,0.8844619884636972,-4.535858,0.12854218,-0.13916981,0.0,0
site12_183.png_X256_Y256,10.396213800348036,113.33462808775991,0.14850435372697915,0.03528355634221545,0.8454754907963574,-4.321945,0.12890205,-0.13904598,0.0,0
site12_197.png_X0_Y0,13.291042628711631,516.3583510849336,0.06944387164935845,0.011391335225348957,0.7758620842911864,44.236023,0.04003782,0.25082156,0.0,0
site12_197.png_X256_Y0,13.684715785163956,626.4026728602165,0.06583725081338397,0.00986215453697614,0.8238136064059582,30.531296,0.07053902,0.13638356,0.0,0
site12_197.png_X0_Y256,12.368459602534056,325.03719090915683,0.09983320032785432,0.01930512103583022,0.7436880369901453,11.45314,0.16019276,-0.11645491,0.0,0
site12_197.png_X256_Y256,12.447857921524815,370.2712427462012,0.10156816373523192,0.019619142253844094,0.7429277480634475,12.931152,0.16304845,-0.11163292,0.0,0
site12_203.png_X0_Y0,10.590973297713418,120.73120068003351,0.13963818960524987,0.033088143295051414,0.8108597893094992,-3.5883636,0.12683047,-0.13480909,0.0,0
site12_203.png_X256_Y0,10.568834468612364,119.09789721802257,0.14016145662784618,0.033325280591352854,0.8134906988425171,-3.705429,0.12688883,-0.13515937,0.0,0
site12_203.png_X0_Y256,13.35019851721021,523.1423647755744,0.11436311541995133,0.01479860937418373,0.9120533538622825,33.15158,0.057581916,0.1398542,0.0,0
site12_203.png_X256_Y256,13.06906630482571,444.44673493968094,0.11514022279024838,0.017239358641194618,0.9196187507334959,26.110138,0.06514374,0.09937036,0.0,0
site17_15.png_X0_Y0,11.95618776701863,223.58670973904685,0.12680443880297637,0.020746330911078383,0.7506108548424537,4.5242767,0.1946159,-0.1819845,0.0,0
site17_15.png_X256_Y0,11.835677019754064,232.4645230500335,0.15690754786743852,0.025678683711651003,0.8122070613074571,3.4733734,0.19051921,-0.18249215,0.0,0
site17_15.png_X0_Y256,12.457408754305169,281.7066207408319,0.12198577924309298,0.016900425601419564,0.8065435313677664,3.6545715,0.18345001,-0.16872571,0.0,0
site17_15.png_X256_Y256,12.592343891212483,317.0054607152377,0.11617506745243575,0.01609298001224757,0.7809937848067892,1.4141846,0.19632581,-0.19079423,0.0,0
site17_37.png_X0_Y0,12.478820797030249,203.00409770281033,0.13413684275111812,0.01640950337852516,0.8900706745543006,1.188736,0.19206198,-0.18183583,0.0,0
site17_37.png_X256_Y0,13.488549768445946,585.1842027705866,0.08156237120272554,0.011365769667256201,0.7764654838718933,44.360596,0.11029391,0.083909206,0.0,0
site17_37.png_X0_Y256,12.244732255711678,168.10567064050176,0.16454746178766896,0.018163162746492198,0.9098312760213154,-3.2706604,0.18546093,-0.18985358,0.0,0
site17_37.png_X256_Y256,13.435558434953935,678.2285255370824,0.07707580662533954,0.011613444300115669,0.6949889749743219,40.101456,0.10741332,0.05663397,0.0,0
site17_81.png_X0_Y0,12.90927171992015,364.52965394923046,0.1255491138322792,0.01444156159270428,0.8751238067211202,1.6292267,0.19601783,-0.19271651,0.0,0
site17_81.png_X256_Y0,13.506350820783595,839.9589742977167,0.12656179432610584,0.013127376689621046,0.8131969444988647,2.144638,0.14069016,-0.13631436,0.0,0
site17_81.png_X0_Y256,12.105671435362815,228.77204622321108,0.13577389062798803,0.01901890864513876,0.7732635097730666,2.6627808,0.19311318,-0.18536317,0.0,0
site17_81.png_X256_Y256,12.649937710172715,527.7627050594216,0.12110220488949171,0.017398368355919885,0.803155046057805,5.605179,0.19720319,-0.17628461,0.0,0
