image_id,image_file,x,y,density,Y_Target,Grid_ID,mask_keep
603,site3_665.png,256,128,0.146484375,1,603_256_128,True
2423,site12_19.png,0,0,0.0,0,2423_0_0,False
3024,site13_8.png,128,256,0.10955810546875,1,3024_128_256,True
493,site3_540.png,512,128,0.0067138671875,0,493_512_128,True
2073,site14_112.png,0,128,0.55859375,2,2073_0_128,True
2563,site12_169.png,256,0,0.0,0,2563_256_0,False
1010,site5_172.png,512,0,0.48822021484375,2,1010_512_0,True
3656,site11_391.png,128,512,0.0,0,3656_128_512,False
3105,site13_118.png,128,128,0.0546875,1,3105_128_128,True
1035,site5_200.png,0,512,0.23876953125,1,1035_0_512,True
2618,site17_29.png,512,256,0.0,0,2618_512_256,False
1936,site9_47.png,512,128,0.355712890625,1,1936_512_128,True
3148,site13_168.png,0,0,1.0,2,3148_0_0,True
1039,site5_204.png,128,256,0.75677490234375,2,1039_128_256,True
3047,site13_47.png,0,256,1.0,2,3047_0_256,True
1764,site6_953.png,384,0,0.0,0,1764_384_0,False
291,site3_321.png,128,512,0.9921875,2,291_128_512,True
4568,site16_512.png,128,256,0.24957275390625,1,4568_128_256,True
3025,site13_16.png,0,512,0.212646484375,1,3025_0_512,True
2182,site14_233.png,256,256,0.508544921875,2,2182_256_256,True
1053,site5_220.png,384,512,0.78546142578125,2,1053_384_512,True
2657,site17_74.png,256,256,0.0447998046875,0,2657_256_256,True
1649,site6_795.png,0,384,0.0,0,1649_0_384,False
2207,site14_264.png,512,256,0.52728271484375,2,2207_512_256,True
270,site3_299.png,256,384,0.0849609375,1,270_256_384,True
1546,site6_659.png,128,512,0.02996826171875,0,1546_128_512,True
1205,site6_198.png,512,512,0.0,0,1205_512_512,False
950,site5_105.png,512,256,0.0,0,950_512_256,False
760,site4_81.png,128,256,0.0,0,760_128_256,False
1597,site6_726.png,128,512,0.0,0,1597_128_512,False
3106,site13_119.png,128,128,0.0,0,3106_128_128,False
3162,site13_186.png,256,384,0.0,0,3162_256_384,False
2441,site12_38.png,128,512,0.10540771484375,1,2441_128_512,True
4376,site16_303.png,384,384,0.248779296875,1,4376_384_384,True
1060,site5_227.png,384,384,0.0389404296875,0,1060_384_384,True
2652,site17_69.png,384,128,0.7265625,2,2652_384_128,True
3070,site13_75.png,128,128,1.0,2,3070_128_128,True
2439,site12_36.png,256,0,0.0,0,2439_256_0,False
1605,site6_743.png,256,384,0.0,0,1605_256_384,False
1003,site5_165.png,0,256,0.02703857421875,0,1003_0_256,True
887,site5_27.png,384,512,0.0,0,887_384_512,False
2119,site14_164.png,384,384,0.0,0,2119_384_384,False
502,site3_549.png,384,256,0.20037841796875,1,502_384_256,True
4542,site16_484.png,256,384,0.6309814453125,2,4542_256_384,True
2365,site15_118.png,256,512,0.0,0,2365_256_512,False
2084,site14_126.png,256,0,1.0,2,2084_256_0,True
2517,site12_120.png,0,384,0.0,0,2517_0_384,False
3756,site11_494.png,0,384,0.0,0,3756_0_384,False
1605,site6_743.png,256,256,0.07373046875,1,1605_256_256,True
1666,site6_820.png,512,256,0.0,0,1666_512_256,False
2926,site8_147.png,128,384,0.02032470703125,0,2926_128_384,True
1546,site6_659.png,512,256,0.0,0,1546_512_256,False
1301,site6_336.png,128,256,0.09332275390625,1,1301_128_256,True
3140,site13_158.png,256,0,0.9168701171875,2,3140_256_0,True
3723,site11_460.png,0,384,0.0,0,3723_0_384,False
2519,site12_122.png,384,128,1.0,2,2519_384_128,True
1926,site9_31.png,256,256,0.635986328125,2,1926_256_256,True
293,site3_323.png,384,128,0.532470703125,2,293_384_128,True
2091,site14_133.png,512,0,0.5257568359375,2,2091_512_0,True
2632,site17_45.png,384,512,0.0,0,2632_384_512,False
3131,site13_148.png,256,512,0.74029541015625,2,3131_256_512,True
2355,site15_107.png,128,512,0.87762451171875,2,2355_128_512,True
1812,site6_1023.png,256,384,0.19091796875,1,1812_256_384,True
387,site3_422.png,256,384,0.0,0,387_256_384,False
3120,site13_136.png,512,384,1.0,2,3120_512_384,True
3289,site2_133.png,256,256,0.0,0,3289_256_256,False
3046,site13_46.png,256,0,1.0,2,3046_256_0,True
1309,site6_344.png,128,512,0.0,0,1309_128_512,False
914,site5_63.png,0,128,0.0,0,914_0_128,False
949,site5_104.png,128,384,0.0,0,949_128_384,False
1024,site5_187.png,256,384,0.3721923828125,1,1024_256_384,True
1931,site9_39.png,512,512,0.439208984375,2,1931_512_512,True
2914,site8_134.png,384,384,0.79949951171875,2,2914_384_384,True
2175,site14_226.png,512,0,0.48809814453125,2,2175_512_0,True
2830,site8_35.png,512,256,1.0,2,2830_512_256,True
2154,site14_203.png,384,0,0.0,0,2154_384_0,False
4637,site16_587.png,128,128,0.6336669921875,2,4637_128_128,True
2657,site17_74.png,384,128,1.0,2,2657_384_128,True
2334,site15_84.png,128,0,0.9725341796875,2,2334_128_0,True
1054,site5_221.png,256,128,0.0,0,1054_256_128,False
389,site3_424.png,512,128,0.0,0,389_512_128,False
1961,site9_81.png,0,256,0.0,0,1961_0_256,False
1083,site5_256.png,512,0,0.0,0,1083_512_0,False
3071,site13_76.png,0,0,0.08135986328125,1,3071_0_0,True
1525,site6_638.png,0,256,0.09259033203125,1,1525_0_256,True
3138,site13_156.png,256,512,0.89263916015625,2,3138_256_512,True
3071,site13_76.png,384,128,1.0,2,3071_384_128,True
548,site3_601.png,0,0,0.8660888671875,2,548_0_0,True
2514,site12_117.png,128,0,0.0,0,2514_128_0,False
2830,site8_35.png,384,256,0.40631103515625,2,2830_384_256,True
3627,site11_361.png,128,384,0.0,0,3627_128_384,False
2612,site17_21.png,512,0,1.0,2,2612_512_0,True
269,site3_298.png,128,256,0.7486572265625,2,269_128_256,True
739,site4_59.png,256,512,0.46484375,2,739_256_512,True
1042,site5_207.png,256,384,1.0,2,1042_256_384,True
1042,site5_207.png,512,512,1.0,2,1042_512_512,True
926,site5_79.png,512,384,0.9591064453125,2,926_512_384,True
4877,site16_877.png,0,256,0.0,0,4877_0_256,False
938,site5_93.png,256,0,0.0,0,938_256_0,False
984,site5_145.png,256,128,1.0,2,984_256_128,True
4703,site16_668.png,384,384,0.02081298828125,0,4703_384_384,True
1308,site6_343.png,256,384,0.99420166015625,2,1308_256_384,True
2354,site15_106.png,384,384,0.91015625,2,2354_384_384,True
3627,site11_361.png,384,0,0.0,0,3627_384_0,False
1520,site6_624.png,128,256,0.0,0,1520_128_256,False
2517,site12_120.png,128,0,0.0,0,2517_128_0,False
1002,site5_164.png,256,256,0.0,0,1002_256_256,False
524,site3_574.png,512,384,0.18499755859375,1,524_512_384,True
1605,site6_743.png,384,128,0.0,0,1605_384_128,False
2208,site14_265.png,256,256,0.00396728515625,0,2208_256_256,True
2657,site17_74.png,128,128,0.0,0,2657_128_128,False
2272,site14_356.png,512,384,0.0,0,2272_512_384,False
2218,site14_275.png,384,512,0.0,0,2218_384_512,False
609,site3_671.png,512,0,0.0,0,609_512_0,False
2630,site17_43.png,512,256,0.0,0,2630_512_256,False
2539,site12_143.png,128,256,0.0,0,2539_128_256,False
3724,site11_461.png,256,0,0.38916015625,1,3724_256_0,True
1524,site6_637.png,512,256,0.38134765625,1,1524_512_256,True
2436,site12_33.png,128,128,0.27081298828125,1,2436_128_128,True
2935,site8_157.png,512,128,0.42340087890625,2,2935_512_128,True
45,site3_56.png,128,512,0.04583740234375,0,45_128_512,True
2504,site12_106.png,384,512,1.0,2,2504_384_512,True
1931,site9_39.png,256,0,1.0,2,1931_256_0,True
387,site3_422.png,128,256,0.0,0,387_128_256,False
2611,site17_20.png,384,512,0.01092529296875,0,2611_384_512,True
1786,site6_985.png,384,0,1.0,2,1786_384_0,True
2403,site15_164.png,128,128,0.0,0,2403_128_128,False
2225,site14_286.png,512,256,0.09991455078125,1,2225_512_256,True
987,site5_148.png,512,512,0.0,0,987_512_512,False
775,site4_97.png,0,384,0.025390625,0,775_0_384,True
2143,site14_189.png,384,0,0.07952880859375,1,2143_384_0,True
1051,site5_218.png,0,384,0.0,0,1051_0_384,False
2446,site12_43.png,256,512,1.0,2,2446_256_512,True
2073,site14_112.png,0,384,0.0,0,2073_0_384,False
3028,site13_24.png,512,384,0.0,0,3028_512_384,False
2237,site14_298.png,512,0,0.0,0,2237_512_0,False
2439,site12_36.png,512,0,0.0,0,2439_512_0,False
2934,site8_156.png,128,384,1.0,2,2934_128_384,True
847,site4_174.png,128,256,0.0,0,847_128_256,False
2493,site12_94.png,0,512,1.0,2,2493_0_512,True
1586,site6_715.png,512,128,0.0,0,1586_512_128,False
3072,site13_77.png,128,0,0.041015625,0,3072_128_0,True
2154,site14_203.png,384,512,0.0,0,2154_384_512,False
3686,site11_422.png,384,0,0.0,0,3686_384_0,False
4637,site16_587.png,128,384,0.0494384765625,0,4637_128_384,True
3228,site2_63.png,128,384,0.04229736328125,0,3228_128_384,True
847,site4_174.png,512,0,0.0018310546875,0,847_512_0,True
519,site3_569.png,128,512,0.0,0,519_128_512,False
2057,site14_93.png,128,384,0.52288818359375,2,2057_128_384,True
270,site3_299.png,0,128,0.0147705078125,0,270_0_128,True
4722,site16_690.png,256,0,0.0,0,4722_256_0,False
3030,site13_26.png,0,256,0.0,0,3030_0_256,False
503,site3_550.png,128,128,0.0347900390625,0,503_128_128,True
832,site4_158.png,256,512,0.0,0,832_256_512,False
758,site4_79.png,256,384,0.992919921875,2,758_256_384,True
3163,site13_187.png,0,256,0.0,0,3163_0_256,False
2494,site12_95.png,128,512,0.0,0,2494_128_512,False
497,site3_544.png,0,0,0.0,0,497_0_0,False
2176,site14_227.png,128,0,0.2021484375,1,2176_128_0,True
2441,site12_38.png,256,256,0.484619140625,2,2441_256_256,True
2074,site14_113.png,128,0,0.4666748046875,2,2074_128_0,True
94,site3_112.png,384,512,0.5931396484375,2,94_384_512,True
3658,site11_393.png,0,384,0.44189453125,2,3658_0_384,True
1939,site9_50.png,512,512,1.0,2,1939_512_512,True
1083,site5_256.png,128,0,0.09442138671875,1,1083_128_0,True
1880,site6_1140.png,128,512,0.1055908203125,1,1880_128_512,True
2117,site14_162.png,0,128,0.0,0,2117_0_128,False
3051,site13_53.png,128,256,0.544921875,2,3051_128_256,True
2674,site7_6.png,128,256,0.4481201171875,2,2674_128_256,True
3140,site13_158.png,128,512,1.0,2,3140_128_512,True
3753,site11_491.png,128,128,0.0,0,3753_128_128,False
3690,site11_426.png,384,256,0.43475341796875,2,3690_384_256,True
952,site5_109.png,512,256,0.95123291015625,2,952_512_256,True
1923,site9_28.png,0,0,0.0,0,1923_0_0,False
1791,site6_990.png,0,0,1.0,2,1791_0_0,True
2033,site14_67.png,384,128,0.02960205078125,0,2033_384_128,True
1227,site6_231.png,384,512,0.38665771484375,1,1227_384_512,True
2498,site12_100.png,384,384,0.0,0,2498_384_384,False
2945,site8_168.png,128,512,0.87554931640625,2,2945_128_512,True
2486,site12_87.png,0,256,1.0,2,2486_0_256,True
2979,site8_206.png,128,0,0.3306884765625,1,2979_128_0,True
993,site5_154.png,0,512,1.0,2,993_0_512,True
1543,site6_656.png,128,384,0.0,0,1543_128_384,False
2478,site12_78.png,256,128,1.0,2,2478_256_128,True
1027,site5_190.png,256,512,1.0,2,1027_256_512,True
2479,site12_79.png,384,128,1.0,2,2479_384_128,True
3753,site11_491.png,0,384,0.0,0,3753_0_384,False
1205,site6_198.png,256,128,0.0,0,1205_256_128,False
3143,site13_163.png,256,256,0.5672607421875,2,3143_256_256,True
3164,site13_188.png,256,256,0.0,0,3164_256_256,False
2847,site8_57.png,256,128,0.0,0,2847_256_128,False
3141,site13_159.png,0,384,0.99365234375,2,3141_0_384,True
2234,site14_295.png,0,256,0.0,0,2234_0_256,False
3209,site2_37.png,384,512,0.06536865234375,1,3209_384_512,True
2730,site1_45.png,0,0,0.20172119140625,1,2730_0_0,True
2499,site12_101.png,384,512,0.457275390625,2,2499_384_512,True
3060,site13_64.png,0,384,0.5853271484375,2,3060_0_384,True
358,site3_391.png,128,128,0.0,0,358_128_128,False
2124,site14_169.png,0,256,0.0,0,2124_0_256,False
3690,site11_426.png,384,0,0.0,0,3690_384_0,False
2258,site14_335.png,256,256,0.0,0,2258_256_256,False
3231,site2_66.png,512,512,0.0,0,3231_512_512,False
3034,site13_32.png,384,384,0.22955322265625,1,3034_384_384,True
2521,site12_124.png,256,512,0.0,0,2521_256_512,False
4969,site16_1004.png,384,128,0.0,0,4969_384_128,False
2740,site1_56.png,512,0,0.0,0,2740_512_0,False
415,site3_453.png,384,0,0.0291748046875,0,415_384_0,True
3026,site13_17.png,384,128,0.10528564453125,1,3026_384_128,True
4769,site16_746.png,384,256,0.0,0,4769_384_256,False
3022,site13_6.png,512,128,0.0,0,3022_512_128,False
3096,site13_107.png,512,0,0.0,0,3096_512_0,False
1229,site6_233.png,0,256,0.0,0,1229_0_256,False
4726,site16_694.png,384,256,0.0,0,4726_384_256,False
3157,site13_179.png,512,0,0.0,0,3157_512_0,False
3719,site11_456.png,384,128,0.0,0,3719_384_128,False
839,site4_166.png,256,384,0.0,0,839_256_384,False
2486,site12_87.png,256,0,1.0,2,2486_256_0,True
923,site5_76.png,384,0,0.0,0,923_384_0,False
1728,site6_899.png,512,384,0.0,0,1728_512_384,False
3163,site13_187.png,512,512,0.0,0,3163_512_512,False
3726,site11_463.png,256,384,0.0,0,3726_256_384,False
1762,site6_951.png,0,0,1.0,2,1762_0_0,True
1786,site6_985.png,256,128,1.0,2,1786_256_128,True
1299,site6_334.png,512,128,0.57904052734375,2,1299_512_128,True
1931,site9_39.png,256,256,0.0,0,1931_256_256,False
270,site3_299.png,128,128,0.0,0,270_128_128,False
760,site4_81.png,0,256,0.0,0,760_0_256,False
887,site5_27.png,0,512,0.1219482421875,1,887_0_512,True
263,site3_292.png,384,128,0.0,0,263_384_128,False
2486,site12_87.png,128,512,1.0,2,2486_128_512,True
2564,site12_170.png,256,512,1.0,2,2564_256_512,True
528,site3_578.png,512,512,0.0,0,528_512_512,False
2204,site14_258.png,128,384,0.0,0,2204_128_384,False
558,site3_611.png,0,256,0.025390625,0,558_0_256,True
2620,site17_31.png,512,256,0.2054443359375,1,2620_512_256,True
1939,site9_50.png,512,256,1.0,2,1939_512_256,True
3161,site13_185.png,0,384,0.0,0,3161_0_384,False
2144,site14_190.png,384,512,0.0,0,2144_384_512,False
2092,site14_134.png,128,128,0.0,0,2092_128_128,False
2087,site14_129.png,384,384,0.0,0,2087_384_384,False
2935,site8_157.png,128,384,0.5947265625,2,2935_128_384,True
1215,site6_208.png,256,256,0.0,0,1215_256_256,False
3787,site11_526.png,128,256,0.0,0,3787_128_256,False
978,site5_137.png,384,512,0.99530029296875,2,978_384_512,True
850,site4_177.png,384,128,0.0,0,850_384_128,False
928,site5_81.png,512,512,0.0,0,928_512_512,False
2366,site15_119.png,0,0,0.1378173828125,1,2366_0_0,True
832,site4_158.png,128,0,0.0,0,832_128_0,False
997,site5_158.png,384,512,0.828125,2,997_384_512,True
3790,site11_529.png,256,256,0.0,0,3790_256_256,False
2672,site7_3.png,0,256,0.0,0,2672_0_256,False
1736,site6_915.png,512,0,0.0,0,1736_512_0,False
2499,site12_101.png,128,256,0.10272216796875,1,2499_128_256,True
4748,site16_720.png,256,384,0.0,0,4748_256_384,False
389,site3_424.png,384,256,0.0,0,389_384_256,False
2342,site15_93.png,256,512,0.0,0,2342_256_512,False
2371,site15_126.png,512,0,0.95758056640625,2,2371_512_0,True
2441,site12_38.png,384,384,0.0029296875,0,2441_384_384,True
2945,site8_168.png,128,0,0.0,0,2945_128_0,False
3104,site13_117.png,384,384,0.9951171875,2,3104_384_384,True
3721,site11_458.png,0,256,0.0,0,3721_0_256,False
949,site5_104.png,0,128,0.0,0,949_0_128,False
3263,site2_104.png,384,512,0.0,0,3263_384_512,False
3165,site13_189.png,0,128,0.0,0,3165_0_128,False
2521,site12_124.png,512,256,1.0,2,2521_512_256,True
2578,site12_186.png,512,0,1.0,2,2578_512_0,True
4469,site16_407.png,256,128,0.06439208984375,1,4469_256_128,True
2478,site12_78.png,384,512,1.0,2,2478_384_512,True
123,site3_144.png,0,512,0.0,0,123_0_512,False
3289,site2_133.png,256,128,0.0,0,3289_256_128,False
4769,site16_746.png,384,512,0.01605224609375,0,4769_384_512,True
1189,site6_171.png,0,512,0.0,0,1189_0_512,False
3288,site2_132.png,0,384,0.16229248046875,1,3288_0_384,True
2036,site14_70.png,512,384,0.0,0,2036_512_384,False
584,site3_642.png,128,256,0.0,0,584_128_256,False
3045,site13_45.png,128,256,0.45989990234375,2,3045_128_256,True
2163,site14_212.png,0,384,0.08258056640625,1,2163_0_384,True
4542,site16_484.png,0,384,0.0,0,4542_0_384,False
3723,site11_460.png,128,128,0.0,0,3723_128_128,False
3105,site13_118.png,0,512,0.8250732421875,2,3105_0_512,True
4748,site16_720.png,0,128,0.59283447265625,2,4748_0_128,True
3059,site13_63.png,384,128,0.00408935546875,0,3059_384_128,True
3692,site11_428.png,512,0,0.0,0,3692_512_0,False
2190,site14_244.png,0,512,0.0,0,2190_0_512,False
329,site3_361.png,128,512,0.0,0,329_128_512,False
1075,site5_244.png,512,128,0.0,0,1075_512_128,False
2613,site17_22.png,256,384,0.0,0,2613_256_384,False
522,site3_572.png,256,256,0.0,0,522_256_256,False
3083,site13_92.png,0,512,0.72021484375,2,3083_0_512,True
1003,site5_165.png,384,256,0.1844482421875,1,1003_384_256,True
2629,site17_42.png,128,0,0.5972900390625,2,2629_128_0,True
2447,site12_44.png,0,128,0.75439453125,2,2447_0_128,True
3083,site13_92.png,256,128,1.0,2,3083_256_128,True
2563,site12_169.png,0,256,0.0,0,2563_0_256,False
1067,site5_236.png,0,512,0.0,0,1067_0_512,False
4543,site16_485.png,0,256,0.060546875,1,4543_0_256,True
1032,site5_195.png,256,128,1.0,2,1032_256_128,True
532,site3_582.png,0,384,0.0,0,532_0_384,False
94,site3_112.png,0,0,0.0,0,94_0_0,False
1024,site5_187.png,512,128,0.0,0,1024_512_128,False
2689,site10_28.png,512,128,0.0,0,2689_512_128,False
1932,site9_40.png,256,128,0.0,0,1932_256_128,False
2159,site14_208.png,512,256,0.0,0,2159_512_256,False
1778,site6_967.png,128,0,0.0,0,1778_128_0,False
2140,site14_186.png,0,128,0.78900146484375,2,2140_0_128,True
2729,site1_44.png,384,0,0.0,0,2729_384_0,False
181,site3_206.png,256,128,0.0,0,181_256_128,False
549,site3_602.png,256,256,0.0,0,549_256_256,False
386,site3_421.png,0,384,0.0,0,386_0_384,False
2831,site8_36.png,0,512,1.0,2,2831_0_512,True
1598,site6_727.png,0,384,0.217041015625,1,1598_0_384,True
3060,site13_64.png,384,256,0.862060546875,2,3060_384_256,True
3042,site13_42.png,384,0,0.7288818359375,2,3042_384_0,True
1031,site5_194.png,256,0,0.0,0,1031_256_0,False
4750,site16_722.png,384,0,0.0,0,4750_384_0,False
319,site3_351.png,512,384,0.12664794921875,1,319_512_384,True
2233,site14_294.png,256,512,0.30487060546875,1,2233_256_512,True
2723,site1_37.png,128,256,0.0,0,2723_128_256,False
990,site5_151.png,0,128,0.091552734375,1,990_0_128,True
2445,site12_42.png,256,256,1.0,2,2445_256_256,True
497,site3_544.png,256,384,0.0,0,497_256_384,False
3657,site11_392.png,128,256,0.0,0,3657_128_256,False
3006,site8_236.png,128,128,0.0,0,3006_128_128,False
2341,site15_92.png,384,128,0.90179443359375,2,2341_384_128,True
1940,site9_51.png,0,0,0.96844482421875,2,1940_0_0,True
3241,site2_78.png,512,128,0.472412109375,2,3241_512_128,True
1949,site9_63.png,128,128,1.0,2,1949_128_128,True
3059,site13_63.png,256,512,0.91400146484375,2,3059_256_512,True
1917,site9_18.png,512,512,0.7030029296875,2,1917_512_512,True
1923,site9_28.png,128,0,0.43414306640625,2,1923_128_0,True
1026,site5_189.png,128,0,1.0,2,1026_128_0,True
2157,site14_206.png,128,128,0.55340576171875,2,2157_128_128,True
502,site3_549.png,512,256,0.0,0,502_512_256,False
1129,site6_84.png,0,256,0.0,0,1129_0_256,False
2237,site14_298.png,384,256,0.0,0,2237_384_256,False
1932,site9_40.png,0,512,0.49664306640625,2,1932_0_512,True
2471,site12_71.png,128,0,1.0,2,2471_128_0,True
2154,site14_203.png,384,256,0.4224853515625,2,2154_384_256,True
2726,site1_41.png,512,0,0.0,0,2726_512_0,False
1084,site5_257.png,0,512,0.0,0,1084_0_512,False
1791,site6_990.png,128,0,1.0,2,1791_128_0,True
3052,site13_54.png,0,256,0.0,0,3052_0_256,False
408,site3_446.png,0,384,0.3687744140625,1,408_0_384,True
3141,site13_159.png,0,0,0.4117431640625,2,3141_0_0,True
3166,site13_192.png,128,128,0.63262939453125,2,3166_128_128,True
2726,site1_41.png,256,256,0.22186279296875,1,2726_256_256,True
522,site3_572.png,512,128,0.0,0,522_512_128,False
293,site3_323.png,512,128,0.23626708984375,1,293_512_128,True
833,site4_159.png,128,128,0.0,0,833_128_128,False
1228,site6_232.png,384,384,0.93328857421875,2,1228_384_384,True
3083,site13_92.png,128,128,1.0,2,3083_128_128,True
557,site3_610.png,384,0,0.29931640625,1,557_384_0,True
1597,site6_726.png,384,0,0.84576416015625,2,1597_384_0,True
3102,site13_115.png,256,384,0.0,0,3102_256_384,False
4728,site16_696.png,128,512,0.0,0,4728_128_512,False
3209,site2_37.png,128,384,0.56878662109375,2,3209_128_384,True
3163,site13_187.png,256,256,0.04266357421875,0,3163_256_256,True
1941,site9_52.png,512,128,1.0,2,1941_512_128,True
2234,site14_295.png,512,512,0.1080322265625,1,2234_512_512,True
3086,site13_95.png,0,384,1.0,2,3086_0_384,True
2163,site14_212.png,0,0,0.0123291015625,0,2163_0_0,True
2764,site1_84.png,384,384,0.19073486328125,1,2764_384_384,True
1737,site6_916.png,128,384,0.02764892578125,0,1737_128_384,True
2436,site12_33.png,0,0,0.604736328125,2,2436_0_0,True
2374,site15_129.png,0,128,1.0,2,2374_0_128,True
386,site3_421.png,128,512,0.0,0,386_128_512,False
1779,site6_968.png,256,256,0.0,0,1779_256_256,False
2365,site15_118.png,128,0,0.98431396484375,2,2365_128_0,True
938,site5_93.png,256,256,0.0,0,938_256_256,False
1026,site5_189.png,256,512,1.0,2,1026_256_512,True
900,site5_45.png,256,256,0.114013671875,1,900_256_256,True
2718,site1_32.png,256,128,0.0,0,2718_256_128,False
4875,site16_875.png,256,256,0.0,0,4875_256_256,False
2421,site12_17.png,0,0,0.0,0,2421_0_0,False
2831,site8_36.png,384,512,1.0,2,2831_384_512,True
2470,site12_70.png,256,512,0.36395263671875,1,2470_256_512,True
2970,site8_196.png,0,512,0.28192138671875,1,2970_0_512,True
756,site4_77.png,512,128,1.0,2,756_512_128,True
2117,site14_162.png,256,128,0.4638671875,2,2117_256_128,True
3131,site13_148.png,384,384,0.92578125,2,3131_384_384,True
3229,site2_64.png,128,0,0.0,0,3229_128_0,False
891,site5_31.png,512,128,0.0,0,891_512_128,False
1044,site5_209.png,256,256,1.0,2,1044_256_256,True
2220,site14_277.png,0,128,0.16424560546875,1,2220_0_128,True
3113,site13_128.png,128,384,0.9476318359375,2,3113_128_384,True
1075,site5_244.png,128,384,0.0,0,1075_128_384,False
760,site4_81.png,128,384,0.0,0,760_128_384,False
2083,site14_125.png,0,128,0.72222900390625,2,2083_0_128,True
2105,site14_149.png,384,384,0.2469482421875,1,2105_384_384,True
2524,site12_127.png,384,0,0.14697265625,1,2524_384_0,True
2354,site15_106.png,384,0,0.0,0,2354_384_0,False
4493,site16_433.png,384,128,0.0,0,4493_384_128,False
497,site3_544.png,128,0,0.0,0,497_128_0,False
941,site5_96.png,384,384,0.0,0,941_384_384,False
2935,site8_157.png,0,384,1.0,2,2935_0_384,True
949,site5_104.png,512,256,0.0,0,949_512_256,False
2365,site15_118.png,512,128,1.0,2,2365_512_128,True
2099,site14_143.png,256,0,0.0,0,2099_256_0,False
1954,site9_71.png,384,0,1.0,2,1954_384_0,True
3104,site13_117.png,0,256,0.678466796875,2,3104_0_256,True
1037,site5_202.png,384,128,0.0,0,1037_384_128,False
2437,site12_34.png,384,0,0.3515625,1,2437_384_0,True
1956,site9_73.png,128,0,0.7589111328125,2,1956_128_0,True
928,site5_81.png,512,128,0.0,0,928_512_128,False
2059,site14_95.png,0,256,0.0,0,2059_0_256,False
2336,site15_86.png,512,256,0.0,0,2336_512_256,False
4703,site16_668.png,512,0,0.0,0,4703_512_0,False
3135,site13_153.png,128,128,0.0047607421875,0,3135_128_128,True
4377,site16_304.png,128,512,0.0,0,4377_128_512,False
2445,site12_42.png,0,256,0.891357421875,2,2445_0_256,True
3103,site13_116.png,384,384,0.0,0,3103_384_384,False
2602,site17_9.png,128,256,1.0,2,2602_128_256,True
3240,site2_77.png,0,256,0.0,0,3240_0_256,False
3263,site2_104.png,128,128,0.0,0,3263_128_128,False
473,site3_517.png,512,256,0.0,0,473_512_256,False
1760,site6_949.png,512,0,1.0,2,1760_512_0,True
1036,site5_201.png,128,128,0.4661865234375,2,1036_128_128,True
2830,site8_35.png,128,512,0.0,0,2830_128_512,False
408,site3_446.png,384,0,0.0,0,408_384_0,False
1096,site5_277.png,384,128,0.75555419921875,2,1096_384_128,True
2476,site12_76.png,384,128,0.0,0,2476_384_128,False
3118,site13_134.png,128,512,0.1064453125,1,3118_128_512,True
849,site4_176.png,0,0,0.0,0,849_0_0,False
2186,site14_237.png,0,512,0.0,0,2186_0_512,False
1880,site6_1140.png,512,0,0.0,0,1880_512_0,False
3051,site13_53.png,0,128,0.44769287109375,2,3051_0_128,True
2374,site15_129.png,384,512,0.853515625,2,2374_384_512,True
524,site3_574.png,0,256,0.0,0,524_0_256,False
2442,site12_39.png,512,384,1.0,2,2442_512_384,True
1027,site5_190.png,128,128,1.0,2,1027_128_128,True
3252,site2_91.png,512,512,0.0,0,3252_512_512,False
1788,site6_987.png,128,0,1.0,2,1788_128_0,True
2615,site17_24.png,256,384,0.0,0,2615_256_384,False
968,site5_127.png,384,384,1.0,2,968_384_384,True
2092,site14_134.png,384,512,0.0,0,2092_384_512,False
2915,site8_135.png,0,512,0.0,0,2915_0_512,False
2179,site14_230.png,0,0,0.0,0,2179_0_0,False
2086,site14_128.png,0,128,0.039794921875,0,2086_0_128,True
4591,site16_537.png,512,384,0.0,0,4591_512_384,False
3174,site13_202.png,256,512,0.0,0,3174_256_512,False
3105,site13_118.png,128,256,0.5965576171875,2,3105_128_256,True
2176,site14_227.png,0,0,0.16680908203125,1,2176_0_0,True
3071,site13_76.png,256,0,1.0,2,3071_256_0,True
1309,site6_344.png,384,512,0.0,0,1309_384_512,False
350,site3_383.png,256,384,0.045654296875,0,350_256_384,True
941,site5_96.png,512,384,0.0,0,941_512_384,False
4638,site16_588.png,512,128,0.0718994140625,1,4638_512_128,True
2620,site17_31.png,256,256,0.6605224609375,2,2620_256_256,True
792,site4_115.png,384,384,0.0,0,792_384_384,False
2612,site17_21.png,256,128,0.99871826171875,2,2612_256_128,True
2934,site8_156.png,384,256,1.0,2,2934_384_256,True
3657,site11_392.png,256,0,0.82159423828125,2,3657_256_0,True
2174,site14_225.png,128,512,0.0,0,2174_128_512,False
2504,site12_106.png,0,384,0.0,0,2504_0_384,False
549,site3_602.png,128,512,0.0,0,549_128_512,False
1073,site5_242.png,128,384,0.0,0,1073_128_384,False
1042,site5_207.png,128,128,1.0,2,1042_128_128,True
2926,site8_147.png,128,512,0.0,0,2926_128_512,False
2057,site14_93.png,128,256,0.0,0,2057_128_256,False
987,site5_148.png,128,384,0.0,0,987_128_384,False
3719,site11_456.png,0,0,0.0,0,3719_0_0,False
2219,site14_276.png,128,128,0.0,0,2219_128_128,False
521,site3_571.png,256,256,0.0,0,521_256_256,False
2463,site12_61.png,512,0,0.63922119140625,2,2463_512_0,True
1520,site6_624.png,128,128,0.0,0,1520_128_128,False
1042,site5_207.png,128,256,1.0,2,1042_128_256,True
1666,site6_820.png,0,128,0.0,0,1666_0_128,False
3132,site13_149.png,128,0,0.0,0,3132_128_0,False
888,site5_28.png,384,384,0.0,0,888_384_384,False
3037,site13_35.png,384,128,0.0,0,3037_384_128,False
3289,site2_133.png,512,0,0.0,0,3289_512_0,False
2964,site8_189.png,512,128,0.0,0,2964_512_128,False
2647,site17_62.png,128,256,0.0,0,2647_128_256,False
2163,site14_212.png,256,256,0.85455322265625,2,2163_256_256,True
2632,site17_45.png,128,0,0.9185791015625,2,2632_128_0,True
4764,site16_741.png,384,0,0.0,0,4764_384_0,False
2457,site12_55.png,384,512,1.0,2,2457_384_512,True
2913,site8_133.png,384,256,0.72125244140625,2,2913_384_256,True
359,site3_392.png,384,0,0.0,0,359_384_0,False
3626,site11_360.png,512,128,0.0,0,3626_512_128,False
2563,site12_169.png,128,0,0.0,0,2563_128_0,False
2638,site17_53.png,256,0,0.635986328125,2,2638_256_0,True
1957,site9_74.png,256,0,1.0,2,1957_256_0,True
3655,site11_390.png,256,384,0.896728515625,2,3655_256_384,True
3018,site8_254.png,384,384,1.0,2,3018_384_384,True
2460,site12_58.png,384,256,0.8798828125,2,2460_384_256,True
2154,site14_203.png,512,256,0.03985595703125,0,2154_512_256,True
1785,site6_984.png,512,512,0.0,0,1785_512_512,False
292,site3_322.png,512,0,0.25677490234375,1,292_512_0,True
1957,site9_74.png,384,512,0.0,0,1957_384_512,False
2764,site1_84.png,512,128,0.0,0,2764_512_128,False
2220,site14_277.png,384,384,1.0,2,2220_384_384,True
502,site3_549.png,384,0,0.0,0,502_384_0,False
2484,site12_85.png,384,256,0.56793212890625,2,2484_384_256,True
603,site3_665.png,256,256,0.0,0,603_256_256,False
4877,site16_877.png,0,512,0.0,0,4877_0_512,False
269,site3_298.png,512,512,0.119140625,1,269_512_512,True
2207,site14_264.png,128,384,0.0,0,2207_128_384,False
2050,site14_86.png,0,512,0.0,0,2050_0_512,False
983,site5_142.png,256,128,0.0,0,983_256_128,False
1956,site9_73.png,512,256,0.06573486328125,1,1956_512_256,True
1129,site6_84.png,512,512,0.0,0,1129_512_512,False
739,site4_59.png,256,384,0.0,0,739_256_384,False
2374,site15_129.png,128,512,0.254150390625,1,2374_128_512,True
556,site3_609.png,0,256,0.0,0,556_0_256,False
4751,site16_723.png,128,512,0.0,0,4751_128_512,False
850,site4_177.png,0,256,0.0,0,850_0_256,False
3053,site13_55.png,128,384,0.0,0,3053_128_384,False
2733,site1_48.png,512,0,0.0,0,2733_512_0,False
773,site4_95.png,256,256,1.0,2,773_256_256,True
2198,site14_252.png,128,512,0.0,0,2198_128_512,False
1036,site5_201.png,384,0,0.0,0,1036_384_0,False
1913,site9_7.png,384,512,0.98931884765625,2,1913_384_512,True
4377,site16_304.png,0,384,0.6026611328125,2,4377_0_384,True
1778,site6_967.png,512,384,0.033203125,0,1778_512_384,True
2565,site12_171.png,0,512,1.0,2,2565_0_512,True
1880,site6_1140.png,256,256,0.0,0,1880_256_256,False
3022,site13_6.png,128,256,0.0,0,3022_128_256,False
2616,site17_25.png,128,128,0.91510009765625,2,2616_128_128,True
3011,site8_244.png,256,0,0.927490234375,2,3011_256_0,True
1035,site5_200.png,256,128,1.0,2,1035_256_128,True
2765,site1_85.png,128,384,1.0,2,2765_128_384,True
3130,site13_147.png,512,128,1.0,2,3130_512_128,True
3117,site13_133.png,128,0,0.73944091796875,2,3117_128_0,True
3138,site13_156.png,512,384,1.0,2,3138_512_384,True
2692,site10_51.png,256,512,1.0,2,2692_256_512,True
3100,site13_113.png,384,0,1.0,2,3100_384_0,True
2234,site14_295.png,512,128,0.0,0,2234_512_128,False
2539,site12_143.png,0,256,0.0,0,2539_0_256,False
1572,site6_693.png,256,384,0.0,0,1572_256_384,False
3721,site11_458.png,384,512,0.0,0,3721_384_512,False
1067,site5_236.png,128,384,0.0,0,1067_128_384,False
2528,site12_132.png,384,0,0.62835693359375,2,2528_384_0,True
978,site5_137.png,512,0,0.78253173828125,2,978_512_0,True
526,site3_576.png,384,384,0.0,0,526_384_384,False
3288,site2_132.png,128,0,0.0,0,3288_128_0,False
609,site3_671.png,512,512,0.0,0,609_512_512,False
3116,site13_132.png,256,256,0.5450439453125,2,3116_256_256,True
937,site5_92.png,512,128,0.0606689453125,1,937_512_128,True
1598,site6_727.png,384,384,0.00164794921875,0,1598_384_384,True
3142,site13_162.png,512,256,0.0,0,3142_512_256,False
2970,site8_196.png,256,128,0.0,0,2970_256_128,False
2444,site12_41.png,256,128,1.0,2,2444_256_128,True
3103,site13_116.png,512,512,0.0,0,3103_512_512,False
916,site5_65.png,0,128,0.5731201171875,2,916_0_128,True
2925,site8_146.png,384,256,0.4334716796875,2,2925_384_256,True
1950,site9_64.png,0,256,0.0,0,1950_0_256,False
1762,site6_951.png,384,0,0.6453857421875,2,1762_384_0,True
1492,site6_588.png,0,512,0.0,0,1492_0_512,False
2641,site17_56.png,0,384,0.966552734375,2,2641_0_384,True
2913,site8_133.png,128,0,0.0,0,2913_128_0,False
3033,site13_31.png,384,512,0.0,0,3033_384_512,False
968,site5_127.png,384,512,1.0,2,968_384_512,True
3623,site11_357.png,256,384,0.0,0,3623_256_384,False
2192,site14_246.png,0,384,0.36572265625,1,2192_0_384,True
502,site3_549.png,512,512,0.0,0,502_512_512,False
759,site4_80.png,512,256,0.0,0,759_512_256,False
2220,site14_277.png,256,0,0.11785888671875,1,2220_256_0,True
1026,site5_189.png,256,0,1.0,2,1026_256_0,True
1503,site6_607.png,512,384,0.03082275390625,0,1503_512_384,True
352,site3_385.png,128,0,0.0,0,352_128_0,False
1032,site5_195.png,384,256,0.7464599609375,2,1032_384_256,True
1005,site5_167.png,0,384,0.0,0,1005_0_384,False
847,site4_174.png,0,512,0.0,0,847_0_512,False
2730,site1_45.png,256,128,0.82220458984375,2,2730_256_128,True
1940,site9_51.png,512,256,1.0,2,1940_512_256,True
3078,site13_85.png,384,128,0.0,0,3078_384_128,False
3061,site13_65.png,0,128,0.0,0,3061_0_128,False
3078,site13_85.png,512,512,0.0,0,3078_512_512,False
2083,site14_125.png,0,256,0.76715087890625,2,2083_0_256,True
1503,site6_607.png,256,256,0.0,0,1503_256_256,False
2493,site12_94.png,0,128,1.0,2,2493_0_128,True
2528,site12_132.png,384,256,0.0,0,2528_384_256,False
1714,site6_885.png,128,256,0.0,0,1714_128_256,False
4518,site16_459.png,512,512,0.0,0,4518_512_512,False
1022,site5_185.png,512,0,0.7113037109375,2,1022_512_0,True
1912,site9_6.png,384,512,0.33917236328125,1,1912_384_512,True
2258,site14_335.png,128,384,0.0,0,2258_128_384,False
630,site3_697.png,128,128,0.0,0,630_128_128,False
887,site5_27.png,0,256,0.1021728515625,1,887_0_256,True
4856,site16_851.png,384,0,0.0,0,4856_384_0,False
557,site3_610.png,128,128,0.0,0,557_128_128,False
3141,site13_159.png,128,256,0.0,0,3141_128_256,False
932,site5_85.png,256,512,0.0,0,932_256_512,False
4764,site16_741.png,128,384,0.0,0,4764_128_384,False
1913,site9_7.png,0,256,0.4208984375,2,1913_0_256,True
2460,site12_58.png,512,128,1.0,2,2460_512_128,True
2084,site14_126.png,256,512,0.0,0,2084_256_512,False
1912,site9_6.png,256,256,0.0,0,1912_256_256,False
914,site5_63.png,256,384,1.0,2,914_256_384,True
1015,site5_177.png,384,512,0.9990234375,2,1015_384_512,True
2839,site8_47.png,256,0,1.0,2,2839_256_0,True
2616,site17_25.png,128,384,0.00457763671875,0,2616_128_384,True
3029,site13_25.png,128,512,0.0,0,3029_128_512,False
2665,site17_85.png,256,0,0.0,0,2665_256_0,False
2439,site12_36.png,384,512,0.1005859375,1,2439_384_512,True
4677,site16_638.png,512,128,0.0,0,4677_512_128,False
4764,site16_741.png,512,0,0.0,0,4764_512_0,False
3106,site13_119.png,384,512,0.0,0,3106_384_512,False
1917,site9_18.png,256,256,0.3319091796875,1,1917_256_256,True
2962,site8_187.png,384,512,0.0,0,2962_384_512,False
1742,site6_921.png,384,384,0.0,0,1742_384_384,False
4748,site16_720.png,256,128,0.4278564453125,2,4748_256_128,True
3025,site13_16.png,0,128,0.188232421875,1,3025_0_128,True
3038,site13_36.png,256,128,1.0,2,3038_256_128,True
2105,site14_149.png,512,384,0.0,0,2105_512_384,False
1950,site9_64.png,384,512,1.0,2,1950_384_512,True
2470,site12_70.png,384,256,0.30706787109375,1,2470_384_256,True
2075,site14_114.png,256,384,0.0,0,2075_256_384,False
2499,site12_101.png,256,128,0.5009765625,2,2499_256_128,True
1061,site5_228.png,128,128,0.341552734375,1,1061_128_128,True
2371,site15_126.png,0,0,0.0,0,2371_0_0,False
3069,site13_74.png,0,0,1.0,2,3069_0_0,True
3143,site13_163.png,0,512,0.2568359375,1,3143_0_512,True
1741,site6_920.png,384,256,0.0,0,1741_384_256,False
3052,site13_54.png,384,0,0.0,0,3052_384_0,False
3687,site11_423.png,256,256,0.0,0,3687_256_256,False
1763,site6_952.png,512,512,0.83172607421875,2,1763_512_512,True
1215,site6_208.png,384,512,0.0,0,1215_384_512,False
1546,site6_659.png,256,512,0.0,0,1546_256_512,False
849,site4_176.png,384,128,0.3145751953125,1,849_384_128,True
2652,site17_69.png,384,512,0.93475341796875,2,2652_384_512,True
3219,site2_51.png,256,384,0.4290771484375,2,3219_256_384,True
1764,site6_953.png,384,256,0.0,0,1764_384_256,False
2685,site10_20.png,256,512,0.314208984375,1,2685_256_512,True
2140,site14_186.png,256,512,1.0,2,2140_256_512,True
1058,site5_225.png,0,128,0.0286865234375,0,1058_0_128,True
293,site3_323.png,0,512,0.0,0,293_0_512,False
998,site5_159.png,384,256,0.0,0,998_384_256,False
328,site3_360.png,256,0,0.0,0,328_256_0,False
2099,site14_143.png,0,384,0.0,0,2099_0_384,False
1776,site6_965.png,512,512,0.0,0,1776_512_512,False
2968,site8_194.png,384,256,0.0,0,2968_384_256,False
3059,site13_63.png,0,0,0.56500244140625,2,3059_0_0,True
2086,site14_128.png,256,512,0.99951171875,2,2086_256_512,True
775,site4_97.png,512,256,0.0,0,775_512_256,False
997,site5_158.png,0,0,0.0,0,997_0_0,False
265,site3_294.png,0,128,0.0,0,265_0_128,False
2423,site12_19.png,256,512,0.0679931640625,1,2423_256_512,True
2723,site1_37.png,256,256,0.0,0,2723_256_256,False
3288,site2_132.png,256,0,0.02484130859375,0,3288_256_0,True
2504,site12_106.png,384,256,0.99493408203125,2,2504_384_256,True
2616,site17_25.png,0,128,1.0,2,2616_0_128,True
980,site5_139.png,512,0,0.0,0,980_512_0,False
3242,site2_79.png,128,0,0.0,0,3242_128_0,False
932,site5_85.png,128,0,0.04315185546875,0,932_128_0,True
3031,site13_27.png,256,256,0.0401611328125,0,3031_256_256,True
2073,site14_112.png,384,0,0.0,0,2073_384_0,False
2371,site15_126.png,256,512,0.0,0,2371_256_512,False
2086,site14_128.png,128,128,0.59588623046875,2,2086_128_128,True
2057,site14_93.png,256,128,0.0,0,2057_256_128,False
2995,site8_224.png,128,128,0.0,0,2995_128_128,False
2499,site12_101.png,512,128,0.9520263671875,2,2499_512_128,True
2658,site17_75.png,512,256,0.8489990234375,2,2658_512_256,True
2518,site12_121.png,256,128,1.0,2,2518_256_128,True
1939,site9_50.png,384,384,1.0,2,1939_384_384,True
1309,site6_344.png,0,384,0.956787109375,2,1309_0_384,True
2925,site8_146.png,512,384,0.0,0,2925_512_384,False
2895,site8_113.png,0,512,0.0,0,2895_0_512,False
3088,site13_97.png,384,512,0.0,0,3088_384_512,False
2457,site12_55.png,512,256,1.0,2,2457_512_256,True
2924,site8_145.png,512,512,0.0,0,2924_512_512,False
791,site4_114.png,256,512,0.13739013671875,1,791_256_512,True
2972,site8_198.png,384,128,0.0,0,2972_384_128,False
521,site3_571.png,512,256,0.0,0,521_512_256,False
2613,site17_22.png,128,128,0.69085693359375,2,2613_128_128,True
2143,site14_189.png,384,512,0.17413330078125,1,2143_384_512,True
4807,site16_792.png,512,0,0.0999755859375,1,4807_512_0,True
2342,site15_93.png,0,256,0.02911376953125,0,2342_0_256,True
1060,site5_227.png,128,384,0.196533203125,1,1060_128_384,True
1271,site6_297.png,0,128,0.0,0,1271_0_128,False
1035,site5_200.png,256,0,1.0,2,1035_256_0,True
181,site3_206.png,0,512,0.0,0,181_0_512,False
2197,site14_251.png,512,128,0.80322265625,2,2197_512_128,True
1237,site6_241.png,384,0,0.0,0,1237_384_0,False
1051,site5_218.png,512,0,1.0,2,1051_512_0,True
2456,site12_54.png,0,512,0.69805908203125,2,2456_0_512,True
2514,site12_117.png,256,0,0.45196533203125,2,2514_256_0,True
2692,site10_51.png,128,256,0.6524658203125,2,2692_128_256,True
2236,site14_297.png,128,384,0.56182861328125,2,2236_128_384,True
3141,site13_159.png,128,0,0.0,0,3141_128_0,False
2335,site15_85.png,512,384,0.83441162109375,2,2335_512_384,True
2248,site14_316.png,512,128,0.0,0,2248_512_128,False
739,site4_59.png,128,512,0.36444091796875,1,739_128_512,True
2786,site1_110.png,512,256,1.0,2,2786_512_256,True
2087,site14_129.png,256,0,0.0,0,2087_256_0,False
4970,site16_1005.png,256,512,0.5274658203125,2,4970_256_512,True
984,site5_145.png,128,128,0.36077880859375,1,984_128_128,True
4877,site16_877.png,384,512,0.0,0,4877_384_512,False
3023,site13_7.png,128,384,0.0,0,3023_128_384,False
1068,site5_237.png,0,256,0.97900390625,2,1068_0_256,True
605,site3_667.png,0,0,0.0,0,605_0_0,False
2102,site14_146.png,128,128,0.0,0,2102_128_128,False
2248,site14_316.png,128,512,1.0,2,2248_128_512,True
1097,site5_278.png,0,256,1.0,2,1097_0_256,True
889,site5_29.png,512,0,0.0,0,889_512_0,False
2528,site12_132.png,256,256,0.0,0,2528_256_256,False
3718,site11_455.png,128,128,0.000732421875,0,3718_128_128,True
2926,site8_147.png,512,512,0.27239990234375,1,2926_512_512,True
4855,site16_850.png,256,384,0.150634765625,1,4855_256_384,True
1913,site9_7.png,512,384,0.5538330078125,2,1913_512_384,True
3687,site11_423.png,0,0,0.0,0,3687_0_0,False
3241,site2_78.png,256,0,0.7332763671875,2,3241_256_0,True
2394,site15_153.png,128,128,0.0,0,2394_128_128,False
3118,site13_134.png,0,384,1.0,2,3118_0_384,True
968,site5_127.png,256,384,1.0,2,968_256_384,True
3134,site13_152.png,512,128,0.18798828125,1,3134_512_128,True
2620,site17_31.png,256,0,0.01190185546875,0,2620_256_0,True
3133,site13_151.png,0,512,0.0,0,3133_0_512,False
3031,site13_27.png,256,0,0.0,0,3031_256_0,False
464,site3_508.png,384,0,0.0,0,464_384_0,False
3061,site13_65.png,256,512,0.0,0,3061_256_512,False
2839,site8_47.png,128,256,0.0,0,2839_128_256,False
2242,site14_310.png,512,0,0.0,0,2242_512_0,False
2073,site14_112.png,512,0,0.0,0,2073_512_0,False
3693,site11_429.png,512,512,0.0,0,3693_512_512,False
2272,site14_356.png,512,512,0.0,0,2272_512_512,False
949,site5_104.png,128,0,0.0,0,949_128_0,False
1273,site6_299.png,384,128,0.15557861328125,1,1273_384_128,True
2839,site8_47.png,512,128,0.0404052734375,0,2839_512_128,True
963,site5_120.png,384,512,0.0,0,963_384_512,False
4613,site16_561.png,128,256,0.0,0,4613_128_256,False
2924,site8_145.png,256,256,0.10638427734375,1,2924_256_256,True
2913,site8_133.png,256,0,0.0,0,2913_256_0,False
4970,site16_1005.png,256,256,0.0,0,4970_256_256,False
2515,site12_118.png,256,0,0.86505126953125,2,2515_256_0,True
4613,site16_561.png,256,512,0.44195556640625,2,4613_256_512,True
936,site5_91.png,512,256,0.0,0,936_512_256,False
2091,site14_133.png,384,512,0.0,0,2091_384_512,False
549,site3_602.png,128,128,0.294189453125,1,549_128_128,True
832,site4_158.png,256,256,0.0,0,832_256_256,False
327,site3_359.png,256,384,0.0,0,327_256_384,False
3252,site2_91.png,512,0,0.0,0,3252_512_0,False
3103,site13_116.png,384,512,0.0,0,3103_384_512,False
775,site4_97.png,512,128,0.1026611328125,1,775_512_128,True
1760,site6_949.png,512,512,1.0,2,1760_512_512,True
2444,site12_41.png,128,384,1.0,2,2444_128_384,True
1586,site6_715.png,512,256,0.00823974609375,0,1586_512_256,True
2598,site17_5.png,256,0,0.1807861328125,1,2598_256_0,True
760,site4_81.png,0,0,0.0,0,760_0_0,False
989,site5_150.png,384,128,0.6112060546875,2,989_384_128,True
1067,site5_236.png,128,256,0.0,0,1067_128_256,False
2423,site12_19.png,384,0,0.0,0,2423_384_0,False
2159,site14_208.png,0,128,0.45135498046875,2,2159_0_128,True
2143,site14_189.png,256,384,0.0706787109375,1,2143_256_384,True
2459,site12_57.png,128,128,1.0,2,2459_128_128,True
558,site3_611.png,0,0,0.0,0,558_0_0,False
2050,site14_86.png,0,0,0.0,0,2050_0_0,False
2484,site12_85.png,512,384,0.9156494140625,2,2484_512_384,True
389,site3_424.png,0,256,0.0,0,389_0_256,False
847,site4_174.png,0,384,0.0,0,847_0_384,False
793,site4_116.png,256,256,0.0,0,793_256_256,False
1764,site6_953.png,0,384,0.65850830078125,2,1764_0_384,True
3045,site13_45.png,512,384,0.0,0,3045_512_384,False
2091,site14_133.png,0,512,0.0,0,2091_0_512,False
2904,site8_123.png,0,0,0.0,0,2904_0_0,False
1944,site9_58.png,0,128,0.9984130859375,2,1944_0_128,True
2550,site12_155.png,512,128,0.0,0,2550_512_128,False
2658,site17_75.png,256,256,0.43353271484375,2,2658_256_256,True
1051,site5_218.png,512,256,1.0,2,1051_512_256,True
1925,site9_30.png,512,512,0.0,0,1925_512_512,False
3060,site13_64.png,512,384,0.83172607421875,2,3060_512_384,True
937,site5_92.png,0,256,0.0,0,937_0_256,False
1237,site6_241.png,0,384,0.0,0,1237_0_384,False
609,site3_671.png,384,256,0.0347900390625,0,609_384_256,True
987,site5_148.png,384,128,0.0,0,987_384_128,False
524,site3_574.png,128,384,0.0,0,524_128_384,False
4376,site16_303.png,128,128,0.0,0,4376_128_128,False
1041,site5_206.png,384,0,0.66412353515625,2,1041_384_0,True
2446,site12_43.png,384,256,1.0,2,2446_384_256,True
2105,site14_149.png,512,512,0.1485595703125,1,2105_512_512,True
3024,site13_8.png,256,128,0.0,0,3024_256_128,False
2613,site17_22.png,0,0,1.0,2,2613_0_0,True
2258,site14_335.png,384,256,0.0,0,2258_384_256,False
1031,site5_194.png,0,512,0.0,0,1031_0_512,False
2599,site17_6.png,0,128,0.0,0,2599_0_128,False
1917,site9_18.png,256,128,0.97900390625,2,1917_256_128,True
2641,site17_56.png,256,256,1.0,2,2641_256_256,True
2538,site12_142.png,256,128,0.0,0,2538_256_128,False
4702,site16_667.png,256,0,0.37188720703125,1,4702_256_0,True
1552,site6_673.png,0,512,0.0,0,1552_0_512,False
2372,site15_127.png,256,512,0.0,0,2372_256_512,False
329,site3_361.png,128,0,0.0467529296875,0,329_128_0,True
1776,site6_965.png,256,0,0.0,0,1776_256_0,False
1524,site6_637.png,512,0,0.52752685546875,2,1524_512_0,True
1440,site6_518.png,0,0,0.0,0,1440_0_0,False
1000,site5_161.png,512,128,0.0,0,1000_512_128,False
630,site3_697.png,128,0,0.24505615234375,1,630_128_0,True
2180,site14_231.png,384,0,0.0,0,2180_384_0,False
887,site5_27.png,128,384,0.073974609375,1,887_128_384,True
3120,site13_136.png,512,128,1.0,2,3120_512_128,True
416,site3_454.png,384,128,0.0,0,416_384_128,False
3656,site11_391.png,384,512,0.0,0,3656_384_512,False
2514,site12_117.png,384,512,0.02764892578125,0,2514_384_512,True
2962,site8_187.png,384,256,0.0,0,2962_384_256,False
2643,site17_58.png,128,128,0.0,0,2643_128_128,False
947,site5_102.png,384,512,0.0,0,947_384_512,False
3132,site13_149.png,0,384,0.4493408203125,2,3132_0_384,True
1961,site9_81.png,128,512,0.0,0,1961_128_512,False
3218,site2_50.png,0,128,0.8099365234375,2,3218_0_128,True
2471,site12_71.png,512,128,1.0,2,2471_512_128,True
793,site4_116.png,512,128,0.9259033203125,2,793_512_128,True
603,site3_665.png,384,128,0.0,0,603_384_128,False
791,site4_114.png,512,0,0.2919921875,1,791_512_0,True
3688,site11_424.png,0,384,0.32928466796875,1,3688_0_384,True
2514,site12_117.png,0,384,0.27423095703125,1,2514_0_384,True
2838,site8_46.png,384,256,0.0,0,2838_384_256,False
1005,site5_167.png,256,128,0.707763671875,2,1005_256_128,True
4699,site16_664.png,128,128,0.90045166015625,2,4699_128_128,True
2520,site12_123.png,256,128,1.0,2,2520_256_128,True
3692,site11_428.png,128,128,1.0,2,3692_128_128,True
1078,site5_247.png,512,512,0.00439453125,0,1078_512_512,True
493,site3_540.png,384,0,0.35528564453125,1,493_384_0,True
2615,site17_24.png,128,256,0.50567626953125,2,2615_128_256,True
4722,site16_690.png,512,128,0.0,0,4722_512_128,False
351,site3_384.png,128,0,0.0,0,351_128_0,False
3164,site13_188.png,512,512,0.0,0,3164_512_512,False
1191,site6_173.png,512,256,0.65362548828125,2,1191_512_256,True
1168,site6_137.png,0,512,0.0,0,1168_0_512,False
2053,site14_89.png,128,256,0.0,0,2053_128_256,False
3138,site13_156.png,384,512,1.0,2,3138_384_512,True
1078,site5_247.png,256,128,0.036865234375,0,1078_256_128,True
2218,site14_275.png,256,256,0.0,0,2218_256_256,False
1058,site5_225.png,512,128,0.2708740234375,1,1058_512_128,True
2470,site12_70.png,384,0,0.322021484375,1,2470_384_0,True
270,site3_299.png,384,128,0.0,0,270_384_128,False
4518,site16_459.png,384,128,0.0,0,4518_384_128,False
3723,site11_460.png,0,128,0.0,0,3723_0_128,False
1649,site6_795.png,128,512,0.0,0,1649_128_512,False
2445,site12_42.png,0,0,0.22003173828125,1,2445_0_0,True
1961,site9_81.png,512,512,0.0830078125,1,1961_512_512,True
1958,site9_75.png,512,384,0.0,0,1958_512_384,False
3655,site11_390.png,512,0,0.0,0,3655_512_0,False
3054,site13_56.png,384,512,0.42864990234375,2,3054_384_512,True
2476,site12_76.png,256,128,0.0,0,2476_256_128,False
2438,site12_35.png,512,256,0.40875244140625,2,2438_512_256,True
2219,site14_276.png,384,256,0.0,0,2219_384_256,False
1958,site9_75.png,384,128,0.933837890625,2,1958_384_128,True
2073,site14_112.png,128,128,0.29266357421875,1,2073_128_128,True
2144,site14_190.png,128,512,1.0,2,2144_128_512,True
2764,site1_84.png,0,256,0.0,0,2764_0_256,False
833,site4_159.png,128,256,0.0,0,833_128_256,False
4569,site16_513.png,384,128,0.15716552734375,1,4569_384_128,True
2445,site12_42.png,128,128,1.0,2,2445_128_128,True
2179,site14_230.png,0,128,0.0,0,2179_0_128,False
2439,site12_36.png,128,128,0.0655517578125,1,2439_128_128,True
2630,site17_43.png,0,128,0.34735107421875,1,2630_0_128,True
3724,site11_461.png,128,128,0.88800048828125,2,3724_128_128,True
1779,site6_968.png,256,0,0.0,0,1779_256_0,False
963,site5_120.png,256,0,0.0,0,963_256_0,False
3123,site13_139.png,0,256,0.8525390625,2,3123_0_256,True
3051,site13_53.png,128,384,0.12908935546875,1,3051_128_384,True
3076,site13_83.png,256,384,1.0,2,3076_256_384,True
2323,site15_72.png,256,256,0.0,0,2323_256_256,False
3051,site13_53.png,0,0,0.0389404296875,0,3051_0_0,True
3011,site8_244.png,256,384,0.99700927734375,2,3011_256_384,True
2642,site17_57.png,384,384,1.0,2,2642_384_384,True
2354,site15_106.png,512,256,0.16387939453125,1,2354_512_256,True
3072,site13_77.png,512,256,0.0,0,3072_512_256,False
2067,site14_106.png,512,256,0.958984375,2,2067_512_256,True
3022,site13_6.png,512,384,0.16650390625,1,3022_512_384,True
1067,site5_236.png,512,0,1.0,2,1067_512_0,True
2977,site8_204.png,128,128,0.0,0,2977_128_128,False
3787,site11_526.png,384,384,0.0,0,3787_384_384,False
2053,site14_89.png,512,384,0.0,0,2053_512_384,False
3116,site13_132.png,512,0,0.56268310546875,2,3116_512_0,True
926,site5_79.png,384,256,1.0,2,926_384_256,True
923,site5_76.png,128,0,0.0,0,923_128_0,False
1525,site6_638.png,384,0,0.0,0,1525_384_0,False
3274,site2_116.png,256,384,0.0,0,3274_256_384,False
3658,site11_393.png,384,128,0.437255859375,2,3658_384_128,True
2904,site8_123.png,128,0,0.0,0,2904_128_0,False
993,site5_154.png,256,128,0.0,0,993_256_128,False
2733,site1_48.png,512,128,0.0,0,2733_512_128,False
2455,site12_53.png,128,512,0.0,0,2455_128_512,False
3753,site11_491.png,128,256,0.0,0,3753_128_256,False
950,site5_105.png,384,512,0.0,0,950_384_512,False
298,site3_328.png,0,0,0.0,0,298_0_0,False
1742,site6_921.png,512,128,0.0775146484375,1,1742_512_128,True
1086,site5_259.png,128,0,0.0,0,1086_128_0,False
3022,site13_6.png,384,256,0.0,0,3022_384_256,False
2652,site17_69.png,384,384,1.0,2,2652_384_384,True
45,site3_56.png,256,0,0.0,0,45_256_0,False
3263,site2_104.png,256,512,0.0,0,3263_256_512,False
1918,site9_19.png,512,384,1.0,2,1918_512_384,True
2955,site8_179.png,0,256,0.4041748046875,2,2955_0_256,True
1957,site9_74.png,512,0,0.845947265625,2,1957_512_0,True
3089,site13_98.png,384,0,0.0,0,3089_384_0,False
1025,site5_188.png,128,128,0.482421875,2,1025_128_128,True
521,site3_571.png,256,384,0.0,0,521_256_384,False
4591,site16_537.png,384,128,0.0,0,4591_384_128,False
3102,site13_115.png,384,128,0.0,0,3102_384_128,False
1943,site9_57.png,128,512,1.0,2,1943_128_512,True
848,site4_175.png,128,0,0.1998291015625,1,848_128_0,True
1714,site6_885.png,512,0,0.0,0,1714_512_0,False
2612,site17_21.png,0,0,1.0,2,2612_0_0,True
2515,site12_118.png,128,256,0.55499267578125,2,2515_128_256,True
2642,site17_57.png,512,512,0.4561767578125,2,2642_512_512,True
2362,site15_115.png,384,128,0.891845703125,2,2362_384_128,True
2652,site17_69.png,256,384,1.0,2,2652_256_384,True
963,site5_120.png,128,384,0.5196533203125,2,963_128_384,True
2179,site14_230.png,256,256,0.0,0,2179_256_256,False
1956,site9_73.png,128,512,0.0,0,1956_128_512,False
2072,site14_111.png,128,128,0.0,0,2072_128_128,False
1007,site5_169.png,512,256,0.5989990234375,2,1007_512_256,True
532,site3_582.png,384,128,0.0,0,532_384_128,False
1308,site6_343.png,256,256,0.65130615234375,2,1308_256_256,True
773,site4_95.png,0,128,1.0,2,773_0_128,True
1586,site6_715.png,128,256,0.0,0,1586_128_256,False
2955,site8_179.png,512,256,0.0,0,2955_512_256,False
1044,site5_209.png,384,512,0.0,0,1044_384_512,False
2830,site8_35.png,0,128,0.0,0,2830_0_128,False
2564,site12_170.png,384,128,0.0,0,2564_384_128,False
3661,site11_396.png,384,384,0.0,0,3661_384_384,False
1022,site5_185.png,384,512,0.0,0,1022_384_512,False
939,site5_94.png,128,384,0.0,0,939_128_384,False
3038,site13_36.png,384,512,1.0,2,3038_384_512,True
3087,site13_96.png,256,256,0.0,0,3087_256_256,False
2072,site14_111.png,384,0,0.75030517578125,2,2072_384_0,True
1524,site6_637.png,0,128,0.001708984375,0,1524_0_128,True
2442,site12_39.png,512,128,1.0,2,2442_512_128,True
3117,site13_133.png,0,512,1.0,2,3117_0_512,True
4764,site16_741.png,384,256,0.0,0,4764_384_256,False
2639,site17_54.png,384,128,0.039306640625,0,2639_384_128,True
3156,site13_178.png,256,512,0.39959716796875,1,3156_256_512,True
2517,site12_120.png,128,256,0.0,0,2517_128_256,False
2729,site1_44.png,512,384,0.0,0,2729_512_384,False
984,site5_145.png,128,256,0.07891845703125,1,984_128_256,True
1061,site5_228.png,256,384,0.15948486328125,1,1061_256_384,True
2565,site12_171.png,0,0,0.0,0,2565_0_0,False
2886,site8_103.png,128,0,0.0,0,2886_128_0,False
2529,site12_133.png,0,512,0.0,0,2529_0_512,False
1572,site6_693.png,384,512,0.0,0,1572_384_512,False
3787,site11_526.png,0,384,0.0,0,3787_0_384,False
1271,site6_297.png,384,384,0.8516845703125,2,1271_384_384,True
556,site3_609.png,0,384,0.0087890625,0,556_0_384,True
580,site3_638.png,128,256,0.0,0,580_128_256,False
584,site3_642.png,128,512,0.0,0,584_128_512,False
2524,site12_127.png,384,512,0.0,0,2524_384_512,False
1042,site5_207.png,128,0,1.0,2,1042_128_0,True
991,site5_152.png,0,512,0.0,0,991_0_512,False
2550,site12_155.png,256,512,0.0,0,2550_256_512,False
1546,site6_659.png,512,0,0.0,0,1546_512_0,False
3693,site11_429.png,0,512,0.0,0,3693_0_512,False
2204,site14_258.png,384,512,0.0,0,2204_384_512,False
532,site3_582.png,128,256,0.0,0,532_128_256,False
2462,site12_60.png,384,512,0.0,0,2462_384_512,False
964,site5_121.png,384,0,0.48992919921875,2,964_384_0,True
2629,site17_42.png,0,128,0.67926025390625,2,2629_0_128,True
990,site5_151.png,0,384,0.44659423828125,2,990_0_384,True
2220,site14_277.png,0,384,0.16571044921875,1,2220_0_384,True
1967,site9_90.png,0,128,0.00518798828125,0,1967_0_128,True
3249,site2_88.png,128,128,0.0,0,3249_128_128,False
3228,site2_63.png,512,384,0.0,0,3228_512_384,False
2960,site8_185.png,0,128,0.0,0,2960_0_128,False
360,site3_393.png,0,384,0.0,0,360_0_384,False
965,site5_122.png,128,256,0.0,0,965_128_256,False
3077,site13_84.png,384,128,1.0,2,3077_384_128,True
2730,site1_45.png,128,0,0.3851318359375,1,2730_128_0,True
2159,site14_208.png,128,128,0.0006103515625,0,2159_128_128,True
2160,site14_209.png,256,384,0.80084228515625,2,2160_256_384,True
4493,site16_433.png,0,512,0.0,0,4493_0_512,False
1015,site5_177.png,256,128,1.0,2,1015_256_128,True
2101,site14_145.png,256,512,1.0,2,2101_256_512,True
2446,site12_43.png,384,128,1.0,2,2446_384_128,True
1666,site6_820.png,0,384,0.0,0,1666_0_384,False
3117,site13_133.png,256,256,1.0,2,3117_256_256,True
327,site3_359.png,128,128,0.0,0,327_128_128,False
2446,site12_43.png,512,128,0.7618408203125,2,2446_512_128,True
1953,site9_70.png,384,0,0.42333984375,2,1953_384_0,True
2220,site14_277.png,512,512,0.97821044921875,2,2220_512_512,True
2904,site8_123.png,128,384,0.0,0,2904_128_384,False
1068,site5_237.png,128,256,0.9599609375,2,1068_128_256,True
2564,site12_170.png,256,256,0.0760498046875,1,2564_256_256,True
1057,site5_224.png,384,256,0.0,0,1057_384_256,False
497,site3_544.png,384,0,0.0,0,497_384_0,False
493,site3_540.png,384,512,0.0,0,493_384_512,False
2753,site1_71.png,0,256,0.0,0,2753_0_256,False
4424,site16_355.png,128,128,0.26959228515625,1,4424_128_128,True
585,site3_643.png,384,128,0.5308837890625,2,585_384_128,True
3031,site13_27.png,512,256,0.0,0,3031_512_256,False
1552,site6_673.png,0,256,0.0,0,1552_0_256,False
927,site5_80.png,256,384,0.00799560546875,0,927_256_384,True
965,site5_122.png,384,384,0.0,0,965_384_384,False
3116,site13_132.png,128,128,0.00482177734375,0,3116_128_128,True
940,site5_95.png,256,384,0.06011962890625,1,940_256_384,True
903,site5_48.png,384,256,0.0,0,903_384_256,False
2159,site14_208.png,128,512,0.0,0,2159_128_512,False
2119,site14_164.png,512,128,0.919677734375,2,2119_512_128,True
1736,site6_915.png,256,128,0.0,0,1736_256_128,False
2550,site12_155.png,256,0,0.28790283203125,1,2550_256_0,True
2221,site14_278.png,256,512,0.0,0,2221_256_512,False
987,site5_148.png,512,384,0.0,0,987_512_384,False
2208,site14_265.png,512,256,0.03778076171875,0,2208_512_256,True
4614,site16_562.png,256,128,0.87701416015625,2,4614_256_128,True
3023,site13_7.png,128,0,0.0,0,3023_128_0,False
774,site4_96.png,128,256,1.0,2,774_128_256,True
1040,site5_205.png,384,128,0.4561767578125,2,1040_384_128,True
4725,site16_693.png,384,256,0.55877685546875,2,4725_384_256,True
210,site3_237.png,512,0,0.2518310546875,1,210_512_0,True
2838,site8_46.png,512,128,0.4320068359375,2,2838_512_128,True
1040,site5_205.png,256,128,0.1484375,1,1040_256_128,True
789,site4_112.png,0,128,0.0,0,789_0_128,False
1949,site9_63.png,0,256,1.0,2,1949_0_256,True
2492,site12_93.png,512,256,1.0,2,2492_512_256,True
3158,site13_182.png,384,384,0.0,0,3158_384_384,False
415,site3_453.png,512,512,0.0,0,415_512_512,False
1083,site5_256.png,128,128,0.0,0,1083_128_128,False
4877,site16_877.png,512,128,0.0,0,4877_512_128,False
548,site3_601.png,512,0,0.0,0,548_512_0,False
3054,site13_56.png,0,128,0.16607666015625,1,3054_0_128,True
503,site3_550.png,128,256,0.19415283203125,1,503_128_256,True
3724,site11_461.png,256,384,0.75634765625,2,3724_256_384,True
1912,site9_6.png,512,256,0.04351806640625,0,1912_512_256,True
2775,site1_97.png,384,0,0.19659423828125,1,2775_384_0,True
2351,site15_103.png,256,0,0.18646240234375,1,2351_256_0,True
3131,site13_148.png,512,512,0.69818115234375,2,3131_512_512,True
2886,site8_103.png,128,512,0.0,0,2886_128_512,False
2913,site8_133.png,384,384,0.09649658203125,1,2913_384_384,True
3071,site13_76.png,384,0,1.0,2,3071_384_0,True
2642,site17_57.png,256,384,1.0,2,2642_256_384,True
1036,site5_201.png,0,0,1.0,2,1036_0_0,True
1503,site6_607.png,128,0,0.0,0,1503_128_0,False
2366,site15_119.png,384,0,0.0,0,2366_384_0,False
581,site3_639.png,512,256,0.0,0,581_512_256,False
502,site3_549.png,256,384,0.0,0,502_256_384,False
888,site5_28.png,256,384,0.0,0,888_256_384,False
2797,site1_123.png,384,0,1.0,2,2797_384_0,True
1073,site5_242.png,0,256,0.0,0,1073_0_256,False
3314,site2_165.png,128,512,0.0,0,3314_128_512,False
2955,site8_179.png,512,512,0.0,0,2955_512_512,False
2335,site15_85.png,128,0,0.0,0,2335_128_0,False
2977,site8_204.png,384,256,0.0,0,2977_384_256,False
1271,site6_297.png,512,384,0.08026123046875,1,1271_512_384,True
2351,site15_103.png,512,128,0.1817626953125,1,2351_512_128,True
3046,site13_46.png,128,256,1.0,2,3046_128_256,True
4566,site16_510.png,256,512,0.3629150390625,1,4566_256_512,True
2092,site14_134.png,256,384,0.0,0,2092_256_384,False
3788,site11_527.png,128,256,0.0,0,3788_128_256,False
939,site5_94.png,128,128,0.111328125,1,939_128_128,True
891,site5_31.png,128,384,0.0,0,891_128_384,False
2476,site12_76.png,0,0,0.49029541015625,2,2476_0_0,True
4764,site16_741.png,256,0,0.0,0,4764_256_0,False
2084,site14_126.png,128,128,0.6063232421875,2,2084_128_128,True
2471,site12_71.png,384,0,1.0,2,2471_384_0,True
2491,site12_92.png,512,512,1.0,2,2491_512_512,True
4969,site16_1004.png,128,384,0.0,0,4969_128_384,False
4590,site16_536.png,128,384,0.3856201171875,1,4590_128_384,True
918,site5_67.png,256,512,0.0,0,918_256_512,False
3025,site13_16.png,256,256,0.0469970703125,0,3025_256_256,True
1060,site5_227.png,512,128,0.6605224609375,2,1060_512_128,True
656,site3_731.png,256,128,0.29974365234375,1,656_256_128,True
1742,site6_921.png,256,128,0.72265625,2,1742_256_128,True
1005,site5_167.png,512,512,0.847412109375,2,1005_512_512,True
4699,site16_664.png,0,128,0.02392578125,0,4699_0_128,True
2745,site1_61.png,128,0,0.0,0,2745_128_0,False
1027,site5_190.png,0,384,1.0,2,1027_0_384,True
2551,site12_156.png,128,256,0.0,0,2551_128_256,False
1022,site5_185.png,256,512,0.0,0,1022_256_512,False
3125,site13_142.png,0,128,0.1837158203125,1,3125_0_128,True
1059,site5_226.png,512,256,0.0,0,1059_512_256,False
2962,site8_187.png,512,384,0.0,0,2962_512_384,False
386,site3_421.png,0,0,0.0,0,386_0_0,False
1096,site5_277.png,0,0,0.31915283203125,1,1096_0_0,True
269,site3_298.png,128,128,0.335205078125,1,269_128_128,True
122,site3_143.png,0,0,0.0,0,122_0_0,False
930,site5_83.png,0,512,0.0,0,930_0_512,False
3658,site11_393.png,128,0,0.0,0,3658_128_0,False
1024,site5_187.png,256,512,0.639892578125,2,1024_256_512,True
2837,site8_45.png,0,128,0.0,0,2837_0_128,False
609,site3_671.png,128,512,0.0,0,609_128_512,False
1260,site6_275.png,384,384,0.0,0,1260_384_384,False
3089,site13_98.png,256,128,0.0,0,3089_256_128,False
3719,site11_456.png,256,256,0.9017333984375,2,3719_256_256,True
832,site4_158.png,0,512,0.0,0,832_0_512,False
2904,site8_123.png,512,512,0.0,0,2904_512_512,False
329,site3_361.png,0,0,0.31829833984375,1,329_0_0,True
2440,site12_37.png,0,384,0.57867431640625,2,2440_0_384,True
2658,site17_75.png,384,512,0.217041015625,1,2658_384_512,True
503,site3_550.png,0,256,0.0,0,503_0_256,False
3723,site11_460.png,256,512,0.16339111328125,1,3723_256_512,True
1923,site9_28.png,0,128,0.0,0,1923_0_128,False
2797,site1_123.png,256,384,0.0,0,2797_256_384,False
3076,site13_83.png,256,128,1.0,2,3076_256_128,True
2086,site14_128.png,512,256,0.0,0,2086_512_256,False
3824,site11_564.png,128,0,0.00543212890625,0,3824_128_0,True
1031,site5_194.png,0,128,0.0,0,1031_0_128,False
4729,site16_697.png,256,512,0.35968017578125,1,4729_256_512,True
2221,site14_278.png,512,0,0.0,0,2221_512_0,False
2509,site12_111.png,128,256,0.0,0,2509_128_256,False
2220,site14_277.png,512,256,0.0,0,2220_512_256,False
2248,site14_316.png,128,128,0.0028076171875,0,2248_128_128,True
2955,site8_179.png,0,512,0.0,0,2955_0_512,False
1763,site6_952.png,256,384,1.0,2,1763_256_384,True
1715,site6_886.png,384,512,0.222412109375,1,1715_384_512,True
580,site3_638.png,0,384,0.0,0,580_0_384,False
1804,site6_1003.png,128,384,0.0,0,1804_128_384,False
3693,site11_429.png,384,0,1.0,2,3693_384_0,True
1492,site6_588.png,384,128,0.0,0,1492_384_128,False
1128,site6_83.png,0,384,0.0,0,1128_0_384,False
2272,site14_356.png,256,512,0.0,0,2272_256_512,False
3242,site2_79.png,512,384,0.0,0,3242_512_384,False
1954,site9_71.png,384,256,0.89208984375,2,1954_384_256,True
2979,site8_206.png,0,128,0.0,0,2979_0_128,False
3089,site13_98.png,256,512,0.0,0,3089_256_512,False
936,site5_91.png,256,512,0.10186767578125,1,936_256_512,True
4722,site16_690.png,128,0,0.0,0,4722_128_0,False
3287,site2_131.png,512,512,0.0,0,3287_512_512,False
3787,site11_526.png,256,128,0.0,0,3787_256_128,False
755,site4_76.png,512,128,0.90667724609375,2,755_512_128,True
2203,site14_257.png,256,512,0.01806640625,0,2203_256_512,True
1546,site6_659.png,384,512,0.0,0,1546_384_512,False
4703,site16_668.png,384,0,0.0,0,4703_384_0,False
755,site4_76.png,384,0,0.001220703125,0,755_384_0,True
1959,site9_79.png,384,512,0.38494873046875,1,1959_384_512,True
1763,site6_952.png,512,128,0.75677490234375,2,1763_512_128,True
1054,site5_221.png,384,0,0.0,0,1054_384_0,False
4773,site16_750.png,0,256,0.0,0,4773_0_256,False
4764,site16_741.png,128,512,0.2237548828125,1,4764_128_512,True
3131,site13_148.png,256,0,1.0,2,3131_256_0,True
2157,site14_206.png,128,512,0.0,0,2157_128_512,False
1068,site5_237.png,384,128,0.78533935546875,2,1068_384_128,True
2157,site14_206.png,384,512,0.491455078125,2,2157_384_512,True
2161,site14_210.png,128,128,0.54376220703125,2,2161_128_128,True
2225,site14_286.png,256,256,0.64056396484375,2,2225_256_256,True
4855,site16_850.png,128,384,0.87908935546875,2,4855_128_384,True
1025,site5_188.png,512,512,1.0,2,1025_512_512,True
4703,site16_668.png,384,512,0.876953125,2,4703_384_512,True
1440,site6_518.png,256,0,0.0,0,1440_256_0,False
2638,site17_53.png,384,256,0.0,0,2638_384_256,False
2272,site14_356.png,512,256,0.0,0,2272_512_256,False
2197,site14_251.png,256,128,0.0,0,2197_256_128,False
3626,site11_360.png,512,0,0.0,0,3626_512_0,False
2964,site8_189.png,128,128,0.0,0,2964_128_128,False
580,site3_638.png,256,0,0.0,0,580_256_0,False
940,site5_95.png,0,256,0.53564453125,2,940_0_256,True
2657,site17_74.png,128,512,0.0,0,2657_128_512,False
2033,site14_67.png,0,0,0.0,0,2033_0_0,False
3145,site13_165.png,0,512,0.0,0,3145_0_512,False
2072,site14_111.png,384,512,0.0,0,2072_384_512,False
1005,site5_167.png,0,256,0.0,0,1005_0_256,False
1000,site5_161.png,384,384,0.0,0,1000_384_384,False
3266,site2_107.png,512,128,0.001708984375,0,3266_512_128,True
2438,site12_35.png,256,384,0.0,0,2438_256_384,False
2143,site14_189.png,128,256,0.00067138671875,0,2143_128_256,True
2457,site12_55.png,0,512,1.0,2,2457_0_512,True
122,site3_143.png,384,512,0.0,0,122_384_512,False
3038,site13_36.png,512,384,1.0,2,3038_512_384,True
2099,site14_143.png,512,256,0.0,0,2099_512_256,False
3156,site13_178.png,512,128,0.998291015625,2,3156_512_128,True
326,site3_358.png,384,512,0.0,0,326_384_512,False
2332,site15_82.png,512,384,0.0,0,2332_512_384,False
3028,site13_24.png,512,512,0.19854736328125,1,3028_512_512,True
2033,site14_67.png,384,0,0.0,0,2033_384_0,False
3623,site11_357.png,512,384,0.85968017578125,2,3623_512_384,True
2490,site12_91.png,384,512,0.40203857421875,2,2490_384_512,True
2119,site14_164.png,128,256,0.0,0,2119_128_256,False
916,site5_65.png,256,256,0.0,0,916_256_256,False
1954,site9_71.png,0,512,1.0,2,1954_0_512,True
1309,site6_344.png,128,128,0.0,0,1309_128_128,False
3692,site11_428.png,0,256,0.86749267578125,2,3692_0_256,True
2539,site12_143.png,256,128,0.0,0,2539_256_128,False
1791,site6_990.png,128,384,0.90484619140625,2,1791_128_384,True
1380,site6_441.png,512,0,0.0,0,1380_512_0,False
2519,site12_122.png,128,512,0.0,0,2519_128_512,False
475,site3_519.png,0,512,0.0,0,475_0_512,False
937,site5_92.png,128,384,0.0,0,937_128_384,False
1932,site9_40.png,384,512,1.0,2,1932_384_512,True
940,site5_95.png,384,128,0.013427734375,0,940_384_128,True
2499,site12_101.png,384,256,0.9237060546875,2,2499_384_256,True
2110,site14_154.png,128,256,0.00408935546875,0,2110_128_256,True
3113,site13_128.png,512,0,1.0,2,3113_512_0,True
3131,site13_148.png,384,128,0.8970947265625,2,3131_384_128,True
3157,site13_179.png,384,512,0.0,0,3157_384_512,False
1054,site5_221.png,256,256,0.40509033203125,2,1054_256_256,True
2518,site12_121.png,128,512,0.8338623046875,2,2518_128_512,True
2074,site14_113.png,128,128,0.28369140625,1,2074_128_128,True
2612,site17_21.png,256,384,0.0,0,2612_256_384,False
1742,site6_921.png,384,0,0.53961181640625,2,1742_384_0,True
2517,site12_120.png,512,0,1.0,2,2517_512_0,True
2630,site17_43.png,512,128,0.0,0,2630_512_128,False
327,site3_359.png,128,256,0.0,0,327_128_256,False
2611,site17_20.png,384,384,0.8975830078125,2,2611_384_384,True
3077,site13_84.png,256,256,1.0,2,3077_256_256,True
2491,site12_92.png,512,256,1.0,2,2491_512_256,True
2100,site14_144.png,0,0,0.602783203125,2,2100_0_0,True
3054,site13_56.png,128,256,0.20098876953125,1,3054_128_256,True
2423,site12_19.png,128,384,0.0,0,2423_128_384,False
2237,site14_298.png,512,256,0.0,0,2237_512_256,False
2963,site8_188.png,0,0,0.0,0,2963_0_0,False
2444,site12_41.png,128,256,1.0,2,2444_128_256,True
3118,site13_134.png,512,384,0.69873046875,2,3118_512_384,True
2530,site12_134.png,128,512,0.0,0,2530_128_512,False
1956,site9_73.png,384,512,0.0,0,1956_384_512,False
1520,site6_624.png,256,384,0.0,0,1520_256_384,False
1737,site6_916.png,512,512,0.22344970703125,1,1737_512_512,True
3025,site13_16.png,0,0,0.39093017578125,1,3025_0_0,True
2374,site15_129.png,128,384,0.0518798828125,1,2374_128_384,True
4770,site16_747.png,384,384,0.0,0,4770_384_384,False
2935,site8_157.png,384,0,0.32000732421875,1,2935_384_0,True
760,site4_81.png,512,512,0.0,0,760_512_512,False
3031,site13_27.png,512,0,0.0,0,3031_512_0,False
2490,site12_91.png,256,384,1.0,2,2490_256_384,True
319,site3_351.png,384,384,0.06097412109375,1,319_384_384,True
2099,site14_143.png,128,512,0.12335205078125,1,2099_128_512,True
964,site5_121.png,512,0,0.1761474609375,1,964_512_0,True
4565,site16_509.png,256,0,0.0,0,4565_256_0,False
849,site4_176.png,384,256,0.0,0,849_384_256,False
2351,site15_103.png,256,384,0.0,0,2351_256_384,False
2403,site15_164.png,512,384,0.0,0,2403_512_384,False
2493,site12_94.png,256,0,1.0,2,2493_256_0,True
3788,site11_527.png,384,256,0.59991455078125,2,3788_384_256,True
1040,site5_205.png,384,0,0.6910400390625,2,1040_384_0,True
2174,site14_225.png,128,256,0.393798828125,1,2174_128_256,True
4492,site16_432.png,512,384,0.5452880859375,2,4492_512_384,True
558,site3_611.png,256,0,0.0,0,558_256_0,False
3029,site13_25.png,512,0,0.0,0,3029_512_0,False
3006,site8_236.png,512,512,0.0,0,3006_512_512,False
4614,site16_562.png,512,512,0.0,0,4614_512_512,False
3790,site11_529.png,512,128,0.0,0,3790_512_128,False
3111,site13_126.png,0,0,0.0,0,3111_0_0,False
2961,site8_186.png,256,384,0.0,0,2961_256_384,False
1785,site6_984.png,256,512,0.0,0,1785_256_512,False
941,site5_96.png,256,256,0.0,0,941_256_256,False
3116,site13_132.png,0,128,0.00091552734375,0,3116_0_128,True
1261,site6_276.png,0,384,0.0,0,1261_0_384,False
4469,site16_407.png,0,256,0.98956298828125,2,4469_0_256,True
1918,site9_19.png,384,128,1.0,2,1918_384_128,True
2161,site14_210.png,0,0,0.9993896484375,2,2161_0_0,True
3241,site2_78.png,512,0,1.0,2,3241_512_0,True
3231,site2_66.png,384,128,0.0,0,3231_384_128,False
2986,site8_214.png,512,384,0.0,0,2986_512_384,False
4702,site16_667.png,128,384,0.0006103515625,0,4702_128_384,True
2192,site14_246.png,128,256,0.302001953125,1,2192_128_256,True
1359,site6_412.png,384,256,0.005859375,0,1359_384_256,True
581,site3_639.png,128,0,0.0,0,581_128_0,False
4752,site16_724.png,384,0,0.22100830078125,1,4752_384_0,True
978,site5_137.png,256,256,0.05633544921875,1,978_256_256,True
4376,site16_303.png,128,512,0.0,0,4376_128_512,False
632,site3_699.png,512,128,0.0,0,632_512_128,False
759,site4_80.png,0,384,1.0,2,759_0_384,True
1959,site9_79.png,512,256,0.71502685546875,2,1959_512_256,True
2457,site12_55.png,0,256,0.9500732421875,2,2457_0_256,True
2438,site12_35.png,512,384,0.0,0,2438_512_384,False
4808,site16_793.png,512,256,0.0,0,4808_512_256,False
3068,site13_73.png,512,256,1.0,2,3068_512_256,True
528,site3_578.png,512,256,0.0,0,528_512_256,False
3096,site13_107.png,0,128,0.27020263671875,1,3096_0_128,True
2551,site12_156.png,128,512,0.0,0,2551_128_512,False
3034,site13_32.png,256,128,0.0,0,3034_256_128,False
850,site4_177.png,512,512,0.0,0,850_512_512,False
740,site4_60.png,384,128,0.0,0,740_384_128,False
1045,site5_210.png,128,0,0.46270751953125,2,1045_128_0,True
3692,site11_428.png,128,512,0.73040771484375,2,3692_128_512,True
980,site5_139.png,384,512,0.00018310546875,0,980_384_512,True
4677,site16_638.png,256,0,0.0,0,4677_256_0,False
777,site4_99.png,256,128,0.0,0,777_256_128,False
924,site5_77.png,128,256,0.0,0,924_128_256,False
2187,site14_238.png,512,0,0.0,0,2187_512_0,False
493,site3_540.png,0,384,0.07513427734375,1,493_0_384,True
3029,site13_25.png,0,0,0.0,0,3029_0_0,False
3289,site2_133.png,128,512,0.0,0,3289_128_512,False
3076,site13_83.png,0,512,1.0,2,3076_0_512,True
3037,site13_35.png,128,384,0.0,0,3037_128_384,False
1238,site6_242.png,256,0,0.0,0,1238_256_0,False
2067,site14_106.png,0,384,0.9822998046875,2,2067_0_384,True
3287,site2_131.png,256,512,0.0,0,3287_256_512,False
2067,site14_106.png,256,0,0.00274658203125,0,2067_256_0,True
1880,site6_1140.png,256,128,0.0,0,1880_256_128,False
291,site3_321.png,384,256,0.0,0,291_384_256,False
1787,site6_986.png,0,0,1.0,2,1787_0_0,True
2605,site17_12.png,384,512,0.0,0,2605_384_512,False
1003,site5_165.png,384,128,0.0,0,1003_384_128,False
1737,site6_916.png,128,0,0.0,0,1737_128_0,False
2101,site14_145.png,256,384,1.0,2,2101_256_384,True
1067,site5_236.png,256,128,0.74859619140625,2,1067_256_128,True
2514,site12_117.png,128,384,0.6953125,2,2514_128_384,True
3046,site13_46.png,128,384,1.0,2,3046_128_384,True
2052,site14_88.png,512,0,0.029541015625,0,2052_512_0,True
1404,site6_474.png,128,128,0.0,0,1404_128_128,False
2837,site8_45.png,128,0,0.0,0,2837_128_0,False
2237,site14_298.png,256,384,0.0,0,2237_256_384,False
2837,site8_45.png,256,256,0.0,0,2837_256_256,False
3079,site13_86.png,128,384,0.27642822265625,1,3079_128_384,True
2565,site12_171.png,256,512,0.8043212890625,2,2565_256_512,True
2537,site12_141.png,0,128,0.9681396484375,2,2537_0_128,True
3107,site13_122.png,128,256,0.499755859375,2,3107_128_256,True
2323,site15_72.png,512,384,0.7694091796875,2,2323_512_384,True
1057,site5_224.png,128,384,0.0,0,1057_128_384,False
2943,site8_166.png,0,512,0.0,0,2943_0_512,False
1058,site5_225.png,512,0,0.98175048828125,2,1058_512_0,True
1085,site5_258.png,128,512,0.0,0,1085_128_512,False
2972,site8_198.png,128,128,0.0,0,2972_128_128,False
2513,site12_116.png,128,384,0.0,0,2513_128_384,False
2665,site17_85.png,512,128,0.0,0,2665_512_128,False
2220,site14_277.png,384,512,0.7642822265625,2,2220_384_512,True
2478,site12_78.png,128,384,1.0,2,2478_128_384,True
2455,site12_53.png,128,0,0.0216064453125,0,2455_128_0,True
4725,site16_693.png,256,256,0.0,0,4725_256_256,False
1503,site6_607.png,256,384,0.0,0,1503_256_384,False
2647,site17_62.png,256,0,0.0,0,2647_256_0,False
1940,site9_51.png,0,512,1.0,2,1940_0_512,True
3078,site13_85.png,384,0,0.0,0,3078_384_0,False
3077,site13_84.png,128,512,1.0,2,3077_128_512,True
2445,site12_42.png,512,512,0.9947509765625,2,2445_512_512,True
123,site3_144.png,128,384,0.0,0,123_128_384,False
814,site4_138.png,0,384,0.0,0,814_0_384,False
94,site3_112.png,256,128,0.26141357421875,1,94_256_128,True
759,site4_80.png,0,512,1.0,2,759_0_512,True
3096,site13_107.png,0,512,1.0,2,3096_0_512,True
3101,site13_114.png,384,0,1.0,2,3101_384_0,True
3086,site13_95.png,384,256,0.0,0,3086_384_256,False
3011,site8_244.png,384,128,1.0,2,3011_384_128,True
1812,site6_1023.png,384,512,0.009033203125,0,1812_384_512,True
1053,site5_220.png,128,384,0.21356201171875,1,1053_128_384,True
2765,site1_85.png,128,512,0.66912841796875,2,2765_128_512,True
3045,site13_45.png,128,512,0.12237548828125,1,3045_128_512,True
3071,site13_76.png,512,512,0.41717529296875,2,3071_512_512,True
2462,site12_60.png,128,256,0.0,0,2462_128_256,False
2192,site14_246.png,384,128,0.0,0,2192_384_128,False
524,site3_574.png,128,0,0.0,0,524_128_0,False
2190,site14_244.png,128,128,0.0,0,2190_128_128,False
3721,site11_458.png,256,512,0.0,0,3721_256_512,False
1010,site5_172.png,384,256,1.0,2,1010_384_256,True
23,site3_26.png,256,512,0.0,0,23_256_512,False
2639,site17_54.png,0,128,0.0,0,2639_0_128,False
968,site5_127.png,0,128,0.857666015625,2,968_0_128,True
2610,site17_19.png,512,256,0.92230224609375,2,2610_512_256,True
4402,site16_330.png,384,512,0.0,0,4402_384_512,False
3626,site11_360.png,0,384,0.041015625,0,3626_0_384,True
3154,site13_176.png,384,512,0.0,0,3154_384_512,False
2655,site17_72.png,128,384,0.0,0,2655_128_384,False
2219,site14_276.png,0,512,0.0,0,2219_0_512,False
3088,site13_97.png,0,256,0.0,0,3088_0_256,False
2895,site8_113.png,384,256,0.0,0,2895_384_256,False
3053,site13_55.png,512,384,0.0,0,3053_512_384,False
923,site5_76.png,384,384,0.027099609375,0,923_384_384,True
1524,site6_637.png,128,128,0.05828857421875,1,1524_128_128,True
3089,site13_98.png,384,256,0.0,0,3089_384_256,False
2036,site14_70.png,512,256,0.0,0,2036_512_256,False
319,site3_351.png,128,0,0.0,0,319_128_0,False
3140,site13_158.png,0,384,0.95770263671875,2,3140_0_384,True
2402,site15_163.png,512,256,0.0,0,2402_512_256,False
3138,site13_156.png,256,256,0.99365234375,2,3138_256_256,True
1953,site9_70.png,128,384,0.0709228515625,1,1953_128_384,True
1503,site6_607.png,384,128,0.0,0,1503_384_128,False
1023,site5_186.png,0,512,0.72021484375,2,1023_0_512,True
1742,site6_921.png,256,384,0.0,0,1742_256_384,False
3687,site11_423.png,512,256,0.0,0,3687_512_256,False
1058,site5_225.png,0,512,0.71282958984375,2,1058_0_512,True
2218,site14_275.png,512,0,0.05523681640625,1,2218_512_0,True
1944,site9_58.png,0,512,0.0150146484375,0,1944_0_512,True
4518,site16_459.png,384,256,0.0,0,4518_384_256,False
2963,site8_188.png,256,128,0.0,0,2963_256_128,False
926,site5_79.png,256,128,1.0,2,926_256_128,True
1058,site5_225.png,512,384,0.377197265625,1,1058_512_384,True
2175,site14_226.png,128,512,0.81463623046875,2,2175_128_512,True
2973,site8_199.png,384,256,0.0,0,2973_384_256,False
2334,site15_84.png,0,128,1.0,2,2334_0_128,True
2647,site17_62.png,128,384,0.0,0,2647_128_384,False
2374,site15_129.png,384,128,0.0,0,2374_384_128,False
1728,site6_899.png,128,384,0.0,0,1728_128_384,False
3024,site13_8.png,384,0,0.0,0,3024_384_0,False
2157,site14_206.png,0,384,0.0,0,2157_0_384,False
1959,site9_79.png,384,0,0.9141845703125,2,1959_384_0,True
2995,site8_224.png,512,256,0.0,0,2995_512_256,False
2460,site12_58.png,384,384,0.88201904296875,2,2460_384_384,True
2342,site15_93.png,128,128,0.902099609375,2,2342_128_128,True
1036,site5_201.png,512,512,0.0,0,1036_512_512,False
3097,site13_108.png,256,384,0.0,0,3097_256_384,False
2456,site12_54.png,0,256,0.155029296875,1,2456_0_256,True
1938,site9_49.png,384,384,0.67529296875,2,1938_384_384,True
3076,site13_83.png,512,0,1.0,2,3076_512_0,True
4786,site16_767.png,0,128,0.0,0,4786_0_128,False
2753,site1_71.png,384,384,0.0,0,2753_384_384,False
1002,site5_164.png,512,256,0.0,0,1002_512_256,False
1037,site5_202.png,128,256,0.0,0,1037_128_256,False
3031,site13_27.png,512,384,0.0,0,3031_512_384,False
902,site5_47.png,0,384,0.517822265625,2,902_0_384,True
2537,site12_141.png,512,512,1.0,2,2537_512_512,True
4637,site16_587.png,256,0,0.8604736328125,2,4637_256_0,True
1023,site5_186.png,512,128,0.09210205078125,1,1023_512_128,True
2616,site17_25.png,0,0,1.0,2,2616_0_0,True
2519,site12_122.png,512,384,1.0,2,2519_512_384,True
928,site5_81.png,128,256,0.019775390625,0,928_128_256,True
1023,site5_186.png,512,0,0.21978759765625,1,1023_512_0,True
2629,site17_42.png,128,512,0.0,0,2629_128_512,False
1059,site5_226.png,256,512,0.0,0,1059_256_512,False
1005,site5_167.png,128,128,0.7445068359375,2,1005_128_128,True
2444,site12_41.png,0,384,0.86920166015625,2,2444_0_384,True
290,site3_320.png,128,384,0.0,0,290_128_384,False
3118,site13_134.png,0,0,1.0,2,3118_0_0,True
1948,site9_62.png,384,384,1.0,2,1948_384_384,True
2182,site14_233.png,512,128,0.0,0,2182_512_128,False
2341,site15_92.png,0,512,0.0,0,2341_0_512,False
1237,site6_241.png,128,512,0.0,0,1237_128_512,False
3660,site11_395.png,512,0,1.0,2,3660_512_0,True
4542,site16_484.png,384,256,0.10467529296875,1,4542_384_256,True
1666,site6_820.png,384,0,0.0,0,1666_384_0,False
4722,site16_690.png,128,384,0.0,0,4722_128_384,False
2977,site8_204.png,128,512,0.0,0,2977_128_512,False
902,site5_47.png,512,512,0.49359130859375,2,902_512_512,True
3274,site2_116.png,0,512,0.0,0,3274_0_512,False
2226,site14_287.png,128,128,0.0,0,2226_128_128,False
678,site3_766.png,128,512,0.0,0,678_128_512,False
2514,site12_117.png,128,256,0.0640869140625,1,2514_128_256,True
359,site3_392.png,0,0,0.0,0,359_0_0,False
1715,site6_886.png,128,512,0.20220947265625,1,1715_128_512,True
1939,site9_50.png,256,384,1.0,2,1939_256_384,True
2323,site15_72.png,128,128,0.0,0,2323_128_128,False
4807,site16_792.png,256,256,0.0,0,4807_256_256,False
2456,site12_54.png,0,0,0.0,0,2456_0_0,False
416,site3_454.png,256,128,0.0,0,416_256_128,False
4856,site16_851.png,0,0,0.0,0,4856_0_0,False
3753,site11_491.png,0,0,0.35577392578125,1,3753_0_0,True
2197,site14_251.png,0,384,0.0,0,2197_0_384,False
3122,site13_138.png,384,128,1.0,2,3122_384_128,True
2518,site12_121.png,384,128,0.7119140625,2,2518_384_128,True
4569,site16_513.png,256,128,0.0,0,4569_256_128,False
3753,site11_491.png,128,384,0.0,0,3753_128_384,False
4855,site16_850.png,384,128,0.0,0,4855_384_128,False
3054,site13_56.png,384,0,0.55755615234375,2,3054_384_0,True
4677,site16_638.png,384,128,0.0,0,4677_384_128,False
581,site3_639.png,256,384,0.0,0,581_256_384,False
2174,site14_225.png,256,128,0.3695068359375,1,2174_256_128,True
3113,site13_128.png,384,512,1.0,2,3113_384_512,True
2539,site12_143.png,384,256,0.0,0,2539_384_256,False
2685,site10_20.png,512,128,0.03369140625,0,2685_512_128,True
1572,site6_693.png,0,0,0.0,0,1572_0_0,False
1728,site6_899.png,512,0,0.0,0,1728_512_0,False
4492,site16_432.png,0,0,0.0,0,4492_0_0,False
4769,site16_746.png,128,128,0.0089111328125,0,4769_128_128,True
2179,site14_230.png,128,512,0.02728271484375,0,2179_128_512,True
3130,site13_147.png,384,512,1.0,2,3130_384_512,True
2191,site14_245.png,128,128,0.5418701171875,2,2191_128_128,True
1023,site5_186.png,0,384,0.66796875,2,1023_0_384,True
2934,site8_156.png,128,512,0.990478515625,2,2934_128_512,True
3034,site13_32.png,0,128,0.16021728515625,1,3034_0_128,True
2421,site12_17.png,256,512,0.05303955078125,1,2421_256_512,True
3075,site13_82.png,256,512,1.0,2,3075_256_512,True
4424,site16_355.png,128,0,0.23486328125,1,4424_128_0,True
3130,site13_147.png,128,512,1.0,2,3130_128_512,True
2456,site12_54.png,128,512,0.6077880859375,2,2456_128_512,True
2272,site14_356.png,384,384,0.0,0,2272_384_384,False
2630,site17_43.png,128,384,0.0,0,2630_128_384,False
415,site3_453.png,0,128,0.0,0,415_0_128,False
3231,site2_66.png,512,0,0.0,0,3231_512_0,False
2225,site14_286.png,0,384,0.0,0,2225_0_384,False
2686,site10_21.png,128,512,0.0,0,2686_128_512,False
3125,site13_142.png,256,384,0.0,0,3125_256_384,False
2085,site14_127.png,512,512,0.0,0,2085_512_512,False
2721,site1_35.png,384,128,0.0,0,2721_384_128,False
918,site5_67.png,128,256,0.0,0,918_128_256,False
1926,site9_31.png,256,0,1.0,2,1926_256_0,True
4468,site16_406.png,384,256,0.35546875,1,4468_384_256,True
3135,site13_153.png,256,0,0.0,0,3135_256_0,False
924,site5_77.png,0,384,0.0,0,924_0_384,False
351,site3_384.png,256,512,0.0,0,351_256_512,False
3251,site2_90.png,512,384,0.0523681640625,1,3251_512_384,True
3038,site13_36.png,0,128,0.52374267578125,2,3038_0_128,True
3720,site11_457.png,128,512,0.6898193359375,2,3720_128_512,True
3052,site13_54.png,256,512,0.1292724609375,1,3052_256_512,True
2351,site15_103.png,128,128,0.0,0,2351_128_128,False
2052,site14_88.png,512,256,0.6094970703125,2,2052_512_256,True
2977,site8_204.png,128,0,0.03302001953125,0,2977_128_0,True
2764,site1_84.png,0,512,0.0,0,2764_0_512,False
1917,site9_18.png,384,384,0.0,0,1917_384_384,False
210,site3_237.png,384,0,0.58544921875,2,210_384_0,True
2191,site14_245.png,128,512,0.25555419921875,1,2191_128_512,True
3162,site13_186.png,512,512,0.0,0,3162_512_512,False
1016,site5_178.png,0,0,0.0,0,1016_0_0,False
581,site3_639.png,512,384,0.02032470703125,0,581_512_384,True
3006,site8_236.png,256,384,0.17333984375,1,3006_256_384,True
2926,site8_147.png,0,0,0.0,0,2926_0_0,False
1571,site6_692.png,0,0,0.851318359375,2,1571_0_0,True
3117,site13_133.png,0,0,0.69171142578125,2,3117_0_0,True
4542,site16_484.png,512,384,0.2777099609375,1,4542_512_384,True
2175,site14_226.png,128,128,0.0,0,2175_128_128,False
4638,site16_588.png,256,0,0.43475341796875,2,4638_256_0,True
319,site3_351.png,256,128,0.0,0,319_256_128,False
1524,site6_637.png,384,0,0.266357421875,1,1524_384_0,True
1129,site6_84.png,128,128,0.0,0,1129_128_128,False
4970,site16_1005.png,384,384,0.0,0,4970_384_384,False
4750,site16_722.png,256,256,0.0,0,4750_256_256,False
521,site3_571.png,512,512,0.0,0,521_512_512,False
1654,site6_808.png,512,256,0.0,0,1654_512_256,False
3218,site2_50.png,256,384,0.0,0,3218_256_384,False
3018,site8_254.png,128,384,0.0,0,3018_128_384,False
2539,site12_143.png,0,512,0.0,0,2539_0_512,False
2521,site12_124.png,0,0,0.0,0,2521_0_0,False
2110,site14_154.png,0,256,0.1011962890625,1,2110_0_256,True
3626,site11_360.png,256,128,0.0,0,3626_256_128,False
3718,site11_455.png,384,0,0.00604248046875,0,3718_384_0,True
3724,site11_461.png,256,256,0.15277099609375,1,3724_256_256,True
3034,site13_32.png,512,256,0.8514404296875,2,3034_512_256,True
1380,site6_441.png,384,128,0.0,0,1380_384_128,False
3229,site2_64.png,256,256,0.0628662109375,1,3229_256_256,True
3627,site11_361.png,0,0,0.0,0,3627_0_0,False
1035,site5_200.png,128,512,1.0,2,1035_128_512,True
739,site4_59.png,384,128,0.0,0,739_384_128,False
351,site3_384.png,0,128,0.00970458984375,0,351_0_128,True
1260,site6_275.png,256,0,0.0,0,1260_256_0,False
2986,site8_214.png,256,128,0.0,0,2986_256_128,False
2837,site8_45.png,512,256,0.0,0,2837_512_256,False
4492,site16_432.png,512,0,1.0,2,4492_512_0,True
1778,site6_967.png,512,256,0.0,0,1778_512_256,False
758,site4_79.png,256,128,0.0291748046875,0,758_256_128,True
95,site3_113.png,512,384,0.0316162109375,0,95_512_384,True
3661,site11_396.png,0,384,0.3280029296875,1,3661_0_384,True
3655,site11_390.png,128,256,0.48345947265625,2,3655_128_256,True
2444,site12_41.png,0,512,0.86505126953125,2,2444_0_512,True
3026,site13_17.png,384,256,0.0,0,3026_384_256,False
1624,site6_762.png,512,256,0.0,0,1624_512_256,False
992,site5_153.png,0,128,0.0,0,992_0_128,False
2653,site17_70.png,512,0,0.7181396484375,2,2653_512_0,True
2513,site12_116.png,0,0,0.0,0,2513_0_0,False
1083,site5_256.png,384,256,0.0,0,1083_384_256,False
1325,site6_369.png,0,384,0.15045166015625,1,1325_0_384,True
3693,site11_429.png,512,256,0.0,0,3693_512_256,False
2355,site15_107.png,128,384,0.28765869140625,1,2355_128_384,True
3083,site13_92.png,0,0,0.939697265625,2,3083_0_0,True
2961,site8_186.png,256,0,0.0,0,2961_256_0,False
3006,site8_236.png,0,128,0.0,0,3006_0_128,False
4725,site16_693.png,0,0,0.03125,0,4725_0_0,True
1947,site9_61.png,128,0,1.0,2,1947_128_0,True
888,site5_28.png,256,0,0.0,0,888_256_0,False
3033,site13_31.png,512,256,0.64764404296875,2,3033_512_256,True
3181,site13_209.png,512,256,0.45928955078125,2,3181_512_256,True
978,site5_137.png,128,256,0.0,0,978_128_256,False
891,site5_31.png,0,256,0.0,0,891_0_256,False
2653,site17_70.png,512,384,0.99664306640625,2,2653_512_384,True
3025,site13_16.png,384,256,0.0,0,3025_384_256,False
755,site4_76.png,384,512,0.62994384765625,2,755_384_512,True
3071,site13_76.png,256,256,0.305419921875,1,3071_256_256,True
2914,site8_134.png,256,384,0.1749267578125,1,2914_256_384,True
3219,site2_51.png,384,512,0.0,0,3219_384_512,False
940,site5_95.png,128,0,0.69781494140625,2,940_128_0,True
4764,site16_741.png,256,128,0.0,0,4764_256_128,False
416,site3_454.png,384,384,0.0242919921875,0,416_384_384,True
4543,site16_485.png,128,128,0.0,0,4543_128_128,False
2839,site8_47.png,128,0,1.0,2,2839_128_0,True
2753,site1_71.png,512,256,0.0,0,2753_512_256,False
1027,site5_190.png,256,0,1.0,2,1027_256_0,True
949,site5_104.png,384,128,0.0,0,949_384_128,False
2648,site17_63.png,512,256,0.0,0,2648_512_256,False
2175,site14_226.png,0,512,0.9705810546875,2,2175_0_512,True
2124,site14_169.png,256,128,0.93780517578125,2,2124_256_128,True
3823,site11_563.png,384,384,0.0,0,3823_384_384,False
2824,site8_25.png,128,128,0.0,0,2824_128_128,False
962,site5_119.png,256,128,0.0,0,962_256_128,False
2963,site8_188.png,0,512,0.0,0,2963_0_512,False
2336,site15_86.png,384,384,0.052978515625,1,2336_384_384,True
4589,site16_535.png,0,128,0.0,0,4589_0_128,False
1073,site5_242.png,384,256,0.0,0,1073_384_256,False
903,site5_48.png,0,0,0.0,0,903_0_0,False
900,site5_45.png,128,256,0.083984375,1,900_128_256,True
2995,site8_224.png,128,384,0.04486083984375,0,2995_128_384,True
2354,site15_106.png,384,128,0.12078857421875,1,2354_384_128,True
1947,site9_61.png,384,384,1.0,2,1947_384_384,True
3156,site13_178.png,128,256,0.7666015625,2,3156_128_256,True
938,site5_93.png,512,512,0.0,0,938_512_512,False
4877,site16_877.png,128,0,0.70989990234375,2,4877_128_0,True
3627,site11_361.png,384,384,0.0,0,3627_384_384,False
2068,site14_107.png,256,256,0.19085693359375,1,2068_256_256,True
656,site3_731.png,128,0,0.0,0,656_128_0,False
1957,site9_74.png,384,0,1.0,2,1957_384_0,True
940,site5_95.png,0,128,0.543701171875,2,940_0_128,True
3231,site2_66.png,256,384,0.0,0,3231_256_384,False
2478,site12_78.png,256,384,1.0,2,2478_256_384,True
2365,site15_118.png,128,512,0.0,0,2365_128_512,False
2439,site12_36.png,256,512,0.26641845703125,1,2439_256_512,True
4492,site16_432.png,0,128,0.0,0,4492_0_128,False
2439,site12_36.png,512,128,0.0,0,2439_512_128,False
3105,site13_118.png,512,384,0.9583740234375,2,3105_512_384,True
2718,site1_32.png,512,512,0.0,0,2718_512_512,False
2470,site12_70.png,512,384,0.748779296875,2,2470_512_384,True
2886,site8_103.png,256,0,0.0,0,2886_256_0,False
2643,site17_58.png,128,512,0.68218994140625,2,2643_128_512,True
2174,site14_225.png,512,384,0.02716064453125,0,2174_512_384,True
493,site3_540.png,0,512,0.0,0,493_0_512,False
2124,site14_169.png,512,256,0.0830078125,1,2124_512_256,True
823,site4_149.png,128,512,0.0,0,823_128_512,False
3076,site13_83.png,0,128,1.0,2,3076_0_128,True
3088,site13_97.png,0,384,0.0,0,3088_0_384,False
2520,site12_123.png,512,384,0.0,0,2520_512_384,False
2354,site15_106.png,0,128,1.0,2,2354_0_128,True
2086,site14_128.png,0,384,0.0,0,2086_0_384,False
4493,site16_433.png,384,256,0.0,0,4493_384_256,False
2972,site8_198.png,256,384,0.2225341796875,1,2972_256_384,True
3229,site2_64.png,128,512,0.48419189453125,2,3229_128_512,True
4875,site16_875.png,384,0,0.23590087890625,1,4875_384_0,True
990,site5_151.png,0,256,0.6572265625,2,990_0_256,True
2233,site14_294.png,256,128,0.3277587890625,1,2233_256_128,True
2904,site8_123.png,512,256,0.0,0,2904_512_256,False
992,site5_153.png,384,128,0.0,0,992_384_128,False
1763,site6_952.png,256,128,1.0,2,1763_256_128,True
2342,site15_93.png,384,128,0.09149169921875,1,2342_384_128,True
2336,site15_86.png,0,128,0.44683837890625,2,2336_0_128,True
2530,site12_134.png,512,0,0.0,0,2530_512_0,False
2612,site17_21.png,512,256,0.0006103515625,0,2612_512_256,True
2052,site14_88.png,256,0,0.00860595703125,0,2052_256_0,True
2208,site14_265.png,384,384,0.88653564453125,2,2208_384_384,True
3723,site11_460.png,384,0,1.0,2,3723_384_0,True
2578,site12_186.png,128,384,0.0,0,2578_128_384,False
577,site3_635.png,0,0,0.0,0,577_0_0,False
1638,site6_784.png,512,0,0.0,0,1638_512_0,False
2926,site8_147.png,128,256,0.4935302734375,2,2926_128_256,True
1931,site9_39.png,256,512,0.03045654296875,0,1931_256_512,True
2659,site17_76.png,256,384,0.0,0,2659_256_384,False
3722,site11_459.png,384,128,0.0,0,3722_384_128,False
2041,site14_75.png,384,128,0.0592041015625,1,2041_384_128,True
4726,site16_694.png,128,512,0.32269287109375,1,4726_128_512,True
3068,site13_73.png,512,384,1.0,2,3068_512_384,True
3079,site13_86.png,256,512,0.58209228515625,2,3079_256_512,True
519,site3_569.png,0,384,0.0,0,519_0_384,False
473,site3_517.png,128,384,0.11505126953125,1,473_128_384,True
3072,site13_77.png,0,128,0.9097900390625,2,3072_0_128,True
1948,site9_62.png,384,0,1.0,2,1948_384_0,True
3086,site13_95.png,256,0,0.0,0,3086_256_0,False
987,site5_148.png,512,0,0.0,0,987_512_0,False
3131,site13_148.png,512,128,0.13079833984375,1,3131_512_128,True
1714,site6_885.png,128,0,0.0,0,1714_128_0,False
969,site5_128.png,0,384,1.0,2,969_0_384,True
3655,site11_390.png,256,128,0.02423095703125,0,3655_256_128,True
2518,site12_121.png,0,512,0.7633056640625,2,2518_0_512,True
2236,site14_297.png,128,0,0.41522216796875,2,2236_128_0,True
1952,site9_69.png,0,512,0.0,0,1952_0_512,False
416,site3_454.png,384,256,0.44183349609375,2,416_384_256,True
1299,site6_334.png,128,0,0.0,0,1299_128_0,False
2915,site8_135.png,512,0,0.0,0,2915_512_0,False
1826,site6_1037.png,128,512,0.0,0,1826_128_512,False
914,site5_63.png,128,384,1.0,2,914_128_384,True
940,site5_95.png,384,0,0.0,0,940_384_0,False
3067,site13_72.png,128,128,0.96710205078125,2,3067_128_128,True
3099,site13_112.png,512,256,1.0,2,3099_512_256,True
4699,site16_664.png,512,128,0.0,0,4699_512_128,False
2086,site14_128.png,128,512,0.228515625,1,2086_128_512,True
2204,site14_258.png,0,384,0.0,0,2204_0_384,False
865,site4_194.png,384,0,0.0,0,865_384_0,False
3125,site13_142.png,128,128,0.0655517578125,1,3125_128_128,True
4402,site16_330.png,128,256,0.0,0,4402_128_256,False
2140,site14_186.png,0,384,1.0,2,2140_0_384,True
949,site5_104.png,0,0,0.0,0,949_0_0,False
2740,site1_56.png,384,384,0.0,0,2740_384_384,False
1778,site6_967.png,256,256,0.0,0,1778_256_256,False
4875,site16_875.png,256,512,0.0,0,4875_256_512,False
3724,site11_461.png,512,512,0.0,0,3724_512_512,False
2192,site14_246.png,512,512,0.0,0,2192_512_512,False
2036,site14_70.png,128,256,0.0,0,2036_128_256,False
3820,site11_560.png,384,384,0.0,0,3820_384_384,False
1787,site6_986.png,384,0,1.0,2,1787_384_0,True
2945,site8_168.png,256,384,0.0,0,2945_256_384,False
4702,site16_667.png,128,256,0.01226806640625,0,4702_128_256,True
2074,site14_113.png,0,384,0.30218505859375,1,2074_0_384,True
4730,site16_698.png,384,512,0.0,0,4730_384_512,False
4637,site16_587.png,0,256,0.0,0,4637_0_256,False
2611,site17_20.png,384,0,1.0,2,2611_384_0,True
4565,site16_509.png,0,128,0.0,0,4565_0_128,False
328,site3_360.png,512,384,0.0,0,328_512_384,False
606,site3_668.png,128,0,0.0,0,606_128_0,False
888,site5_28.png,128,128,0.0,0,888_128_128,False
1520,site6_624.png,256,0,0.0,0,1520_256_0,False
1812,site6_1023.png,384,256,0.0,0,1812_384_256,False
2726,site1_41.png,0,128,0.0,0,2726_0_128,False
3089,site13_98.png,256,384,0.0,0,3089_256_384,False
3690,site11_426.png,0,512,0.0,0,3690_0_512,False
4808,site16_793.png,256,512,0.0,0,4808_256_512,False
583,site3_641.png,0,0,0.0,0,583_0_0,False
848,site4_175.png,512,256,0.0,0,848_512_256,False
2831,site8_36.png,512,512,1.0,2,2831_512_512,True
3086,site13_95.png,384,512,0.0,0,3086_384_512,False
3166,site13_192.png,128,0,0.60662841796875,2,3166_128_0,True
2176,site14_227.png,128,512,0.0,0,2176_128_512,False
915,site5_64.png,512,512,0.0,0,915_512_512,False
1168,site6_137.png,128,128,0.0,0,1168_128_128,False
2786,site1_110.png,256,128,0.02313232421875,0,2786_256_128,True
2924,site8_145.png,384,256,0.1402587890625,1,2924_384_256,True
3024,site13_8.png,384,256,0.0,0,3024_384_256,False
2641,site17_56.png,512,128,1.0,2,2641_512_128,True
3723,site11_460.png,512,256,0.25250244140625,1,3723_512_256,True
1168,site6_137.png,0,256,0.0,0,1168_0_256,False
2763,site1_83.png,128,256,0.06732177734375,1,2763_128_256,True
760,site4_81.png,0,128,0.0,0,760_0_128,False
2685,site10_20.png,384,384,0.0,0,2685_384_384,False
2564,site12_170.png,0,128,0.0,0,2564_0_128,False
1762,site6_951.png,512,0,0.72344970703125,2,1762_512_0,True
2053,site14_89.png,256,512,0.0,0,2053_256_512,False
2504,site12_106.png,0,256,0.0,0,2504_0_256,False
2685,site10_20.png,128,512,0.44720458984375,2,2685_128_512,True
329,site3_361.png,384,384,0.2486572265625,1,329_384_384,True
915,site5_64.png,256,0,1.0,2,915_256_0,True
1060,site5_227.png,384,128,0.83056640625,2,1060_384_128,True
1785,site6_984.png,512,128,1.0,2,1785_512_128,True
790,site4_113.png,384,256,1.0,2,790_384_256,True
3143,site13_163.png,256,128,0.07427978515625,1,3143_256_128,True
493,site3_540.png,256,512,0.0,0,493_256_512,False
2272,site14_356.png,0,512,0.0,0,2272_0_512,False
2605,site17_12.png,512,256,0.0,0,2605_512_256,False
3069,site13_74.png,0,512,1.0,2,3069_0_512,True
2655,site17_72.png,384,0,0.0,0,2655_384_0,False
2423,site12_19.png,384,128,0.0,0,2423_384_128,False
849,site4_176.png,128,128,0.0,0,849_128_128,False
3788,site11_527.png,384,128,0.33245849609375,1,3788_384_128,True
2963,site8_188.png,256,0,0.0,0,2963_256_0,False
359,site3_392.png,256,128,0.10205078125,1,359_256_128,True
1741,site6_920.png,256,128,0.0,0,1741_256_128,False
3756,site11_494.png,384,0,0.0,0,3756_384_0,False
577,site3_635.png,384,128,0.01397705078125,0,577_384_128,True
2924,site8_145.png,256,128,0.0,0,2924_256_128,False
2550,site12_155.png,0,0,0.0,0,2550_0_0,False
2056,site14_92.png,0,0,0.0,0,2056_0_0,False
548,site3_601.png,128,128,0.04052734375,0,548_128_128,True
963,site5_120.png,512,0,0.0,0,963_512_0,False
2444,site12_41.png,128,512,1.0,2,2444_128_512,True
3130,site13_147.png,256,512,1.0,2,3130_256_512,True
2797,site1_123.png,256,0,1.0,2,2797_256_0,True
903,site5_48.png,512,0,0.0,0,903_512_0,False
3790,site11_529.png,128,384,0.23553466796875,1,3790_128_384,True
122,site3_143.png,384,384,0.0,0,122_384_384,False
3024,site13_8.png,384,128,0.0,0,3024_384_128,False
2830,site8_35.png,0,512,0.0,0,2830_0_512,False
2100,site14_144.png,256,128,0.849365234375,2,2100_256_128,True
2730,site1_45.png,128,384,0.05242919921875,1,2730_128_384,True
2499,site12_101.png,128,384,0.14678955078125,1,2499_128_384,True
823,site4_149.png,0,128,0.0,0,823_0_128,False
3097,site13_108.png,0,128,0.35308837890625,1,3097_0_128,True
2492,site12_93.png,256,384,1.0,2,2492_256_384,True
1786,site6_985.png,128,0,1.0,2,1786_128_0,True
4750,site16_722.png,256,512,0.0,0,4750_256_512,False
2642,site17_57.png,128,512,1.0,2,2642_128_512,True
2442,site12_39.png,0,256,0.61968994140625,2,2442_0_256,True
947,site5_102.png,384,0,0.0,0,947_384_0,False
389,site3_424.png,384,0,0.0,0,389_384_0,False
609,site3_671.png,128,128,0.0,0,609_128_128,False
2052,site14_88.png,0,256,0.80694580078125,2,2052_0_256,True
1543,site6_656.png,384,256,0.0,0,1543_384_256,False
789,site4_112.png,0,384,0.0,0,789_0_384,False
2970,site8_196.png,128,256,0.0,0,2970_128_256,False
850,site4_177.png,128,512,0.0,0,850_128_512,False
1054,site5_221.png,256,0,0.0,0,1054_256_0,False
1918,site9_19.png,512,0,1.0,2,1918_512_0,True
2218,site14_275.png,256,384,0.0,0,2218_256_384,False
3164,site13_188.png,512,256,0.0,0,3164_512_256,False
936,site5_91.png,512,384,0.0,0,936_512_384,False
4377,site16_304.png,256,512,0.0,0,4377_256_512,False
4752,site16_724.png,128,512,0.18109130859375,1,4752_128_512,True
2653,site17_70.png,256,256,0.3265380859375,1,2653_256_256,True
2765,site1_85.png,256,0,0.0,0,2765_256_0,False
3158,site13_182.png,512,384,0.0,0,3158_512_384,False
3132,site13_149.png,0,128,0.0,0,3132_0_128,False
1764,site6_953.png,512,384,0.0,0,1764_512_384,False
1950,site9_64.png,128,512,0.1759033203125,1,1950_128_512,True
2161,site14_210.png,512,256,0.002685546875,0,2161_512_256,True
1261,site6_276.png,0,512,0.0,0,1261_0_512,False
2643,site17_58.png,256,0,0.0,0,2643_256_0,False
326,site3_358.png,512,256,0.0,0,326_512_256,False
415,site3_453.png,128,128,0.0,0,415_128_128,False
1586,site6_715.png,512,384,0.01904296875,0,1586_512_384,True
2059,site14_95.png,256,256,0.0,0,2059_256_256,False
4614,site16_562.png,384,128,0.2640380859375,1,4614_384_128,True
2972,site8_198.png,0,128,0.0,0,2972_0_128,False
3134,site13_152.png,0,384,0.9075927734375,2,3134_0_384,True
1205,site6_198.png,256,384,0.0,0,1205_256_384,False
1738,site6_917.png,128,512,0.08624267578125,1,1738_128_512,True
3095,site13_106.png,384,256,0.12615966796875,1,3095_384_256,True
923,site5_76.png,512,256,0.0,0,923_512_256,False
181,site3_206.png,384,384,0.14959716796875,1,181_384_384,True
2100,site14_144.png,0,512,0.0,0,2100_0_512,False
1624,site6_762.png,128,512,0.0,0,1624_128_512,False
408,site3_446.png,512,512,0.0,0,408_512_512,False
777,site4_99.png,384,256,0.0,0,777_384_256,False
2514,site12_117.png,0,512,0.59906005859375,2,2514_0_512,True
3686,site11_422.png,0,512,0.0,0,3686_0_512,False
4969,site16_1004.png,512,256,0.049560546875,0,4969_512_256,True
2963,site8_188.png,128,384,0.0,0,2963_128_384,False
1129,site6_84.png,128,384,0.0,0,1129_128_384,False
3190,site13_219.png,128,256,0.0,0,3190_128_256,False
2123,site14_168.png,128,512,0.15106201171875,1,2123_128_512,True
502,site3_549.png,384,512,0.0,0,502_384_512,False
912,site5_61.png,0,128,0.0,0,912_0_128,False
1954,site9_71.png,128,0,1.0,2,1954_128_0,True
2500,site12_102.png,128,384,0.0,0,2500_128_384,False
1738,site6_917.png,256,384,0.0,0,1738_256_384,False
2102,site14_146.png,0,256,0.97979736328125,2,2102_0_256,True
1544,site6_657.png,0,512,0.9254150390625,2,1544_0_512,True
2675,site7_7.png,384,256,0.41265869140625,2,2675_384_256,True
3242,site2_79.png,128,128,0.13848876953125,1,3242_128_128,True
4493,site16_433.png,0,128,1.0,2,4493_0_128,True
3047,site13_47.png,0,384,1.0,2,3047_0_384,True
3228,site2_63.png,384,256,0.6590576171875,2,3228_384_256,True
3058,site13_62.png,384,384,0.5626220703125,2,3058_384_384,True
3693,site11_429.png,512,384,0.0,0,3693_512_384,False
2721,site1_35.png,384,384,0.0,0,2721_384_384,False
2218,site14_275.png,128,512,0.0,0,2218_128_512,False
2986,site8_214.png,512,512,0.0,0,2986_512_512,False
532,site3_582.png,256,0,0.0,0,532_256_0,False
3721,site11_458.png,384,128,0.0,0,3721_384_128,False
2203,site14_257.png,0,128,0.10400390625,1,2203_0_128,True
2640,site17_55.png,512,128,0.0,0,2640_512_128,False
847,site4_174.png,0,128,0.0,0,847_0_128,False
4751,site16_723.png,0,128,0.0,0,4751_0_128,False
4770,site16_747.png,512,512,0.0,0,4770_512_512,False
1007,site5_169.png,256,512,0.95269775390625,2,1007_256_512,True
1084,site5_257.png,384,384,0.0,0,1084_384_384,False
3251,site2_90.png,512,512,0.38604736328125,1,3251_512_512,True
2463,site12_61.png,256,512,1.0,2,2463_256_512,True
3125,site13_142.png,512,0,1.0,2,3125_512_0,True
3158,site13_182.png,384,512,0.140380859375,1,3158_384_512,True
3120,site13_136.png,128,256,0.999267578125,2,3120_128_256,True
1524,site6_637.png,256,128,0.04364013671875,0,1524_256_128,True
295,site3_325.png,512,256,0.0,0,295_512_256,False
2362,site15_115.png,128,128,0.8411865234375,2,2362_128_128,True
3060,site13_64.png,128,512,1.0,2,3060_128_512,True
1925,site9_30.png,128,384,0.15911865234375,1,1925_128_384,True
2445,site12_42.png,0,384,0.9017333984375,2,2445_0_384,True
1227,site6_231.png,256,256,1.0,2,1227_256_256,True
4569,site16_513.png,384,512,0.0,0,4569_384_512,False
2441,site12_38.png,384,256,0.32232666015625,1,2441_384_256,True
992,site5_153.png,256,128,0.0,0,992_256_128,False
972,site5_131.png,0,128,0.0,0,972_0_128,False
2504,site12_106.png,384,0,0.8892822265625,2,2504_384_0,True
1205,site6_198.png,256,512,0.0,0,1205_256_512,False
1788,site6_987.png,512,128,0.16046142578125,1,1788_512_128,True
2964,site8_189.png,256,256,0.0,0,2964_256_256,False
3719,site11_456.png,0,512,0.06634521484375,1,3719_0_512,True
1741,site6_920.png,128,512,0.0,0,1741_128_512,False
2689,site10_28.png,0,256,0.49627685546875,2,2689_0_256,True
755,site4_76.png,0,512,0.0,0,755_0_512,False
2979,site8_206.png,0,0,0.29119873046875,1,2979_0_0,True
2351,site15_103.png,128,0,0.0,0,2351_128_0,False
3130,site13_147.png,384,256,0.93487548828125,2,3130_384_256,True
2686,site10_21.png,384,0,0.0,0,2686_384_0,False
3133,site13_151.png,0,128,0.0,0,3133_0_128,False
2197,site14_251.png,128,384,0.0,0,2197_128_384,False
983,site5_142.png,256,0,0.0,0,983_256_0,False
265,site3_294.png,128,512,0.0,0,265_128_512,False
1493,site6_589.png,384,0,0.0,0,1493_384_0,False
1059,site5_226.png,512,384,0.0,0,1059_512_384,False
4589,site16_535.png,256,256,0.0,0,4589_256_256,False
987,site5_148.png,384,384,0.0,0,987_384_384,False
2509,site12_111.png,128,128,0.0,0,2509_128_128,False
603,site3_665.png,256,0,0.13177490234375,1,603_256_0,True
2438,site12_35.png,512,0,0.59814453125,2,2438_512_0,True
678,site3_766.png,384,384,0.0,0,678_384_384,False
1776,site6_965.png,0,128,0.0,0,1776_0_128,False
3721,site11_458.png,384,0,0.0,0,3721_384_0,False
2234,site14_295.png,128,512,0.04107666015625,0,2234_128_512,True
2436,site12_33.png,256,128,0.41851806640625,2,2436_256_128,True
526,site3_576.png,512,0,0.26129150390625,1,526_512_0,True
961,site5_118.png,256,0,0.0,0,961_256_0,False
939,site5_94.png,256,0,0.0,0,939_256_0,False
992,site5_153.png,0,256,0.60296630859375,2,992_0_256,True
2444,site12_41.png,384,0,0.22833251953125,1,2444_384_0,True
1925,site9_30.png,128,512,0.0,0,1925_128_512,False
2745,site1_61.png,512,128,0.0,0,2745_512_128,False
4726,site16_694.png,256,128,0.0,0,4726_256_128,False
2460,site12_58.png,128,0,1.0,2,2460_128_0,True
3011,site8_244.png,128,128,0.09423828125,1,3011_128_128,True
4468,site16_406.png,0,0,0.0,0,4468_0_0,False
2537,site12_141.png,256,128,0.86883544921875,2,2537_256_128,True
1493,site6_589.png,512,128,0.0,0,1493_512_128,False
2492,site12_93.png,0,0,1.0,2,2492_0_0,True
972,site5_131.png,384,512,0.63250732421875,2,972_384_512,True
3018,site8_254.png,256,512,0.9383544921875,2,3018_256_512,True
2087,site14_129.png,0,512,0.29730224609375,1,2087_0_512,True
2354,site15_106.png,256,512,0.65911865234375,2,2354_256_512,True
3111,site13_126.png,384,0,0.036376953125,0,3111_384_0,True
2943,site8_166.png,128,512,0.7501220703125,2,2943_128_512,True
3156,site13_178.png,384,384,0.1165771484375,1,3156_384_384,True
2689,site10_28.png,256,256,0.0,0,2689_256_256,False
3656,site11_391.png,256,128,0.0,0,3656_256_128,False
2324,site15_73.png,384,0,0.0,0,2324_384_0,False
822,site4_148.png,128,0,0.0,0,822_128_0,False
3161,site13_185.png,0,512,0.0,0,3161_0_512,False
1053,site5_220.png,128,128,0.1407470703125,1,1053_128_128,True
3228,site2_63.png,0,0,0.0,0,3228_0_0,False
1924,site9_29.png,384,256,0.820068359375,2,1924_384_256,True
1948,site9_62.png,256,256,1.0,2,1948_256_256,True
3820,site11_560.png,512,256,0.0,0,3820_512_256,False
2236,site14_297.png,0,384,0.00213623046875,0,2236_0_384,True
3023,site13_7.png,384,128,0.2437744140625,1,3023_384_128,True
557,site3_610.png,512,256,0.125244140625,1,557_512_256,True
2272,site14_356.png,0,256,0.0,0,2272_0_256,False
1404,site6_474.png,0,256,0.0,0,1404_0_256,False
3169,site13_195.png,256,128,0.0,0,3169_256_128,False
3241,site2_78.png,384,128,0.00164794921875,0,3241_384_128,True
2086,site14_128.png,256,0,0.0,0,2086_256_0,False
1940,site9_51.png,0,384,1.0,2,1940_0_384,True
2643,site17_58.png,384,0,0.0,0,2643_384_0,False
263,site3_292.png,512,512,0.0,0,263_512_512,False
1083,site5_256.png,384,384,0.0,0,1083_384_384,False
2478,site12_78.png,0,512,1.0,2,2478_0_512,True
3228,site2_63.png,0,512,0.0,0,3228_0_512,False
4493,site16_433.png,0,256,1.0,2,4493_0_256,True
2371,site15_126.png,128,256,0.0,0,2371_128_256,False
1948,site9_62.png,128,512,1.0,2,1948_128_512,True
94,site3_112.png,128,384,0.14752197265625,1,94_128_384,True
887,site5_27.png,512,256,0.0,0,887_512_256,False
1967,site9_90.png,384,384,0.0,0,1967_384_384,False
2203,site14_257.png,0,512,0.6258544921875,2,2203_0_512,True
774,site4_96.png,256,0,1.0,2,774_256_0,True
2730,site1_45.png,512,512,0.0,0,2730_512_512,False
3722,site11_459.png,384,512,0.0,0,3722_384_512,False
847,site4_174.png,256,128,0.0,0,847_256_128,False
4468,site16_406.png,512,512,1.0,2,4468_512_512,True
2964,site8_189.png,256,0,0.0,0,2964_256_0,False
2068,site14_107.png,384,128,0.259033203125,1,2068_384_128,True
1035,site5_200.png,128,256,1.0,2,1035_128_256,True
3024,site13_8.png,0,128,0.0,0,3024_0_128,False
2500,site12_102.png,512,128,1.0,2,2500_512_128,True
2091,site14_133.png,256,512,0.0,0,2091_256_512,False
3142,site13_162.png,512,512,0.0,0,3142_512_512,False
3266,site2_107.png,512,256,0.0,0,3266_512_256,False
2646,site17_61.png,128,256,0.5035400390625,2,2646_128_256,True
2102,site14_146.png,384,384,0.948974609375,2,2102_384_384,True
1552,site6_673.png,512,0,0.28125,1,1552_512_0,True
4569,site16_513.png,128,256,0.0,0,4569_128_256,False
3070,site13_75.png,0,256,1.0,2,3070_0_256,True
1931,site9_39.png,0,256,0.0,0,1931_0_256,False
775,site4_97.png,256,384,0.74053955078125,2,775_256_384,True
949,site5_104.png,0,512,0.0,0,949_0_512,False
2786,site1_110.png,0,256,0.2713623046875,1,2786_0_256,True
122,site3_143.png,384,0,0.4549560546875,2,122_384_0,True
123,site3_144.png,0,128,0.0,0,123_0_128,False
291,site3_321.png,512,384,0.13653564453125,1,291_512_384,True
526,site3_576.png,384,512,0.0,0,526_384_512,False
1044,site5_209.png,256,384,0.24700927734375,1,1044_256_384,True
2648,site17_63.png,384,512,1.0,2,2648_384_512,True
2602,site17_9.png,512,128,1.0,2,2602_512_128,True
3107,site13_122.png,512,512,0.0,0,3107_512_512,False
2057,site14_93.png,384,256,0.503662109375,2,2057_384_256,True
3079,site13_86.png,128,256,0.39117431640625,1,3079_128_256,True
3788,site11_527.png,256,128,0.98883056640625,2,3788_256_128,True
528,site3_578.png,128,0,0.0,0,528_128_0,False
2492,site12_93.png,256,128,1.0,2,2492_256_128,True
3094,site13_105.png,256,384,0.00531005859375,0,3094_256_384,True
4855,site16_850.png,512,128,0.0,0,4855_512_128,False
3240,site2_77.png,512,384,0.0,0,3240_512_384,False
865,site4_194.png,256,256,0.00042724609375,0,865_256_256,True
2082,site14_124.png,256,384,0.538818359375,2,2082_256_384,True
3724,site11_461.png,128,384,0.0,0,3724_128_384,False
2463,site12_61.png,0,0,0.793212890625,2,2463_0_0,True
269,site3_298.png,0,0,0.0423583984375,0,269_0_0,True
3116,site13_132.png,384,0,0.12103271484375,1,3116_384_0,True
3820,site11_560.png,384,256,0.0,0,3820_384_256,False
630,site3_697.png,0,0,0.03118896484375,0,630_0_0,True
1054,site5_221.png,0,128,0.0,0,1054_0_128,False
1571,site6_692.png,384,384,0.78369140625,2,1571_384_384,True
2970,site8_196.png,256,0,0.0,0,2970_256_0,False
984,site5_145.png,384,0,1.0,2,984_384_0,True
3166,site13_192.png,256,0,0.0032958984375,0,3166_256_0,True
1938,site9_49.png,384,0,0.0,0,1938_384_0,False
1728,site6_899.png,256,0,0.0,0,1728_256_0,False
2962,site8_187.png,0,256,0.13525390625,1,2962_0_256,True
2160,site14_209.png,128,256,0.31793212890625,1,2160_128_256,True
584,site3_642.png,0,256,0.0,0,584_0_256,False
1036,site5_201.png,256,128,0.0,0,1036_256_128,False
997,site5_158.png,128,256,0.0,0,997_128_256,False
2119,site14_164.png,0,128,0.0,0,2119_0_128,False
2334,site15_84.png,256,512,0.06341552734375,1,2334_256_512,True
2995,site8_224.png,0,512,0.0,0,2995_0_512,False
3107,site13_122.png,0,128,0.1287841796875,1,3107_0_128,True
2730,site1_45.png,128,128,0.99420166015625,2,2730_128_128,True
1776,site6_965.png,128,128,0.0,0,1776_128_128,False
580,site3_638.png,128,0,0.0,0,580_128_0,False
3125,site13_142.png,0,384,0.0,0,3125_0_384,False
519,site3_569.png,256,0,0.0,0,519_256_0,False
3722,site11_459.png,0,512,0.13824462890625,1,3722_0_512,True
293,site3_323.png,256,384,0.1131591796875,1,293_256_384,True
556,site3_609.png,128,0,0.0,0,556_128_0,False
2848,site8_58.png,384,512,0.0,0,2848_384_512,False
3123,site13_139.png,0,384,0.78094482421875,2,3123_0_384,True
987,site5_148.png,384,256,0.0,0,987_384_256,False
1129,site6_84.png,256,384,0.0,0,1129_256_384,False
2341,site15_92.png,0,384,0.0,0,2341_0_384,False
2500,site12_102.png,128,128,0.16412353515625,1,2500_128_128,True
2848,site8_58.png,256,128,0.0,0,2848_256_128,False
1961,site9_81.png,128,384,0.0,0,1961_128_384,False
740,site4_60.png,384,0,0.0,0,740_384_0,False
519,site3_569.png,0,256,0.0,0,519_0_256,False
2824,site8_25.png,512,128,0.0,0,2824_512_128,False
1943,site9_57.png,256,256,1.0,2,1943_256_256,True
2036,site14_70.png,128,128,0.0,0,2036_128_128,False
1215,site6_208.png,384,0,0.0,0,1215_384_0,False
3241,site2_78.png,128,0,0.271728515625,1,3241_128_0,True
1638,site6_784.png,512,128,0.0,0,1638_512_128,False
4748,site16_720.png,384,128,0.0,0,4748_384_128,False
3724,site11_461.png,128,256,0.39752197265625,1,3724_128_256,True
1737,site6_916.png,0,512,0.9986572265625,2,1737_0_512,True
1068,site5_237.png,256,128,1.0,2,1068_256_128,True
3101,site13_114.png,512,512,0.91522216796875,2,3101_512_512,True
2786,site1_110.png,384,384,1.0,2,2786_384_384,True
2972,site8_198.png,0,0,0.0,0,2972_0_0,False
1299,site6_334.png,128,128,0.0,0,1299_128_128,False
2437,site12_34.png,0,128,0.0902099609375,1,2437_0_128,True
789,site4_112.png,128,128,0.0,0,789_128_128,False
585,site3_643.png,384,256,0.46002197265625,2,585_384_256,True
758,site4_79.png,512,256,0.765869140625,2,758_512_256,True
2839,site8_47.png,0,128,0.409912109375,2,2839_0_128,True
291,site3_321.png,128,256,0.0,0,291_128_256,False
1254,site6_269.png,384,384,0.0,0,1254_384_384,False
3288,site2_132.png,384,512,0.02191162109375,0,3288_384_512,True
352,site3_385.png,128,128,0.0,0,352_128_128,False
994,site5_155.png,0,0,0.0,0,994_0_0,False
1605,site6_743.png,384,256,0.0137939453125,0,1605_384_256,True
2513,site12_116.png,0,128,0.0,0,2513_0_128,False
2485,site12_86.png,0,128,0.53436279296875,2,2485_0_128,True
948,site5_103.png,384,0,0.0,0,948_384_0,False
1054,site5_221.png,384,384,0.10015869140625,1,1054_384_384,True
756,site4_77.png,512,256,1.0,2,756_512_256,True
2191,site14_245.png,512,0,0.980712890625,2,2191_512_0,True
1404,site6_474.png,128,384,0.0,0,1404_128_384,False
4702,site16_667.png,384,256,0.00238037109375,0,4702_384_256,True
1741,site6_920.png,256,256,0.0,0,1741_256_256,False
4877,site16_877.png,0,128,0.0001220703125,0,4877_0_128,True
1776,site6_965.png,128,256,0.0,0,1776_128_256,False
1552,site6_673.png,0,384,0.0,0,1552_0_384,False
1086,site5_259.png,0,512,0.0,0,1086_0_512,False
2236,site14_297.png,256,256,0.6300048828125,2,2236_256_256,True
2336,site15_86.png,128,0,0.251708984375,1,2336_128_0,True
3626,site11_360.png,256,384,0.0,0,3626_256_384,False
2529,site12_133.png,384,512,0.0,0,2529_384_512,False
2960,site8_185.png,384,128,0.57525634765625,2,2960_384_128,True
2365,site15_118.png,384,128,1.0,2,2365_384_128,True
2517,site12_120.png,512,128,1.0,2,2517_512_128,True
3821,site11_561.png,256,128,0.0,0,3821_256_128,False
503,site3_550.png,0,128,0.0,0,503_0_128,False
2190,site14_244.png,0,256,0.0,0,2190_0_256,False
2955,site8_179.png,0,384,0.0003662109375,0,2955_0_384,True
1939,site9_50.png,512,384,1.0,2,1939_512_384,True
1054,site5_221.png,384,512,0.0,0,1054_384_512,False
2191,site14_245.png,384,384,0.107177734375,1,2191_384_384,True
916,site5_65.png,256,128,0.0,0,916_256_128,False
3718,site11_455.png,128,0,0.02679443359375,0,3718_128_0,True
817,site4_141.png,256,384,0.0,0,817_256_384,False
2447,site12_44.png,256,128,0.0,0,2447_256_128,False
2478,site12_78.png,512,128,1.0,2,2478_512_128,True
2653,site17_70.png,384,512,0.593017578125,2,2653_384_512,True
1016,site5_178.png,256,256,0.0,0,1016_256_256,False
2611,site17_20.png,128,128,1.0,2,2611_128_128,True
327,site3_359.png,0,128,0.120361328125,1,327_0_128,True
2236,site14_297.png,0,128,0.32989501953125,1,2236_0_128,True
1440,site6_518.png,384,384,0.20928955078125,1,1440_384_384,True
210,site3_237.png,384,128,0.28375244140625,1,210_384_128,True
936,site5_91.png,256,384,0.0,0,936_256_384,False
2490,site12_91.png,0,384,1.0,2,2490_0_384,True
3046,site13_46.png,128,0,1.0,2,3046_128_0,True
269,site3_298.png,384,128,0.0745849609375,1,269_384_128,True
2726,site1_41.png,128,128,0.02191162109375,0,2726_128_128,True
2144,site14_190.png,384,0,0.93658447265625,2,2144_384_0,True
604,site3_666.png,0,384,0.9742431640625,2,604_0_384,True
2923,site8_144.png,128,512,0.04571533203125,0,2923_128_512,True
2538,site12_142.png,0,384,1.0,2,2538_0_384,True
900,site5_45.png,256,128,0.0020751953125,0,900_256_128,True
2463,site12_61.png,0,128,0.99200439453125,2,2463_0_128,True
2439,site12_36.png,0,128,0.3294677734375,1,2439_0_128,True
759,site4_80.png,384,0,0.0,0,759_384_0,False
3134,site13_152.png,0,256,0.97991943359375,2,3134_0_256,True
577,site3_635.png,256,128,0.0,0,577_256_128,False
1912,site9_6.png,0,0,0.0,0,1912_0_0,False
2442,site12_39.png,256,256,0.8704833984375,2,2442_256_256,True
4877,site16_877.png,512,384,0.0,0,4877_512_384,False
503,site3_550.png,512,256,0.0,0,503_512_256,False
789,site4_112.png,128,256,0.0,0,789_128_256,False
2914,site8_134.png,128,256,0.0,0,2914_128_256,False
2613,site17_22.png,256,256,0.0,0,2613_256_256,False
606,site3_668.png,0,256,0.0,0,606_0_256,False
2440,site12_37.png,256,0,0.0,0,2440_256_0,False
2657,site17_74.png,512,384,0.20343017578125,1,2657_512_384,True
3078,site13_85.png,0,0,1.0,2,3078_0_0,True
2086,site14_128.png,512,512,0.74884033203125,2,2086_512_512,True
1078,site5_247.png,0,0,0.13165283203125,1,1078_0_0,True
2237,site14_298.png,128,384,0.05670166015625,1,2237_128_384,True
1736,site6_915.png,256,512,1.0,2,1736_256_512,True
533,site3_583.png,384,512,0.0,0,533_384_512,False
2476,site12_76.png,256,512,0.0,0,2476_256_512,False
4773,site16_750.png,512,512,0.0,0,4773_512_512,False
1041,site5_206.png,384,384,1.0,2,1041_384_384,True
2067,site14_106.png,384,0,0.29248046875,1,2067_384_0,True
833,site4_159.png,256,384,0.0,0,833_256_384,False
1950,site9_64.png,128,256,0.0,0,1950_128_256,False
656,site3_731.png,256,384,0.0,0,656_256_384,False
1359,site6_412.png,512,384,0.0,0,1359_512_384,False
4729,site16_697.png,512,256,0.11822509765625,1,4729_512_256,True
2437,site12_34.png,384,128,0.2713623046875,1,2437_384_128,True
123,site3_144.png,256,0,0.0,0,123_256_0,False
4590,site16_536.png,512,256,0.91259765625,2,4590_512_256,True
1572,site6_693.png,0,128,0.068603515625,1,1572_0_128,True
533,site3_583.png,256,512,0.0,0,533_256_512,False
2402,site15_163.png,256,384,0.0,0,2402_256_384,False
832,site4_158.png,0,0,0.0,0,832_0_0,False
1096,site5_277.png,256,128,0.367431640625,1,1096_256_128,True
577,site3_635.png,0,128,0.0,0,577_0_128,False
2441,site12_38.png,0,128,0.0,0,2441_0_128,False
3151,site13_173.png,512,512,0.0,0,3151_512_512,False
23,site3_26.png,256,256,0.0323486328125,0,23_256_256,True
1692,site6_855.png,512,512,0.0,0,1692_512_512,False
3122,site13_138.png,256,256,1.0,2,3122_256_256,True
23,site3_26.png,384,128,0.0,0,23_384_128,False
2463,site12_61.png,384,256,1.0,2,2463_384_256,True
2456,site12_54.png,384,128,0.34539794921875,1,2456_384_128,True
1027,site5_190.png,0,0,1.0,2,1027_0_0,True
1649,site6_795.png,256,256,0.0,0,1649_256_256,False
3024,site13_8.png,512,512,0.0,0,3024_512_512,False
923,site5_76.png,512,0,0.0,0,923_512_0,False
1546,site6_659.png,0,0,0.153564453125,1,1546_0_0,True
4770,site16_747.png,256,128,0.0,0,4770_256_128,False
2934,site8_156.png,384,384,1.0,2,2934_384_384,True
3101,site13_114.png,0,256,1.0,2,3101_0_256,True
3132,site13_149.png,0,256,0.40966796875,2,3132_0_256,True
1763,site6_952.png,0,256,1.0,2,1763_0_256,True
2100,site14_144.png,384,128,0.99847412109375,2,2100_384_128,True
3592,site11_325.png,256,256,0.0,0,3592_256_256,False
2745,site1_61.png,0,0,0.0,0,2745_0_0,False
548,site3_601.png,0,128,0.01531982421875,0,548_0_128,True
3154,site13_176.png,256,512,0.0,0,3154_256_512,False
3190,site13_219.png,128,128,0.0,0,3190_128_128,False
4565,site16_509.png,0,0,0.0,0,4565_0_0,False
1948,site9_62.png,0,256,1.0,2,1948_0_256,True
3158,site13_182.png,0,128,1.0,2,3158_0_128,True
2372,site15_127.png,256,256,0.982177734375,2,2372_256_256,True
2838,site8_46.png,128,0,1.0,2,2838_128_0,True
526,site3_576.png,256,384,0.0,0,526_256_384,False
1586,site6_715.png,256,128,0.0,0,1586_256_128,False
3059,site13_63.png,0,384,0.72088623046875,2,3059_0_384,True
3314,site2_165.png,128,256,0.0,0,3314_128_256,False
916,site5_65.png,384,128,0.03948974609375,0,916_384_128,True
3099,site13_112.png,512,0,1.0,2,3099_512_0,True
1045,site5_210.png,128,256,0.0,0,1045_128_256,False
3162,site13_186.png,128,128,0.0,0,3162_128_128,False
1229,site6_233.png,256,384,0.0,0,1229_256_384,False
2565,site12_171.png,512,384,0.0,0,2565_512_384,False
1075,site5_244.png,384,0,0.0,0,1075_384_0,False
2366,site15_119.png,128,0,0.0,0,2366_128_0,False
522,site3_572.png,384,128,0.0,0,522_384_128,False
2117,site14_162.png,128,512,0.0,0,2117_128_512,False
2226,site14_287.png,256,512,0.0,0,2226_256_512,False
997,site5_158.png,256,0,0.0,0,997_256_0,False
2675,site7_7.png,256,256,0.16827392578125,1,2675_256_256,True
2124,site14_169.png,0,0,0.43280029296875,2,2124_0_0,True
3120,site13_136.png,512,256,1.0,2,3120_512_256,True
329,site3_361.png,256,128,0.28216552734375,1,329_256_128,True
916,site5_65.png,512,256,0.414794921875,2,916_512_256,True
1023,site5_186.png,0,128,0.60504150390625,2,1023_0_128,True
1586,site6_715.png,384,0,0.0,0,1586_384_0,False
533,site3_583.png,512,384,0.0,0,533_512_384,False
3240,site2_77.png,0,128,0.0,0,3240_0_128,False
1715,site6_886.png,512,384,0.0,0,1715_512_384,False
2072,site14_111.png,256,128,0.0,0,2072_256_128,False
2564,site12_170.png,384,512,1.0,2,2564_384_512,True
3138,site13_156.png,384,384,1.0,2,3138_384_384,True
3169,site13_195.png,512,0,0.0,0,3169_512_0,False
2646,site17_61.png,256,512,1.0,2,2646_256_512,True
3026,site13_17.png,512,384,0.0,0,3026_512_384,False
2220,site14_277.png,512,384,0.3868408203125,1,2220_512_384,True
4703,site16_668.png,256,512,0.4385986328125,2,4703_256_512,True
1624,site6_762.png,256,0,0.35906982421875,1,1624_256_0,True
2124,site14_169.png,128,256,0.00018310546875,0,2124_128_256,True
2470,site12_70.png,0,256,0.5240478515625,2,2470_0_256,True
2513,site12_116.png,256,256,0.0,0,2513_256_256,False
1044,site5_209.png,512,0,1.0,2,1044_512_0,True
2355,site15_107.png,128,128,0.0,0,2355_128_128,False
4492,site16_432.png,256,256,0.52093505859375,2,4492_256_256,True
1078,site5_247.png,512,256,0.27093505859375,1,1078_512_256,True
3089,site13_98.png,0,512,0.63232421875,2,3089_0_512,True
1912,site9_6.png,128,0,0.0,0,1912_128_0,False
2324,site15_73.png,512,256,0.0,0,2324_512_256,False
2423,site12_19.png,0,256,0.0,0,2423_0_256,False
1941,site9_52.png,0,128,1.0,2,1941_0_128,True
1779,site6_968.png,0,384,0.033203125,0,1779_0_384,True
2674,site7_6.png,0,256,0.26898193359375,1,2674_0_256,True
293,site3_323.png,512,512,0.0,0,293_512_512,False
1061,site5_228.png,0,256,0.32061767578125,1,1061_0_256,True
3658,site11_393.png,0,128,0.0,0,3658_0_128,False
903,site5_48.png,0,384,1.0,2,903_0_384,True
415,site3_453.png,512,256,0.0,0,415_512_256,False
4743,site16_715.png,384,384,0.0,0,4743_384_384,False
2334,site15_84.png,256,0,0.2132568359375,1,2334_256_0,True
2331,site15_81.png,128,384,0.0,0,2331_128_384,False
603,site3_665.png,384,512,0.1072998046875,1,603_384_512,True
2235,site14_296.png,384,384,0.16778564453125,1,2235_384_384,True
4469,site16_407.png,0,128,1.0,2,4469_0_128,True
2904,site8_123.png,0,384,0.0,0,2904_0_384,False
1493,site6_589.png,512,0,0.0,0,1493_512_0,False
3181,site13_209.png,512,512,0.44879150390625,2,3181_512_512,True
2067,site14_106.png,384,128,1.0,2,2067_384_128,True
2733,site1_48.png,128,128,0.00750732421875,0,2733_128_128,True
4875,site16_875.png,128,128,0.0,0,4875_128_128,False
891,site5_31.png,0,0,0.0,0,891_0_0,False
3054,site13_56.png,384,384,0.0,0,3054_384_384,False
3286,site2_130.png,512,128,0.0166015625,0,3286_512_128,True
3089,site13_98.png,0,256,0.1434326171875,1,3089_0_256,True
2924,site8_145.png,512,384,0.1607666015625,1,2924_512_384,True
1359,site6_412.png,128,512,0.26348876953125,1,1359_128_512,True
4856,site16_851.png,384,256,0.0,0,4856_384_256,False
2053,site14_89.png,256,256,0.00927734375,0,2053_256_256,True
3022,site13_6.png,0,0,0.27056884765625,1,3022_0_0,True
2402,site15_163.png,384,384,0.0,0,2402_384_384,False
2091,site14_133.png,256,128,0.0,0,2091_256_128,False
923,site5_76.png,128,256,0.0,0,923_128_256,False
3251,site2_90.png,128,128,0.0,0,3251_128_128,False
3100,site13_113.png,256,512,1.0,2,3100_256_512,True
940,site5_95.png,128,384,0.0,0,940_128_384,False
1084,site5_257.png,0,128,0.0,0,1084_0_128,False
2438,site12_35.png,128,128,0.535400390625,2,2438_128_128,True
1029,site5_192.png,256,256,0.8275146484375,2,1029_256_256,True
2915,site8_135.png,512,128,0.0,0,2915_512_128,False
3045,site13_45.png,256,256,0.903564453125,2,3045_256_256,True
3693,site11_429.png,128,512,0.0816650390625,1,3693_128_512,True
2521,site12_124.png,256,384,0.0,0,2521_256_384,False
1738,site6_917.png,128,0,0.0,0,1738_128_0,False
4568,site16_512.png,128,512,0.00079345703125,0,4568_128_512,True
3111,site13_126.png,512,128,0.60430908203125,2,3111_512_128,True
3726,site11_463.png,384,384,0.0,0,3726_384_384,False
963,site5_120.png,256,256,0.0,0,963_256_256,False
2923,site8_144.png,128,256,0.98077392578125,2,2923_128_256,True
968,site5_127.png,512,128,1.0,2,968_512_128,True
2437,site12_34.png,128,128,0.32232666015625,1,2437_128_128,True
3047,site13_47.png,384,256,0.0338134765625,0,3047_384_256,True
473,site3_517.png,384,384,0.12835693359375,1,473_384_384,True
2926,site8_147.png,384,0,0.00018310546875,0,2926_384_0,True
4725,site16_693.png,256,0,0.1278076171875,1,4725_256_0,True
2740,site1_56.png,256,256,0.0,0,2740_256_256,False
2530,site12_134.png,512,384,0.01690673828125,0,2530_512_384,True
3657,site11_392.png,256,256,0.0,0,3657_256_256,False
2615,site17_24.png,384,128,1.0,2,2615_384_128,True
3046,site13_46.png,512,512,0.89935302734375,2,3046_512_512,True
4613,site16_561.png,0,512,0.0,0,4613_0_512,False
2478,site12_78.png,128,256,1.0,2,2478_128_256,True
3157,site13_179.png,0,384,0.05035400390625,1,3157_0_384,True
2344,site15_95.png,384,384,0.0,0,2344_384_384,False
2977,site8_204.png,512,256,0.0,0,2977_512_256,False
2460,site12_58.png,0,0,0.90594482421875,2,2460_0_0,True
4376,site16_303.png,384,0,0.0,0,4376_384_0,False
3687,site11_423.png,384,128,0.0,0,3687_384_128,False
3218,site2_50.png,128,128,0.78717041015625,2,3218_128_128,True
2197,site14_251.png,512,384,0.0057373046875,0,2197_512_384,True
2187,site14_238.png,0,128,0.0,0,2187_0_128,False
3052,site13_54.png,384,256,0.0,0,3052_384_256,False
992,site5_153.png,0,0,0.0,0,992_0_0,False
1967,site9_90.png,128,512,0.0,0,1967_128_512,False
408,site3_446.png,512,128,0.0,0,408_512_128,False
3089,site13_98.png,0,128,0.0,0,3089_0_128,False
3169,site13_195.png,128,0,0.0,0,3169_128_0,False
1952,site9_69.png,0,256,0.0,0,1952_0_256,False
2517,site12_120.png,512,256,1.0,2,2517_512_256,True
4770,site16_747.png,128,512,0.051025390625,1,4770_128_512,True
3037,site13_35.png,512,256,0.0,0,3037_512_256,False
1762,site6_951.png,128,512,1.0,2,1762_128_512,True
3174,site13_202.png,256,384,0.0,0,3174_256_384,False
265,site3_294.png,0,384,0.0,0,265_0_384,False
3120,site13_136.png,384,384,1.0,2,3120_384_384,True
2462,site12_60.png,256,256,0.0,0,2462_256_256,False
2529,site12_133.png,128,384,0.0,0,2529_128_384,False
2500,site12_102.png,384,256,0.5555419921875,2,2500_384_256,True
3687,site11_423.png,384,0,0.0,0,3687_384_0,False
3097,site13_108.png,0,512,0.9271240234375,2,3097_0_512,True
1189,site6_171.png,512,128,0.758544921875,2,1189_512_128,True
2640,site17_55.png,0,0,0.0,0,2640_0_0,False
1003,site5_165.png,256,384,0.0340576171875,0,1003_256_384,True
2551,site12_156.png,384,256,0.0,0,2551_384_256,False
1037,site5_202.png,384,0,0.0,0,1037_384_0,False
3141,site13_159.png,0,128,0.01739501953125,0,3141_0_128,True
2612,site17_21.png,384,0,1.0,2,2612_384_0,True
3126,site13_143.png,128,384,0.0,0,3126_128_384,False
3026,site13_17.png,0,512,0.0,0,3026_0_512,False
4468,site16_406.png,128,512,0.0,0,4468_128_512,False
4728,site16_696.png,0,0,0.0,0,4728_0_0,False
2599,site17_6.png,128,512,0.0,0,2599_128_512,False
1061,site5_228.png,384,384,0.2574462890625,1,1061_384_384,True
1228,site6_232.png,256,256,1.0,2,1228_256_256,True
2513,site12_116.png,256,384,0.0,0,2513_256_384,False
756,site4_77.png,128,384,1.0,2,756_128_384,True
2945,site8_168.png,0,384,0.83538818359375,2,2945_0_384,True
3038,site13_36.png,256,384,1.0,2,3038_256_384,True
604,site3_666.png,512,0,0.0,0,604_512_0,False
3106,site13_119.png,0,512,0.520751953125,2,3106_0_512,True
2470,site12_70.png,128,384,0.0452880859375,0,2470_128_384,True
239,site3_267.png,128,256,0.249755859375,1,239_128_256,True
678,site3_766.png,128,0,0.0,0,678_128_0,False
3151,site13_173.png,512,0,0.0,0,3151_512_0,False
2144,site14_190.png,384,256,0.0,0,2144_384_256,False
1666,site6_820.png,256,0,0.0,0,1666_256_0,False
2192,site14_246.png,512,384,0.0,0,2192_512_384,False
2402,site15_163.png,512,128,0.0,0,2402_512_128,False
1045,site5_210.png,384,0,0.0,0,1045_384_0,False
1308,site6_343.png,512,128,0.82293701171875,2,1308_512_128,True
1229,site6_233.png,256,256,0.0,0,1229_256_256,False
2964,site8_189.png,512,384,0.0,0,2964_512_384,False
758,site4_79.png,512,0,0.0,0,758_512_0,False
1032,site5_195.png,384,128,1.0,2,1032_384_128,True
2657,site17_74.png,256,0,0.89935302734375,2,2657_256_0,True
1912,site9_6.png,256,0,0.0,0,1912_256_0,False
3266,site2_107.png,256,512,0.0,0,3266_256_512,False
1020,site5_183.png,384,128,0.0,0,1020_384_128,False
1205,site6_198.png,384,128,0.0,0,1205_384_128,False
239,site3_267.png,512,128,0.0025634765625,0,239_512_128,True
2925,site8_146.png,0,384,0.164306640625,1,2925_0_384,True
3138,site13_156.png,128,384,0.2147216796875,1,3138_128_384,True
2335,site15_85.png,512,0,0.4166259765625,2,2335_512_0,True
1939,site9_50.png,128,512,1.0,2,1939_128_512,True
2444,site12_41.png,0,256,0.87518310546875,2,2444_0_256,True
2620,site17_31.png,256,512,0.0,0,2620_256_512,False
1957,site9_74.png,256,256,0.13885498046875,1,1957_256_256,True
4638,site16_588.png,256,512,0.0,0,4638_256_512,False
2174,site14_225.png,256,512,0.0,0,2174_256_512,False
791,site4_114.png,384,256,0.4805908203125,2,791_384_256,True
1191,site6_173.png,384,384,0.26593017578125,1,1191_384_384,True
1940,site9_51.png,256,384,1.0,2,1940_256_384,True
1032,site5_195.png,128,512,0.0,0,1032_128_512,False
1947,site9_61.png,128,512,1.0,2,1947_128_512,True
533,site3_583.png,0,512,0.0,0,533_0_512,False
4748,site16_720.png,128,128,0.73272705078125,2,4748_128_128,True
3626,site11_360.png,384,0,0.0,0,3626_384_0,False
3219,site2_51.png,0,512,0.95928955078125,2,3219_0_512,True
2052,site14_88.png,256,512,0.05657958984375,1,2052_256_512,True
1440,site6_518.png,128,512,0.0,0,1440_128_512,False
1957,site9_74.png,256,128,0.825439453125,2,1957_256_128,True
1045,site5_210.png,128,512,0.0,0,1045_128_512,False
2775,site1_97.png,256,512,0.0,0,2775_256_512,False
2235,site14_296.png,512,0,0.50244140625,2,2235_512_0,True
609,site3_671.png,128,256,0.0787353515625,1,609_128_256,True
3047,site13_47.png,128,512,0.81805419921875,2,3047_128_512,True
1189,site6_171.png,512,512,0.0,0,1189_512_512,False
2641,site17_56.png,512,0,0.40863037109375,2,2641_512_0,True
1051,site5_218.png,384,0,1.0,2,1051_384_0,True
4856,site16_851.png,384,128,0.0,0,4856_384_128,False
2578,site12_186.png,256,384,0.0,0,2578_256_384,False
2832,site8_37.png,0,256,1.0,2,2832_0_256,True
326,site3_358.png,512,0,0.201171875,1,326_512_0,True
4542,site16_484.png,384,128,0.02410888671875,0,4542_384_128,True
3047,site13_47.png,512,0,0.0,0,3047_512_0,False
928,site5_81.png,0,512,0.0,0,928_0_512,False
2237,site14_298.png,256,512,0.0,0,2237_256_512,False
3131,site13_148.png,256,128,1.0,2,3131_256_128,True
210,site3_237.png,384,256,0.0,0,210_384_256,False
3592,site11_325.png,128,512,0.0,0,3592_128_512,False
1026,site5_189.png,512,256,1.0,2,1026_512_256,True
1931,site9_39.png,384,128,0.06982421875,1,1931_384_128,True
1260,site6_275.png,512,0,0.0,0,1260_512_0,False
832,site4_158.png,384,0,0.0062255859375,0,832_384_0,True
2986,site8_214.png,0,256,0.0,0,2986_0_256,False
1228,site6_232.png,512,256,0.0,0,1228_512_256,False
2036,site14_70.png,256,512,0.0,0,2036_256_512,False
832,site4_158.png,128,128,0.0,0,832_128_128,False
4543,site16_485.png,384,512,0.2908935546875,1,4543_384_512,True
2612,site17_21.png,384,256,0.0,0,2612_384_256,False
2935,site8_157.png,384,384,0.1553955078125,1,2935_384_384,True
2520,site12_123.png,128,384,1.0,2,2520_128_384,True
914,site5_63.png,256,512,0.96044921875,2,914_256_512,True
4699,site16_664.png,384,256,0.0,0,4699_384_256,False
900,site5_45.png,128,0,0.45391845703125,2,900_128_0,True
2366,site15_119.png,128,128,0.0,0,2366_128_128,False
2935,site8_157.png,512,256,0.44854736328125,2,2935_512_256,True
1666,site6_820.png,512,512,0.42266845703125,2,1666_512_512,True
3165,site13_189.png,384,512,0.0,0,3165_384_512,False
789,site4_112.png,384,384,0.85833740234375,2,789_384_384,True
4752,site16_724.png,512,128,0.12841796875,1,4752_512_128,True
2493,site12_94.png,512,128,1.0,2,2493_512_128,True
3037,site13_35.png,128,256,0.0,0,3037_128_256,False
1035,site5_200.png,384,512,1.0,2,1035_384_512,True
1003,site5_165.png,512,128,0.0,0,1003_512_128,False
2355,site15_107.png,384,256,0.0,0,2355_384_256,False
3087,site13_96.png,256,0,0.2803955078125,1,3087_256_0,True
2659,site17_76.png,384,256,0.64361572265625,2,2659_384_256,True
950,site5_105.png,0,512,0.17706298828125,1,950_0_512,True
3820,site11_560.png,128,512,0.0,0,3820_128_512,False
2551,site12_156.png,128,128,0.0,0,2551_128_128,False
2366,site15_119.png,0,256,0.18780517578125,1,2366_0_256,True
3218,site2_50.png,256,0,0.0,0,3218_256_0,False
1045,site5_210.png,256,0,0.0,0,1045_256_0,False
532,site3_582.png,0,512,0.0,0,532_0_512,False
1666,site6_820.png,128,256,0.0,0,1666_128_256,False
1000,site5_161.png,384,0,0.0,0,1000_384_0,False
924,site5_77.png,128,0,0.0,0,924_128_0,False
3314,site2_165.png,256,0,0.0,0,3314_256_0,False
4703,site16_668.png,0,512,0.99853515625,2,4703_0_512,True
3756,site11_494.png,256,128,0.93804931640625,2,3756_256_128,True
1786,site6_985.png,0,256,0.47210693359375,2,1786_0_256,True
2659,site17_76.png,0,384,0.846923828125,2,2659_0_384,True
2052,site14_88.png,384,0,0.27581787109375,1,2052_384_0,True
2686,site10_21.png,512,128,0.0,0,2686_512_128,False
2191,site14_245.png,0,128,0.0616455078125,1,2191_0_128,True
292,site3_322.png,384,0,0.0,0,292_384_0,False
789,site4_112.png,256,256,0.011962890625,0,789_256_256,True
2446,site12_43.png,256,128,1.0,2,2446_256_128,True
1084,site5_257.png,384,128,0.0,0,1084_384_128,False
475,site3_519.png,128,384,0.0,0,475_128_384,False
519,site3_569.png,128,384,0.0,0,519_128_384,False
932,site5_85.png,512,256,0.0,0,932_512_256,False
2436,site12_33.png,512,384,0.0,0,2436_512_384,False
2528,site12_132.png,256,128,0.10888671875,1,2528_256_128,True
1649,site6_795.png,512,512,0.0,0,1649_512_512,False
983,site5_142.png,0,128,0.0,0,983_0_128,False
4748,site16_720.png,512,256,0.0,0,4748_512_256,False
3123,site13_139.png,512,0,0.0,0,3123_512_0,False
1520,site6_624.png,0,128,0.0,0,1520_0_128,False
3037,site13_35.png,512,512,0.01617431640625,0,3037_512_512,True
45,site3_56.png,384,128,0.0,0,45_384_128,False
1950,site9_64.png,512,512,0.67681884765625,2,1950_512_512,True
3061,site13_65.png,512,256,0.4635009765625,2,3061_512_256,True
3067,site13_72.png,384,0,0.502197265625,2,3067_384_0,True
1812,site6_1023.png,128,0,0.0,0,1812_128_0,False
3133,site13_151.png,384,128,0.7503662109375,2,3133_384_128,True
2925,site8_146.png,512,128,0.3121337890625,1,2925_512_128,True
2207,site14_264.png,0,384,0.0,0,2207_0_384,False
549,site3_602.png,384,0,0.0,0,549_384_0,False
2521,site12_124.png,0,384,0.0,0,2521_0_384,False
961,site5_118.png,256,512,0.9346923828125,2,961_256_512,True
900,site5_45.png,384,0,0.0,0,900_384_0,False
1956,site9_73.png,512,0,1.0,2,1956_512_0,True
3688,site11_424.png,512,384,0.0,0,3688_512_384,False
1061,site5_228.png,512,512,0.15948486328125,1,1061_512_512,True
2620,site17_31.png,512,128,0.25543212890625,1,2620_512_128,True
3219,site2_51.png,128,256,1.0,2,3219_128_256,True
2436,site12_33.png,256,512,0.0,0,2436_256_512,False
915,site5_64.png,384,128,1.0,2,915_384_128,True
2208,site14_265.png,0,512,0.0,0,2208_0_512,False
1040,site5_205.png,256,512,0.0,0,1040_256_512,False
2335,site15_85.png,384,256,1.0,2,2335_384_256,True
2346,site15_97.png,0,128,0.0,0,2346_0_128,False
2083,site14_125.png,512,512,0.0,0,2083_512_512,False
3219,site2_51.png,256,512,0.0,0,3219_256_512,False
1128,site6_83.png,256,128,0.0,0,1128_256_128,False
2439,site12_36.png,0,512,0.0025634765625,0,2439_0_512,True
606,site3_668.png,256,256,0.0,0,606_256_256,False
2102,site14_146.png,512,384,0.188232421875,1,2102_512_384,True
2176,site14_227.png,384,128,0.2318115234375,1,2176_384_128,True
1938,site9_49.png,0,512,0.0,0,1938_0_512,False
3131,site13_148.png,0,384,0.80572509765625,2,3131_0_384,True
3058,site13_62.png,512,512,0.34100341796875,1,3058_512_512,True
3658,site11_393.png,384,256,0.039306640625,0,3658_384_256,True
239,site3_267.png,0,0,0.0,0,239_0_0,False
4590,site16_536.png,384,512,1.0,2,4590_384_512,True
3274,site2_116.png,0,0,0.0,0,3274_0_0,False
240,site3_268.png,128,0,0.0,0,240_128_0,False
1543,site6_656.png,384,0,0.0,0,1543_384_0,False
2925,site8_146.png,128,128,0.0,0,2925_128_128,False
2372,site15_127.png,0,384,0.0,0,2372_0_384,False
557,site3_610.png,256,128,0.0,0,557_256_128,False
2839,site8_47.png,256,256,0.0,0,2839_256_256,False
1932,site9_40.png,0,256,0.0,0,1932_0_256,False
1088,site5_261.png,512,0,0.06964111328125,1,1088_512_0,True
2765,site1_85.png,384,256,0.0,0,2765_384_256,False
2641,site17_56.png,128,512,1.0,2,2641_128_512,True
3130,site13_147.png,0,384,1.0,2,3130_0_384,True
2437,site12_34.png,128,384,0.0,0,2437_128_384,False
1051,site5_218.png,0,256,0.0,0,1051_0_256,False
2537,site12_141.png,128,512,1.0,2,2537_128_512,True
3029,site13_25.png,384,512,0.0,0,3029_384_512,False
3037,site13_35.png,0,0,0.085693359375,1,3037_0_0,True
3722,site11_459.png,512,384,0.0,0,3722_512_384,False
2517,site12_120.png,128,384,0.0,0,2517_128_384,False
3075,site13_82.png,384,0,1.0,2,3075_384_0,True
3266,site2_107.png,384,256,0.0,0,3266_384_256,False
584,site3_642.png,0,0,0.31195068359375,1,584_0_0,True
2847,site8_57.png,256,256,0.3963623046875,1,2847_256_256,True
1763,site6_952.png,128,512,1.0,2,1763_128_512,True
2692,site10_51.png,384,384,1.0,2,2692_384_384,True
3820,site11_560.png,384,128,0.08050537109375,1,3820_384_128,True
1061,site5_228.png,256,512,0.105712890625,1,1061_256_512,True
1924,site9_29.png,0,128,1.0,2,1924_0_128,True
1440,site6_518.png,512,128,0.0,0,1440_512_128,False
3079,site13_86.png,128,512,0.0,0,3079_128_512,False
3229,site2_64.png,0,384,0.0,0,3229_0_384,False
2394,site15_153.png,128,0,0.0,0,2394_128_0,False
2528,site12_132.png,0,128,0.0,0,2528_0_128,False
4768,site16_745.png,0,256,0.0,0,4768_0_256,False
2066,site14_105.png,128,384,0.0,0,2066_128_384,False
2197,site14_251.png,512,256,0.3233642578125,1,2197_512_256,True
3724,site11_461.png,384,0,0.0,0,3724_384_0,False
3718,site11_455.png,0,0,0.0,0,3718_0_0,False
1054,site5_221.png,0,256,0.0,0,1054_0_256,False
4469,site16_407.png,128,0,1.0,2,4469_128_0,True
4613,site16_561.png,512,512,0.69622802734375,2,4613_512_512,True
4728,site16_696.png,256,0,0.0,0,4728_256_0,False
1085,site5_258.png,256,512,0.0,0,1085_256_512,False
2659,site17_76.png,0,128,0.99847412109375,2,2659_0_128,True
949,site5_104.png,384,512,0.21319580078125,1,949_384_512,True
1085,site5_258.png,0,0,0.0,0,1085_0_0,False
3692,site11_428.png,256,512,1.0,2,3692_256_512,True
2234,site14_295.png,512,384,0.0,0,2234_512_384,False
932,site5_85.png,384,128,0.0,0,932_384_128,False
2613,site17_22.png,384,384,0.0,0,2613_384_384,False
4877,site16_877.png,256,128,0.03765869140625,0,4877_256_128,True
2837,site8_45.png,256,512,0.0,0,2837_256_512,False
630,site3_697.png,384,128,0.0,0,630_384_128,False
3242,site2_79.png,512,128,0.0,0,3242_512_128,False
2236,site14_297.png,512,384,0.603759765625,2,2236_512_384,True
989,site5_150.png,512,384,0.3636474609375,1,989_512_384,True
2824,site8_25.png,128,0,0.0,0,2824_128_0,False
3164,site13_188.png,0,0,0.61328125,2,3164_0_0,True
1325,site6_369.png,128,0,0.0,0,1325_128_0,False
2056,site14_92.png,128,256,0.0,0,2056_128_256,False
2175,site14_226.png,256,256,0.888916015625,2,2175_256_256,True
2050,site14_86.png,384,256,0.0,0,2050_384_256,False
1649,site6_795.png,384,512,0.275390625,1,1649_384_512,True
1957,site9_74.png,0,256,0.00054931640625,0,1957_0_256,True
1042,site5_207.png,0,256,1.0,2,1042_0_256,True
415,site3_453.png,256,384,0.0,0,415_256_384,False
3154,site13_176.png,512,128,0.6748046875,2,3154_512_128,True
2658,site17_75.png,512,0,0.19677734375,1,2658_512_0,True
2943,site8_166.png,384,512,1.0,2,2943_384_512,True
3753,site11_491.png,384,0,0.55126953125,2,3753_384_0,True
2119,site14_164.png,0,384,0.0,0,2119_0_384,False
947,site5_102.png,512,256,0.0,0,947_512_256,False
949,site5_104.png,512,0,0.0,0,949_512_0,False
2344,site15_95.png,512,384,0.0,0,2344_512_384,False
4591,site16_537.png,512,128,0.102294921875,1,4591_512_128,True
1273,site6_299.png,256,512,0.0,0,1273_256_512,False
3148,site13_168.png,512,256,1.0,2,3148_512_256,True
240,site3_268.png,512,512,0.0,0,240_512_512,False
3132,site13_149.png,384,0,0.0,0,3132_384_0,False
2163,site14_212.png,384,512,0.39208984375,1,2163_384_512,True
2692,site10_51.png,384,256,0.40631103515625,2,2692_384_256,True
952,site5_109.png,256,128,1.0,2,952_256_128,True
4493,site16_433.png,0,0,1.0,2,4493_0_0,True
603,site3_665.png,512,256,0.160400390625,1,603_512_256,True
1228,site6_232.png,256,128,0.79095458984375,2,1228_256_128,True
2225,site14_286.png,128,384,0.0,0,2225_128_384,False
1654,site6_808.png,0,256,0.0,0,1654_0_256,False
2067,site14_106.png,0,128,0.0,0,2067_0_128,False
2616,site17_25.png,384,512,0.0,0,2616_384_512,False
528,site3_578.png,384,128,0.17999267578125,1,528_384_128,True
519,site3_569.png,128,128,0.0,0,519_128_128,False
1931,site9_39.png,384,0,0.972900390625,2,1931_384_0,True
632,site3_699.png,256,256,0.01300048828125,0,632_256_256,True
2563,site12_169.png,384,128,0.0,0,2563_384_128,False
3046,site13_46.png,512,0,1.0,2,3046_512_0,True
964,site5_121.png,384,512,0.0,0,964_384_512,False
4970,site16_1005.png,128,512,0.0,0,4970_128_512,False
792,site4_115.png,512,256,0.0,0,792_512_256,False
3006,site8_236.png,128,384,0.31396484375,1,3006_128_384,True
2033,site14_67.png,512,128,0.37811279296875,1,2033_512_128,True
790,site4_113.png,0,256,1.0,2,790_0_256,True
1941,site9_52.png,256,384,1.0,2,1941_256_384,True
386,site3_421.png,384,256,0.0,0,386_384_256,False
3686,site11_422.png,128,0,0.0,0,3686_128_0,False
3034,site13_32.png,128,512,0.0,0,3034_128_512,False
2962,site8_187.png,512,256,0.0,0,2962_512_256,False
3289,site2_133.png,384,0,0.0,0,3289_384_0,False
4590,site16_536.png,512,384,1.0,2,4590_512_384,True
1952,site9_69.png,384,384,0.00299072265625,0,1952_384_384,True
524,site3_574.png,512,512,0.0767822265625,1,524_512_512,True
1025,site5_188.png,128,512,0.09161376953125,1,1025_128_512,True
2354,site15_106.png,384,512,0.45391845703125,2,2354_384_512,True
1007,site5_169.png,128,512,0.55078125,2,1007_128_512,True
4518,site16_459.png,0,384,0.24407958984375,1,4518_0_384,True
1926,site9_31.png,128,128,1.0,2,1926_128_128,True
2986,site8_214.png,384,512,0.0,0,2986_384_512,False
930,site5_83.png,384,512,0.0,0,930_384_512,False
938,site5_93.png,384,256,0.0,0,938_384_256,False
2520,site12_123.png,512,128,0.0,0,2520_512_128,False
4613,site16_561.png,256,128,0.0,0,4613_256_128,False
4566,site16_510.png,128,128,0.08441162109375,1,4566_128_128,True
1571,site6_692.png,128,0,1.0,2,1571_128_0,True
2729,site1_44.png,0,0,0.0,0,2729_0_0,False
3720,site11_457.png,512,128,0.0,0,3720_512_128,False
2485,site12_86.png,512,0,0.830322265625,2,2485_512_0,True
1917,site9_18.png,0,0,0.056396484375,1,1917_0_0,True
3104,site13_117.png,128,128,0.996337890625,2,3104_128_128,True
839,site4_166.png,512,256,0.0,0,839_512_256,False
989,site5_150.png,512,256,0.10882568359375,1,989_512_256,True
269,site3_298.png,0,512,0.0,0,269_0_512,False
2689,site10_28.png,128,512,0.0,0,2689_128_512,False
791,site4_114.png,384,384,0.235595703125,1,791_384_384,True
408,site3_446.png,0,256,0.60797119140625,2,408_0_256,True
1791,site6_990.png,256,0,1.0,2,1791_256_0,True
936,site5_91.png,0,128,0.0,0,936_0_128,False
937,site5_92.png,128,512,0.0,0,937_128_512,False
833,site4_159.png,0,384,0.6092529296875,2,833_0_384,True
3077,site13_84.png,256,512,1.0,2,3077_256_512,True
4702,site16_667.png,0,256,0.0,0,4702_0_256,False
265,site3_294.png,384,0,0.0,0,265_384_0,False
2923,site8_144.png,384,384,1.0,2,2923_384_384,True
4568,site16_512.png,384,384,0.0,0,4568_384_384,False
1949,site9_63.png,0,0,1.0,2,1949_0_0,True
3046,site13_46.png,256,128,1.0,2,3046_256_128,True
3228,site2_63.png,256,512,0.004150390625,0,3228_256_512,True
1039,site5_204.png,128,0,0.38153076171875,1,1039_128_0,True
2099,site14_143.png,128,256,0.0,0,2099_128_256,False
3105,site13_118.png,256,512,0.962158203125,2,3105_256_512,True
240,site3_268.png,0,128,0.0025634765625,0,240_0_128,True
2365,site15_118.png,256,384,0.0,0,2365_256_384,False
3229,site2_64.png,384,0,0.00433349609375,0,3229_384_0,True
994,site5_155.png,512,256,1.0,2,994_512_256,True
2685,site10_20.png,384,512,0.0679931640625,1,2685_384_512,True
3821,site11_561.png,384,0,0.0,0,3821_384_0,False
1624,site6_762.png,512,128,0.0,0,1624_512_128,False
1097,site5_278.png,256,256,1.0,2,1097_256_256,True
3076,site13_83.png,128,0,1.0,2,3076_128_0,True
3821,site11_561.png,0,0,0.4189453125,2,3821_0_0,True
990,site5_151.png,512,512,0.0,0,990_512_512,False
3274,site2_116.png,128,384,0.0,0,3274_128_384,False
937,site5_92.png,512,256,0.0,0,937_512_256,False
2745,site1_61.png,512,512,0.0,0,2745_512_512,False
2652,site17_69.png,128,128,1.0,2,2652_128_128,True
2117,site14_162.png,128,384,0.0,0,2117_128_384,False
45,site3_56.png,128,0,0.0,0,45_128_0,False
1524,site6_637.png,384,128,0.83245849609375,2,1524_384_128,True
319,site3_351.png,256,384,0.195556640625,1,319_256_384,True
2218,site14_275.png,0,128,0.0,0,2218_0_128,False
3820,site11_560.png,256,128,0.066650390625,1,3820_256_128,True
2955,site8_179.png,0,128,0.0,0,2955_0_128,False
1932,site9_40.png,128,128,0.0,0,1932_128_128,False
1760,site6_949.png,256,128,0.0,0,1760_256_128,False
984,site5_145.png,256,0,1.0,2,984_256_0,True
972,site5_131.png,256,384,0.0,0,972_256_384,False
358,site3_391.png,256,0,0.0,0,358_256_0,False
2519,site12_122.png,256,384,0.327392578125,1,2519_256_384,True
2485,site12_86.png,384,512,0.0478515625,0,2485_384_512,True
3627,site11_361.png,256,128,0.0,0,3627_256_128,False
3161,site13_185.png,512,384,0.0,0,3161_512_384,False
2479,site12_79.png,128,0,1.0,2,2479_128_0,True
2923,site8_144.png,128,0,0.64886474609375,2,2923_128_0,True
2324,site15_73.png,128,0,0.0,0,2324_128_0,False
1931,site9_39.png,384,384,0.0,0,1931_384_384,False
3657,site11_392.png,128,384,0.0,0,3657_128_384,False
1525,site6_638.png,512,0,0.0,0,1525_512_0,False
4743,site16_715.png,0,512,0.0,0,4743_0_512,False
4750,site16_722.png,128,0,0.00439453125,0,4750_128_0,True
1948,site9_62.png,256,128,1.0,2,1948_256_128,True
580,site3_638.png,256,512,0.1317138671875,1,580_256_512,True
4638,site16_588.png,128,256,0.0,0,4638_128_256,False
3088,site13_97.png,0,0,0.50994873046875,2,3088_0_0,True
1189,site6_171.png,384,0,0.0,0,1189_384_0,False
1031,site5_194.png,256,128,0.0,0,1031_256_128,False
965,site5_122.png,128,128,0.0,0,965_128_128,False
3151,site13_173.png,128,384,0.0,0,3151_128_384,False
3059,site13_63.png,384,512,0.99713134765625,2,3059_384_512,True
2915,site8_135.png,128,256,0.04534912109375,0,2915_128_256,True
358,site3_391.png,512,512,0.7144775390625,2,358_512_512,True
1282,site6_308.png,128,128,0.0,0,1282_128_128,False
772,site4_94.png,512,384,1.0,2,772_512_384,True
1000,site5_161.png,512,512,0.0,0,1000_512_512,False
23,site3_26.png,384,512,0.0,0,23_384_512,False
1254,site6_269.png,256,512,0.0,0,1254_256_512,False
1301,site6_336.png,0,384,0.68084716796875,2,1301_0_384,True
1804,site6_1003.png,384,384,0.0,0,1804_384_384,False
2476,site12_76.png,384,256,0.0,0,2476_384_256,False
902,site5_47.png,256,512,0.0,0,902_256_512,False
3163,site13_187.png,256,128,0.0,0,3163_256_128,False
2643,site17_58.png,0,128,0.0,0,2643_0_128,False
930,site5_83.png,384,128,0.0096435546875,0,930_384_128,True
1031,site5_194.png,256,256,0.0,0,1031_256_256,False
329,site3_361.png,256,256,0.8330078125,2,329_256_256,True
1649,site6_795.png,128,0,0.0,0,1649_128_0,False
2641,site17_56.png,256,384,0.8642578125,2,2641_256_384,True
2442,site12_39.png,512,0,0.31610107421875,1,2442_512_0,True
2763,site1_83.png,384,0,0.0,0,2763_384_0,False
2437,site12_34.png,128,512,0.0,0,2437_128_512,False
2797,site1_123.png,512,384,0.0,0,2797_512_384,False
1189,site6_171.png,128,384,0.0,0,1189_128_384,False
1938,site9_49.png,0,128,0.0,0,1938_0_128,False
2848,site8_58.png,0,512,0.0,0,2848_0_512,False
2102,site14_146.png,256,0,0.0,0,2102_256_0,False
789,site4_112.png,256,512,0.037353515625,0,789_256_512,True
2913,site8_133.png,256,128,0.0,0,2913_256_128,False
2689,site10_28.png,128,128,0.9219970703125,2,2689_128_128,True
4590,site16_536.png,0,0,0.05224609375,1,4590_0_0,True
581,site3_639.png,384,128,0.0,0,581_384_128,False
3131,site13_148.png,128,512,0.97491455078125,2,3131_128_512,True
4591,site16_537.png,0,256,0.61724853515625,2,4591_0_256,True
2484,site12_85.png,256,512,0.18377685546875,1,2484_256_512,True
774,site4_96.png,256,128,1.0,2,774_256_128,True
4614,site16_562.png,512,0,0.6007080078125,2,4614_512_0,True
1061,site5_228.png,512,0,0.0,0,1061_512_0,False
2365,site15_118.png,0,128,0.60064697265625,2,2365_0_128,True
3721,site11_458.png,128,0,0.1270751953125,1,3721_128_0,True
2490,site12_91.png,384,256,0.5150146484375,2,2490_384_256,True
2447,site12_44.png,0,512,0.76080322265625,2,2447_0_512,True
2050,site14_86.png,384,384,0.0,0,2050_384_384,False
526,site3_576.png,0,0,0.0,0,526_0_0,False
2551,site12_156.png,384,0,0.89459228515625,2,2551_384_0,True
4969,site16_1004.png,512,128,0.0,0,4969_512_128,False
606,site3_668.png,256,384,0.0,0,606_256_384,False
2643,site17_58.png,512,384,0.124267578125,1,2643_512_384,True
2234,site14_295.png,256,0,0.0,0,2234_256_0,False
2733,site1_48.png,128,0,0.2232666015625,1,2733_128_0,True
2598,site17_5.png,0,128,1.0,2,2598_0_128,True
1776,site6_965.png,0,0,0.0,0,1776_0_0,False
1763,site6_952.png,512,384,1.0,2,1763_512_384,True
522,site3_572.png,512,256,0.0,0,522_512_256,False
2455,site12_53.png,128,128,0.0,0,2455_128_128,False
2161,site14_210.png,384,128,0.0,0,2161_384_128,False
1237,site6_241.png,256,384,0.0,0,1237_256_384,False
2824,site8_25.png,256,256,0.0,0,2824_256_256,False
2509,site12_111.png,384,384,0.0,0,2509_384_384,False
2485,site12_86.png,512,384,0.9896240234375,2,2485_512_384,True
2832,site8_37.png,384,384,1.0,2,2832_384_384,True
3075,site13_82.png,0,256,1.0,2,3075_0_256,True
1061,site5_228.png,384,0,0.0,0,1061_384_0,False
758,site4_79.png,512,512,1.0,2,758_512_512,True
952,site5_109.png,384,128,1.0,2,952_384_128,True
519,site3_569.png,0,0,0.0,0,519_0_0,False
3142,site13_162.png,128,512,0.35986328125,1,3142_128_512,True
1546,site6_659.png,256,384,0.0,0,1546_256_384,False
3088,site13_97.png,128,0,0.4857177734375,2,3088_128_0,True
2459,site12_57.png,0,0,0.85723876953125,2,2459_0_0,True
3059,site13_63.png,128,0,0.784423828125,2,3059_128_0,True
3042,site13_42.png,0,512,0.0,0,3042_0_512,False
3251,site2_90.png,384,128,0.0,0,3251_384_128,False
3101,site13_114.png,512,384,1.0,2,3101_512_384,True
756,site4_77.png,512,512,1.0,2,756_512_512,True
2041,site14_75.png,384,256,0.20184326171875,1,2041_384_256,True
2160,site14_209.png,0,256,0.0,0,2160_0_256,False
4469,site16_407.png,0,384,1.0,2,4469_0_384,True
4677,site16_638.png,384,0,0.0,0,4677_384_0,False
290,site3_320.png,512,256,0.02935791015625,0,290_512_256,True
1931,site9_39.png,384,512,0.361328125,1,1931_384_512,True
2629,site17_42.png,512,384,0.0,0,2629_512_384,False
968,site5_127.png,0,256,0.5010986328125,2,968_0_256,True
2087,site14_129.png,128,0,0.0,0,2087_128_0,False
123,site3_144.png,384,0,0.4342041015625,2,123_384_0,True
2763,site1_83.png,256,384,0.0,0,2763_256_384,False
1084,site5_257.png,128,0,0.0,0,1084_128_0,False
3100,site13_113.png,512,512,1.0,2,3100_512_512,True
3101,site13_114.png,384,256,1.0,2,3101_384_256,True
1923,site9_28.png,0,384,0.67755126953125,2,1923_0_384,True
3059,site13_63.png,384,0,0.894775390625,2,3059_384_0,True
2242,site14_310.png,0,128,0.0,0,2242_0_128,False
1308,site6_343.png,384,128,0.9947509765625,2,1308_384_128,True
3140,site13_158.png,256,128,1.0,2,3140_256_128,True
2105,site14_149.png,256,384,0.013916015625,0,2105_256_384,True
927,site5_80.png,0,0,1.0,2,927_0_0,True
2513,site12_116.png,512,0,0.0,0,2513_512_0,False
94,site3_112.png,256,384,0.05596923828125,1,94_256_384,True
1692,site6_855.png,256,0,0.0,0,1692_256_0,False
2763,site1_83.png,256,128,0.5126953125,2,2763_256_128,True
4699,site16_664.png,384,128,0.0,0,4699_384_128,False
2118,site14_163.png,256,384,0.0,0,2118_256_384,False
4613,site16_561.png,0,256,0.0,0,4613_0_256,False
1943,site9_57.png,0,128,0.0,0,1943_0_128,False
3143,site13_163.png,512,0,0.0,0,3143_512_0,False
3058,site13_62.png,384,512,0.03582763671875,0,3058_384_512,True
2764,site1_84.png,512,0,0.0,0,2764_512_0,False
2913,site8_133.png,128,128,0.0,0,2913_128_128,False
772,site4_94.png,0,256,0.0,0,772_0_256,False
3723,site11_460.png,128,512,0.59478759765625,2,3723_128_512,True
2248,site14_316.png,0,384,1.0,2,2248_0_384,True
2500,site12_102.png,256,0,0.41815185546875,2,2500_256_0,True
2686,site10_21.png,0,256,0.0443115234375,0,2686_0_256,True
739,site4_59.png,0,128,0.0,0,739_0_128,False
2179,site14_230.png,0,256,0.0,0,2179_0_256,False
2599,site17_6.png,512,0,0.0,0,2599_512_0,False
2639,site17_54.png,384,512,0.474853515625,2,2639_384_512,True
3718,site11_455.png,256,128,0.73095703125,2,3718_256_128,True
3026,site13_17.png,256,0,0.24237060546875,1,3026_256_0,True
3028,site13_24.png,384,0,0.0,0,3028_384_0,False
2187,site14_238.png,256,0,0.0714111328125,1,2187_256_0,True
2602,site17_9.png,256,512,1.0,2,2602_256_512,True
1917,site9_18.png,0,128,0.33721923828125,1,1917_0_128,True
4807,site16_792.png,384,256,0.00323486328125,0,4807_384_256,True
941,site5_96.png,0,128,0.0,0,941_0_128,False
2686,site10_21.png,0,512,0.0,0,2686_0_512,False
1088,site5_261.png,128,256,1.0,2,1088_128_256,True
2365,site15_118.png,384,256,0.4405517578125,2,2365_384_256,True
351,site3_384.png,384,128,0.0,0,351_384_128,False
1229,site6_233.png,128,128,0.0,0,1229_128_128,False
3140,site13_158.png,128,384,0.944580078125,2,3140_128_384,True
1912,site9_6.png,512,384,0.466796875,2,1912_512_384,True
1804,site6_1003.png,384,0,0.0,0,1804_384_0,False
3061,site13_65.png,256,0,0.0,0,3061_256_0,False
2341,site15_92.png,0,128,0.0,0,2341_0_128,False
2629,site17_42.png,384,256,0.00372314453125,0,2629_384_256,True
1040,site5_205.png,0,0,0.0,0,1040_0_0,False
2179,site14_230.png,512,512,0.0,0,2179_512_512,False
3592,site11_325.png,0,384,0.0,0,3592_0_384,False
1271,site6_297.png,512,0,0.0,0,1271_512_0,False
3690,site11_426.png,128,0,0.0,0,3690_128_0,False
3031,site13_27.png,0,0,0.0,0,3031_0_0,False
2945,site8_168.png,384,256,0.0,0,2945_384_256,False
3075,site13_82.png,512,512,1.0,2,3075_512_512,True
969,site5_128.png,256,256,0.0,0,969_256_256,False
45,site3_56.png,512,384,0.0,0,45_512_384,False
1923,site9_28.png,256,0,0.82550048828125,2,1923_256_0,True
3164,site13_188.png,128,128,0.209228515625,1,3164_128_128,True
2926,site8_147.png,512,0,0.0,0,2926_512_0,False
937,site5_92.png,384,0,0.0,0,937_384_0,False
269,site3_298.png,0,128,0.21728515625,1,269_0_128,True
2602,site17_9.png,512,0,0.763427734375,2,2602_512_0,True
609,site3_671.png,256,256,0.42620849609375,2,609_256_256,True
3052,site13_54.png,0,128,0.0,0,3052_0_128,False
2366,site15_119.png,384,256,0.0,0,2366_384_256,False
240,site3_268.png,128,128,0.0,0,240_128_128,False
1380,site6_441.png,256,256,0.3377685546875,1,1380_256_256,True
2653,site17_70.png,512,256,1.0,2,2653_512_256,True
962,site5_119.png,512,512,0.70263671875,2,962_512_512,True
3756,site11_494.png,512,512,0.4503173828125,2,3756_512_512,True
1944,site9_58.png,512,128,0.27545166015625,1,1944_512_128,True
2972,site8_198.png,128,512,0.0,0,2972_128_512,False
2075,site14_114.png,0,256,0.4073486328125,2,2075_0_256,True
1309,site6_344.png,384,0,0.0,0,1309_384_0,False
2237,site14_298.png,384,128,0.0,0,2237_384_128,False
2686,site10_21.png,512,0,0.0,0,2686_512_0,False
2517,site12_120.png,0,256,0.2398681640625,1,2517_0_256,True
1959,site9_79.png,0,0,0.04833984375,0,1959_0_0,True
1380,site6_441.png,0,384,0.0,0,1380_0_384,False
1715,site6_886.png,256,512,0.13134765625,1,1715_256_512,True
3658,site11_393.png,128,512,0.9578857421875,2,3658_128_512,True
774,site4_96.png,512,0,0.18023681640625,1,774_512_0,True
3095,site13_106.png,256,128,0.0,0,3095_256_128,False
1035,site5_200.png,512,256,1.0,2,1035_512_256,True
3029,site13_25.png,384,128,0.0,0,3029_384_128,False
2099,site14_143.png,384,0,0.0,0,2099_384_0,False
2042,site14_76.png,512,384,0.0,0,2042_512_384,False
1826,site6_1037.png,128,128,0.010498046875,0,1826_128_128,True
1228,site6_232.png,128,128,1.0,2,1228_128_128,True
1923,site9_28.png,0,512,0.42181396484375,2,1923_0_512,True
2439,site12_36.png,128,512,0.3465576171875,1,2439_128_512,True
2446,site12_43.png,0,0,0.227783203125,1,2446_0_0,True
2632,site17_45.png,512,384,0.0,0,2632_512_384,False
1035,site5_200.png,0,384,0.1900634765625,1,1035_0_384,True
2180,site14_231.png,256,384,0.0,0,2180_256_384,False
1552,site6_673.png,256,128,0.0,0,1552_256_128,False
2463,site12_61.png,0,256,1.0,2,2463_0_256,True
758,site4_79.png,256,0,0.0,0,758_256_0,False
2493,site12_94.png,256,256,1.0,2,2493_256_256,True
2961,site8_186.png,0,512,0.0,0,2961_0_512,False
2073,site14_112.png,256,0,0.16680908203125,1,2073_256_0,True
2674,site7_6.png,0,384,0.0,0,2674_0_384,False
4613,site16_561.png,0,128,0.0,0,4613_0_128,False
581,site3_639.png,256,0,0.0,0,581_256_0,False
2344,site15_95.png,256,256,0.0,0,2344_256_256,False
1380,site6_441.png,512,512,0.0,0,1380_512_512,False
1088,site5_261.png,0,512,1.0,2,1088_0_512,True
1917,site9_18.png,0,256,0.90673828125,2,1917_0_256,True
585,site3_643.png,256,0,0.0,0,585_256_0,False
408,site3_446.png,128,128,0.1090087890625,1,408_128_128,True
2438,site12_35.png,384,384,0.0,0,2438_384_384,False
360,site3_393.png,384,0,0.0,0,360_384_0,False
2182,site14_233.png,128,0,0.0,0,2182_128_0,False
2198,site14_252.png,256,0,0.0,0,2198_256_0,False
4493,site16_433.png,256,256,0.0,0,4493_256_256,False
2604,site17_11.png,384,384,1.0,2,2604_384_384,True
1924,site9_29.png,384,384,0.31390380859375,1,1924_384_384,True
45,site3_56.png,384,256,0.0,0,45_384_256,False
1308,site6_343.png,128,512,0.0,0,1308_128_512,False
3240,site2_77.png,512,0,0.0,0,3240_512_0,False
2331,site15_81.png,256,256,0.0,0,2331_256_256,False
1404,site6_474.png,512,512,0.0,0,1404_512_512,False
1598,site6_727.png,128,128,0.7025146484375,2,1598_128_128,True
3105,site13_118.png,256,384,1.0,2,3105_256_384,True
3627,site11_361.png,384,512,0.11749267578125,1,3627_384_512,True
3105,site13_118.png,0,0,0.839111328125,2,3105_0_0,True
924,site5_77.png,256,512,0.0,0,924_256_512,False
2042,site14_76.png,128,512,0.16534423828125,1,2042_128_512,True
3079,site13_86.png,512,128,0.99749755859375,2,3079_512_128,True
3089,site13_98.png,128,128,0.0,0,3089_128_128,False
927,site5_80.png,512,0,1.0,2,927_512_0,True
912,site5_61.png,384,0,0.0,0,912_384_0,False
1044,site5_209.png,512,256,0.46826171875,2,1044_512_256,True
497,site3_544.png,128,256,0.0,0,497_128_256,False
1924,site9_29.png,128,512,0.09979248046875,1,1924_128_512,True
2059,site14_95.png,0,384,0.0,0,2059_0_384,False
292,site3_322.png,0,384,0.38104248046875,1,292_0_384,True
2970,site8_196.png,256,256,0.0,0,2970_256_256,False
2730,site1_45.png,512,384,0.191162109375,1,2730_512_384,True
2234,site14_295.png,256,384,0.0,0,2234_256_384,False
2616,site17_25.png,0,384,0.0,0,2616_0_384,False
2124,site14_169.png,384,128,0.9853515625,2,2124_384_128,True
969,site5_128.png,0,128,1.0,2,969_0_128,True
2225,site14_286.png,384,0,0.0,0,2225_384_0,False
2654,site17_71.png,0,512,1.0,2,2654_0_512,True
1572,site6_693.png,256,256,0.0,0,1572_256_256,False
984,site5_145.png,512,0,1.0,2,984_512_0,True
3022,site13_6.png,128,512,0.05755615234375,1,3022_128_512,True
4566,site16_510.png,128,512,0.54583740234375,2,4566_128_512,True
2237,site14_298.png,256,0,0.0,0,2237_256_0,False
813,site4_137.png,128,0,0.0,0,813_128_0,False
2332,site15_82.png,0,512,0.94586181640625,2,2332_0_512,True
980,site5_139.png,128,256,0.0,0,980_128_256,False
1544,site6_657.png,128,256,0.52325439453125,2,1544_128_256,True
1024,site5_187.png,384,512,0.805419921875,2,1024_384_512,True
3142,site13_162.png,128,384,0.21954345703125,1,3142_128_384,True
4770,site16_747.png,128,256,0.03546142578125,0,4770_128_256,True
1084,site5_257.png,256,256,0.0,0,1084_256_256,False
926,site5_79.png,384,512,0.08624267578125,1,926_384_512,True
1778,site6_967.png,128,128,0.0,0,1778_128_128,False
2955,site8_179.png,512,128,0.0,0,2955_512_128,False
473,site3_517.png,256,384,0.1640625,1,473_256_384,True
1880,site6_1140.png,256,512,0.00146484375,0,1880_256_512,True
927,site5_80.png,384,384,0.0,0,927_384_384,False
4748,site16_720.png,0,0,0.331787109375,1,4748_0_0,True
3076,site13_83.png,0,0,1.0,2,3076_0_0,True
992,site5_153.png,384,384,1.0,2,992_384_384,True
3125,site13_142.png,512,384,0.0,0,3125_512_384,False
2470,site12_70.png,256,128,0.220458984375,1,2470_256_128,True
2457,site12_55.png,512,512,1.0,2,2457_512_512,True
2179,site14_230.png,256,512,0.254638671875,1,2179_256_512,True
2484,site12_85.png,384,128,0.445068359375,2,2484_384_128,True
3163,site13_187.png,384,0,0.0,0,3163_384_0,False
2831,site8_36.png,512,0,1.0,2,2831_512_0,True
3104,site13_117.png,256,128,1.0,2,3104_256_128,True
774,site4_96.png,256,512,1.0,2,774_256_512,True
2179,site14_230.png,384,128,0.0,0,2179_384_128,False
3133,site13_151.png,256,0,1.0,2,3133_256_0,True
1129,site6_84.png,0,384,0.038330078125,0,1129_0_384,True
918,site5_67.png,128,512,0.04718017578125,0,918_128_512,True
3148,site13_168.png,0,512,1.0,2,3148_0_512,True
4855,site16_850.png,512,0,0.0,0,4855_512_0,False
1932,site9_40.png,256,256,0.0,0,1932_256_256,False
122,site3_143.png,0,512,0.0,0,122_0_512,False
930,site5_83.png,384,0,0.24505615234375,1,930_384_0,True
3061,site13_65.png,384,384,0.0,0,3061_384_384,False
994,site5_155.png,128,256,0.50140380859375,2,994_128_256,True
2686,site10_21.png,128,384,0.0,0,2686_128_384,False
4770,site16_747.png,384,512,0.0,0,4770_384_512,False
2484,site12_85.png,128,256,0.0,0,2484_128_256,False
1785,site6_984.png,0,128,0.0,0,1785_0_128,False
3060,site13_64.png,128,256,0.0880126953125,1,3060_128_256,True
3266,site2_107.png,128,256,0.0,0,3266_128_256,False
2565,site12_171.png,128,512,1.0,2,2565_128_512,True
3086,site13_95.png,256,256,0.0,0,3086_256_256,False
3229,site2_64.png,384,512,1.0,2,3229_384_512,True
359,site3_392.png,256,0,0.0,0,359_256_0,False
1085,site5_258.png,0,256,0.0,0,1085_0_256,False
2362,site15_115.png,256,384,0.0,0,2362_256_384,False
2203,site14_257.png,384,384,0.0,0,2203_384_384,False
2620,site17_31.png,128,384,0.28167724609375,1,2620_128_384,True
1913,site9_7.png,128,256,1.0,2,1913_128_256,True
997,site5_158.png,128,512,0.31365966796875,1,997_128_512,True
1940,site9_51.png,384,256,1.0,2,1940_384_256,True
3125,site13_142.png,128,0,0.79315185546875,2,3125_128_0,True
740,site4_60.png,128,512,0.44024658203125,2,740_128_512,True
1959,site9_79.png,0,512,1.0,2,1959_0_512,True
2440,site12_37.png,384,256,0.0,0,2440_384_256,False
2423,site12_19.png,128,512,0.1627197265625,1,2423_128_512,True
2564,site12_170.png,128,512,1.0,2,2564_128_512,True
2099,site14_143.png,512,384,0.0,0,2099_512_384,False
1728,site6_899.png,512,128,0.0,0,1728_512_128,False
584,site3_642.png,512,128,0.0,0,584_512_128,False
2518,site12_121.png,128,0,1.0,2,2518_128_0,True
2342,site15_93.png,0,512,0.0,0,2342_0_512,False
2961,site8_186.png,0,384,0.0,0,2961_0_384,False
998,site5_159.png,512,256,0.0,0,998_512_256,False
1228,site6_232.png,0,512,0.0411376953125,0,1228_0_512,True
3788,site11_527.png,384,0,0.136962890625,1,3788_384_0,True
2463,site12_61.png,384,0,0.711181640625,2,2463_384_0,True
2462,site12_60.png,512,384,0.60845947265625,2,2462_512_384,True
4768,site16_745.png,384,0,0.0,0,4768_384_0,False
4856,site16_851.png,128,384,0.0,0,4856_128_384,False
2689,site10_28.png,0,512,0.0,0,2689_0_512,False
521,site3_571.png,0,512,0.09423828125,1,521_0_512,True
1544,site6_657.png,256,128,0.5430908203125,2,1544_256_128,True
848,site4_175.png,256,256,0.0,0,848_256_256,False
2459,site12_57.png,128,512,1.0,2,2459_128_512,True
4768,site16_745.png,384,256,0.0,0,4768_384_256,False
2578,site12_186.png,128,0,0.99468994140625,2,2578_128_0,True
1939,site9_50.png,384,0,0.75091552734375,2,1939_384_0,True
889,site5_29.png,512,384,0.0,0,889_512_384,False
1917,site9_18.png,384,128,0.50579833984375,2,1917_384_128,True
464,site3_508.png,512,128,0.0,0,464_512_128,False
2258,site14_335.png,512,256,0.01983642578125,0,2258_512_256,True
1037,site5_202.png,512,256,0.0,0,1037_512_256,False
941,site5_96.png,512,128,0.0,0,941_512_128,False
1932,site9_40.png,256,512,1.0,2,1932_256_512,True
3086,site13_95.png,128,384,0.61407470703125,2,3086_128_384,True
3122,site13_138.png,128,0,1.0,2,3122_128_0,True
2442,site12_39.png,128,384,1.0,2,2442_128_384,True
2140,site14_186.png,256,256,0.92327880859375,2,2140_256_256,True
3724,site11_461.png,0,384,0.0,0,3724_0_384,False
3145,site13_165.png,256,0,0.0,0,3145_256_0,False
551,site3_604.png,512,384,0.0,0,551_512_384,False
997,site5_158.png,0,128,0.150146484375,1,997_0_128,True
475,site3_519.png,256,384,0.0,0,475_256_384,False
4590,site16_536.png,384,256,0.95623779296875,2,4590_384_256,True
2442,site12_39.png,128,0,0.0,0,2442_128_0,False
291,site3_321.png,128,384,0.11871337890625,1,291_128_384,True
3058,site13_62.png,384,128,0.0067138671875,0,3058_384_128,True
1918,site9_19.png,128,128,0.0035400390625,0,1918_128_128,True
2995,site8_224.png,384,384,0.0,0,2995_384_384,False
3138,site13_156.png,128,128,0.79998779296875,2,3138_128_128,True
4722,site16_690.png,128,128,0.0,0,4722_128_128,False
1060,site5_227.png,512,384,0.7930908203125,2,1060_512_384,True
3026,site13_17.png,256,512,0.0,0,3026_256_512,False
4492,site16_432.png,256,384,0.02362060546875,0,4492_256_384,True
3101,site13_114.png,128,384,1.0,2,3101_128_384,True
1912,site9_6.png,0,128,0.0,0,1912_0_128,False
2934,site8_156.png,256,384,1.0,2,2934_256_384,True
3018,site8_254.png,384,256,1.0,2,3018_384_256,True
2234,site14_295.png,256,128,0.0,0,2234_256_128,False
3156,site13_178.png,0,512,0.0,0,3156_0_512,False
4468,site16_406.png,512,256,0.9884033203125,2,4468_512_256,True
1002,site5_164.png,0,0,0.0,0,1002_0_0,False
992,site5_153.png,512,128,0.0,0,992_512_128,False
2445,site12_42.png,512,256,0.91278076171875,2,2445_512_256,True
932,site5_85.png,512,384,0.0,0,932_512_384,False
2847,site8_57.png,0,256,0.45330810546875,2,2847_0_256,True
2203,site14_257.png,128,384,0.670654296875,2,2203_128_384,True
583,site3_641.png,512,0,0.3304443359375,1,583_512_0,True
2604,site17_11.png,512,384,0.97357177734375,2,2604_512_384,True
2550,site12_155.png,0,128,0.0,0,2550_0_128,False
847,site4_174.png,384,256,0.15277099609375,1,847_384_256,True
1791,site6_990.png,384,256,1.0,2,1791_384_256,True
1938,site9_49.png,512,256,0.75689697265625,2,1938_512_256,True
2218,site14_275.png,128,384,0.0,0,2218_128_384,False
2110,site14_154.png,0,512,0.0,0,2110_0_512,False
3106,site13_119.png,512,256,0.0,0,3106_512_256,False
2394,site15_153.png,256,384,0.0,0,2394_256_384,False
1229,site6_233.png,256,512,0.0,0,1229_256_512,False
2455,site12_53.png,384,256,0.0,0,2455_384_256,False
887,site5_27.png,128,256,0.0,0,887_128_256,False
3058,site13_62.png,128,384,0.0,0,3058_128_384,False
2655,site17_72.png,256,256,0.0,0,2655_256_256,False
3722,site11_459.png,0,256,0.37371826171875,1,3722_0_256,True
941,site5_96.png,512,512,0.0,0,941_512_512,False
1032,site5_195.png,512,0,0.3675537109375,1,1032_512_0,True
789,site4_112.png,128,0,0.0,0,789_128_0,False
2740,site1_56.png,0,128,0.0,0,2740_0_128,False
1036,site5_201.png,128,256,0.71990966796875,2,1036_128_256,True
358,site3_391.png,0,384,0.2344970703125,1,358_0_384,True
1785,site6_984.png,384,256,0.409423828125,2,1785_384_256,True
1025,site5_188.png,256,128,0.0,0,1025_256_128,False
2036,site14_70.png,256,0,0.0,0,2036_256_0,False
2180,site14_231.png,0,512,0.0,0,2180_0_512,False
2366,site15_119.png,512,256,0.0,0,2366_512_256,False
2341,site15_92.png,512,512,0.308349609375,1,2341_512_512,True
3787,site11_526.png,128,128,0.0,0,3787_128_128,False
3023,site13_7.png,384,0,0.0,0,3023_384_0,False
2456,site12_54.png,384,256,0.79669189453125,2,2456_384_256,True
4638,site16_588.png,0,512,0.0,0,4638_0_512,False
2687,site10_22.png,0,256,0.0,0,2687_0_256,False
3102,site13_115.png,0,384,1.0,2,3102_0_384,True
2175,site14_226.png,256,0,0.0,0,2175_256_0,False
1227,site6_231.png,128,256,0.34710693359375,1,1227_128_256,True
2091,site14_133.png,128,128,0.0,0,2091_128_128,False
1051,site5_218.png,256,384,0.9964599609375,2,1051_256_384,True
2087,site14_129.png,512,512,0.0,0,2087_512_512,False
924,site5_77.png,128,384,0.0,0,924_128_384,False
1029,site5_192.png,512,128,0.32794189453125,1,1029_512_128,True
605,site3_667.png,256,384,0.0,0,605_256_384,False
817,site4_141.png,384,0,0.0,0,817_384_0,False
1075,site5_244.png,128,0,0.0,0,1075_128_0,False
3053,site13_55.png,384,128,0.87554931640625,2,3053_384_128,True
4770,site16_747.png,512,0,0.0,0,4770_512_0,False
2764,site1_84.png,512,512,1.0,2,2764_512_512,True
1597,site6_726.png,128,0,0.0,0,1597_128_0,False
1493,site6_589.png,384,512,0.0,0,1493_384_512,False
900,site5_45.png,512,512,0.19024658203125,1,900_512_512,True
2665,site17_85.png,128,384,0.0,0,2665_128_384,False
4773,site16_750.png,0,512,0.0,0,4773_0_512,False
3138,site13_156.png,128,512,0.01763916015625,0,3138_128_512,True
2366,site15_119.png,384,128,0.0,0,2366_384_128,False
122,site3_143.png,256,128,0.531005859375,2,122_256_128,True
3288,site2_132.png,512,0,0.21661376953125,1,3288_512_0,True
4726,site16_694.png,512,384,0.0,0,4726_512_384,False
3143,site13_163.png,256,0,0.0,0,3143_256_0,False
2520,site12_123.png,256,0,1.0,2,2520_256_0,True
3058,site13_62.png,256,384,0.0,0,3058_256_384,False
3660,site11_395.png,512,256,1.0,2,3660_512_256,True
2157,site14_206.png,384,384,0.9432373046875,2,2157_384_384,True
2519,site12_122.png,384,512,1.0,2,2519_384_512,True
3627,site11_361.png,128,128,0.0,0,3627_128_128,False
387,site3_422.png,0,384,0.0,0,387_0_384,False
1015,site5_177.png,384,384,0.833251953125,2,1015_384_384,True
3069,site13_74.png,0,256,1.0,2,3069_0_256,True
4543,site16_485.png,0,512,0.0,0,4543_0_512,False
1959,site9_79.png,512,384,0.194091796875,1,1959_512_384,True
4752,site16_724.png,512,256,0.0,0,4752_512_256,False
2143,site14_189.png,256,512,0.0,0,2143_256_512,False
2564,site12_170.png,512,0,0.0,0,2564_512_0,False
3100,site13_113.png,128,0,1.0,2,3100_128_0,True
938,site5_93.png,0,0,0.2564697265625,1,938_0_0,True
606,site3_668.png,128,512,0.0,0,606_128_512,False
930,site5_83.png,0,256,0.0,0,930_0_256,False
2648,site17_63.png,512,0,0.0,0,2648_512_0,False
3787,site11_526.png,128,384,0.0,0,3787_128_384,False
1948,site9_62.png,128,0,1.0,2,1948_128_0,True
387,site3_422.png,512,256,0.0,0,387_512_256,False
1205,site6_198.png,0,384,0.0,0,1205_0_384,False
1925,site9_30.png,0,384,0.7049560546875,2,1925_0_384,True
123,site3_144.png,128,0,0.0,0,123_128_0,False
3724,site11_461.png,384,384,0.38641357421875,1,3724_384_384,True
2041,site14_75.png,128,128,0.0,0,2041_128_128,False
1440,site6_518.png,0,256,0.0,0,1440_0_256,False
998,site5_159.png,0,384,0.17333984375,1,998_0_384,True
45,site3_56.png,512,0,0.0,0,45_512_0,False
3787,site11_526.png,512,512,0.27630615234375,1,3787_512_512,True
290,site3_320.png,256,256,0.09808349609375,1,290_256_256,True
2248,site14_316.png,256,128,0.0,0,2248_256_128,False
1058,site5_225.png,384,512,0.385009765625,1,1058_384_512,True
1073,site5_242.png,0,128,0.15545654296875,1,1073_0_128,True
4729,site16_697.png,0,512,0.17132568359375,1,4729_0_512,True
352,site3_385.png,128,256,0.0,0,352_128_256,False
3076,site13_83.png,512,384,1.0,2,3076_512_384,True
2961,site8_186.png,128,0,0.32269287109375,1,2961_128_0,True
952,site5_109.png,0,384,0.86358642578125,2,952_0_384,True
1638,site6_784.png,0,256,0.0,0,1638_0_256,False
3228,site2_63.png,128,128,0.0,0,3228_128_128,False
2059,site14_95.png,384,512,0.0,0,2059_384_512,False
3131,site13_148.png,0,128,1.0,2,3131_0_128,True
2186,site14_237.png,0,384,0.0,0,2186_0_384,False
2962,site8_187.png,128,256,0.0,0,2962_128_256,False
2087,site14_129.png,128,512,0.0,0,2087_128_512,False
1925,site9_30.png,0,512,0.0,0,1925_0_512,False
295,site3_325.png,0,128,0.0,0,295_0_128,False
656,site3_731.png,256,512,0.0,0,656_256_512,False
3209,site2_37.png,256,256,0.0,0,3209_256_256,False
2520,site12_123.png,0,512,1.0,2,2520_0_512,True
3756,site11_494.png,256,512,0.97833251953125,2,3756_256_512,True
2033,site14_67.png,0,128,0.0,0,2033_0_128,False
1027,site5_190.png,256,256,1.0,2,1027_256_256,True
416,site3_454.png,256,512,0.0,0,416_256_512,False
2118,site14_163.png,128,128,0.0,0,2118_128_128,False
4856,site16_851.png,128,128,0.0,0,4856_128_128,False
3241,site2_78.png,512,384,0.0,0,3241_512_384,False
3095,site13_106.png,128,384,0.0,0,3095_128_384,False
4492,site16_432.png,384,256,1.0,2,4492_384_256,True
2052,site14_88.png,0,128,0.00341796875,0,2052_0_128,True
2192,site14_246.png,256,256,0.0,0,2192_256_256,False
1084,site5_257.png,0,384,0.0,0,1084_0_384,False
1924,site9_29.png,256,0,0.472900390625,2,1924_256_0,True
2764,site1_84.png,128,512,0.0,0,2764_128_512,False
3145,site13_165.png,384,512,0.94635009765625,2,3145_384_512,True
2447,site12_44.png,0,384,0.76654052734375,2,2447_0_384,True
2753,site1_71.png,0,384,0.0,0,2753_0_384,False
2995,site8_224.png,256,512,0.0445556640625,0,2995_256_512,True
4402,site16_330.png,128,128,0.0,0,4402_128_128,False
1044,site5_209.png,0,512,0.21173095703125,1,1044_0_512,True
3045,site13_45.png,0,384,0.0,0,3045_0_384,False
3045,site13_45.png,0,128,0.0,0,3045_0_128,False
551,site3_604.png,384,384,0.0,0,551_384_384,False
604,site3_666.png,256,0,0.212158203125,1,604_256_0,True
2726,site1_41.png,0,512,0.0,0,2726_0_512,False
4543,site16_485.png,256,0,0.0,0,4543_256_0,False
3105,site13_118.png,512,128,0.0,0,3105_512_128,False
2439,site12_36.png,256,384,0.01470947265625,0,2439_256_384,True
1282,site6_308.png,128,256,0.0,0,1282_128_256,False
1787,site6_986.png,512,128,1.0,2,1787_512_128,True
3061,site13_65.png,128,512,0.534912109375,2,3061_128_512,True
3068,site13_73.png,384,0,1.0,2,3068_384_0,True
656,site3_731.png,512,0,0.0,0,656_512_0,False
3788,site11_527.png,512,512,0.52459716796875,2,3788_512_512,True
1261,site6_276.png,256,384,0.0,0,1261_256_384,False
1044,site5_209.png,0,128,1.0,2,1044_0_128,True
1128,site6_83.png,0,256,0.0,0,1128_0_256,False
2515,site12_118.png,256,128,0.7686767578125,2,2515_256_128,True
2521,site12_124.png,512,0,1.0,2,2521_512_0,True
915,site5_64.png,512,256,0.054931640625,1,915_512_256,True
2968,site8_194.png,384,128,0.0,0,2968_384_128,False
2175,site14_226.png,256,384,0.8687744140625,2,2175_256_384,True
2123,site14_168.png,512,384,0.0,0,2123_512_384,False
2470,site12_70.png,256,0,0.27215576171875,1,2470_256_0,True
2763,site1_83.png,384,384,0.0,0,2763_384_384,False
2923,site8_144.png,0,384,0.793701171875,2,2923_0_384,True
2161,site14_210.png,128,384,0.01446533203125,0,2161_128_384,True
358,site3_391.png,384,512,0.80859375,2,358_384_512,True
3263,site2_104.png,512,384,0.0,0,3263_512_384,False
4748,site16_720.png,256,256,0.0,0,4748_256_256,False
4589,site16_535.png,512,0,0.0,0,4589_512_0,False
464,site3_508.png,0,128,0.0,0,464_0_128,False
3046,site13_46.png,0,384,0.104248046875,1,3046_0_384,True
415,site3_453.png,384,384,0.0,0,415_384_384,False
1760,site6_949.png,0,0,0.0,0,1760_0_0,False
2838,site8_46.png,0,512,0.0,0,2838_0_512,False
1763,site6_952.png,384,128,0.9793701171875,2,1763_384_128,True
790,site4_113.png,128,384,1.0,2,790_128_384,True
2653,site17_70.png,384,384,0.18212890625,1,2653_384_384,True
1037,site5_202.png,128,512,0.6451416015625,2,1037_128_512,True
2119,site14_164.png,256,128,0.0,0,2119_256_128,False
2073,site14_112.png,512,384,0.0,0,2073_512_384,False
1779,site6_968.png,256,512,0.0,0,1779_256_512,False
2765,site1_85.png,384,384,0.0,0,2765_384_384,False
822,site4_148.png,256,512,0.0,0,822_256_512,False
3719,site11_456.png,384,384,0.07958984375,1,3719_384_384,True
2342,site15_93.png,256,384,0.123046875,1,2342_256_384,True
1060,site5_227.png,128,0,0.0,0,1060_128_0,False
2847,site8_57.png,0,384,0.00634765625,0,2847_0_384,True
1309,site6_344.png,384,384,0.0,0,1309_384_384,False
1002,site5_164.png,384,256,0.0,0,1002_384_256,False
2914,site8_134.png,384,128,0.0,0,2914_384_128,False
847,site4_174.png,384,512,0.0,0,847_384_512,False
2236,site14_297.png,384,256,0.83343505859375,2,2236_384_256,True
1546,site6_659.png,512,384,0.0,0,1546_512_384,False
2394,site15_153.png,512,128,0.0,0,2394_512_128,False
902,site5_47.png,128,512,0.27685546875,1,902_128_512,True
408,site3_446.png,256,128,0.0,0,408_256_128,False
1543,site6_656.png,384,128,0.0,0,1543_384_128,False
4726,site16_694.png,256,256,0.07281494140625,1,4726_256_256,True
739,site4_59.png,0,0,0.0,0,739_0_0,False
2191,site14_245.png,512,128,0.71527099609375,2,2191_512_128,True
2258,site14_335.png,128,128,0.0,0,2258_128_128,False
532,site3_582.png,128,384,0.0,0,532_128_384,False
3143,site13_163.png,128,0,0.0,0,3143_128_0,False
2832,site8_37.png,128,128,1.0,2,2832_128_128,True
998,site5_159.png,0,256,0.0,0,998_0_256,False
2100,site14_144.png,384,512,0.94769287109375,2,2100_384_512,True
1956,site9_73.png,384,128,1.0,2,1956_384_128,True
1788,site6_987.png,128,256,1.0,2,1788_128_256,True
2970,site8_196.png,512,384,0.0,0,2970_512_384,False
3006,site8_236.png,0,384,0.3394775390625,1,3006_0_384,True
3099,site13_112.png,128,256,1.0,2,3099_128_256,True
2092,site14_134.png,256,128,0.0,0,2092_256_128,False
2186,site14_237.png,128,0,0.0,0,2186_128_0,False
1826,site6_1037.png,0,256,0.0,0,1826_0_256,False
2160,site14_209.png,384,384,0.04498291015625,0,2160_384_384,True
1051,site5_218.png,128,0,0.97088623046875,2,1051_128_0,True
2233,site14_294.png,0,256,0.0,0,2233_0_256,False
2372,site15_127.png,512,512,0.0,0,2372_512_512,False
2192,site14_246.png,256,0,0.0,0,2192_256_0,False
2073,site14_112.png,384,384,0.5784912109375,2,2073_384_384,True
3130,site13_147.png,512,384,1.0,2,3130_512_384,True
2446,site12_43.png,128,384,1.0,2,2446_128_384,True
1917,site9_18.png,512,0,0.6534423828125,2,1917_512_0,True
2091,site14_133.png,128,512,0.0,0,2091_128_512,False
1440,site6_518.png,128,256,0.0,0,1440_128_256,False
2444,site12_41.png,512,256,1.0,2,2444_512_256,True
1552,site6_673.png,384,256,0.0,0,1552_384_256,False
2182,site14_233.png,128,512,0.0,0,2182_128_512,False
2365,site15_118.png,0,384,0.0,0,2365_0_384,False
1912,site9_6.png,384,0,0.0,0,1912_384_0,False
2605,site17_12.png,128,512,0.17303466796875,1,2605_128_512,True
2618,site17_29.png,384,384,0.0,0,2618_384_384,False
2457,site12_55.png,384,0,1.0,2,2457_384_0,True
2486,site12_87.png,512,512,0.904296875,2,2486_512_512,True
1010,site5_172.png,0,512,1.0,2,1010_0_512,True
1020,site5_183.png,256,128,0.0,0,1020_256_128,False
3164,site13_188.png,128,512,0.0,0,3164_128_512,False
4855,site16_850.png,384,256,0.0,0,4855_384_256,False
3077,site13_84.png,384,512,1.0,2,3077_384_512,True
2775,site1_97.png,0,128,0.0,0,2775_0_128,False
387,site3_422.png,128,0,0.0,0,387_128_0,False
2521,site12_124.png,384,0,0.45013427734375,2,2521_384_0,True
4730,site16_698.png,0,512,0.0,0,4730_0_512,False
2786,site1_110.png,128,384,0.52490234375,2,2786_128_384,True
2629,site17_42.png,256,512,0.0,0,2629_256_512,False
1737,site6_916.png,512,256,0.0,0,1737_512_256,False
1057,site5_224.png,256,128,0.314208984375,1,1057_256_128,True
793,site4_116.png,0,128,0.12542724609375,1,793_0_128,True
2233,site14_294.png,384,128,0.0859375,1,2233_384_128,True
2163,site14_212.png,0,256,0.6900634765625,2,2163_0_256,True
823,site4_149.png,128,128,0.0,0,823_128_128,False
814,site4_138.png,0,128,0.0,0,814_0_128,False
1440,site6_518.png,0,512,0.0,0,1440_0_512,False
2491,site12_92.png,0,256,0.0,0,2491_0_256,False
2342,site15_93.png,512,256,0.0,0,2342_512_256,False
2485,site12_86.png,128,128,0.0,0,2485_128_128,False
3059,site13_63.png,512,384,0.61480712890625,2,3059_512_384,True
2831,site8_36.png,256,384,1.0,2,2831_256_384,True
2961,site8_186.png,384,128,0.75164794921875,2,2961_384_128,True
3156,site13_178.png,384,512,0.26165771484375,1,3156_384_512,True
2091,site14_133.png,0,0,0.0,0,2091_0_0,False
2459,site12_57.png,512,256,0.88494873046875,2,2459_512_256,True
758,site4_79.png,0,512,0.185791015625,1,758_0_512,True
3086,site13_95.png,128,128,0.46044921875,2,3086_128_128,True
2685,site10_20.png,512,384,0.0,0,2685_512_384,False
1738,site6_917.png,384,0,0.0,0,1738_384_0,False
2973,site8_199.png,384,384,0.0,0,2973_384_384,False
270,site3_299.png,384,384,0.3607177734375,1,270_384_384,True
3006,site8_236.png,512,384,0.0,0,3006_512_384,False
993,site5_154.png,384,0,0.36822509765625,1,993_384_0,True
2175,site14_226.png,384,0,0.21881103515625,1,2175_384_0,True
2657,site17_74.png,0,384,0.0,0,2657_0_384,False
1026,site5_189.png,256,256,1.0,2,1026_256_256,True
1002,site5_164.png,0,256,0.0,0,1002_0_256,False
4729,site16_697.png,0,256,0.19049072265625,1,4729_0_256,True
2847,site8_57.png,384,0,0.0,0,2847_384_0,False
2598,site17_5.png,384,256,0.0,0,2598_384_256,False
2692,site10_51.png,256,384,1.0,2,2692_256_384,True
351,site3_384.png,128,128,0.0,0,351_128_128,False
792,site4_115.png,512,128,0.03668212890625,0,792_512_128,True
4469,site16_407.png,128,384,0.9959716796875,2,4469_128_384,True
2159,site14_208.png,256,512,0.0,0,2159_256_512,False
1282,site6_308.png,256,384,0.0,0,1282_256_384,False
1003,site5_165.png,384,512,0.0,0,1003_384_512,False
3756,site11_494.png,128,128,0.13848876953125,1,3756_128_128,True
1032,site5_195.png,128,256,1.0,2,1032_128_256,True
891,site5_31.png,512,384,0.0,0,891_512_384,False
2445,site12_42.png,512,0,0.192626953125,1,2445_512_0,True
1912,site9_6.png,0,384,0.0,0,1912_0_384,False
2686,site10_21.png,256,384,0.0,0,2686_256_384,False
3229,site2_64.png,512,384,1.0,2,3229_512_384,True
2675,site7_7.png,128,384,0.0,0,2675_128_384,False
2913,site8_133.png,256,512,0.2430419921875,1,2913_256_512,True
2641,site17_56.png,0,256,0.91351318359375,2,2641_0_256,True
2689,site10_28.png,512,384,0.0,0,2689_512_384,False
1918,site9_19.png,128,0,0.0,0,1918_128_0,False
2674,site7_6.png,512,128,0.5965576171875,2,2674_512_128,True
927,site5_80.png,128,384,0.65985107421875,2,927_128_384,True
2610,site17_19.png,256,512,0.0,0,2610_256_512,False
774,site4_96.png,256,256,1.0,2,774_256_256,True
3068,site13_73.png,0,384,1.0,2,3068_0_384,True
1714,site6_885.png,256,0,0.0,0,1714_256_0,False
1525,site6_638.png,384,128,0.0,0,1525_384_128,False
2729,site1_44.png,0,256,0.0,0,2729_0_256,False
939,site5_94.png,512,384,0.0,0,939_512_384,False
584,site3_642.png,384,128,0.0,0,584_384_128,False
814,site4_138.png,0,512,0.0,0,814_0_512,False
2117,site14_162.png,512,512,0.0,0,2117_512_512,False
3111,site13_126.png,512,384,1.0,2,3111_512_384,True
889,site5_29.png,256,0,0.0999755859375,1,889_256_0,True
4875,site16_875.png,128,512,0.0,0,4875_128_512,False
816,site4_140.png,512,0,0.0,0,816_512_0,False
2218,site14_275.png,256,128,0.0,0,2218_256_128,False
328,site3_360.png,256,256,0.0,0,328_256_256,False
1261,site6_276.png,0,256,0.33349609375,1,1261_0_256,True
1571,site6_692.png,384,512,0.8250732421875,2,1571_384_512,True
1950,site9_64.png,256,256,0.15863037109375,1,1950_256_256,True
1097,site5_278.png,128,0,1.0,2,1097_128_0,True
4591,site16_537.png,256,384,0.0126953125,0,4591_256_384,True
813,site4_137.png,128,512,0.0,0,813_128_512,False
2220,site14_277.png,384,0,0.0,0,2220_384_0,False
548,site3_601.png,256,256,0.1561279296875,1,548_256_256,True
2647,site17_62.png,384,256,0.0,0,2647_384_256,False
739,site4_59.png,512,256,0.0,0,739_512_256,False
2438,site12_35.png,512,128,0.76824951171875,2,2438_512_128,True
2528,site12_132.png,512,0,0.44110107421875,2,2528_512_0,True
1762,site6_951.png,512,384,1.0,2,1762_512_384,True
290,site3_320.png,256,384,0.0,0,290_256_384,False
848,site4_175.png,256,384,0.35302734375,1,848_256_384,True
3274,site2_116.png,0,256,0.0,0,3274_0_256,False
1037,site5_202.png,256,384,0.94287109375,2,1037_256_384,True
290,site3_320.png,0,0,0.0,0,290_0_0,False
2519,site12_122.png,256,256,0.2686767578125,1,2519_256_256,True
996,site5_157.png,128,256,0.0,0,996_128_256,False
773,site4_95.png,512,0,1.0,2,773_512_0,True
4764,site16_741.png,384,128,0.0,0,4764_384_128,False
2839,site8_47.png,384,384,0.0,0,2839_384_384,False
358,site3_391.png,128,0,0.0,0,358_128_0,False
3029,site13_25.png,512,256,0.0,0,3029_512_256,False
2529,site12_133.png,128,0,0.11187744140625,1,2529_128_0,True
2578,site12_186.png,0,256,0.0,0,2578_0_256,False
3030,site13_26.png,0,0,0.24859619140625,1,3030_0_0,True
923,site5_76.png,256,512,0.34222412109375,1,923_256_512,True
3626,site11_360.png,384,384,0.0,0,3626_384_384,False
497,site3_544.png,512,384,0.0,0,497_512_384,False
630,site3_697.png,0,512,0.0,0,630_0_512,False
2765,site1_85.png,128,128,0.0,0,2765_128_128,False
3113,site13_128.png,0,128,0.92352294921875,2,3113_0_128,True
2786,site1_110.png,256,384,1.0,2,2786_256_384,True
2775,site1_97.png,128,512,0.0,0,2775_128_512,False
2491,site12_92.png,256,0,0.0,0,2491_256_0,False
1654,site6_808.png,256,256,0.0,0,1654_256_256,False
4591,site16_537.png,128,384,0.2689208984375,1,4591_128_384,True
3067,site13_72.png,0,128,0.94732666015625,2,3067_0_128,True
1737,site6_916.png,256,128,0.0,0,1737_256_128,False
891,site5_31.png,384,512,0.0106201171875,0,891_384_512,True
1228,site6_232.png,128,512,0.62969970703125,2,1228_128_512,True
3078,site13_85.png,0,256,1.0,2,3078_0_256,True
3190,site13_219.png,0,0,0.0,0,3190_0_0,False
2457,site12_55.png,512,128,1.0,2,2457_512_128,True
992,site5_153.png,384,256,0.360107421875,1,992_384_256,True
2336,site15_86.png,384,256,0.08221435546875,1,2336_384_256,True
980,site5_139.png,0,384,0.0,0,980_0_384,False
2485,site12_86.png,512,512,1.0,2,2485_512_512,True
998,site5_159.png,256,512,0.842041015625,2,998_256_512,True
2657,site17_74.png,0,512,0.0,0,2657_0_512,False
4856,site16_851.png,256,0,0.0,0,4856_256_0,False
3087,site13_96.png,256,384,0.0,0,3087_256_384,False
2354,site15_106.png,128,128,1.0,2,2354_128_128,True
290,site3_320.png,384,384,0.0,0,290_384_384,False
3028,site13_24.png,128,0,0.0,0,3028_128_0,False
1654,site6_808.png,0,128,0.0,0,1654_0_128,False
2610,site17_19.png,512,0,0.57464599609375,2,2610_512_0,True
2050,site14_86.png,256,0,0.0,0,2050_256_0,False
773,site4_95.png,512,512,1.0,2,773_512_512,True
1597,site6_726.png,128,128,0.0,0,1597_128_128,False
4638,site16_588.png,128,0,0.08740234375,1,4638_128_0,True
2085,site14_127.png,512,128,0.0,0,2085_512_128,False
777,site4_99.png,512,512,0.0,0,777_512_512,False
2611,site17_20.png,256,128,1.0,2,2611_256_128,True
1309,site6_344.png,256,256,0.0,0,1309_256_256,False
3287,site2_131.png,256,256,0.0,0,3287_256_256,False
1923,site9_28.png,512,128,0.6654052734375,2,1923_512_128,True
2513,site12_116.png,128,0,0.0,0,2513_128_0,False
3120,site13_136.png,128,128,0.81890869140625,2,3120_128_128,True
3058,site13_62.png,512,0,0.2802734375,1,3058_512_0,True
3655,site11_390.png,384,0,0.0,0,3655_384_0,False
3165,site13_189.png,512,384,0.52215576171875,2,3165_512_384,True
2926,site8_147.png,256,0,0.04339599609375,0,2926_256_0,True
3263,site2_104.png,256,0,0.0,0,3263_256_0,False
3720,site11_457.png,0,0,0.10321044921875,1,3720_0_0,True
2226,site14_287.png,256,256,0.0,0,2226_256_256,False
3107,site13_122.png,128,0,0.87713623046875,2,3107_128_0,True
1791,site6_990.png,384,128,1.0,2,1791_384_128,True
3161,site13_185.png,512,128,0.90802001953125,2,3161_512_128,True
2765,site1_85.png,256,128,0.0,0,2765_256_128,False
3164,site13_188.png,256,128,0.03228759765625,0,3164_256_128,True
4568,site16_512.png,128,128,0.1409912109375,1,4568_128_128,True
1778,site6_967.png,256,0,0.0,0,1778_256_0,False
123,site3_144.png,512,384,0.0,0,123_512_384,False
1958,site9_75.png,384,0,1.0,2,1958_384_0,True
1024,site5_187.png,128,0,0.78839111328125,2,1024_128_0,True
3125,site13_142.png,256,256,0.0,0,3125_256_256,False
2530,site12_134.png,0,384,0.0,0,2530_0_384,False
2763,site1_83.png,128,128,0.20855712890625,1,2763_128_128,True
1953,site9_70.png,384,384,1.0,2,1953_384_384,True
3101,site13_114.png,256,384,1.0,2,3101_256_384,True
3229,site2_64.png,384,256,0.69146728515625,2,3229_384_256,True
2102,site14_146.png,512,512,0.17755126953125,1,2102_512_512,True
4808,site16_793.png,0,256,0.4248046875,2,4808_0_256,True
326,site3_358.png,0,384,0.0,0,326_0_384,False
3627,site11_361.png,128,0,0.0,0,3627_128_0,False
2962,site8_187.png,512,128,0.0,0,2962_512_128,False
4424,site16_355.png,384,512,0.06884765625,1,4424_384_512,True
585,site3_643.png,384,512,0.0,0,585_384_512,False
350,site3_383.png,512,512,0.0,0,350_512_512,False
1544,site6_657.png,256,384,0.944580078125,2,1544_256_384,True
2745,site1_61.png,128,512,0.422119140625,2,2745_128_512,True
4730,site16_698.png,128,256,0.14288330078125,1,4730_128_256,True
3266,site2_107.png,384,384,0.0,0,3266_384_384,False
2604,site17_11.png,256,0,0.9765625,2,2604_256_0,True
3688,site11_424.png,128,0,0.34600830078125,1,3688_128_0,True
994,site5_155.png,0,512,0.67333984375,2,994_0_512,True
1552,site6_673.png,0,0,0.0,0,1552_0_0,False
2180,site14_231.png,0,256,0.1514892578125,1,2180_0_256,True
4424,site16_355.png,384,0,1.0,2,4424_384_0,True
2067,site14_106.png,512,0,0.69061279296875,2,2067_512_0,True
1728,site6_899.png,256,384,0.0,0,1728_256_384,False
2642,site17_57.png,384,256,0.71820068359375,2,2642_384_256,True
2235,site14_296.png,384,256,0.30126953125,1,2235_384_256,True
4376,site16_303.png,256,384,0.0,0,4376_256_384,False
987,site5_148.png,0,384,0.0,0,987_0_384,False
3134,site13_152.png,256,0,0.0,0,3134_256_0,False
606,site3_668.png,256,0,0.0,0,606_256_0,False
2442,site12_39.png,512,512,1.0,2,2442_512_512,True
2995,site8_224.png,128,512,0.01019287109375,0,2995_128_512,True
2445,site12_42.png,256,128,1.0,2,2445_256_128,True
295,site3_325.png,384,128,0.0,0,295_384_128,False
978,site5_137.png,0,128,0.1964111328125,1,978_0_128,True
2563,site12_169.png,384,256,0.16424560546875,1,2563_384_256,True
1503,site6_607.png,0,384,0.0,0,1503_0_384,False
1715,site6_886.png,256,0,0.0,0,1715_256_0,False
3719,site11_456.png,256,384,0.867919921875,2,3719_256_384,True
3046,site13_46.png,384,512,0.9599609375,2,3046_384_512,True
1085,site5_258.png,512,384,0.0,0,1085_512_384,False
791,site4_114.png,128,0,1.0,2,791_128_0,True
2692,site10_51.png,0,512,0.1029052734375,1,2692_0_512,True
3161,site13_185.png,512,0,1.0,2,3161_512_0,True
3088,site13_97.png,512,256,0.19378662109375,1,3088_512_256,True
2848,site8_58.png,384,128,0.0,0,2848_384_128,False
1778,site6_967.png,0,384,0.0,0,1778_0_384,False
2066,site14_105.png,128,512,0.0,0,2066_128_512,False
3169,site13_195.png,256,0,0.0,0,3169_256_0,False
1918,site9_19.png,0,0,0.0,0,1918_0_0,False
3690,site11_426.png,0,384,0.0,0,3690_0_384,False
3118,site13_134.png,0,128,1.0,2,3118_0_128,True
891,site5_31.png,0,384,0.0,0,891_0_384,False
2847,site8_57.png,512,256,1.0,2,2847_512_256,True
2123,site14_168.png,256,384,0.0,0,2123_256_384,False
605,site3_667.png,512,512,0.0,0,605_512_512,False
2848,site8_58.png,0,256,1.0,2,2848_0_256,True
2341,site15_92.png,128,384,0.0,0,2341_128_384,False
3106,site13_119.png,0,384,0.4583740234375,2,3106_0_384,True
1083,site5_256.png,384,0,0.0,0,1083_384_0,False
813,site4_137.png,256,512,0.0,0,813_256_512,False
3103,site13_116.png,128,0,0.0,0,3103_128_0,False
891,site5_31.png,256,0,0.0,0,891_256_0,False
1552,site6_673.png,128,512,0.0,0,1552_128_512,False
2087,site14_129.png,384,512,0.0,0,2087_384_512,False
329,site3_361.png,384,256,0.08477783203125,1,329_384_256,True
2110,site14_154.png,384,0,0.0,0,2110_384_0,False
1022,site5_185.png,256,128,0.0,0,1022_256_128,False
2442,site12_39.png,384,128,0.84210205078125,2,2442_384_128,True
1045,site5_210.png,384,256,0.0,0,1045_384_256,False
2643,site17_58.png,0,256,0.0,0,2643_0_256,False
998,site5_159.png,512,512,0.0,0,998_512_512,False
2346,site15_97.png,256,256,0.0,0,2346_256_256,False
2117,site14_162.png,384,384,0.0,0,2117_384_384,False
969,site5_128.png,128,0,0.10186767578125,1,969_128_0,True
2438,site12_35.png,384,128,0.6099853515625,2,2438_384_128,True
2509,site12_111.png,384,512,0.16571044921875,1,2509_384_512,True
1273,site6_299.png,0,256,0.0,0,1273_0_256,False
502,site3_549.png,384,384,0.0,0,502_384_384,False
327,site3_359.png,384,384,0.0,0,327_384_384,False
1956,site9_73.png,128,384,0.727783203125,2,1956_128_384,True
1039,site5_204.png,0,512,0.0,0,1039_0_512,False
2847,site8_57.png,0,0,0.0,0,2847_0_0,False
888,site5_28.png,0,512,0.0,0,888_0_512,False
4542,site16_484.png,256,512,0.55657958984375,2,4542_256_512,True
1552,site6_673.png,512,256,0.0,0,1552_512_256,False
2604,site17_11.png,384,128,1.0,2,2604_384_128,True
2964,site8_189.png,256,384,0.0,0,2964_256_384,False
1760,site6_949.png,0,384,0.0,0,1760_0_384,False
3658,site11_393.png,256,128,0.3638916015625,1,3658_256_128,True
2067,site14_106.png,256,512,1.0,2,2067_256_512,True
2203,site14_257.png,384,256,0.18524169921875,1,2203_384_256,True
1925,site9_30.png,384,128,1.0,2,1925_384_128,True
2208,site14_265.png,256,384,0.05419921875,1,2208_256_384,True
3756,site11_494.png,384,512,0.5555419921875,2,3756_384_512,True
1044,site5_209.png,0,0,1.0,2,1044_0_0,True
1923,site9_28.png,384,384,1.0,2,1923_384_384,True
3823,site11_563.png,128,512,0.0,0,3823_128_512,False
3069,site13_74.png,512,256,1.0,2,3069_512_256,True
2341,site15_92.png,512,256,0.2738037109375,1,2341_512_256,True
2665,site17_85.png,384,512,0.0,0,2665_384_512,False
2423,site12_19.png,512,512,0.0,0,2423_512_512,False
4638,site16_588.png,384,128,0.268310546875,1,4638_384_128,True
2925,site8_146.png,256,384,0.0,0,2925_256_384,False
822,site4_148.png,384,256,0.22613525390625,1,822_384_256,True
2934,site8_156.png,512,384,1.0,2,2934_512_384,True
3029,site13_25.png,512,384,0.0,0,3029_512_384,False
2943,site8_166.png,512,256,1.0,2,2943_512_256,True
4751,site16_723.png,512,512,0.23443603515625,1,4751_512_512,True
939,site5_94.png,512,256,0.301513671875,1,939_512_256,True
3123,site13_139.png,256,512,0.0,0,3123_256_512,False
994,site5_155.png,512,384,1.0,2,994_512_384,True
2648,site17_63.png,256,384,0.44403076171875,2,2648_256_384,True
1261,site6_276.png,512,512,0.0,0,1261_512_512,False
2886,site8_103.png,128,128,0.0,0,2886_128_128,False
359,site3_392.png,256,256,0.03375244140625,0,359_256_256,True
775,site4_97.png,384,0,0.76690673828125,2,775_384_0,True
239,site3_267.png,256,128,0.0,0,239_256_128,False
1023,site5_186.png,128,384,0.52508544921875,2,1023_128_384,True
3022,site13_6.png,0,128,0.1904296875,1,3022_0_128,True
1913,site9_7.png,128,128,0.342529296875,1,1913_128_128,True
847,site4_174.png,512,128,0.39434814453125,1,847_512_128,True
577,site3_635.png,128,256,0.0,0,577_128_256,False
1031,site5_194.png,512,128,0.73736572265625,2,1031_512_128,True
2225,site14_286.png,384,256,0.2847900390625,1,2225_384_256,True
4875,site16_875.png,128,0,0.0,0,4875_128_0,False
2085,site14_127.png,384,128,0.0,0,2085_384_128,False
758,site4_79.png,0,384,0.53668212890625,2,758_0_384,True
1785,site6_984.png,128,128,0.27655029296875,1,1785_128_128,True
4468,site16_406.png,512,384,1.0,2,4468_512_384,True
2470,site12_70.png,256,256,0.4356689453125,2,2470_256_256,True
1924,site9_29.png,384,128,0.75189208984375,2,1924_384_128,True
1045,site5_210.png,512,384,0.0,0,1045_512_384,False
3163,site13_187.png,512,256,0.0,0,3163_512_256,False
4614,site16_562.png,256,256,0.6265869140625,2,4614_256_256,True
2175,site14_226.png,0,0,0.0,0,2175_0_0,False
2331,site15_81.png,0,0,0.0,0,2331_0_0,False
4377,site16_304.png,512,0,0.0,0,4377_512_0,False
777,site4_99.png,0,512,0.67010498046875,2,777_0_512,True
2797,site1_123.png,0,128,0.03070068359375,0,2797_0_128,True
1191,site6_173.png,0,512,0.0,0,1191_0_512,False
3135,site13_153.png,384,0,0.0,0,3135_384_0,False
2144,site14_190.png,0,384,0.781494140625,2,2144_0_384,True
3060,site13_64.png,256,256,0.589599609375,2,3060_256_256,True
1953,site9_70.png,384,512,0.96038818359375,2,1953_384_512,True
4699,site16_664.png,512,512,0.0,0,4699_512_512,False
1260,site6_275.png,384,256,0.0,0,1260_384_256,False
1057,site5_224.png,256,0,0.60760498046875,2,1057_256_0,True
2538,site12_142.png,0,512,1.0,2,2538_0_512,True
3690,site11_426.png,256,384,0.0003662109375,0,3690_256_384,True
1925,site9_30.png,512,384,0.31781005859375,1,1925_512_384,True
4786,site16_767.png,256,512,0.0,0,4786_256_512,False
3161,site13_185.png,256,256,0.0,0,3161_256_256,False
2504,site12_106.png,512,0,1.0,2,2504_512_0,True
849,site4_176.png,128,512,0.0128173828125,0,849_128_512,True
2653,site17_70.png,384,256,0.826904296875,2,2653_384_256,True
3078,site13_85.png,128,128,0.2662353515625,1,3078_128_128,True
2041,site14_75.png,256,512,0.0,0,2041_256_512,False
290,site3_320.png,256,0,0.0,0,290_256_0,False
992,site5_153.png,512,512,1.0,2,992_512_512,True
822,site4_148.png,384,128,0.0,0,822_384_128,False
2610,site17_19.png,0,384,0.0,0,2610_0_384,False
972,site5_131.png,256,128,0.0,0,972_256_128,False
3660,site11_395.png,384,512,1.0,2,3660_384_512,True
756,site4_77.png,128,128,1.0,2,756_128_128,True
2182,site14_233.png,384,384,0.16094970703125,1,2182_384_384,True
1075,site5_244.png,0,384,0.11456298828125,1,1075_0_384,True
2654,site17_71.png,512,0,0.99224853515625,2,2654_512_0,True
4566,site16_510.png,256,0,0.0,0,4566_256_0,False
1692,site6_855.png,512,128,0.0,0,1692_512_128,False
2943,site8_166.png,384,384,1.0,2,2943_384_384,True
4699,site16_664.png,256,0,0.2733154296875,1,4699_256_0,True
2763,site1_83.png,512,384,0.0,0,2763_512_384,False
2740,site1_56.png,256,128,0.0,0,2740_256_128,False
947,site5_102.png,128,128,0.064697265625,1,947_128_128,True
1598,site6_727.png,256,128,1.0,2,1598_256_128,True
3053,site13_55.png,384,256,0.86993408203125,2,3053_384_256,True
941,site5_96.png,128,0,0.0,0,941_128_0,False
2105,site14_149.png,0,0,0.71746826171875,2,2105_0_0,True
1785,site6_984.png,384,128,1.0,2,1785_384_128,True
2476,site12_76.png,384,512,0.0,0,2476_384_512,False
927,site5_80.png,256,128,1.0,2,927_256_128,True
2498,site12_100.png,0,256,0.0,0,2498_0_256,False
1958,site9_75.png,0,128,0.43218994140625,2,1958_0_128,True
2642,site17_57.png,0,256,1.0,2,2642_0_256,True
941,site5_96.png,128,256,0.0,0,941_128_256,False
839,site4_166.png,512,512,0.0,0,839_512_512,False
1022,site5_185.png,384,384,0.00701904296875,0,1022_384_384,True
2551,site12_156.png,0,256,0.0,0,2551_0_256,False
2470,site12_70.png,256,384,0.66094970703125,2,2470_256_384,True
2087,site14_129.png,512,0,0.0,0,2087_512_0,False
2197,site14_251.png,256,384,0.0,0,2197_256_384,False
3143,site13_163.png,0,256,0.121337890625,1,3143_0_256,True
3118,site13_134.png,128,256,1.0,2,3118_128_256,True
1953,site9_70.png,0,512,0.0,0,1953_0_512,False
3042,site13_42.png,256,256,0.00567626953125,0,3042_256_256,True
2733,site1_48.png,384,256,0.15716552734375,1,2733_384_256,True
2520,site12_123.png,128,128,1.0,2,2520_128_128,True
1738,site6_917.png,512,512,0.0,0,1738_512_512,False
3047,site13_47.png,256,0,0.9127197265625,2,3047_256_0,True
464,site3_508.png,512,384,0.0,0,464_512_384,False
1924,site9_29.png,384,512,0.0,0,1924_384_512,False
1380,site6_441.png,256,512,0.0,0,1380_256_512,False
2665,site17_85.png,128,128,0.24615478515625,1,2665_128_128,True
739,site4_59.png,128,384,0.0,0,739_128_384,False
2445,site12_42.png,384,128,1.0,2,2445_384_128,True
2066,site14_105.png,256,128,0.0,0,2066_256_128,False
1571,site6_692.png,512,128,0.21099853515625,1,1571_512_128,True
1638,site6_784.png,512,512,0.0,0,1638_512_512,False
503,site3_550.png,384,128,0.0,0,503_384_128,False
1051,site5_218.png,256,128,1.0,2,1051_256_128,True
1638,site6_784.png,512,384,0.0,0,1638_512_384,False
3181,site13_209.png,0,256,0.0,0,3181_0_256,False
2456,site12_54.png,256,256,0.75994873046875,2,2456_256_256,True
1007,site5_169.png,0,0,0.46746826171875,2,1007_0_0,True
998,site5_159.png,384,384,0.0,0,998_384_384,False
2342,site15_93.png,512,512,0.0,0,2342_512_512,False
4589,site16_535.png,512,256,0.11273193359375,1,4589_512_256,True
4638,site16_588.png,0,256,0.0,0,4638_0_256,False
1078,site5_247.png,512,128,0.1434326171875,1,1078_512_128,True
3118,site13_134.png,128,0,1.0,2,3118_128_0,True
3823,site11_563.png,512,256,0.0,0,3823_512_256,False
2638,site17_53.png,128,256,0.70843505859375,2,2638_128_256,True
2463,site12_61.png,512,512,1.0,2,2463_512_512,True
1025,site5_188.png,384,0,0.85223388671875,2,1025_384_0,True
952,site5_109.png,128,384,1.0,2,952_128_384,True
2086,site14_128.png,512,0,0.0,0,2086_512_0,False
3086,site13_95.png,128,0,0.35308837890625,1,3086_128_0,True
2082,site14_124.png,128,0,0.0,0,2082_128_0,False
3287,site2_131.png,0,384,0.0,0,3287_0_384,False
2915,site8_135.png,384,256,0.0,0,2915_384_256,False
984,site5_145.png,256,512,0.794677734375,2,984_256_512,True
1503,site6_607.png,128,512,0.0,0,1503_128_512,False
968,site5_127.png,128,0,1.0,2,968_128_0,True
3046,site13_46.png,128,128,1.0,2,3046_128_128,True
1959,site9_79.png,128,0,0.00469970703125,0,1959_128_0,True
1020,site5_183.png,512,0,0.0,0,1020_512_0,False
2440,site12_37.png,384,0,0.0,0,2440_384_0,False
1059,site5_226.png,256,0,0.25762939453125,1,1059_256_0,True
2144,site14_190.png,256,0,0.46148681640625,2,2144_256_0,True
1788,site6_987.png,128,512,0.588623046875,2,1788_128_512,True
328,site3_360.png,128,0,0.0,0,328_128_0,False
3686,site11_422.png,384,512,0.00128173828125,0,3686_384_512,True
386,site3_421.png,512,128,0.0,0,386_512_128,False
2204,site14_258.png,128,128,0.0,0,2204_128_128,False
2052,site14_88.png,0,512,0.06280517578125,1,2052_0_512,True
3787,site11_526.png,0,128,0.0,0,3787_0_128,False
1301,site6_336.png,128,128,0.0,0,1301_128_128,False
2537,site12_141.png,256,256,1.0,2,2537_256_256,True
1492,site6_588.png,256,128,0.228515625,1,1492_256_128,True
2824,site8_25.png,0,256,0.0,0,2824_0_256,False
948,site5_103.png,128,128,0.0816650390625,1,948_128_128,True
3252,site2_91.png,128,512,0.0,0,3252_128_512,False
4566,site16_510.png,256,256,0.0,0,4566_256_256,False
1967,site9_90.png,256,0,0.6910400390625,2,1967_256_0,True
2786,site1_110.png,256,512,1.0,2,2786_256_512,True
2346,site15_97.png,384,512,0.0,0,2346_384_512,False
2925,site8_146.png,128,512,0.0185546875,0,2925_128_512,True
2613,site17_22.png,256,0,1.0,2,2613_256_0,True
1404,site6_474.png,512,128,0.321044921875,1,1404_512_128,True
291,site3_321.png,512,512,0.0,0,291_512_512,False
1037,site5_202.png,384,256,0.074462890625,1,1037_384_256,True
793,site4_116.png,256,384,0.0,0,793_256_384,False
1941,site9_52.png,128,128,1.0,2,1941_128_128,True
3148,site13_168.png,128,384,1.0,2,3148_128_384,True
1271,site6_297.png,256,384,0.0,0,1271_256_384,False
3094,site13_105.png,128,256,0.84771728515625,2,3094_128_256,True
2960,site8_185.png,128,256,0.0,0,2960_128_256,False
1041,site5_206.png,256,512,0.809326171875,2,1041_256_512,True
2421,site12_17.png,128,384,0.0,0,2421_128_384,False
2923,site8_144.png,512,0,0.43487548828125,2,2923_512_0,True
1044,site5_209.png,384,128,1.0,2,1044_384_128,True
533,site3_583.png,0,384,0.14019775390625,1,533_0_384,True
912,site5_61.png,0,256,0.0,0,912_0_256,False
2159,site14_208.png,256,384,0.0,0,2159_256_384,False
1215,site6_208.png,0,256,0.0,0,1215_0_256,False
2344,site15_95.png,256,384,0.0,0,2344_256_384,False
3166,site13_192.png,384,128,0.0079345703125,0,3166_384_128,True
3692,site11_428.png,128,256,1.0,2,3692_128_256,True
2551,site12_156.png,384,384,0.0,0,2551_384_384,False
3263,site2_104.png,128,256,0.0,0,3263_128_256,False
298,site3_328.png,512,384,0.0,0,298_512_384,False
4565,site16_509.png,256,256,0.0,0,4565_256_256,False
3657,site11_392.png,512,128,0.0,0,3657_512_128,False
2486,site12_87.png,512,0,1.0,2,2486_512_0,True
3068,site13_73.png,384,128,1.0,2,3068_384_128,True
2154,site14_203.png,0,384,0.0,0,2154_0_384,False
2639,site17_54.png,0,384,0.0,0,2639_0_384,False
3756,site11_494.png,384,128,0.819091796875,2,3756_384_128,True
464,site3_508.png,256,256,0.252197265625,1,464_256_256,True
3166,site13_192.png,384,0,0.0,0,3166_384_0,False
3687,site11_423.png,256,0,0.0,0,3687_256_0,False
2459,site12_57.png,512,384,0.878662109375,2,2459_512_384,True
580,site3_638.png,512,384,0.0,0,580_512_384,False
2372,site15_127.png,512,384,0.0,0,2372_512_384,False
3209,site2_37.png,0,384,0.01116943359375,0,3209_0_384,True
850,site4_177.png,256,0,0.0,0,850_256_0,False
1943,site9_57.png,384,512,0.8074951171875,2,1943_384_512,True
351,site3_384.png,256,128,0.0,0,351_256_128,False
2753,site1_71.png,128,128,0.0,0,2753_128_128,False
1778,site6_967.png,128,384,0.0,0,1778_128_384,False
2423,site12_19.png,384,384,0.0,0,2423_384_384,False
298,site3_328.png,0,256,0.0,0,298_0_256,False
2182,site14_233.png,256,128,0.03564453125,0,2182_256_128,True
292,site3_322.png,512,128,0.33489990234375,1,292_512_128,True
3030,site13_26.png,256,384,0.79803466796875,2,3030_256_384,True
3034,site13_32.png,0,0,0.0,0,3034_0_0,False
1714,site6_885.png,0,384,0.00164794921875,0,1714_0_384,True
2117,site14_162.png,384,0,0.1575927734375,1,2117_384_0,True
2226,site14_287.png,512,256,0.0,0,2226_512_256,False
3102,site13_115.png,128,0,1.0,2,3102_128_0,True
2235,site14_296.png,256,384,0.1429443359375,1,2235_256_384,True
2934,site8_156.png,384,0,0.9239501953125,2,2934_384_0,True
2323,site15_72.png,128,512,0.1112060546875,1,2323_128_512,True
1524,site6_637.png,0,256,0.4842529296875,2,1524_0_256,True
359,site3_392.png,128,256,0.0,0,359_128_256,False
2341,site15_92.png,256,256,0.0526123046875,1,2341_256_256,True
793,site4_116.png,384,0,0.668212890625,2,793_384_0,True
3138,site13_156.png,0,384,0.0,0,3138_0_384,False
1932,site9_40.png,512,128,0.0606689453125,1,1932_512_128,True
968,site5_127.png,256,128,1.0,2,968_256_128,True
3038,site13_36.png,256,256,1.0,2,3038_256_256,True
1087,site5_260.png,384,512,1.0,2,1087_384_512,True
23,site3_26.png,384,0,0.0,0,23_384_0,False
992,site5_153.png,512,256,0.212890625,1,992_512_256,True
983,site5_142.png,128,0,0.0,0,983_128_0,False
2323,site15_72.png,384,512,1.0,2,2323_384_512,True
2218,site14_275.png,128,0,0.0,0,2218_128_0,False
3655,site11_390.png,0,0,0.0,0,3655_0_0,False
2478,site12_78.png,512,256,1.0,2,2478_512_256,True
823,site4_149.png,128,384,0.0,0,823_128_384,False
2110,site14_154.png,256,512,0.2257080078125,1,2110_256_512,True
2733,site1_48.png,512,384,0.0,0,2733_512_384,False
1015,site5_177.png,512,512,0.273193359375,1,1015_512_512,True
902,site5_47.png,0,512,0.9796142578125,2,902_0_512,True
2538,site12_142.png,256,256,0.0,0,2538_256_256,False
290,site3_320.png,512,128,0.1767578125,1,290_512_128,True
1826,site6_1037.png,256,0,0.63958740234375,2,1826_256_0,True
2528,site12_132.png,256,0,0.93609619140625,2,2528_256_0,True
1923,site9_28.png,128,128,0.142578125,1,1923_128_128,True
1503,site6_607.png,512,0,0.0,0,1503_512_0,False
2973,site8_199.png,384,0,0.0,0,2973_384_0,False
1943,site9_57.png,512,512,0.22528076171875,1,1943_512_512,True
3077,site13_84.png,128,256,1.0,2,3077_128_256,True
1638,site6_784.png,256,512,0.0,0,1638_256_512,False
1083,site5_256.png,512,128,0.0,0,1083_512_128,False
2042,site14_76.png,128,128,0.0,0,2042_128_128,False
3054,site13_56.png,384,128,0.59503173828125,2,3054_384_128,True
2366,site15_119.png,0,384,0.0,0,2366_0_384,False
2653,site17_70.png,384,0,1.0,2,2653_384_0,True
823,site4_149.png,256,128,0.0,0,823_256_128,False
2272,site14_356.png,128,512,0.0,0,2272_128_512,False
2351,site15_103.png,512,0,0.4901123046875,2,2351_512_0,True
2960,site8_185.png,256,0,0.31439208984375,1,2960_256_0,True
3241,site2_78.png,128,128,0.0,0,3241_128_128,False
4402,site16_330.png,384,128,0.0,0,4402_384_128,False
952,site5_109.png,512,0,0.4459228515625,2,952_512_0,True
549,site3_602.png,512,384,0.0,0,549_512_384,False
1227,site6_231.png,512,512,0.14111328125,1,1227_512_512,True
3142,site13_162.png,512,0,0.0,0,3142_512_0,False
3025,site13_16.png,512,256,0.0,0,3025_512_256,False
2653,site17_70.png,256,128,1.0,2,2653_256_128,True
269,site3_298.png,384,384,0.23724365234375,1,269_384_384,True
2498,site12_100.png,128,128,0.0,0,2498_128_128,False
2915,site8_135.png,384,128,0.0,0,2915_384_128,False
1931,site9_39.png,128,128,0.2344970703125,1,1931_128_128,True
1273,site6_299.png,256,384,0.0,0,1273_256_384,False
3718,site11_455.png,256,0,0.15240478515625,1,3718_256_0,True
1948,site9_62.png,384,512,0.4827880859375,2,1948_384_512,True
351,site3_384.png,384,256,0.0,0,351_384_256,False
359,site3_392.png,384,128,0.7294921875,2,359_384_128,True
3097,site13_108.png,512,256,0.0,0,3097_512_256,False
239,site3_267.png,0,128,0.28021240234375,1,239_0_128,True
2351,site15_103.png,256,256,0.0,0,2351_256_256,False
3100,site13_113.png,128,256,1.0,2,3100_128_256,True
1924,site9_29.png,256,128,0.91455078125,2,1924_256_128,True
2086,site14_128.png,128,0,0.0,0,2086_128_0,False
352,site3_385.png,384,256,0.0,0,352_384_256,False
2612,site17_21.png,0,128,1.0,2,2612_0_128,True
3163,site13_187.png,256,512,0.0,0,3163_256_512,False
1913,site9_7.png,256,128,0.14483642578125,1,1913_256_128,True
3724,site11_461.png,384,128,0.0,0,3724_384_128,False
609,site3_671.png,0,512,0.0,0,609_0_512,False
2564,site12_170.png,384,0,0.0,0,2564_384_0,False
756,site4_77.png,0,512,1.0,2,756_0_512,True
2242,site14_310.png,384,256,0.0,0,2242_384_256,False
3627,site11_361.png,384,256,0.0,0,3627_384_256,False
4543,site16_485.png,128,0,0.09246826171875,1,4543_128_0,True
839,site4_166.png,256,128,0.0,0,839_256_128,False
888,site5_28.png,256,128,0.0,0,888_256_128,False
915,site5_64.png,256,384,0.6474609375,2,915_256_384,True
3756,site11_494.png,128,384,0.6036376953125,2,3756_128_384,True
2797,site1_123.png,128,0,0.8714599609375,2,2797_128_0,True
2335,site15_85.png,128,512,0.36273193359375,1,2335_128_512,True
408,site3_446.png,128,512,0.0,0,408_128_512,False
584,site3_642.png,128,128,0.0,0,584_128_128,False
3059,site13_63.png,0,256,0.248046875,1,3059_0_256,True
584,site3_642.png,512,0,0.0,0,584_512_0,False
2923,site8_144.png,256,0,0.116455078125,1,2923_256_0,True
2154,site14_203.png,512,128,0.0,0,2154_512_128,False
604,site3_666.png,0,256,0.2962646484375,1,604_0_256,True
3163,site13_187.png,384,384,0.0,0,3163_384_384,False
2550,site12_155.png,128,384,0.0,0,2550_128_384,False
2504,site12_106.png,256,0,0.0,0,2504_256_0,False
1787,site6_986.png,384,384,0.89166259765625,2,1787_384_384,True
2140,site14_186.png,384,128,1.0,2,2140_384_128,True
2072,site14_111.png,512,128,0.4505615234375,2,2072_512_128,True
3006,site8_236.png,128,512,0.98785400390625,2,3006_128_512,True
3241,site2_78.png,512,256,0.0,0,3241_512_256,False
2190,site14_244.png,256,128,0.0,0,2190_256_128,False
4424,site16_355.png,384,384,0.435546875,2,4424_384_384,True
2513,site12_116.png,384,0,0.0,0,2513_384_0,False
3657,site11_392.png,256,128,0.0,0,3657_256_128,False
4773,site16_750.png,384,512,0.0,0,4773_384_512,False
265,site3_294.png,256,256,0.0,0,265_256_256,False
3125,site13_142.png,0,0,1.0,2,3125_0_0,True
888,site5_28.png,384,512,0.0,0,888_384_512,False
3724,site11_461.png,384,256,0.1357421875,1,3724_384_256,True
2197,site14_251.png,384,384,0.0,0,2197_384_384,False
964,site5_121.png,0,256,0.0,0,964_0_256,False
548,site3_601.png,512,128,0.18865966796875,1,548_512_128,True
1073,site5_242.png,0,512,0.00640869140625,0,1073_0_512,True
915,site5_64.png,512,128,0.9140625,2,915_512_128,True
1254,site6_269.png,512,0,0.477294921875,2,1254_512_0,True
2074,site14_113.png,256,0,0.415771484375,2,2074_256_0,True
1058,site5_225.png,128,384,0.31982421875,1,1058_128_384,True
181,site3_206.png,512,384,0.0,0,181_512_384,False
790,site4_113.png,384,384,1.0,2,790_384_384,True
1015,site5_177.png,0,0,1.0,2,1015_0_0,True
1880,site6_1140.png,384,128,0.0,0,1880_384_128,False
3266,site2_107.png,512,512,0.0,0,3266_512_512,False
2421,site12_17.png,0,512,0.16558837890625,1,2421_0_512,True
1060,site5_227.png,512,0,0.0355224609375,0,1060_512_0,True
2092,site14_134.png,384,0,0.0,0,2092_384_0,False
963,site5_120.png,384,0,0.0,0,963_384_0,False
2444,site12_41.png,384,128,1.0,2,2444_384_128,True
850,site4_177.png,256,384,0.0,0,850_256_384,False
298,site3_328.png,512,0,0.0,0,298_512_0,False
2484,site12_85.png,0,0,0.0,0,2484_0_0,False
1826,site6_1037.png,512,128,0.0,0,1826_512_128,False
3087,site13_96.png,384,384,0.0,0,3087_384_384,False
2494,site12_95.png,128,256,1.0,2,2494_128_256,True
3070,site13_75.png,128,512,0.98095703125,2,3070_128_512,True
2729,site1_44.png,512,0,0.07061767578125,1,2729_512_0,True
1308,site6_343.png,0,128,0.0,0,1308_0_128,False
3097,site13_108.png,128,512,0.04638671875,0,3097_128_512,True
2539,site12_143.png,128,0,0.0,0,2539_128_0,False
2687,site10_22.png,512,128,0.0,0,2687_512_128,False
2886,site8_103.png,512,512,0.0,0,2886_512_512,False
2578,site12_186.png,256,512,0.0,0,2578_256_512,False
3123,site13_139.png,0,0,0.20654296875,1,3123_0_0,True
497,site3_544.png,256,128,0.0,0,497_256_128,False
3077,site13_84.png,0,512,1.0,2,3077_0_512,True
3627,site11_361.png,0,384,0.0,0,3627_0_384,False
1546,site6_659.png,0,128,0.0,0,1546_0_128,False
4752,site16_724.png,128,256,0.91400146484375,2,4752_128_256,True
2447,site12_44.png,512,384,0.0,0,2447_512_384,False
3125,site13_142.png,512,512,0.0,0,3125_512_512,False
3686,site11_422.png,128,256,0.41143798828125,2,3686_128_256,True
3163,site13_187.png,128,256,0.0,0,3163_128_256,False
1654,site6_808.png,512,512,0.0,0,1654_512_512,False
1308,site6_343.png,384,512,0.2108154296875,1,1308_384_512,True
969,site5_128.png,256,0,0.0,0,969_256_0,False
2550,site12_155.png,256,256,0.42938232421875,2,2550_256_256,True
2455,site12_53.png,0,384,0.660888671875,2,2455_0_384,True
533,site3_583.png,128,256,0.0,0,533_128_256,False
3145,site13_165.png,384,128,0.6087646484375,2,3145_384_128,True
1042,site5_207.png,256,128,1.0,2,1042_256_128,True
549,site3_602.png,128,0,0.0665283203125,1,549_128_0,True
3190,site13_219.png,256,256,0.0,0,3190_256_256,False
3034,site13_32.png,512,128,0.87738037109375,2,3034_512_128,True
2646,site17_61.png,256,0,0.0,0,2646_256_0,False
2052,site14_88.png,256,128,0.67034912109375,2,2052_256_128,True
1940,site9_51.png,384,128,1.0,2,1940_384_128,True
328,site3_360.png,256,128,0.0,0,328_256_128,False
1037,site5_202.png,512,128,0.0,0,1037_512_128,False
3029,site13_25.png,512,128,0.0,0,3029_512_128,False
2655,site17_72.png,512,128,0.0,0,2655_512_128,False
2616,site17_25.png,384,128,0.0,0,2616_384_128,False
328,site3_360.png,512,256,0.0,0,328_512_256,False
4769,site16_746.png,0,128,0.0,0,4769_0_128,False
2753,site1_71.png,384,0,0.0,0,2753_384_0,False
2612,site17_21.png,128,128,1.0,2,2612_128_128,True
2371,site15_126.png,0,384,0.0,0,2371_0_384,False
2839,site8_47.png,128,384,0.0,0,2839_128_384,False
585,site3_643.png,256,256,0.0,0,585_256_256,False
3097,site13_108.png,128,128,0.0,0,3097_128_128,False
1939,site9_50.png,0,128,0.3385009765625,1,1939_0_128,True
269,site3_298.png,0,384,0.1068115234375,1,269_0_384,True
2564,site12_170.png,384,256,0.10736083984375,1,2564_384_256,True
329,site3_361.png,512,128,0.0,0,329_512_128,False
1061,site5_228.png,384,128,0.0390625,0,1061_384_128,True
1932,site9_40.png,128,384,0.178466796875,1,1932_128_384,True
2518,site12_121.png,256,0,1.0,2,2518_256_0,True
3240,site2_77.png,256,128,0.273193359375,1,3240_256_128,True
2394,site15_153.png,128,512,0.1029052734375,1,2394_128_512,True
1543,site6_656.png,128,512,0.0,0,1543_128_512,False
1524,site6_637.png,128,512,0.0,0,1524_128_512,False
2616,site17_25.png,384,384,0.0,0,2616_384_384,False
1764,site6_953.png,128,256,0.00341796875,0,1764_128_256,True
519,site3_569.png,256,256,0.0,0,519_256_256,False
1260,site6_275.png,512,128,0.0,0,1260_512_128,False
329,site3_361.png,512,256,0.0,0,329_512_256,False
1261,site6_276.png,384,128,0.0,0,1261_384_128,False
1544,site6_657.png,0,0,0.0,0,1544_0_0,False
993,site5_154.png,384,512,0.18487548828125,1,993_384_512,True
2513,site12_116.png,256,128,0.0,0,2513_256_128,False
1032,site5_195.png,0,128,1.0,2,1032_0_128,True
2485,site12_86.png,384,128,0.0211181640625,0,2485_384_128,True
2174,site14_225.png,512,512,0.7403564453125,2,2174_512_512,True
1959,site9_79.png,256,256,1.0,2,1959_256_256,True
3133,site13_151.png,512,0,0.99444580078125,2,3133_512_0,True
2074,site14_113.png,384,256,0.0,0,2074_384_256,False
4589,site16_535.png,0,512,0.0,0,4589_0_512,False
2970,site8_196.png,512,128,0.0,0,2970_512_128,False
2613,site17_22.png,384,128,0.37176513671875,1,2613_384_128,True
2485,site12_86.png,128,512,0.00872802734375,0,2485_128_512,True
2914,site8_134.png,256,0,0.0,0,2914_256_0,False
239,site3_267.png,512,256,0.0,0,239_512_256,False
1085,site5_258.png,128,128,0.0,0,1085_128_128,False
2692,site10_51.png,128,384,1.0,2,2692_128_384,True
4543,site16_485.png,0,384,0.21343994140625,1,4543_0_384,True
1923,site9_28.png,256,384,0.52069091796875,2,1923_256_384,True
3047,site13_47.png,128,0,1.0,2,3047_128_0,True
1215,site6_208.png,0,512,0.0,0,1215_0_512,False
1227,site6_231.png,256,512,0.04949951171875,0,1227_256_512,True
1007,site5_169.png,384,256,0.0,0,1007_384_256,False
2520,site12_123.png,128,0,1.0,2,2520_128_0,True
3242,site2_79.png,128,384,0.075927734375,1,3242_128_384,True
2355,site15_107.png,512,256,0.0,0,2355_512_256,False
3174,site13_202.png,256,128,0.0,0,3174_256_128,False
1024,site5_187.png,384,384,0.9276123046875,2,1024_384_384,True
2342,site15_93.png,512,384,0.0,0,2342_512_384,False
528,site3_578.png,0,256,0.2418212890625,1,528_0_256,True
962,site5_119.png,256,256,0.0,0,962_256_256,False
3623,site11_357.png,0,0,0.0,0,3623_0_0,False
2072,site14_111.png,128,512,0.0,0,2072_128_512,False
1000,site5_161.png,128,0,0.0546875,1,1000_128_0,True
2371,site15_126.png,128,512,0.0,0,2371_128_512,False
678,site3_766.png,256,256,0.17681884765625,1,678_256_256,True
774,site4_96.png,384,512,1.0,2,774_384_512,True
1967,site9_90.png,384,0,0.1488037109375,1,1967_384_0,True
1228,site6_232.png,384,128,0.02459716796875,0,1228_384_128,True
3070,site13_75.png,512,0,0.0,0,3070_512_0,False
4728,site16_696.png,512,512,0.0,0,4728_512_512,False
4875,site16_875.png,256,128,0.0,0,4875_256_128,False
1037,site5_202.png,384,384,0.2635498046875,1,1037_384_384,True
2438,site12_35.png,128,512,0.0,0,2438_128_512,False
3030,site13_26.png,256,0,0.05364990234375,1,3030_256_0,True
3138,site13_156.png,0,128,0.0,0,3138_0_128,False
2371,site15_126.png,512,512,0.0,0,2371_512_512,False
3046,site13_46.png,128,512,1.0,2,3046_128_512,True
3052,site13_54.png,128,512,0.93408203125,2,3052_128_512,True
2052,site14_88.png,384,512,0.0,0,2052_384_512,False
1037,site5_202.png,256,512,0.59991455078125,2,1037_256_512,True
4376,site16_303.png,512,384,0.3580322265625,1,4376_512_384,True
1039,site5_204.png,384,384,0.0,0,1039_384_384,False
3066,site13_71.png,384,0,0.01141357421875,0,3066_384_0,True
1926,site9_31.png,384,256,0.50909423828125,2,1926_384_256,True
2646,site17_61.png,512,0,0.0,0,2646_512_0,False
833,site4_159.png,128,0,0.0,0,833_128_0,False
775,site4_97.png,256,512,1.0,2,775_256_512,True
3107,site13_122.png,128,384,0.0,0,3107_128_384,False
3103,site13_116.png,0,256,0.0,0,3103_0_256,False
2730,site1_45.png,256,256,1.0,2,2730_256_256,True
2723,site1_37.png,512,256,0.0,0,2723_512_256,False
2763,site1_83.png,256,512,0.0,0,2763_256_512,False
1128,site6_83.png,128,128,0.0,0,1128_128_128,False
3756,site11_494.png,0,0,0.2625732421875,1,3756_0_0,True
3158,site13_182.png,0,0,1.0,2,3158_0_0,True
2119,site14_164.png,0,256,0.0,0,2119_0_256,False
2033,site14_67.png,128,0,0.0,0,2033_128_0,False
4764,site16_741.png,0,384,0.0,0,4764_0_384,False
1042,site5_207.png,512,256,1.0,2,1042_512_256,True
2118,site14_163.png,0,128,0.0301513671875,0,2118_0_128,True
239,site3_267.png,512,512,0.3748779296875,1,239_512_512,True
3134,site13_152.png,512,384,1.0,2,3134_512_384,True
2665,site17_85.png,0,0,0.353759765625,1,2665_0_0,True
2355,site15_107.png,256,512,0.83392333984375,2,2355_256_512,True
4748,site16_720.png,512,512,0.0,0,4748_512_512,False
2157,site14_206.png,128,384,0.0,0,2157_128_384,False
2611,site17_20.png,512,0,1.0,2,2611_512_0,True
2640,site17_55.png,0,256,1.0,2,2640_0_256,True
1238,site6_242.png,0,256,0.0,0,1238_0_256,False
2721,site1_35.png,512,128,0.0,0,2721_512_128,False
3061,site13_65.png,512,128,0.1295166015625,1,3061_512_128,True
1913,site9_7.png,0,128,0.0162353515625,0,1913_0_128,True
2175,site14_226.png,0,384,0.25274658203125,1,2175_0_384,True
1044,site5_209.png,128,0,1.0,2,1044_128_0,True
865,site4_194.png,384,256,0.0,0,865_384_256,False
3314,site2_165.png,512,0,0.0,0,3314_512_0,False
2832,site8_37.png,384,128,1.0,2,2832_384_128,True
123,site3_144.png,384,128,0.0,0,123_384_128,False
1967,site9_90.png,512,0,0.0,0,1967_512_0,False
2838,site8_46.png,384,0,1.0,2,2838_384_0,True
4638,site16_588.png,0,0,0.0,0,4638_0_0,False
408,site3_446.png,128,0,0.040283203125,0,408_128_0,True
2052,site14_88.png,128,128,0.2044677734375,1,2052_128_128,True
2551,site12_156.png,128,0,0.0,0,2551_128_0,False
3075,site13_82.png,512,256,1.0,2,3075_512_256,True
2493,site12_94.png,256,384,0.9674072265625,2,2493_256_384,True
329,site3_361.png,0,256,0.0,0,329_0_256,False
1085,site5_258.png,128,0,0.0,0,1085_128_0,False
949,site5_104.png,256,512,0.0,0,949_256_512,False
1654,site6_808.png,256,384,0.0,0,1654_256_384,False
3030,site13_26.png,384,256,0.0,0,3030_384_256,False
1967,site9_90.png,384,128,0.0,0,1967_384_128,False
1714,site6_885.png,512,512,0.0,0,1714_512_512,False
822,site4_148.png,384,512,0.0,0,822_384_512,False
4702,site16_667.png,256,256,0.51947021484375,2,4702_256_256,True
817,site4_141.png,0,512,0.18060302734375,1,817_0_512,True
2686,site10_21.png,384,384,0.0,0,2686_384_384,False
2729,site1_44.png,256,256,0.59368896484375,2,2729_256_256,True
2612,site17_21.png,256,256,0.12005615234375,1,2612_256_256,True
983,site5_142.png,256,384,0.0,0,983_256_384,False
2632,site17_45.png,256,512,0.0,0,2632_256_512,False
4728,site16_696.png,384,512,0.24688720703125,1,4728_384_512,True
2961,site8_186.png,384,256,0.24444580078125,1,2961_384_256,True
2052,site14_88.png,384,256,0.69000244140625,2,2052_384_256,True
3143,site13_163.png,128,512,0.18572998046875,1,3143_128_512,True
2692,site10_51.png,256,256,0.58544921875,2,2692_256_256,True
2258,site14_335.png,256,384,0.0,0,2258_256_384,False
1812,site6_1023.png,256,128,0.0,0,1812_256_128,False
2490,site12_91.png,0,512,1.0,2,2490_0_512,True
1791,site6_990.png,256,512,0.158447265625,1,1791_256_512,True
2119,site14_164.png,512,384,0.0,0,2119_512_384,False
3656,site11_391.png,0,384,0.0,0,3656_0_384,False
2563,site12_169.png,512,512,1.0,2,2563_512_512,True
1205,site6_198.png,512,256,0.0,0,1205_512_256,False
2371,site15_126.png,256,256,0.0,0,2371_256_256,False
95,site3_113.png,128,512,0.0,0,95_128_512,False
4542,site16_484.png,512,0,0.9615478515625,2,4542_512_0,True
3028,site13_24.png,512,0,0.0,0,3028_512_0,False
263,site3_292.png,256,0,0.0,0,263_256_0,False
2459,site12_57.png,0,384,1.0,2,2459_0_384,True
4748,site16_720.png,384,512,0.0,0,4748_384_512,False
2564,site12_170.png,128,256,0.1527099609375,1,2564_128_256,True
2203,site14_257.png,384,128,0.0836181640625,1,2203_384_128,True
2221,site14_278.png,512,512,0.0,0,2221_512_512,False
3024,site13_8.png,0,256,0.1580810546875,1,3024_0_256,True
1045,site5_210.png,0,256,0.0,0,1045_0_256,False
1918,site9_19.png,512,512,1.0,2,1918_512_512,True
4614,site16_562.png,256,0,0.98626708984375,2,4614_256_0,True
3100,site13_113.png,256,256,1.0,2,3100_256_256,True
3592,site11_325.png,256,0,0.0,0,3592_256_0,False
1309,site6_344.png,0,512,0.11328125,1,1309_0_512,True
2067,site14_106.png,0,256,0.53668212890625,2,2067_0_256,True
3164,site13_188.png,0,512,0.0,0,3164_0_512,False
3130,site13_147.png,512,0,1.0,2,3130_512_0,True
865,site4_194.png,128,128,0.0462646484375,0,865_128_128,True
4424,site16_355.png,256,384,0.1590576171875,1,4424_256_384,True
350,site3_383.png,128,512,0.0,0,350_128_512,False
3011,site8_244.png,256,128,1.0,2,3011_256_128,True
2654,site17_71.png,0,384,1.0,2,2654_0_384,True
2471,site12_71.png,256,384,1.0,2,2471_256_384,True
2886,site8_103.png,0,128,0.0,0,2886_0_128,False
1029,site5_192.png,128,128,0.79071044921875,2,1029_128_128,True
2491,site12_92.png,384,256,0.05322265625,1,2491_384_256,True
1932,site9_40.png,384,128,0.0,0,1932_384_128,False
969,site5_128.png,0,0,0.99853515625,2,969_0_0,True
2445,site12_42.png,384,256,0.9998779296875,2,2445_384_256,True
3240,site2_77.png,384,128,0.0,0,3240_384_128,False
2686,site10_21.png,128,256,0.0,0,2686_128_256,False
1027,site5_190.png,256,384,1.0,2,1027_256_384,True
291,site3_321.png,384,0,0.33697509765625,1,291_384_0,True
298,site3_328.png,0,384,0.0,0,298_0_384,False
4722,site16_690.png,256,384,0.0,0,4722_256_384,False
497,site3_544.png,384,384,0.0,0,497_384_384,False
3240,site2_77.png,128,256,0.04315185546875,0,3240_128_256,True
360,site3_393.png,256,256,0.3271484375,1,360_256_256,True
3011,site8_244.png,128,512,0.0,0,3011_128_512,False
656,site3_731.png,256,0,0.0,0,656_256_0,False
947,site5_102.png,384,256,0.0,0,947_384_256,False
1943,site9_57.png,128,384,0.87713623046875,2,1943_128_384,True
2323,site15_72.png,0,384,0.0,0,2323_0_384,False
3117,site13_133.png,256,512,1.0,2,3117_256_512,True
2831,site8_36.png,128,384,1.0,2,2831_128_384,True
1039,site5_204.png,256,128,0.5296630859375,2,1039_256_128,True
1764,site6_953.png,256,128,0.0,0,1764_256_128,False
1404,site6_474.png,256,256,0.0,0,1404_256_256,False
2832,site8_37.png,512,256,1.0,2,2832_512_256,True
358,site3_391.png,128,512,0.08929443359375,1,358_128_512,True
3111,site13_126.png,512,512,1.0,2,3111_512_512,True
2067,site14_106.png,512,512,0.819580078125,2,2067_512_512,True
1128,site6_83.png,0,512,0.0,0,1128_0_512,False
2234,site14_295.png,256,512,0.3604736328125,1,2234_256_512,True
1020,site5_183.png,128,256,0.0,0,1020_128_256,False
3824,site11_564.png,512,512,0.0,0,3824_512_512,False
2642,site17_57.png,256,512,1.0,2,2642_256_512,True
1040,site5_205.png,0,384,0.0,0,1040_0_384,False
2192,site14_246.png,512,0,0.0,0,2192_512_0,False
3724,site11_461.png,384,512,0.0,0,3724_384_512,False
1917,site9_18.png,0,384,1.0,2,1917_0_384,True
755,site4_76.png,0,384,0.0,0,755_0_384,False
2351,site15_103.png,128,256,0.0,0,2351_128_256,False
832,site4_158.png,256,384,0.0,0,832_256_384,False
2123,site14_168.png,0,512,0.863037109375,2,2123_0_512,True
2642,site17_57.png,0,0,0.10260009765625,1,2642_0_0,True
2101,site14_145.png,512,256,1.0,2,2101_512_256,True
3163,site13_187.png,256,0,0.0,0,3163_256_0,False
4725,site16_693.png,384,384,0.94512939453125,2,4725_384_384,True
1605,site6_743.png,512,128,0.04705810546875,0,1605_512_128,True
2085,site14_127.png,256,0,0.0,0,2085_256_0,False
3100,site13_113.png,384,256,1.0,2,3100_384_256,True
996,site5_157.png,256,256,0.0,0,996_256_256,False
3113,site13_128.png,384,0,1.0,2,3113_384_0,True
2460,site12_58.png,512,512,1.0,2,2460_512_512,True
1826,site6_1037.png,384,384,0.0,0,1826_384_384,False
263,site3_292.png,256,256,0.0,0,263_256_256,False
2986,site8_214.png,256,256,0.2208251953125,1,2986_256_256,True
2646,site17_61.png,256,128,0.5533447265625,2,2646_256_128,True
2643,site17_58.png,256,512,1.0,2,2643_256_512,True
3066,site13_71.png,256,0,0.77923583984375,2,3066_256_0,True
3288,site2_132.png,0,256,0.0,0,3288_0_256,False
1952,site9_69.png,256,128,0.0,0,1952_256_128,False
3088,site13_97.png,0,512,0.0,0,3088_0_512,False
2335,site15_85.png,256,512,0.35107421875,1,2335_256_512,True
2334,site15_84.png,256,384,0.4263916015625,2,2334_256_384,True
4542,site16_484.png,0,0,0.0,0,4542_0_0,False
2832,site8_37.png,0,128,1.0,2,2832_0_128,True
3788,site11_527.png,0,256,0.0,0,3788_0_256,False
3218,site2_50.png,384,128,0.0,0,3218_384_128,False
1359,site6_412.png,0,384,0.08953857421875,1,1359_0_384,True
940,site5_95.png,512,0,0.0,0,940_512_0,False
2336,site15_86.png,0,512,0.3260498046875,1,2336_0_512,True
1543,site6_656.png,0,0,0.0,0,1543_0_0,False
3143,site13_163.png,128,384,0.28619384765625,1,3143_128_384,True
3077,site13_84.png,512,256,1.0,2,3077_512_256,True
1031,site5_194.png,0,384,0.0,0,1031_0_384,False
2082,site14_124.png,512,0,0.0,0,2082_512_0,False
3592,site11_325.png,256,512,0.59063720703125,2,3592_256_512,True
2478,site12_78.png,384,256,1.0,2,2478_384_256,True
1067,site5_236.png,128,0,0.0,0,1067_128_0,False
1950,site9_64.png,128,0,0.0,0,1950_128_0,False
2848,site8_58.png,128,384,0.04095458984375,0,2848_128_384,True
1961,site9_81.png,512,256,0.993408203125,2,1961_512_256,True
2718,site1_32.png,128,384,0.7188720703125,2,2718_128_384,True
3141,site13_159.png,256,384,0.0,0,3141_256_384,False
2159,site14_208.png,512,128,0.0,0,2159_512_128,False
1359,site6_412.png,512,0,0.75653076171875,2,1359_512_0,True
989,site5_150.png,128,0,0.0,0,989_128_0,False
3042,site13_42.png,128,256,0.0,0,3042_128_256,False
1786,site6_985.png,128,128,1.0,2,1786_128_128,True
329,site3_361.png,128,128,0.0,0,329_128_128,False
2226,site14_287.png,384,0,0.0,0,2226_384_0,False
2943,site8_166.png,384,256,1.0,2,2943_384_256,True
4877,site16_877.png,128,384,0.0,0,4877_128_384,False
1027,site5_190.png,384,384,1.0,2,1027_384_384,True
772,site4_94.png,512,128,1.0,2,772_512_128,True
816,site4_140.png,384,512,0.20489501953125,1,816_384_512,True
2053,site14_89.png,384,128,0.0137939453125,0,2053_384_128,True
4424,site16_355.png,128,256,0.35772705078125,1,4424_128_256,True
994,site5_155.png,0,384,0.0,0,994_0_384,False
2674,site7_6.png,0,128,0.16400146484375,1,2674_0_128,True
522,site3_572.png,0,384,0.0,0,522_0_384,False
2332,site15_82.png,0,384,0.341552734375,1,2332_0_384,True
522,site3_572.png,256,512,0.05438232421875,1,522_256_512,True
740,site4_60.png,256,384,0.0,0,740_256_384,False
1059,site5_226.png,0,0,0.86236572265625,2,1059_0_0,True
2336,site15_86.png,0,384,0.8829345703125,2,2336_0_384,True
556,site3_609.png,512,0,0.0,0,556_512_0,False
3231,site2_66.png,384,256,0.0,0,3231_384_256,False
1037,site5_202.png,0,256,0.0,0,1037_0_256,False
3138,site13_156.png,384,256,1.0,2,3138_384_256,True
3623,site11_357.png,128,256,0.0,0,3623_128_256,False
1956,site9_73.png,256,512,0.00018310546875,0,1956_256_512,True
2086,site14_128.png,384,512,1.0,2,2086_384_512,True
3190,site13_219.png,256,384,0.0,0,3190_256_384,False
3656,site11_391.png,384,0,0.1361083984375,1,3656_384_0,True
939,site5_94.png,512,512,0.0,0,939_512_512,False
963,site5_120.png,256,128,0.0,0,963_256_128,False
2914,site8_134.png,0,384,0.03924560546875,0,2914_0_384,True
1228,site6_232.png,512,0,0.65228271484375,2,1228_512_0,True
2092,site14_134.png,512,0,0.0,0,2092_512_0,False
978,site5_137.png,0,512,0.0006103515625,0,978_0_512,True
2225,site14_286.png,384,384,0.91387939453125,2,2225_384_384,True
3083,site13_92.png,512,384,1.0,2,3083_512_384,True
2492,site12_93.png,128,0,1.0,2,2492_128_0,True
1913,site9_7.png,256,512,1.0,2,1913_256_512,True
1282,site6_308.png,128,512,0.0,0,1282_128_512,False
2963,site8_188.png,384,512,0.0,0,2963_384_512,False
557,site3_610.png,384,512,0.0,0,557_384_512,False
1944,site9_58.png,128,256,0.048828125,0,1944_128_256,True
1715,site6_886.png,512,256,0.0,0,1715_512_256,False
2056,site14_92.png,0,384,0.42584228515625,2,2056_0_384,True
3627,site11_361.png,128,512,0.0,0,3627_128_512,False
789,site4_112.png,512,0,1.0,2,789_512_0,True
939,site5_94.png,0,128,0.0,0,939_0_128,False
2753,site1_71.png,256,384,0.0,0,2753_256_384,False
3125,site13_142.png,128,512,0.00238037109375,0,3125_128_512,True
3113,site13_128.png,256,256,1.0,2,3113_256_256,True
1260,site6_275.png,128,256,0.0,0,1260_128_256,False
2538,site12_142.png,128,512,0.48785400390625,2,2538_128_512,True
522,site3_572.png,512,512,0.0,0,522_512_512,False
3289,site2_133.png,128,0,0.0,0,3289_128_0,False
4591,site16_537.png,256,128,0.3446044921875,1,4591_256_128,True
329,site3_361.png,0,128,0.0313720703125,0,329_0_128,True
2493,site12_94.png,128,384,1.0,2,2493_128_384,True
2521,site12_124.png,128,0,0.0,0,2521_128_0,False
2913,site8_133.png,256,256,0.0,0,2913_256_256,False
3101,site13_114.png,0,128,1.0,2,3101_0_128,True
1036,site5_201.png,384,256,0.0,0,1036_384_256,False
1002,site5_164.png,128,256,0.0,0,1002_128_256,False
924,site5_77.png,384,128,0.0,0,924_384_128,False
3263,site2_104.png,384,128,0.0,0,3263_384_128,False
2913,site8_133.png,512,0,0.1202392578125,1,2913_512_0,True
1936,site9_47.png,0,0,0.31011962890625,1,1936_0_0,True
290,site3_320.png,384,0,0.04010009765625,0,290_384_0,True
2237,site14_298.png,0,256,0.1700439453125,1,2237_0_256,True
632,site3_699.png,256,384,0.547607421875,2,632_256_384,True
2995,site8_224.png,256,384,0.05902099609375,1,2995_256_384,True
3107,site13_122.png,256,0,1.0,2,3107_256_0,True
1020,site5_183.png,512,128,0.0,0,1020_512_128,False
2515,site12_118.png,384,0,0.32366943359375,1,2515_384_0,True
3120,site13_136.png,256,384,1.0,2,3120_256_384,True
3661,site11_396.png,128,512,0.0,0,3661_128_512,False
2647,site17_62.png,256,512,0.0,0,2647_256_512,False
2654,site17_71.png,384,128,0.03887939453125,0,2654_384_128,True
1003,site5_165.png,128,128,0.0,0,1003_128_128,False
521,site3_571.png,256,128,0.0,0,521_256_128,False
3060,site13_64.png,0,512,1.0,2,3060_0_512,True
1308,site6_343.png,512,512,0.32666015625,1,1308_512_512,True
1520,site6_624.png,512,0,0.0,0,1520_512_0,False
181,site3_206.png,128,384,0.33935546875,1,181_128_384,True
2500,site12_102.png,512,256,1.0,2,2500_512_256,True
2485,site12_86.png,512,256,0.9390869140625,2,2485_512_256,True
2180,site14_231.png,256,128,0.39239501953125,1,2180_256_128,True
2053,site14_89.png,0,512,0.0,0,2053_0_512,False
2437,site12_34.png,0,256,0.0,0,2437_0_256,False
1961,site9_81.png,512,0,0.85302734375,2,1961_512_0,True
2161,site14_210.png,512,384,0.49554443359375,2,2161_512_384,True
3026,site13_17.png,128,512,0.007568359375,0,3026_128_512,True
3718,site11_455.png,512,256,0.8155517578125,2,3718_512_256,True
3078,site13_85.png,256,0,0.05902099609375,1,3078_256_0,True
1953,site9_70.png,256,128,0.99945068359375,2,1953_256_128,True
326,site3_358.png,128,128,0.0,0,326_128_128,False
2192,site14_246.png,384,384,0.0,0,2192_384_384,False
2955,site8_179.png,256,128,0.0,0,2955_256_128,False
2493,site12_94.png,0,256,1.0,2,2493_0_256,True
1096,site5_277.png,512,512,0.26361083984375,1,1096_512_512,True
3052,site13_54.png,512,0,0.0,0,3052_512_0,False
3719,site11_456.png,384,512,0.0675048828125,1,3719_384_512,True
3788,site11_527.png,256,256,0.09735107421875,1,3788_256_256,True
4614,site16_562.png,128,128,1.0,2,4614_128_128,True
3787,site11_526.png,256,0,0.0,0,3787_256_0,False
1941,site9_52.png,0,512,1.0,2,1941_0_512,True
998,site5_159.png,512,128,0.0,0,998_512_128,False
3083,site13_92.png,384,512,1.0,2,3083_384_512,True
3100,site13_113.png,384,384,1.0,2,3100_384_384,True
4566,site16_510.png,512,0,0.0,0,4566_512_0,False
2519,site12_122.png,256,512,0.38629150390625,1,2519_256_512,True
2067,site14_106.png,128,512,1.0,2,2067_128_512,True
3218,site2_50.png,128,0,0.15985107421875,1,3218_128_0,True
2689,site10_28.png,0,0,0.74578857421875,2,2689_0_0,True
777,site4_99.png,256,384,0.0,0,777_256_384,False
1941,site9_52.png,384,384,1.0,2,1941_384_384,True
4773,site16_750.png,384,384,0.0,0,4773_384_384,False
2336,site15_86.png,256,384,0.21136474609375,1,2336_256_384,True
123,site3_144.png,512,0,0.2041015625,1,123_512_0,True
2456,site12_54.png,128,128,0.28814697265625,1,2456_128_128,True
2648,site17_63.png,384,128,0.0,0,2648_384_128,False
678,site3_766.png,384,512,0.0,0,678_384_512,False
4569,site16_513.png,512,0,0.06890869140625,1,4569_512_0,True
3046,site13_46.png,256,256,1.0,2,3046_256_256,True
3660,site11_395.png,384,0,0.28424072265625,1,3660_384_0,True
2640,site17_55.png,256,512,0.3968505859375,1,2640_256_512,True
2236,site14_297.png,256,384,0.18316650390625,1,2236_256_384,True
2050,site14_86.png,256,256,0.0,0,2050_256_256,False
3823,site11_563.png,0,128,0.0,0,3823_0_128,False
3626,site11_360.png,512,256,0.0,0,3626_512_256,False
604,site3_666.png,128,0,0.0,0,604_128_0,False
2335,site15_85.png,0,512,0.51239013671875,2,2335_0_512,True
996,site5_157.png,0,384,0.0,0,996_0_384,False
3042,site13_42.png,512,512,0.0,0,3042_512_512,False
2610,site17_19.png,512,128,1.0,2,2610_512_128,True
4743,site16_715.png,384,256,0.25732421875,1,4743_384_256,True
1067,site5_236.png,384,0,1.0,2,1067_384_0,True
4743,site16_715.png,128,0,0.0,0,4743_128_0,False
2886,site8_103.png,0,256,0.0,0,2886_0_256,False
1776,site6_965.png,512,128,0.0,0,1776_512_128,False
2935,site8_157.png,128,0,0.19415283203125,1,2935_128_0,True
386,site3_421.png,256,0,0.0,0,386_256_0,False
2439,site12_36.png,512,256,0.0455322265625,0,2439_512_256,True
2157,site14_206.png,512,512,0.5672607421875,2,2157_512_512,True
2236,site14_297.png,512,256,0.2667236328125,1,2236_512_256,True
2372,site15_127.png,256,0,0.1700439453125,1,2372_256_0,True
2144,site14_190.png,512,128,0.1575927734375,1,2144_512_128,True
2161,site14_210.png,0,128,0.4781494140625,2,2161_0_128,True
2723,site1_37.png,0,512,0.12982177734375,1,2723_0_512,True
1918,site9_19.png,512,256,1.0,2,1918_512_256,True
4699,site16_664.png,384,512,0.0,0,4699_384_512,False
2970,site8_196.png,384,128,0.0,0,2970_384_128,False
358,site3_391.png,256,384,0.038818359375,0,358_256_384,True
4751,site16_723.png,0,384,0.0,0,4751_0_384,False
2653,site17_70.png,256,0,1.0,2,2653_256_0,True
1967,site9_90.png,0,384,0.0,0,1967_0_384,False
1057,site5_224.png,384,128,0.20849609375,1,1057_384_128,True
1764,site6_953.png,0,512,0.388916015625,1,1764_0_512,True
2176,site14_227.png,256,256,0.1297607421875,1,2176_256_256,True
2964,site8_189.png,384,128,0.0,0,2964_384_128,False
3190,site13_219.png,0,256,0.0,0,3190_0_256,False
1605,site6_743.png,256,128,0.0,0,1605_256_128,False
630,site3_697.png,128,256,0.0,0,630_128_256,False
2646,site17_61.png,128,384,0.99395751953125,2,2646_128_384,True
3314,site2_165.png,512,512,0.0,0,3314_512_512,False
1492,site6_588.png,384,512,0.0,0,1492_384_512,False
3162,site13_186.png,384,512,0.0,0,3162_384_512,False
759,site4_80.png,0,256,0.796142578125,2,759_0_256,True
2721,site1_35.png,256,256,0.1109619140625,1,2721_256_256,True
1779,site6_968.png,256,128,0.0,0,1779_256_128,False
1958,site9_75.png,384,384,0.0,0,1958_384_384,False
3100,site13_113.png,512,128,1.0,2,3100_512_128,True
3166,site13_192.png,0,0,1.0,2,3166_0_0,True
1936,site9_47.png,128,256,0.97283935546875,2,1936_128_256,True
1007,site5_169.png,256,384,0.65618896484375,2,1007_256_384,True
2374,site15_129.png,256,256,0.0,0,2374_256_256,False
326,site3_358.png,256,384,0.0,0,326_256_384,False
2154,site14_203.png,512,384,0.0,0,2154_512_384,False
3252,site2_91.png,0,128,0.0,0,3252_0_128,False
2484,site12_85.png,0,512,0.0,0,2484_0_512,False
1763,site6_952.png,256,256,1.0,2,1763_256_256,True
2729,site1_44.png,512,512,0.0,0,2729_512_512,False
3722,site11_459.png,128,128,0.176513671875,1,3722_128_128,True
2459,site12_57.png,384,256,1.0,2,2459_384_256,True
849,site4_176.png,512,0,0.780517578125,2,849_512_0,True
3031,site13_27.png,256,128,0.0,0,3031_256_128,False
1282,site6_308.png,512,128,0.0,0,1282_512_128,False
936,site5_91.png,384,0,0.0,0,936_384_0,False
3051,site13_53.png,256,256,0.92584228515625,2,3051_256_256,True
888,site5_28.png,384,0,0.000732421875,0,888_384_0,True
4638,site16_588.png,512,384,0.0,0,4638_512_384,False
4638,site16_588.png,128,384,0.0,0,4638_128_384,False
2642,site17_57.png,384,128,0.0,0,2642_384_128,False
1778,site6_967.png,384,384,0.0,0,1778_384_384,False
3038,site13_36.png,128,512,1.0,2,3038_128_512,True
2524,site12_127.png,256,384,0.0,0,2524_256_384,False
1715,site6_886.png,256,256,0.0,0,1715_256_256,False
1947,site9_61.png,0,0,0.976806640625,2,1947_0_0,True
2977,site8_204.png,256,384,0.0,0,2977_256_384,False
1785,site6_984.png,384,0,1.0,2,1785_384_0,True
3314,site2_165.png,256,512,0.0,0,3314_256_512,False
1741,site6_920.png,128,128,0.0,0,1741_128_128,False
3033,site13_31.png,256,128,0.0,0,3033_256_128,False
1010,site5_172.png,384,384,1.0,2,1010_384_384,True
989,site5_150.png,128,512,0.0,0,989_128_512,False
3122,site13_138.png,256,384,1.0,2,3122_256_384,True
3095,site13_106.png,512,384,1.0,2,3095_512_384,True
1760,site6_949.png,256,512,0.91522216796875,2,1760_256_512,True
528,site3_578.png,256,256,0.24853515625,1,528_256_256,True
1040,site5_205.png,256,256,0.180908203125,1,1040_256_256,True
3687,site11_423.png,512,512,0.60186767578125,2,3687_512_512,True
4729,site16_697.png,384,256,0.0245361328125,0,4729_384_256,True
3096,site13_107.png,0,0,0.0,0,3096_0_0,False
1025,site5_188.png,384,512,0.57220458984375,2,1025_384_512,True
888,site5_28.png,512,128,0.02447509765625,0,888_512_128,True
1191,site6_173.png,512,0,0.0,0,1191_512_0,False
996,site5_157.png,512,0,0.232421875,1,996_512_0,True
2346,site15_97.png,384,384,0.0,0,2346_384_384,False
3033,site13_31.png,0,384,0.0,0,3033_0_384,False
1923,site9_28.png,128,256,0.47113037109375,2,1923_128_256,True
2837,site8_45.png,256,384,0.0,0,2837_256_384,False
2176,site14_227.png,384,0,0.4398193359375,2,2176_384_0,True
3025,site13_16.png,384,0,0.13983154296875,1,3025_384_0,True
3030,site13_26.png,0,384,0.44573974609375,2,3030_0_384,True
1238,site6_242.png,128,256,0.0,0,1238_128_256,False
1084,site5_257.png,256,384,0.0,0,1084_256_384,False
4728,site16_696.png,384,384,0.50518798828125,2,4728_384_384,True
3030,site13_26.png,128,512,1.0,2,3030_128_512,True
2565,site12_171.png,128,384,0.40875244140625,2,2565_128_384,True
3142,site13_162.png,256,256,0.0,0,3142_256_256,False
2207,site14_264.png,512,512,0.0,0,2207_512_512,False
3067,site13_72.png,128,256,1.0,2,3067_128_256,True
2538,site12_142.png,0,128,0.85601806640625,2,2538_0_128,True
1597,site6_726.png,256,384,0.0,0,1597_256_384,False
2176,site14_227.png,512,0,0.28985595703125,1,2176_512_0,True
1045,site5_210.png,384,512,0.0,0,1045_384_512,False
740,site4_60.png,0,512,0.0,0,740_0_512,False
3820,site11_560.png,512,0,0.39501953125,1,3820_512_0,True
4807,site16_792.png,384,384,0.18017578125,1,4807_384_384,True
4750,site16_722.png,0,0,0.0,0,4750_0_0,False
1229,site6_233.png,512,512,0.0,0,1229_512_512,False
2692,site10_51.png,128,512,0.88531494140625,2,2692_128_512,True
3661,site11_396.png,0,0,1.0,2,3661_0_0,True
2154,site14_203.png,0,256,0.0,0,2154_0_256,False
775,site4_97.png,256,128,0.051513671875,1,775_256_128,True
1953,site9_70.png,128,512,0.0,0,1953_128_512,False
2718,site1_32.png,256,0,0.0,0,2718_256_0,False
1605,site6_743.png,128,256,0.0,0,1605_128_256,False
2236,site14_297.png,128,256,0.04888916015625,0,2236_128_256,True
606,site3_668.png,0,512,0.0,0,606_0_512,False
1791,site6_990.png,384,0,1.0,2,1791_384_0,True
2476,site12_76.png,0,128,0.4337158203125,2,2476_0_128,True
2208,site14_265.png,0,128,0.38128662109375,1,2208_0_128,True
3042,site13_42.png,0,128,0.0,0,3042_0_128,False
4424,site16_355.png,256,512,0.7664794921875,2,4424_256_512,True
1956,site9_73.png,0,128,0.99951171875,2,1956_0_128,True
327,site3_359.png,512,512,0.0,0,327_512_512,False
847,site4_174.png,128,0,0.0,0,847_128_0,False
2083,site14_125.png,128,128,1.0,2,2083_128_128,True
3087,site13_96.png,0,128,0.0,0,3087_0_128,False
2479,site12_79.png,0,512,1.0,2,2479_0_512,True
2745,site1_61.png,512,384,0.0,0,2745_512_384,False
2620,site17_31.png,512,512,0.713134765625,2,2620_512_512,True
2726,site1_41.png,384,128,0.82196044921875,2,2726_384_128,True
1728,site6_899.png,384,256,0.010009765625,0,1728_384_256,True
1228,site6_232.png,0,256,1.0,2,1228_0_256,True
2462,site12_60.png,256,0,0.0,0,2462_256_0,False
902,site5_47.png,512,0,0.0,0,902_512_0,False
3100,site13_113.png,256,128,1.0,2,3100_256_128,True
1027,site5_190.png,384,0,1.0,2,1027_384_0,True
3720,site11_457.png,0,128,0.0,0,3720_0_128,False
987,site5_148.png,128,512,0.0,0,987_128_512,False
2110,site14_154.png,384,256,0.0,0,2110_384_256,False
2067,site14_106.png,384,256,0.98944091796875,2,2067_384_256,True
950,site5_105.png,128,128,0.0,0,950_128_128,False
1737,site6_916.png,256,512,0.47760009765625,2,1737_256_512,True
2186,site14_237.png,256,384,0.0,0,2186_256_384,False
980,site5_139.png,256,512,0.0,0,980_256_512,False
3181,site13_209.png,384,256,0.0,0,3181_384_256,False
4542,site16_484.png,0,128,0.0,0,4542_0_128,False
2639,site17_54.png,512,0,0.001220703125,0,2639_512_0,True
2335,site15_85.png,256,384,0.998291015625,2,2335_256_384,True
2124,site14_169.png,0,384,0.0,0,2124_0_384,False
1029,site5_192.png,384,256,0.6241455078125,2,1029_384_256,True
2192,site14_246.png,128,512,0.0,0,2192_128_512,False
2033,site14_67.png,512,512,0.0,0,2033_512_512,False
739,site4_59.png,0,256,0.0,0,739_0_256,False
3104,site13_117.png,128,384,0.93927001953125,2,3104_128_384,True
2233,site14_294.png,128,0,0.0,0,2233_128_0,False
1022,site5_185.png,256,0,0.0,0,1022_256_0,False
2144,site14_190.png,256,256,0.0330810546875,0,2144_256_256,True
1947,site9_61.png,256,128,1.0,2,1947_256_128,True
3037,site13_35.png,256,0,0.0,0,3037_256_0,False
739,site4_59.png,512,512,0.0045166015625,0,739_512_512,True
3030,site13_26.png,0,512,0.6151123046875,2,3030_0_512,True
1061,site5_228.png,256,128,0.0,0,1061_256_128,False
2182,site14_233.png,0,512,0.0,0,2182_0_512,False
2469,site12_69.png,256,0,0.0,0,2469_256_0,False
2175,site14_226.png,128,384,0.94317626953125,2,2175_128_384,True
3174,site13_202.png,128,128,0.0,0,3174_128_128,False
2659,site17_76.png,128,512,0.0,0,2659_128_512,False
2180,site14_231.png,512,128,0.0,0,2180_512_128,False
239,site3_267.png,0,384,0.053466796875,1,239_0_384,True
2565,site12_171.png,0,384,0.5849609375,2,2565_0_384,True
2539,site12_143.png,0,0,0.0,0,2539_0_0,False
3088,site13_97.png,128,256,0.0,0,3088_128_256,False
2926,site8_147.png,128,128,0.410888671875,2,2926_128_128,True
1953,site9_70.png,512,0,1.0,2,1953_512_0,True
1282,site6_308.png,0,128,0.0,0,1282_0_128,False
2832,site8_37.png,384,0,0.99835205078125,2,2832_384_0,True
1273,site6_299.png,128,0,0.0,0,1273_128_0,False
1058,site5_225.png,384,256,0.82061767578125,2,1058_384_256,True
759,site4_80.png,384,128,0.0,0,759_384_128,False
1029,site5_192.png,0,0,0.98516845703125,2,1029_0_0,True
3655,site11_390.png,256,512,0.754638671875,2,3655_256_512,True
1054,site5_221.png,512,0,0.0,0,1054_512_0,False
915,site5_64.png,128,384,1.0,2,915_128_384,True
2924,site8_145.png,512,128,0.0,0,2924_512_128,False
3011,site8_244.png,256,512,0.99346923828125,2,3011_256_512,True
3787,site11_526.png,512,0,0.0,0,3787_512_0,False
326,site3_358.png,256,0,0.0,0,326_256_0,False
2087,site14_129.png,512,128,0.0,0,2087_512_128,False
1760,site6_949.png,128,0,0.0,0,1760_128_0,False
1015,site5_177.png,384,0,0.02593994140625,0,1015_384_0,True
2926,site8_147.png,384,384,0.9981689453125,2,2926_384_384,True
2463,site12_61.png,256,256,1.0,2,2463_256_256,True
3228,site2_63.png,128,512,0.03118896484375,0,3228_128_512,True
1227,site6_231.png,512,384,0.7574462890625,2,1227_512_384,True
984,site5_145.png,256,256,0.9775390625,2,984_256_256,True
2674,site7_6.png,128,384,0.0302734375,0,2674_128_384,True
263,site3_292.png,256,512,0.30792236328125,1,263_256_512,True
2955,site8_179.png,512,0,0.0,0,2955_512_0,False
3006,site8_236.png,512,256,0.0,0,3006_512_256,False
2456,site12_54.png,128,256,0.13800048828125,1,2456_128_256,True
772,site4_94.png,128,384,0.0,0,772_128_384,False
2087,site14_129.png,0,256,0.0,0,2087_0_256,False
4702,site16_667.png,384,0,0.1392822265625,1,4702_384_0,True
2478,site12_78.png,384,0,1.0,2,2478_384_0,True
2530,site12_134.png,0,128,0.0,0,2530_0_128,False
4875,site16_875.png,512,512,0.0,0,4875_512_512,False
2530,site12_134.png,256,128,0.0,0,2530_256_128,False
4377,site16_304.png,384,256,0.0,0,4377_384_256,False
3249,site2_88.png,256,0,0.0,0,3249_256_0,False
3051,site13_53.png,384,128,0.03558349609375,0,3051_384_128,True
2372,site15_127.png,128,256,0.237548828125,1,2372_128_256,True
3094,site13_105.png,256,0,0.0,0,3094_256_0,False
2187,site14_238.png,0,0,0.0,0,2187_0_0,False
989,site5_150.png,384,256,0.76226806640625,2,989_384_256,True
2479,site12_79.png,0,128,1.0,2,2479_0_128,True
4752,site16_724.png,128,128,0.5286865234375,2,4752_128_128,True
1045,site5_210.png,256,256,0.0,0,1045_256_256,False
1087,site5_260.png,512,128,0.64715576171875,2,1087_512_128,True
2075,site14_114.png,128,384,0.1529541015625,1,2075_128_384,True
816,site4_140.png,256,128,0.0,0,816_256_128,False
1000,site5_161.png,512,256,0.0,0,1000_512_256,False
293,site3_323.png,256,0,0.7479248046875,2,293_256_0,True
551,site3_604.png,384,256,0.0,0,551_384_256,False
3592,site11_325.png,512,128,0.0,0,3592_512_128,False
2180,site14_231.png,256,512,0.07366943359375,1,2180_256_512,True
4769,site16_746.png,512,512,0.0179443359375,0,4769_512_512,True
3143,site13_163.png,384,0,0.0,0,3143_384_0,False
759,site4_80.png,256,128,0.0,0,759_256_128,False
4751,site16_723.png,0,512,0.0,0,4751_0_512,False
4807,site16_792.png,256,384,0.0,0,4807_256_384,False
3174,site13_202.png,512,384,0.0,0,3174_512_384,False
1087,site5_260.png,512,256,1.0,2,1087_512_256,True
3123,site13_139.png,256,384,0.0,0,3123_256_384,False
2455,site12_53.png,512,512,0.36151123046875,1,2455_512_512,True
888,site5_28.png,512,384,0.0,0,888_512_384,False
1005,site5_167.png,0,0,0.322509765625,1,1005_0_0,True
3047,site13_47.png,512,256,0.0,0,3047_512_256,False
3154,site13_176.png,128,384,0.0,0,3154_128_384,False
3229,site2_64.png,0,0,0.19171142578125,1,3229_0_0,True
3756,site11_494.png,0,128,0.28277587890625,1,3756_0_128,True
3122,site13_138.png,512,0,0.6920166015625,2,3122_512_0,True
95,site3_113.png,256,256,0.0,0,95_256_256,False
240,site3_268.png,384,384,0.0,0,240_384_384,False
789,site4_112.png,512,512,0.709228515625,2,789_512_512,True
2455,site12_53.png,0,0,0.0,0,2455_0_0,False
1544,site6_657.png,0,128,0.0,0,1544_0_128,False
991,site5_152.png,128,128,0.0,0,991_128_128,False
2935,site8_157.png,384,128,0.26708984375,1,2935_384_128,True
2403,site15_164.png,512,0,0.0,0,2403_512_0,False
3052,site13_54.png,0,512,0.82098388671875,2,3052_0_512,True
549,site3_602.png,256,384,0.0,0,549_256_384,False
3069,site13_74.png,384,512,1.0,2,3069_384_512,True
4856,site16_851.png,256,512,0.02581787109375,0,4856_256_512,True
1597,site6_726.png,512,512,0.0,0,1597_512_512,False
326,site3_358.png,256,128,0.0,0,326_256_128,False
269,site3_298.png,384,0,0.28582763671875,1,269_384_0,True
3106,site13_119.png,0,256,0.23309326171875,1,3106_0_256,True
774,site4_96.png,128,0,1.0,2,774_128_0,True
948,site5_103.png,256,512,0.343505859375,1,948_256_512,True
758,site4_79.png,384,256,0.73046875,2,758_384_256,True
1762,site6_951.png,384,512,1.0,2,1762_384_512,True
1728,site6_899.png,256,256,0.0,0,1728_256_256,False
2968,site8_194.png,0,512,0.0596923828125,1,2968_0_512,True
1954,site9_71.png,384,384,0.18597412109375,1,1954_384_384,True
2372,site15_127.png,128,0,0.528076171875,2,2372_128_0,True
2478,site12_78.png,512,384,1.0,2,2478_512_384,True
2638,site17_53.png,128,512,0.0,0,2638_128_512,False
997,site5_158.png,256,384,0.0,0,997_256_384,False
4377,site16_304.png,256,256,0.3526611328125,1,4377_256_256,True
2945,site8_168.png,128,384,0.78485107421875,2,2945_128_384,True
3104,site13_117.png,0,384,0.91351318359375,2,3104_0_384,True
2102,site14_146.png,512,0,0.0,0,2102_512_0,False
1301,site6_336.png,512,128,0.0,0,1301_512_128,False
2515,site12_118.png,256,384,0.644287109375,2,2515_256_384,True
2514,site12_117.png,384,128,0.97943115234375,2,2514_384_128,True
1003,site5_165.png,128,0,0.0,0,1003_128_0,False
2346,site15_97.png,512,256,0.0,0,2346_512_256,False
2604,site17_11.png,128,0,0.98284912109375,2,2604_128_0,True
2242,site14_310.png,0,384,0.00897216796875,0,2242_0_384,True
1010,site5_172.png,256,128,1.0,2,1010_256_128,True
2599,site17_6.png,256,128,0.0,0,2599_256_128,False
4725,site16_693.png,512,256,0.92755126953125,2,4725_512_256,True
3023,site13_7.png,512,512,0.51666259765625,2,3023_512_512,True
293,site3_323.png,512,0,0.0,0,293_512_0,False
2471,site12_71.png,512,512,1.0,2,2471_512_512,True
1010,site5_172.png,0,384,1.0,2,1010_0_384,True
2442,site12_39.png,256,512,1.0,2,2442_256_512,True
791,site4_114.png,512,384,0.0,0,791_512_384,False
1097,site5_278.png,384,384,0.38299560546875,1,1097_384_384,True
3726,site11_463.png,256,128,0.0,0,3726_256_128,False
1129,site6_84.png,384,256,0.0,0,1129_384_256,False
2346,site15_97.png,256,384,0.0,0,2346_256_384,False
1032,site5_195.png,256,256,0.95001220703125,2,1032_256_256,True
3078,site13_85.png,256,128,0.0,0,3078_256_128,False
4424,site16_355.png,0,256,0.0,0,4424_0_256,False
3034,site13_32.png,512,512,0.88604736328125,2,3034_512_512,True
1967,site9_90.png,512,128,0.0,0,1967_512_128,False
2198,site14_252.png,384,512,0.546875,2,2198_384_512,True
848,site4_175.png,128,512,0.46185302734375,2,848_128_512,True
359,site3_392.png,512,512,0.0,0,359_512_512,False
3060,site13_64.png,384,128,0.0,0,3060_384_128,False
990,site5_151.png,128,0,0.1270751953125,1,990_128_0,True
2648,site17_63.png,384,384,0.59027099609375,2,2648_384_384,True
3266,site2_107.png,256,256,0.0,0,3266_256_256,False
2602,site17_9.png,384,512,1.0,2,2602_384_512,True
1764,site6_953.png,0,128,0.71173095703125,2,1764_0_128,True
972,site5_131.png,384,128,0.0,0,972_384_128,False
3209,site2_37.png,256,512,0.32696533203125,1,3209_256_512,True
2640,site17_55.png,128,384,1.0,2,2640_128_384,True
1083,site5_256.png,512,384,0.0,0,1083_512_384,False
3158,site13_182.png,256,0,0.0,0,3158_256_0,False
3077,site13_84.png,0,128,1.0,2,3077_0_128,True
3026,site13_17.png,512,256,0.0,0,3026_512_256,False
2463,site12_61.png,128,0,0.79266357421875,2,2463_128_0,True
2642,site17_57.png,512,384,0.9188232421875,2,2642_512_384,True
1936,site9_47.png,256,128,0.63958740234375,2,1936_256_128,True
1654,site6_808.png,256,128,0.0,0,1654_256_128,False
947,site5_102.png,256,0,0.0,0,947_256_0,False
1096,site5_277.png,256,0,0.198974609375,1,1096_256_0,True
2041,site14_75.png,256,384,0.0,0,2041_256_384,False
2605,site17_12.png,384,0,0.0,0,2605_384_0,False
2672,site7_3.png,256,256,0.0,0,2672_256_256,False
992,site5_153.png,128,384,1.0,2,992_128_384,True
3756,site11_494.png,128,512,0.5943603515625,2,3756_128_512,True
2968,site8_194.png,256,128,0.0,0,2968_256_128,False
2421,site12_17.png,512,384,0.0,0,2421_512_384,False
4637,site16_587.png,128,256,0.7484130859375,2,4637_128_256,True
2462,site12_60.png,384,0,0.0,0,2462_384_0,False
2208,site14_265.png,128,128,0.0,0,2208_128_128,False
2986,site8_214.png,0,512,0.0,0,2986_0_512,False
3031,site13_27.png,384,384,0.0,0,3031_384_384,False
2119,site14_164.png,0,0,0.0,0,2119_0_0,False
1087,site5_260.png,512,384,1.0,2,1087_512_384,True
2632,site17_45.png,128,128,0.07171630859375,1,2632_128_128,True
3051,site13_53.png,0,384,0.36529541015625,1,3051_0_384,True
3169,site13_195.png,384,128,0.0,0,3169_384_128,False
2518,site12_121.png,512,256,0.0,0,2518_512_256,False
3026,site13_17.png,128,128,0.181396484375,1,3026_128_128,True
758,site4_79.png,384,384,1.0,2,758_384_384,True
2068,site14_107.png,512,128,0.0,0,2068_512_128,False
4807,site16_792.png,512,512,0.37615966796875,1,4807_512_512,True
2456,site12_54.png,512,128,0.396240234375,1,2456_512_128,True
2611,site17_20.png,512,128,1.0,2,2611_512_128,True
2620,site17_31.png,128,128,0.48834228515625,2,2620_128_128,True
847,site4_174.png,128,512,0.0,0,847_128_512,False
792,site4_115.png,0,0,0.10064697265625,1,792_0_0,True
1205,site6_198.png,512,384,0.0,0,1205_512_384,False
2485,site12_86.png,256,512,0.41546630859375,2,2485_256_512,True
2963,site8_188.png,384,128,0.0,0,2963_384_128,False
2973,site8_199.png,256,256,0.0,0,2973_256_256,False
1075,site5_244.png,128,512,0.32196044921875,1,1075_128_512,True
1058,site5_225.png,512,256,0.62091064453125,2,1058_512_256,True
519,site3_569.png,256,128,0.0,0,519_256_128,False
759,site4_80.png,256,512,1.0,2,759_256_512,True
2402,site15_163.png,128,256,0.0,0,2402_128_256,False
3101,site13_114.png,384,512,1.0,2,3101_384_512,True
1032,site5_195.png,256,384,0.2618408203125,1,1032_256_384,True
2926,site8_147.png,384,128,0.53125,2,2926_384_128,True
1238,site6_242.png,384,0,0.0,0,1238_384_0,False
2646,site17_61.png,256,384,0.86102294921875,2,2646_256_384,True
2602,site17_9.png,0,256,1.0,2,2602_0_256,True
3263,site2_104.png,128,512,0.0,0,3263_128_512,False
3059,site13_63.png,256,0,0.37017822265625,1,3059_256_0,True
1762,site6_951.png,0,512,1.0,2,1762_0_512,True
2839,site8_47.png,128,512,0.0,0,2839_128_512,False
2658,site17_75.png,384,128,0.108642578125,1,2658_384_128,True
2943,site8_166.png,384,0,1.0,2,2943_384_0,True
952,site5_109.png,256,0,0.60076904296875,2,952_256_0,True
1804,site6_1003.png,384,256,0.0,0,1804_384_256,False
2977,site8_204.png,256,256,0.0,0,2977_256_256,False
2904,site8_123.png,512,384,0.0,0,2904_512_384,False
755,site4_76.png,512,384,1.0,2,755_512_384,True
2830,site8_35.png,512,512,1.0,2,2830_512_512,True
583,site3_641.png,0,384,0.0,0,583_0_384,False
1059,site5_226.png,128,256,0.0,0,1059_128_256,False
1967,site9_90.png,512,512,0.0,0,1967_512_512,False
758,site4_79.png,128,128,0.170166015625,1,758_128_128,True
1503,site6_607.png,256,512,0.0,0,1503_256_512,False
2323,site15_72.png,384,384,0.70489501953125,2,2323_384_384,True
4750,site16_722.png,256,384,0.0,0,4750_256_384,False
902,site5_47.png,384,256,0.42987060546875,2,902_384_256,True
2775,site1_97.png,128,256,0.5179443359375,2,2775_128_256,True
1940,site9_51.png,512,0,1.0,2,1940_512_0,True
3089,site13_98.png,256,0,0.0,0,3089_256_0,False
3157,site13_179.png,0,128,0.91729736328125,2,3157_0_128,True
2372,site15_127.png,0,128,0.85906982421875,2,2372_0_128,True
4637,site16_587.png,384,0,0.3863525390625,1,4637_384_0,True
839,site4_166.png,128,512,0.0,0,839_128_512,False
2491,site12_92.png,384,128,0.00567626953125,0,2491_384_128,True
1026,site5_189.png,384,0,1.0,2,1026_384_0,True
1666,site6_820.png,512,384,0.0,0,1666_512_384,False
2630,site17_43.png,256,256,0.0,0,2630_256_256,False
2226,site14_287.png,0,256,0.0,0,2226_0_256,False
2123,site14_168.png,384,128,0.0,0,2123_384_128,False
3078,site13_85.png,128,256,0.21240234375,1,3078_128_256,True
2692,site10_51.png,0,384,0.5828857421875,2,2692_0_384,True
3126,site13_143.png,128,128,0.44573974609375,2,3126_128_128,True
2904,site8_123.png,384,512,0.0,0,2904_384_512,False
2242,site14_310.png,256,128,0.0,0,2242_256_128,False
1051,site5_218.png,128,512,0.0,0,1051_128_512,False
1738,site6_917.png,384,128,0.0,0,1738_384_128,False
1605,site6_743.png,384,384,0.0980224609375,1,1605_384_384,True
4568,site16_512.png,512,384,0.0,0,4568_512_384,False
1085,site5_258.png,256,384,0.0,0,1085_256_384,False
772,site4_94.png,0,512,0.0,0,772_0_512,False
2539,site12_143.png,128,512,0.0,0,2539_128_512,False
1029,site5_192.png,128,256,0.8214111328125,2,1029_128_256,True
3249,site2_88.png,512,0,0.0,0,3249_512_0,False
891,site5_31.png,384,128,0.0,0,891_384_128,False
2962,site8_187.png,0,128,0.65380859375,2,2962_0_128,True
3720,site11_457.png,512,384,0.4208984375,2,3720_512_384,True
2620,site17_31.png,0,512,0.0,0,2620_0_512,False
1525,site6_638.png,384,512,0.17401123046875,1,1525_384_512,True
1260,site6_275.png,512,512,0.0,0,1260_512_512,False
4637,site16_587.png,0,0,0.0,0,4637_0_0,False
2354,site15_106.png,128,256,1.0,2,2354_128_256,True
1273,site6_299.png,512,512,0.6336669921875,2,1273_512_512,True
1958,site9_75.png,256,256,0.2554931640625,1,1958_256_256,True
606,site3_668.png,512,128,0.0,0,606_512_128,False
3655,site11_390.png,128,128,0.0,0,3655_128_128,False
2374,site15_129.png,512,256,0.0,0,2374_512_256,False
603,site3_665.png,0,512,0.0,0,603_0_512,False
3820,site11_560.png,0,128,0.0,0,3820_0_128,False
2775,site1_97.png,512,256,0.0,0,2775_512_256,False
1880,site6_1140.png,256,384,0.0123291015625,0,1880_256_384,True
2686,site10_21.png,256,128,0.0,0,2686_256_128,False
3288,site2_132.png,384,256,0.6650390625,2,3288_384_256,True
2665,site17_85.png,512,0,0.0,0,2665_512_0,False
3071,site13_76.png,256,512,0.0,0,3071_256_512,False
4568,site16_512.png,384,128,0.2677001953125,1,4568_384_128,True
1189,site6_171.png,128,256,0.0,0,1189_128_256,False
1053,site5_220.png,0,512,0.0,0,1053_0_512,False
1299,site6_334.png,128,512,0.0,0,1299_128_512,False
1524,site6_637.png,128,384,0.0,0,1524_128_384,False
2470,site12_70.png,512,256,0.694580078125,2,2470_512_256,True
1128,site6_83.png,128,256,0.0,0,1128_128_256,False
938,site5_93.png,384,128,0.0,0,938_384_128,False
2659,site17_76.png,256,0,1.0,2,2659_256_0,True
1785,site6_984.png,0,384,0.0,0,1785_0_384,False
4376,site16_303.png,384,128,0.04229736328125,0,4376_384_128,True
2963,site8_188.png,512,256,0.0,0,2963_512_256,False
292,site3_322.png,256,256,0.2083740234375,1,292_256_256,True
1301,site6_336.png,384,512,0.0,0,1301_384_512,False
3131,site13_148.png,128,128,1.0,2,3131_128_128,True
914,site5_63.png,128,512,1.0,2,914_128_512,True
3154,site13_176.png,256,128,0.0,0,3154_256_128,False
739,site4_59.png,384,512,0.2613525390625,1,739_384_512,True
1520,site6_624.png,512,256,0.0,0,1520_512_256,False
1016,site5_178.png,128,512,0.0,0,1016_128_512,False
3051,site13_53.png,0,256,0.59710693359375,2,3051_0_256,True
3046,site13_46.png,256,384,1.0,2,3046_256_384,True
3219,site2_51.png,256,256,0.7767333984375,2,3219_256_256,True
1524,site6_637.png,0,0,0.0,0,1524_0_0,False
1007,site5_169.png,384,512,0.09478759765625,1,1007_384_512,True
2599,site17_6.png,384,384,0.0,0,2599_384_384,False
2524,site12_127.png,384,384,0.0,0,2524_384_384,False
3132,site13_149.png,256,512,0.0,0,3132_256_512,False
3166,site13_192.png,0,128,1.0,2,3166_0_128,True
3120,site13_136.png,512,0,1.0,2,3120_512_0,True
2074,site14_113.png,384,384,0.26885986328125,1,2074_384_384,True
1205,site6_198.png,128,512,0.03668212890625,0,1205_128_512,True
1728,site6_899.png,512,256,0.0,0,1728_512_256,False
2056,site14_92.png,0,256,0.07794189453125,1,2056_0_256,True
3079,site13_86.png,512,384,1.0,2,3079_512_384,True
2620,site17_31.png,384,128,0.76190185546875,2,2620_384_128,True
4402,site16_330.png,512,256,0.0,0,4402_512_256,False
1776,site6_965.png,384,512,0.0,0,1776_384_512,False
3314,site2_165.png,0,128,0.0,0,3314_0_128,False
210,site3_237.png,0,0,0.0,0,210_0_0,False
4726,site16_694.png,128,128,0.73492431640625,2,4726_128_128,True
2986,site8_214.png,256,0,0.0069580078125,0,2986_256_0,True
4752,site16_724.png,256,384,0.07684326171875,1,4752_256_384,True
2272,site14_356.png,256,0,0.1058349609375,1,2272_256_0,True
2935,site8_157.png,512,384,0.52337646484375,2,2935_512_384,True
3018,site8_254.png,384,512,0.9986572265625,2,3018_384_512,True
1880,site6_1140.png,0,0,0.0,0,1880_0_0,False
2629,site17_42.png,512,0,0.1968994140625,1,2629_512_0,True
2837,site8_45.png,384,512,0.0,0,2837_384_512,False
2444,site12_41.png,128,128,1.0,2,2444_128_128,True
1083,site5_256.png,512,256,0.0,0,1083_512_256,False
2154,site14_203.png,128,256,0.0,0,2154_128_256,False
4699,site16_664.png,512,256,0.0,0,4699_512_256,False
2180,site14_231.png,0,0,0.88714599609375,2,2180_0_0,True
2344,site15_95.png,0,256,0.0,0,2344_0_256,False
1168,site6_137.png,512,256,0.0,0,1168_512_256,False
3122,site13_138.png,384,384,1.0,2,3122_384_384,True
94,site3_112.png,256,256,0.0,0,94_256_256,False
503,site3_550.png,384,384,0.0,0,503_384_384,False
1763,site6_952.png,384,512,1.0,2,1763_384_512,True
936,site5_91.png,128,384,0.0,0,936_128_384,False
1404,site6_474.png,128,0,0.0,0,1404_128_0,False
2041,site14_75.png,384,512,0.0,0,2041_384_512,False
1308,site6_343.png,256,128,0.24591064453125,1,1308_256_128,True
2657,site17_74.png,384,384,0.000732421875,0,2657_384_384,True
1912,site9_6.png,512,0,0.0,0,1912_512_0,False
2440,site12_37.png,512,512,0.0,0,2440_512_512,False
2632,site17_45.png,0,128,0.0528564453125,1,2632_0_128,True
4751,site16_723.png,0,0,0.0,0,4751_0_0,False
2492,site12_93.png,128,512,1.0,2,2492_128_512,True
503,site3_550.png,512,384,0.0,0,503_512_384,False
2447,site12_44.png,128,512,0.0,0,2447_128_512,False
2344,site15_95.png,512,128,0.0,0,2344_512_128,False
4518,site16_459.png,128,512,0.10870361328125,1,4518_128_512,True
2220,site14_277.png,0,256,0.52154541015625,2,2220_0_256,True
1778,site6_967.png,0,256,0.0,0,1778_0_256,False
3252,site2_91.png,128,256,0.0009765625,0,3252_128_256,True
3059,site13_63.png,128,512,0.79449462890625,2,3059_128_512,True
3623,site11_357.png,384,384,0.33837890625,1,3623_384_384,True
2163,site14_212.png,384,256,0.13739013671875,1,2163_384_256,True
358,site3_391.png,384,128,0.0,0,358_384_128,False
181,site3_206.png,384,512,0.3751220703125,1,181_384_512,True
94,site3_112.png,512,384,0.01416015625,0,94_512_384,True
3120,site13_136.png,0,256,0.194091796875,1,3120_0_256,True
1097,site5_278.png,512,0,1.0,2,1097_512_0,True
2629,site17_42.png,512,512,0.0,0,2629_512_512,False
1787,site6_986.png,0,384,0.000244140625,0,1787_0_384,True
2539,site12_143.png,256,384,0.0,0,2539_256_384,False
3120,site13_136.png,256,128,1.0,2,3120_256_128,True
2763,site1_83.png,0,384,0.0,0,2763_0_384,False
4638,site16_588.png,512,512,0.0,0,4638_512_512,False
2444,site12_41.png,512,0,0.237548828125,1,2444_512_0,True
3083,site13_92.png,128,384,1.0,2,3083_128_384,True
2886,site8_103.png,256,512,0.0,0,2886_256_512,False
2904,site8_123.png,0,128,0.0,0,2904_0_128,False
240,site3_268.png,0,512,0.0,0,240_0_512,False
2176,site14_227.png,512,512,0.0,0,2176_512_512,False
319,site3_351.png,128,512,0.0,0,319_128_512,False
2118,site14_163.png,128,0,0.5443115234375,2,2118_128_0,True
2471,site12_71.png,0,128,1.0,2,2471_0_128,True
2638,site17_53.png,384,512,0.0,0,2638_384_512,False
756,site4_77.png,256,0,0.93463134765625,2,756_256_0,True
2895,site8_113.png,384,384,0.0,0,2895_384_384,False
2604,site17_11.png,128,128,1.0,2,2604_128_128,True
2447,site12_44.png,128,256,0.0,0,2447_128_256,False
1027,site5_190.png,512,512,1.0,2,1027_512_512,True
3075,site13_82.png,128,128,1.0,2,3075_128_128,True
990,site5_151.png,512,128,0.0,0,990_512_128,False
823,site4_149.png,512,512,0.0,0,823_512_512,False
1952,site9_69.png,0,128,0.0,0,1952_0_128,False
740,site4_60.png,256,512,0.32904052734375,1,740_256_512,True
4855,site16_850.png,128,512,0.357421875,1,4855_128_512,True
3026,site13_17.png,384,0,0.94659423828125,2,3026_384_0,True
1785,site6_984.png,256,0,0.99786376953125,2,1785_256_0,True
1060,site5_227.png,0,0,0.0,0,1060_0_0,False
777,site4_99.png,128,384,0.01239013671875,0,777_128_384,True
2459,site12_57.png,256,0,1.0,2,2459_256_0,True
832,site4_158.png,512,0,0.2376708984375,1,832_512_0,True
3229,site2_64.png,128,128,0.0,0,3229_128_128,False
2334,site15_84.png,128,128,1.0,2,2334_128_128,True
2642,site17_57.png,128,128,0.391845703125,1,2642_128_128,True
902,site5_47.png,512,384,0.92645263671875,2,902_512_384,True
2203,site14_257.png,512,0,0.11566162109375,1,2203_512_0,True
1638,site6_784.png,256,384,0.0,0,1638_256_384,False
914,site5_63.png,384,384,1.0,2,914_384_384,True
2616,site17_25.png,0,256,0.72381591796875,2,2616_0_256,True
3252,site2_91.png,512,384,0.0,0,3252_512_384,False
556,site3_609.png,384,384,0.0,0,556_384_384,False
2351,site15_103.png,384,256,0.0,0,2351_384_256,False
387,site3_422.png,256,512,0.0,0,387_256_512,False
2237,site14_298.png,384,0,0.0,0,2237_384_0,False
23,site3_26.png,0,0,0.0,0,23_0_0,False
3075,site13_82.png,128,512,1.0,2,3075_128_512,True
773,site4_95.png,256,512,1.0,2,773_256_512,True
1944,site9_58.png,384,0,0.4332275390625,2,1944_384_0,True
2837,site8_45.png,128,384,0.0,0,2837_128_384,False
1053,site5_220.png,256,512,0.73248291015625,2,1053_256_512,True
1015,site5_177.png,256,256,1.0,2,1015_256_256,True
2643,site17_58.png,128,384,0.19012451171875,1,2643_128_384,True
2721,site1_35.png,128,384,0.0,0,2721_128_384,False
789,site4_112.png,512,384,0.993896484375,2,789_512_384,True
3095,site13_106.png,256,512,0.0,0,3095_256_512,False
1788,site6_987.png,384,256,0.9544677734375,2,1788_384_256,True
1736,site6_915.png,128,384,0.746337890625,2,1736_128_384,True
533,site3_583.png,512,0,0.0,0,533_512_0,False
1764,site6_953.png,512,128,0.0,0,1764_512_128,False
4969,site16_1004.png,384,384,0.0,0,4969_384_384,False
1010,site5_172.png,128,512,1.0,2,1010_128_512,True
3101,site13_114.png,0,0,1.0,2,3101_0_0,True
3141,site13_159.png,384,0,0.0,0,3141_384_0,False
3656,site11_391.png,128,384,0.0,0,3656_128_384,False
2640,site17_55.png,512,256,0.410400390625,2,2640_512_256,True
3164,site13_188.png,384,384,0.0,0,3164_384_384,False
583,site3_641.png,384,384,0.0,0,583_384_384,False
2838,site8_46.png,384,512,0.0,0,2838_384_512,False
4750,site16_722.png,512,128,0.052001953125,1,4750_512_128,True
2073,site14_112.png,0,512,0.0,0,2073_0_512,False
2578,site12_186.png,512,128,0.48052978515625,2,2578_512_128,True
3071,site13_76.png,256,128,0.84100341796875,2,3071_256_128,True
1189,site6_171.png,256,256,0.0,0,1189_256_256,False
3018,site8_254.png,384,128,1.0,2,3018_384_128,True
3068,site13_73.png,512,512,1.0,2,3068_512_512,True
2640,site17_55.png,0,384,1.0,2,2640_0_384,True
2500,site12_102.png,256,512,0.456787109375,2,2500_256_512,True
1168,site6_137.png,0,384,0.0,0,1168_0_384,False
2190,site14_244.png,512,384,0.95208740234375,2,2190_512_384,True
3086,site13_95.png,0,0,1.0,2,3086_0_0,True
3753,site11_491.png,384,256,0.0,0,3753_384_256,False
993,site5_154.png,0,384,0.9459228515625,2,993_0_384,True
2960,site8_185.png,256,384,0.0,0,2960_256_384,False
408,site3_446.png,512,0,0.0,0,408_512_0,False
3018,site8_254.png,512,0,0.23077392578125,1,3018_512_0,True
2225,site14_286.png,128,512,0.0,0,2225_128_512,False
4750,site16_722.png,384,384,0.25067138671875,1,4750_384_384,True
3287,site2_131.png,0,256,0.0,0,3287_0_256,False
3116,site13_132.png,256,512,0.2301025390625,1,3116_256_512,True
1238,site6_242.png,0,0,0.0,0,1238_0_0,False
2197,site14_251.png,128,0,0.0,0,2197_128_0,False
1023,site5_186.png,128,512,0.55377197265625,2,1023_128_512,True
1087,site5_260.png,512,0,0.0,0,1087_512_0,False
3133,site13_151.png,128,512,0.3607177734375,1,3133_128_512,True
2332,site15_82.png,128,128,0.0858154296875,1,2332_128_128,True
1229,site6_233.png,384,0,0.0,0,1229_384_0,False
2140,site14_186.png,128,512,0.93682861328125,2,2140_128_512,True
1097,site5_278.png,256,128,1.0,2,1097_256_128,True
791,site4_114.png,384,0,1.0,2,791_384_0,True
4769,site16_746.png,384,384,0.16448974609375,1,4769_384_384,True
1024,site5_187.png,0,256,0.19036865234375,1,1024_0_256,True
291,site3_321.png,256,128,0.0,0,291_256_128,False
2602,site17_9.png,256,0,0.7286376953125,2,2602_256_0,True
2895,site8_113.png,128,256,0.0,0,2895_128_256,False
2068,site14_107.png,0,0,0.91986083984375,2,2068_0_0,True
3219,site2_51.png,512,256,0.0,0,3219_512_256,False
2334,site15_84.png,128,384,0.99664306640625,2,2334_128_384,True
1036,site5_201.png,256,384,0.0223388671875,0,1036_256_384,True
2611,site17_20.png,128,384,0.45745849609375,2,2611_128_384,True
2207,site14_264.png,128,256,0.0,0,2207_128_256,False
1325,site6_369.png,0,0,0.0,0,1325_0_0,False
4568,site16_512.png,0,256,0.0,0,4568_0_256,False
3097,site13_108.png,0,384,0.8670654296875,2,3097_0_384,True
2118,site14_163.png,384,256,0.0,0,2118_384_256,False
1086,site5_259.png,0,128,0.0,0,1086_0_128,False
1923,site9_28.png,128,384,0.5897216796875,2,1923_128_384,True
773,site4_95.png,0,256,1.0,2,773_0_256,True
3687,site11_423.png,0,512,0.52069091796875,2,3687_0_512,True
3181,site13_209.png,0,128,0.0,0,3181_0_128,False
4518,site16_459.png,128,0,0.0,0,4518_128_0,False
2144,site14_190.png,512,384,0.0,0,2144_512_384,False
3693,site11_429.png,256,256,0.0,0,3693_256_256,False
4590,site16_536.png,512,0,0.1077880859375,1,4590_512_0,True
2421,site12_17.png,128,0,0.0,0,2421_128_0,False
2935,site8_157.png,384,256,0.20916748046875,1,2935_384_256,True
3077,site13_84.png,512,128,1.0,2,3077_512_128,True
1917,site9_18.png,384,256,0.0,0,1917_384_256,False
2459,site12_57.png,256,128,1.0,2,2459_256_128,True
3228,site2_63.png,256,384,0.3582763671875,1,3228_256_384,True
2721,site1_35.png,128,512,0.0,0,2721_128_512,False
1525,site6_638.png,256,0,0.0,0,1525_256_0,False
1035,site5_200.png,512,0,1.0,2,1035_512_0,True
3125,site13_142.png,0,512,0.53985595703125,2,3125_0_512,True
2895,site8_113.png,256,512,0.0,0,2895_256_512,False
3723,site11_460.png,256,128,0.31341552734375,1,3723_256_128,True
3174,site13_202.png,0,256,0.0,0,3174_0_256,False
926,site5_79.png,128,128,1.0,2,926_128_128,True
3087,site13_96.png,512,0,0.5133056640625,2,3087_512_0,True
4424,site16_355.png,384,128,0.93011474609375,2,4424_384_128,True
584,site3_642.png,0,512,0.0,0,584_0_512,False
2924,site8_145.png,512,256,0.29620361328125,1,2924_512_256,True
1714,site6_885.png,128,384,0.10479736328125,1,1714_128_384,True
1605,site6_743.png,0,128,0.0,0,1605_0_128,False
2182,site14_233.png,256,384,0.899658203125,2,2182_256_384,True
4565,site16_509.png,512,0,0.0167236328125,0,4565_512_0,True
2086,site14_128.png,384,384,0.80377197265625,2,2086_384_384,True
952,site5_109.png,512,384,1.0,2,952_512_384,True
950,site5_105.png,128,0,0.0,0,950_128_0,False
3033,site13_31.png,384,256,0.0130615234375,0,3033_384_256,True
415,site3_453.png,256,512,0.0,0,415_256_512,False
2160,site14_209.png,384,512,0.07476806640625,1,2160_384_512,True
632,site3_699.png,384,256,0.12847900390625,1,632_384_256,True
965,site5_122.png,512,384,0.0,0,965_512_384,False
4569,site16_513.png,256,256,0.0,0,4569_256_256,False
1543,site6_656.png,256,512,0.0,0,1543_256_512,False
3105,site13_118.png,0,384,1.0,2,3105_0_384,True
4748,site16_720.png,384,384,0.0,0,4748_384_384,False
983,site5_142.png,384,128,0.0,0,983_384_128,False
2518,site12_121.png,384,0,0.772705078125,2,2518_384_0,True
1524,site6_637.png,384,256,0.16998291015625,1,1524_384_256,True
3117,site13_133.png,512,512,0.8704833984375,2,3117_512_512,True
328,site3_360.png,0,0,0.0,0,328_0_0,False
3023,site13_7.png,0,128,0.1177978515625,1,3023_0_128,True
1785,site6_984.png,128,512,0.00579833984375,0,1785_128_512,True
464,site3_508.png,128,384,0.48822021484375,2,464_128_384,True
2745,site1_61.png,256,128,0.0,0,2745_256_128,False
2059,site14_95.png,256,0,0.0,0,2059_256_0,False
3054,site13_56.png,128,0,0.585693359375,2,3054_128_0,True
3690,site11_426.png,0,128,0.0,0,3690_0_128,False
1059,site5_226.png,512,128,0.0,0,1059_512_128,False
2740,site1_56.png,384,128,0.0,0,2740_384_128,False
1039,site5_204.png,384,0,0.0,0,1039_384_0,False
2190,site14_244.png,384,512,0.5557861328125,2,2190_384_512,True
3125,site13_142.png,256,512,0.0,0,3125_256_512,False
3113,site13_128.png,0,0,0.39202880859375,1,3113_0_0,True
1215,site6_208.png,0,0,0.0,0,1215_0_0,False
1571,site6_692.png,0,512,0.80023193359375,2,1571_0_512,True
2341,site15_92.png,384,512,0.99139404296875,2,2341_384_512,True
930,site5_83.png,128,512,0.0,0,930_128_512,False
984,site5_145.png,128,0,0.61480712890625,2,984_128_0,True
1057,site5_224.png,0,256,0.42669677734375,2,1057_0_256,True
2718,site1_32.png,0,128,0.0,0,2718_0_128,False
3157,site13_179.png,0,256,0.13897705078125,1,3157_0_256,True
2658,site17_75.png,256,128,0.0943603515625,1,2658_256_128,True
2509,site12_111.png,0,512,0.0,0,2509_0_512,False
1036,site5_201.png,128,512,1.0,2,1036_128_512,True
1237,site6_241.png,512,256,0.25201416015625,1,1237_512_256,True
4875,site16_875.png,384,256,0.4039306640625,2,4875_384_256,True
2334,site15_84.png,0,512,0.381103515625,1,2334_0_512,True
2564,site12_170.png,512,512,1.0,2,2564_512_512,True
678,site3_766.png,128,128,0.0,0,678_128_128,False
833,site4_159.png,0,128,0.32763671875,1,833_0_128,True
3661,site11_396.png,512,384,0.0,0,3661_512_384,False
2342,site15_93.png,256,0,0.17889404296875,1,2342_256_0,True
2066,site14_105.png,128,0,0.0,0,2066_128_0,False
1440,site6_518.png,256,384,0.0,0,1440_256_384,False
3164,site13_188.png,512,128,0.0,0,3164_512_128,False
1002,site5_164.png,256,512,0.0,0,1002_256_512,False
1779,site6_968.png,512,128,0.0,0,1779_512_128,False
2068,site14_107.png,0,512,0.9656982421875,2,2068_0_512,True
603,site3_665.png,384,0,0.0,0,603_384_0,False
2219,site14_276.png,384,512,0.0,0,2219_384_512,False
2924,site8_145.png,0,384,0.0,0,2924_0_384,False
1918,site9_19.png,0,128,0.0,0,1918_0_128,False
1073,site5_242.png,512,128,0.0,0,1073_512_128,False
1692,site6_855.png,0,384,0.0,0,1692_0_384,False
2101,site14_145.png,0,256,0.96136474609375,2,2101_0_256,True
2072,site14_111.png,384,128,0.00238037109375,0,2072_384_128,True
2537,site12_141.png,256,512,1.0,2,2537_256_512,True
2972,site8_198.png,128,384,0.0,0,2972_128_384,False
3024,site13_8.png,128,384,0.0,0,3024_128_384,False
2191,site14_245.png,384,512,0.34326171875,1,2191_384_512,True
3070,site13_75.png,0,512,1.0,2,3070_0_512,True
3145,site13_165.png,128,384,0.70477294921875,2,3145_128_384,True
2578,site12_186.png,512,512,0.0,0,2578_512_512,False
4769,site16_746.png,256,128,0.0,0,4769_256_128,False
577,site3_635.png,512,384,0.0,0,577_512_384,False
3165,site13_189.png,384,128,0.0,0,3165_384_128,False
2513,site12_116.png,256,0,0.0,0,2513_256_0,False
2830,site8_35.png,128,384,0.0,0,2830_128_384,False
3070,site13_75.png,512,384,0.0,0,3070_512_384,False
2344,site15_95.png,0,0,0.0,0,2344_0_0,False
3141,site13_159.png,512,0,0.0,0,3141_512_0,False
2494,site12_95.png,0,512,0.0,0,2494_0_512,False
2616,site17_25.png,256,512,0.0,0,2616_256_512,False
1543,site6_656.png,128,128,0.0,0,1543_128_128,False
2100,site14_144.png,512,384,0.96441650390625,2,2100_512_384,True
386,site3_421.png,384,128,0.0,0,386_384_128,False
1271,site6_297.png,512,128,0.0,0,1271_512_128,False
1917,site9_18.png,128,256,0.99615478515625,2,1917_128_256,True
2551,site12_156.png,512,128,0.0009765625,0,2551_512_128,True
4493,site16_433.png,512,256,0.0,0,4493_512_256,False
3072,site13_77.png,128,384,0.5064697265625,2,3072_128_384,True
2498,site12_100.png,512,0,0.11138916015625,1,2498_512_0,True
4677,site16_638.png,128,0,0.0,0,4677_128_0,False
948,site5_103.png,128,256,0.4814453125,2,948_128_256,True
1938,site9_49.png,512,0,0.0,0,1938_512_0,False
4376,site16_303.png,0,128,0.0,0,4376_0_128,False
2986,site8_214.png,128,512,0.0,0,2986_128_512,False
2159,site14_208.png,384,0,0.56378173828125,2,2159_384_0,True
1737,site6_916.png,512,128,0.0,0,1737_512_128,False
938,site5_93.png,0,384,0.0,0,938_0_384,False
1060,site5_227.png,512,256,0.656005859375,2,1060_512_256,True
3692,site11_428.png,256,0,0.17156982421875,1,3692_256_0,True
2643,site17_58.png,384,256,0.0,0,2643_384_256,False
2848,site8_58.png,512,384,0.0,0,2848_512_384,False
4770,site16_747.png,512,128,0.0,0,4770_512_128,False
2091,site14_133.png,512,128,0.0,0,2091_512_128,False
2643,site17_58.png,256,256,0.0,0,2643_256_256,False
3068,site13_73.png,512,0,1.0,2,3068_512_0,True
2509,site12_111.png,128,0,0.0,0,2509_128_0,False
416,site3_454.png,128,384,0.0,0,416_128_384,False
1925,site9_30.png,128,0,1.0,2,1925_128_0,True
1692,site6_855.png,384,128,0.0,0,1692_384_128,False
992,site5_153.png,256,384,1.0,2,992_256_384,True
1227,site6_231.png,512,256,1.0,2,1227_512_256,True
2838,site8_46.png,0,384,0.0,0,2838_0_384,False
968,site5_127.png,512,256,1.0,2,968_512_256,True
2354,site15_106.png,128,0,0.69598388671875,2,2354_128_0,True
3088,site13_97.png,512,384,0.71844482421875,2,3088_512_384,True
3025,site13_16.png,256,384,0.27081298828125,1,3025_256_384,True
1572,site6_693.png,384,256,0.0,0,1572_384_256,False
3118,site13_134.png,256,0,0.8173828125,2,3118_256_0,True
2140,site14_186.png,256,128,0.98602294921875,2,2140_256_128,True
2963,site8_188.png,512,384,0.0,0,2963_512_384,False
2342,site15_93.png,256,128,0.66314697265625,2,2342_256_128,True
269,site3_298.png,512,384,0.5343017578125,2,269_512_384,True
4377,site16_304.png,256,0,0.0,0,4377_256_0,False
2074,site14_113.png,256,384,0.34967041015625,1,2074_256_384,True
1917,site9_18.png,128,0,0.8701171875,2,1917_128_0,True
2362,site15_115.png,384,512,0.193603515625,1,2362_384_512,True
1932,site9_40.png,128,512,0.75079345703125,2,1932_128_512,True
2332,site15_82.png,256,128,0.23919677734375,1,2332_256_128,True
3058,site13_62.png,512,384,0.80682373046875,2,3058_512_384,True
1741,site6_920.png,384,0,0.032470703125,0,1741_384_0,True
814,site4_138.png,384,0,0.0,0,814_384_0,False
2441,site12_38.png,512,128,0.0,0,2441_512_128,False
3051,site13_53.png,384,512,0.45086669921875,2,3051_384_512,True
2961,site8_186.png,128,256,0.31396484375,1,2961_128_256,True
2085,site14_127.png,0,384,0.0,0,2085_0_384,False
2052,site14_88.png,128,384,0.8218994140625,2,2052_128_384,True
2961,site8_186.png,384,384,0.0,0,2961_384_384,False
1788,site6_987.png,0,256,1.0,2,1788_0_256,True
3058,site13_62.png,128,0,0.0662841796875,1,3058_128_0,True
3661,site11_396.png,384,512,0.0,0,3661_384_512,False
1042,site5_207.png,384,512,1.0,2,1042_384_512,True
1788,site6_987.png,256,256,1.0,2,1788_256_256,True
2068,site14_107.png,256,0,1.0,2,2068_256_0,True
3060,site13_64.png,384,384,1.0,2,3060_384_384,True
759,site4_80.png,384,256,0.0,0,759_384_256,False
2659,site17_76.png,0,0,0.73858642578125,2,2659_0_0,True
1039,site5_204.png,512,128,0.0,0,1039_512_128,False
4469,site16_407.png,512,0,0.0,0,4469_512_0,False
2630,site17_43.png,512,0,0.0,0,2630_512_0,False
290,site3_320.png,512,0,0.0,0,290_512_0,False
1524,site6_637.png,512,512,0.0,0,1524_512_512,False
1954,site9_71.png,128,512,0.9757080078125,2,1954_128_512,True
2444,site12_41.png,512,128,1.0,2,2444_512_128,True
2402,site15_163.png,128,512,0.0,0,2402_128_512,False
2524,site12_127.png,128,128,0.0,0,2524_128_128,False
1923,site9_28.png,512,512,0.93328857421875,2,1923_512_512,True
290,site3_320.png,0,128,0.0,0,290_0_128,False
1282,site6_308.png,384,512,0.0,0,1282_384_512,False
2721,site1_35.png,256,512,0.4205322265625,2,2721_256_512,True
1227,site6_231.png,0,512,0.0,0,1227_0_512,False
1786,site6_985.png,384,256,0.8546142578125,2,1786_384_256,True
3130,site13_147.png,256,384,1.0,2,3130_256_384,True
3086,site13_95.png,256,128,0.0,0,3086_256_128,False
1788,site6_987.png,384,384,0.98809814453125,2,1788_384_384,True
4542,site16_484.png,128,0,0.0,0,4542_128_0,False
2456,site12_54.png,384,0,0.688720703125,2,2456_384_0,True
3037,site13_35.png,128,128,0.0,0,3037_128_128,False
1925,site9_30.png,384,256,0.8416748046875,2,1925_384_256,True
1787,site6_986.png,128,384,0.1788330078125,1,1787_128_384,True
319,site3_351.png,384,512,0.0,0,319_384_512,False
3722,site11_459.png,384,0,0.0,0,3722_384_0,False
2346,site15_97.png,512,0,0.0,0,2346_512_0,False
1020,site5_183.png,256,512,0.0,0,1020_256_512,False
1949,site9_63.png,512,256,0.0,0,1949_512_256,False
1010,site5_172.png,512,512,1.0,2,1010_512_512,True
1938,site9_49.png,128,512,0.0,0,1938_128_512,False
969,site5_128.png,512,128,0.0,0,969_512_128,False
3113,site13_128.png,0,256,0.88409423828125,2,3113_0_256,True
3756,site11_494.png,512,384,0.20782470703125,1,3756_512_384,True
3658,site11_393.png,512,0,0.35540771484375,1,3658_512_0,True
2925,site8_146.png,256,512,0.51617431640625,2,2925_256_512,True
4722,site16_690.png,256,256,0.0,0,4722_256_256,False
850,site4_177.png,128,256,0.0,0,850_128_256,False
4970,site16_1005.png,384,512,0.54486083984375,2,4970_384_512,True
632,site3_699.png,512,256,0.2041015625,1,632_512_256,True
1380,site6_441.png,384,0,0.0,0,1380_384_0,False
2615,site17_24.png,512,128,1.0,2,2615_512_128,True
265,site3_294.png,0,512,0.0,0,265_0_512,False
549,site3_602.png,0,0,0.0,0,549_0_0,False
848,site4_175.png,384,0,0.00244140625,0,848_384_0,True
3724,site11_461.png,0,256,0.32550048828125,1,3724_0_256,True
2182,site14_233.png,256,512,0.05377197265625,1,2182_256_512,True
2490,site12_91.png,128,384,1.0,2,2490_128_384,True
1923,site9_28.png,256,256,0.237060546875,1,1923_256_256,True
2924,site8_145.png,512,0,0.0,0,2924_512_0,False
1191,site6_173.png,128,512,0.0,0,1191_128_512,False
609,site3_671.png,256,0,0.0,0,609_256_0,False
1954,site9_71.png,256,256,1.0,2,1954_256_256,True
1926,site9_31.png,512,512,0.0,0,1926_512_512,False
581,site3_639.png,0,128,0.0,0,581_0_128,False
2642,site17_57.png,128,256,0.86199951171875,2,2642_128_256,True
3151,site13_173.png,256,256,0.0,0,3151_256_256,False
1936,site9_47.png,384,512,0.0,0,1936_384_512,False
2444,site12_41.png,128,0,0.21142578125,1,2444_128_0,True
4613,site16_561.png,256,0,0.0,0,4613_256_0,False
1954,site9_71.png,256,128,1.0,2,1954_256_128,True
3692,site11_428.png,384,512,0.1334228515625,1,3692_384_512,True
2491,site12_92.png,128,256,0.0,0,2491_128_256,False
1039,site5_204.png,256,256,0.11517333984375,1,1039_256_256,True
3079,site13_86.png,0,384,0.0,0,3079_0_384,False
3054,site13_56.png,512,384,0.0,0,3054_512_384,False
777,site4_99.png,128,256,0.0,0,777_128_256,False
1027,site5_190.png,0,256,1.0,2,1027_0_256,True
3690,site11_426.png,384,384,0.81976318359375,2,3690_384_384,True
2831,site8_36.png,256,256,1.0,2,2831_256_256,True
759,site4_80.png,128,0,0.0,0,759_128_0,False
3047,site13_47.png,0,128,1.0,2,3047_0_128,True
2491,site12_92.png,128,384,0.0,0,2491_128_384,False
1085,site5_258.png,384,512,0.0390625,0,1085_384_512,True
2324,site15_73.png,384,128,0.0,0,2324_384_128,False
1189,site6_171.png,0,0,0.0,0,1189_0_0,False
1215,site6_208.png,128,384,0.0,0,1215_128_384,False
2105,site14_149.png,256,0,0.0,0,2105_256_0,False
1957,site9_74.png,256,384,0.0,0,1957_256_384,False
4726,site16_694.png,256,384,0.708251953125,2,4726_256_384,True
3134,site13_152.png,0,0,0.89288330078125,2,3134_0_0,True
3103,site13_116.png,256,128,0.0596923828125,1,3103_256_128,True
319,site3_351.png,0,512,0.0,0,319_0_512,False
464,site3_508.png,384,512,0.0,0,464_384_512,False
3126,site13_143.png,384,512,0.0,0,3126_384_512,False
1035,site5_200.png,384,384,1.0,2,1035_384_384,True
3034,site13_32.png,384,512,0.8328857421875,2,3034_384_512,True
996,site5_157.png,128,128,0.0,0,996_128_128,False
903,site5_48.png,0,512,0.9630126953125,2,903_0_512,True
1051,site5_218.png,384,256,1.0,2,1051_384_256,True
3070,site13_75.png,256,256,0.90155029296875,2,3070_256_256,True
2355,site15_107.png,128,0,0.0,0,2355_128_0,False
758,site4_79.png,0,256,0.95806884765625,2,758_0_256,True
1943,site9_57.png,0,512,0.262939453125,1,1943_0_512,True
2052,site14_88.png,512,512,0.0,0,2052_512_512,False
928,site5_81.png,0,384,0.0,0,928_0_384,False
2085,site14_127.png,128,128,0.0,0,2085_128_128,False
1229,site6_233.png,512,128,0.0,0,1229_512_128,False
865,site4_194.png,0,512,0.0,0,865_0_512,False
3169,site13_195.png,512,128,0.0,0,3169_512_128,False
790,site4_113.png,384,0,1.0,2,790_384_0,True
2493,site12_94.png,384,384,0.9283447265625,2,2493_384_384,True
997,site5_158.png,384,256,0.0,0,997_384_256,False
2371,site15_126.png,128,0,0.0,0,2371_128_0,False
2436,site12_33.png,512,0,0.4642333984375,2,2436_512_0,True
2513,site12_116.png,512,512,0.47918701171875,2,2513_512_512,True
1129,site6_84.png,0,512,0.04913330078125,0,1129_0_512,True
2915,site8_135.png,512,256,0.0,0,2915_512_256,False
2073,site14_112.png,512,512,0.0,0,2073_512_512,False
2515,site12_118.png,128,128,0.23150634765625,1,2515_128_128,True
2362,site15_115.png,0,512,0.0,0,2362_0_512,False
2640,site17_55.png,128,0,0.0,0,2640_128_0,False
1059,site5_226.png,384,512,0.0,0,1059_384_512,False
2638,site17_53.png,256,256,0.64788818359375,2,2638_256_256,True
3089,site13_98.png,128,384,0.0,0,3089_128_384,False
2520,site12_123.png,384,512,0.0,0,2520_384_512,False
2144,site14_190.png,128,128,0.0,0,2144_128_128,False
2075,site14_114.png,384,512,0.0,0,2075_384_512,False
522,site3_572.png,384,384,0.0,0,522_384_384,False
3726,site11_463.png,128,128,0.103515625,1,3726_128_128,True
4637,site16_587.png,384,128,0.040283203125,0,4637_384_128,True
4493,site16_433.png,512,0,0.0,0,4493_512_0,False
656,site3_731.png,512,384,0.0,0,656_512_384,False
2775,site1_97.png,0,256,0.4068603515625,2,2775_0_256,True
3024,site13_8.png,128,0,0.0,0,3024_128_0,False
4568,site16_512.png,512,128,0.27081298828125,1,4568_512_128,True
937,site5_92.png,256,512,0.0,0,937_256_512,False
328,site3_360.png,128,384,0.0,0,328_128_384,False
1949,site9_63.png,384,384,0.03204345703125,0,1949_384_384,True
3174,site13_202.png,128,512,0.0,0,3174_128_512,False
2324,site15_73.png,0,384,0.72540283203125,2,2324_0_384,True
2100,site14_144.png,512,0,0.84979248046875,2,2100_512_0,True
2197,site14_251.png,384,0,0.8035888671875,2,2197_384_0,True
2074,site14_113.png,512,384,0.12890625,1,2074_512_384,True
2157,site14_206.png,0,256,0.0,0,2157_0_256,False
2182,site14_233.png,0,256,1.0,2,2182_0_256,True
605,site3_667.png,256,0,0.0,0,605_256_0,False
1926,site9_31.png,0,128,1.0,2,1926_0_128,True
2140,site14_186.png,512,128,1.0,2,2140_512_128,True
2515,site12_118.png,512,384,0.9560546875,2,2515_512_384,True
2068,site14_107.png,512,384,0.0,0,2068_512_384,False
2140,site14_186.png,512,512,0.625732421875,2,2140_512_512,True
2463,site12_61.png,256,384,1.0,2,2463_256_384,True
1067,site5_236.png,384,512,0.4508056640625,2,1067_384_512,True
3723,site11_460.png,384,384,0.0,0,3723_384_384,False
408,site3_446.png,256,512,0.0,0,408_256_512,False
926,site5_79.png,512,128,1.0,2,926_512_128,True
1036,site5_201.png,128,0,0.22137451171875,1,1036_128_0,True
924,site5_77.png,512,0,0.0,0,924_512_0,False
3249,site2_88.png,0,256,0.0,0,3249_0_256,False
1913,site9_7.png,128,384,1.0,2,1913_128_384,True
1237,site6_241.png,256,256,0.0,0,1237_256_256,False
2753,site1_71.png,512,128,0.0,0,2753_512_128,False
295,site3_325.png,256,128,0.0,0,295_256_128,False
4637,site16_587.png,512,512,0.0,0,4637_512_512,False
4970,site16_1005.png,512,256,0.0,0,4970_512_256,False
2653,site17_70.png,128,128,0.86407470703125,2,2653_128_128,True
3726,site11_463.png,0,384,0.3841552734375,1,3726_0_384,True
1785,site6_984.png,256,128,0.99786376953125,2,1785_256_128,True
1023,site5_186.png,384,384,0.0,0,1023_384_384,False
2499,site12_101.png,0,384,0.4639892578125,2,2499_0_384,True
947,site5_102.png,128,512,0.0,0,947_128_512,False
2494,site12_95.png,0,128,1.0,2,2494_0_128,True
3288,site2_132.png,384,0,0.6717529296875,2,3288_384_0,True
772,site4_94.png,384,256,0.529052734375,2,772_384_256,True
923,site5_76.png,512,512,0.0,0,923_512_512,False
2219,site14_276.png,384,384,0.0,0,2219_384_384,False
1939,site9_50.png,0,0,0.0,0,1939_0_0,False
969,site5_128.png,128,256,0.6124267578125,2,969_128_256,True
2197,site14_251.png,128,128,0.0,0,2197_128_128,False
1936,site9_47.png,512,0,0.02044677734375,0,1936_512_0,True
352,site3_385.png,512,256,0.0,0,352_512_256,False
2437,site12_34.png,0,384,0.0,0,2437_0_384,False
3156,site13_178.png,512,256,0.47381591796875,2,3156_512_256,True
3070,site13_75.png,512,256,0.0,0,3070_512_256,False
2491,site12_92.png,256,128,0.0,0,2491_256_128,False
584,site3_642.png,128,384,0.0,0,584_128_384,False
497,site3_544.png,512,128,0.0,0,497_512_128,False
605,site3_667.png,384,384,0.0,0,605_384_384,False
789,site4_112.png,256,0,0.0,0,789_256_0,False
2913,site8_133.png,0,256,0.0,0,2913_0_256,False
912,site5_61.png,512,384,0.3602294921875,1,912_512_384,True
2050,site14_86.png,0,128,0.0,0,2050_0_128,False
2674,site7_6.png,512,384,0.2684326171875,1,2674_512_384,True
2915,site8_135.png,0,128,0.360107421875,1,2915_0_128,True
2437,site12_34.png,384,512,0.3201904296875,1,2437_384_512,True
997,site5_158.png,384,384,0.04638671875,0,997_384_384,True
2402,site15_163.png,256,128,0.0,0,2402_256_128,False
210,site3_237.png,512,128,0.02557373046875,0,210_512_128,True
2764,site1_84.png,512,384,1.0,2,2764_512_384,True
1763,site6_952.png,384,256,1.0,2,1763_384_256,True
777,site4_99.png,512,384,0.0,0,777_512_384,False
3066,site13_71.png,128,384,0.06512451171875,1,3066_128_384,True
3148,site13_168.png,0,256,1.0,2,3148_0_256,True
989,site5_150.png,384,384,0.6798095703125,2,989_384_384,True
1961,site9_81.png,512,128,0.3095703125,1,1961_512_128,True
793,site4_116.png,384,128,0.7230224609375,2,793_384_128,True
2101,site14_145.png,0,512,1.0,2,2101_0_512,True
4543,site16_485.png,128,384,0.35430908203125,1,4543_128_384,True
2604,site17_11.png,512,0,0.223388671875,1,2604_512_0,True
994,site5_155.png,512,512,1.0,2,994_512_512,True
503,site3_550.png,128,384,0.0,0,503_128_384,False
2610,site17_19.png,128,128,0.0,0,2610_128_128,False
3721,site11_458.png,0,512,0.56146240234375,2,3721_0_512,True
775,site4_97.png,384,256,0.03863525390625,0,775_384_256,True
2445,site12_42.png,384,0,0.203125,1,2445_384_0,True
2341,site15_92.png,128,128,0.0,0,2341_128_128,False
923,site5_76.png,384,512,0.00909423828125,0,923_384_512,True
2354,site15_106.png,256,128,0.99981689453125,2,2354_256_128,True
1053,site5_220.png,384,0,0.0269775390625,0,1053_384_0,True
2647,site17_62.png,512,128,0.0,0,2647_512_128,False
2832,site8_37.png,512,0,0.2613525390625,1,2832_512_0,True
3169,site13_195.png,0,0,0.0,0,3169_0_0,False
1939,site9_50.png,256,128,0.98638916015625,2,1939_256_128,True
1237,site6_241.png,384,384,0.00347900390625,0,1237_384_384,True
1586,site6_715.png,256,384,0.0,0,1586_256_384,False
4493,site16_433.png,512,384,0.0,0,4493_512_384,False
992,site5_153.png,0,512,1.0,2,992_0_512,True
2524,site12_127.png,384,256,0.23846435546875,1,2524_384_256,True
2444,site12_41.png,256,0,0.21795654296875,1,2444_256_0,True
962,site5_119.png,256,512,0.0,0,962_256_512,False
2084,site14_126.png,384,384,0.0,0,2084_384_384,False
903,site5_48.png,0,128,0.0062255859375,0,903_0_128,True
2730,site1_45.png,128,256,0.9752197265625,2,2730_128_256,True
524,site3_574.png,512,128,0.0,0,524_512_128,False
3140,site13_158.png,128,256,1.0,2,3140_128_256,True
2344,site15_95.png,256,512,0.013671875,0,2344_256_512,True
3103,site13_116.png,512,0,1.0,2,3103_512_0,True
1714,site6_885.png,256,256,0.0,0,1714_256_256,False
416,site3_454.png,512,0,0.0,0,416_512_0,False
1932,site9_40.png,384,256,0.19366455078125,1,1932_384_256,True
583,site3_641.png,256,256,0.0,0,583_256_256,False
2599,site17_6.png,0,512,0.0,0,2599_0_512,False
2052,site14_88.png,0,384,0.87774658203125,2,2052_0_384,True
1779,site6_968.png,256,384,0.0,0,1779_256_384,False
2444,site12_41.png,256,256,1.0,2,2444_256_256,True
1040,site5_205.png,128,512,0.0,0,1040_128_512,False
2963,site8_188.png,128,256,0.0,0,2963_128_256,False
2640,site17_55.png,384,512,0.1719970703125,1,2640_384_512,True
4728,site16_696.png,384,128,0.0,0,4728_384_128,False
1308,site6_343.png,384,256,1.0,2,1308_384_256,True
3113,site13_128.png,128,256,0.9468994140625,2,3113_128_256,True
2066,site14_105.png,0,256,0.0,0,2066_0_256,False
3066,site13_71.png,0,128,0.0,0,3066_0_128,False
1940,site9_51.png,128,0,0.97979736328125,2,1940_128_0,True
4699,site16_664.png,128,384,0.0,0,4699_128_384,False
3655,site11_390.png,256,0,0.0,0,3655_256_0,False
4752,site16_724.png,128,0,0.2906494140625,1,4752_128_0,True
938,site5_93.png,128,128,0.009033203125,0,938_128_128,True
1778,site6_967.png,256,512,0.0,0,1778_256_512,False
4769,site16_746.png,0,256,0.0,0,4769_0_256,False
3181,site13_209.png,256,128,0.0,0,3181_256_128,False
2073,site14_112.png,384,128,0.0,0,2073_384_128,False
1024,site5_187.png,128,384,0.7449951171875,2,1024_128_384,True
1031,site5_194.png,512,256,0.69256591796875,2,1031_512_256,True
2618,site17_29.png,512,0,0.0,0,2618_512_0,False
2179,site14_230.png,128,384,0.0445556640625,0,2179_128_384,True
4743,site16_715.png,384,0,0.09710693359375,1,4743_384_0,True
3038,site13_36.png,0,0,0.58685302734375,2,3038_0_0,True
3054,site13_56.png,256,384,0.0,0,3054_256_384,False
3118,site13_134.png,256,384,0.87158203125,2,3118_256_384,True
1791,site6_990.png,384,384,1.0,2,1791_384_384,True
2962,site8_187.png,0,0,0.071044921875,1,2962_0_0,True
1941,site9_52.png,384,512,1.0,2,1941_384_512,True
269,site3_298.png,128,0,0.20086669921875,1,269_128_0,True
2457,site12_55.png,128,256,1.0,2,2457_128_256,True
1016,site5_178.png,384,0,0.0,0,1016_384_0,False
2455,site12_53.png,512,256,0.0,0,2455_512_256,False
2847,site8_57.png,256,512,0.00482177734375,0,2847_256_512,True
4768,site16_745.png,512,0,0.0,0,4768_512_0,False
2033,site14_67.png,128,256,0.0,0,2033_128_256,False
1624,site6_762.png,512,512,0.0,0,1624_512_512,False
2519,site12_122.png,512,128,1.0,2,2519_512_128,True
2960,site8_185.png,512,256,0.14239501953125,1,2960_512_256,True
1042,site5_207.png,384,0,1.0,2,1042_384_0,True
3240,site2_77.png,128,384,0.0,0,3240_128_384,False
927,site5_80.png,128,256,1.0,2,927_128_256,True
1042,site5_207.png,512,128,1.0,2,1042_512_128,True
4969,site16_1004.png,384,256,0.0,0,4969_384_256,False
1037,site5_202.png,128,384,0.5748291015625,2,1037_128_384,True
1097,site5_278.png,256,384,0.642822265625,2,1097_256_384,True
2687,site10_22.png,384,384,0.0611572265625,1,2687_384_384,True
3720,site11_457.png,128,128,0.0,0,3720_128_128,False
2444,site12_41.png,256,512,1.0,2,2444_256_512,True
1054,site5_221.png,0,512,0.0,0,1054_0_512,False
1088,site5_261.png,0,128,0.78155517578125,2,1088_0_128,True
2972,site8_198.png,384,384,0.025146484375,0,2972_384_384,True
533,site3_583.png,512,512,0.0,0,533_512_512,False
2180,site14_231.png,512,256,0.0,0,2180_512_256,False
2207,site14_264.png,384,512,0.0,0,2207_384_512,False
2493,site12_94.png,512,512,0.0130615234375,0,2493_512_512,True
1776,site6_965.png,0,256,0.0,0,1776_0_256,False
2519,site12_122.png,512,256,1.0,2,2519_512_256,True
3120,site13_136.png,128,0,0.538330078125,2,3120_128_0,True
3131,site13_148.png,384,0,1.0,2,3131_384_0,True
3066,site13_71.png,0,384,0.0,0,3066_0_384,False
1261,site6_276.png,128,384,0.0,0,1261_128_384,False
2550,site12_155.png,0,384,0.0,0,2550_0_384,False
1931,site9_39.png,512,256,0.0,0,1931_512_256,False
4725,site16_693.png,512,384,0.81964111328125,2,4725_512_384,True
2658,site17_75.png,512,128,0.868896484375,2,2658_512_128,True
998,site5_159.png,128,0,0.0,0,998_128_0,False
3077,site13_84.png,256,0,1.0,2,3077_256_0,True
3126,site13_143.png,0,0,1.0,2,3126_0_0,True
2208,site14_265.png,384,256,0.39215087890625,1,2208_384_256,True
4702,site16_667.png,0,384,0.0,0,4702_0_384,False
1544,site6_657.png,128,128,0.45904541015625,2,1544_128_128,True
497,site3_544.png,0,256,0.0,0,497_0_256,False
3133,site13_151.png,256,256,1.0,2,3133_256_256,True
2838,site8_46.png,512,512,0.0,0,2838_512_512,False
3289,site2_133.png,128,128,0.0,0,3289_128_128,False
2515,site12_118.png,128,512,0.39837646484375,1,2515_128_512,True
2674,site7_6.png,128,0,1.0,2,2674_128_0,True
3072,site13_77.png,128,128,0.29290771484375,1,3072_128_128,True
2963,site8_188.png,384,256,0.0,0,2963_384_256,False
1715,site6_886.png,0,384,0.0,0,1715_0_384,False
2765,site1_85.png,256,512,0.11053466796875,1,2765_256_512,True
759,site4_80.png,512,512,0.0,0,759_512_512,False
3151,site13_173.png,384,0,0.0,0,3151_384_0,False
3030,site13_26.png,512,256,0.0,0,3030_512_256,False
4638,site16_588.png,0,128,0.0,0,4638_0_128,False
2085,site14_127.png,0,256,0.0,0,2085_0_256,False
2469,site12_69.png,512,512,0.560302734375,2,2469_512_512,True
2100,site14_144.png,0,128,0.12799072265625,1,2100_0_128,True
3286,site2_130.png,0,384,0.0,0,3286_0_384,False
1741,site6_920.png,256,0,0.0,0,1741_256_0,False
2935,site8_157.png,512,512,0.45989990234375,2,2935_512_512,True
4877,site16_877.png,0,0,0.02972412109375,0,4877_0_0,True
997,site5_158.png,128,384,0.00042724609375,0,997_128_384,True
210,site3_237.png,256,0,0.39447021484375,1,210_256_0,True
3024,site13_8.png,512,128,0.0,0,3024_512_128,False
952,site5_109.png,384,256,1.0,2,952_384_256,True
2615,site17_24.png,512,384,0.0,0,2615_512_384,False
991,site5_152.png,512,128,0.0,0,991_512_128,False
1959,site9_79.png,512,128,1.0,2,1959_512_128,True
1168,site6_137.png,512,128,0.0,0,1168_512_128,False
1042,site5_207.png,0,384,1.0,2,1042_0_384,True
3101,site13_114.png,256,512,1.0,2,3101_256_512,True
2491,site12_92.png,384,384,0.11322021484375,1,2491_384_384,True
2521,site12_124.png,128,512,0.0,0,2521_128_512,False
1666,site6_820.png,128,512,0.0,0,1666_128_512,False
1238,site6_242.png,384,256,0.02545166015625,0,1238_384_256,True
2355,site15_107.png,512,512,0.02410888671875,0,2355_512_512,True
2786,site1_110.png,384,0,0.36871337890625,1,2786_384_0,True
739,site4_59.png,0,384,0.0,0,739_0_384,False
4376,site16_303.png,512,0,0.06512451171875,1,4376_512_0,True
2479,site12_79.png,256,0,1.0,2,2479_256_0,True
2521,site12_124.png,0,128,0.0,0,2521_0_128,False
4726,site16_694.png,128,0,0.8341064453125,2,4726_128_0,True
2539,site12_143.png,256,256,0.0,0,2539_256_256,False
930,site5_83.png,128,0,0.0,0,930_128_0,False
3072,site13_77.png,512,384,0.0,0,3072_512_384,False
2730,site1_45.png,384,384,0.54730224609375,2,2730_384_384,True
1949,site9_63.png,128,512,1.0,2,1949_128_512,True
3028,site13_24.png,256,384,0.0,0,3028_256_384,False
2072,site14_111.png,0,0,0.0,0,2072_0_0,False
3097,site13_108.png,512,384,0.0,0,3097_512_384,False
4764,site16_741.png,128,0,0.0,0,4764_128_0,False
4565,site16_509.png,512,128,0.20635986328125,1,4565_512_128,True
2926,site8_147.png,256,128,0.71832275390625,2,2926_256_128,True
823,site4_149.png,384,128,0.0,0,823_384_128,False
2913,site8_133.png,512,256,0.14453125,1,2913_512_256,True
1087,site5_260.png,128,384,1.0,2,1087_128_384,True
583,site3_641.png,512,512,0.0,0,583_512_512,False
2824,site8_25.png,256,384,0.0,0,2824_256_384,False
4568,site16_512.png,128,384,0.0032958984375,0,4568_128_384,True
2490,site12_91.png,384,384,0.45831298828125,2,2490_384_384,True
3218,site2_50.png,256,256,0.0018310546875,0,3218_256_256,True
181,site3_206.png,128,256,0.1910400390625,1,181_128_256,True
777,site4_99.png,0,0,0.11639404296875,1,777_0_0,True
4677,site16_638.png,256,512,0.38128662109375,1,4677_256_512,True
2403,site15_164.png,128,0,0.01580810546875,0,2403_128_0,True
2564,site12_170.png,256,0,0.0,0,2564_256_0,False
848,site4_175.png,128,384,0.11358642578125,1,848_128_384,True
3627,site11_361.png,0,128,0.0,0,3627_0_128,False
4402,site16_330.png,256,384,0.0,0,4402_256_384,False
3094,site13_105.png,0,256,1.0,2,3094_0_256,True
2648,site17_63.png,0,512,0.48565673828125,2,2648_0_512,True
1552,site6_673.png,384,384,0.0,0,1552_384_384,False
1785,site6_984.png,128,256,0.00018310546875,0,1785_128_256,True
2602,site17_9.png,256,128,1.0,2,2602_256_128,True
2491,site12_92.png,0,0,0.0,0,2491_0_0,False
2479,site12_79.png,128,256,1.0,2,2479_128_256,True
813,site4_137.png,128,384,0.0,0,813_128_384,False
936,site5_91.png,256,0,0.0,0,936_256_0,False
2632,site17_45.png,512,0,0.7484130859375,2,2632_512_0,True
927,site5_80.png,384,256,0.43133544921875,2,927_384_256,True
2602,site17_9.png,384,128,1.0,2,2602_384_128,True
603,site3_665.png,384,256,0.0,0,603_384_256,False
775,site4_97.png,128,384,0.68719482421875,2,775_128_384,True
2084,site14_126.png,0,384,0.0,0,2084_0_384,False
2346,site15_97.png,384,128,0.0,0,2346_384_128,False
1742,site6_921.png,256,0,0.6141357421875,2,1742_256_0,True
1271,site6_297.png,384,128,0.0,0,1271_384_128,False
3067,site13_72.png,384,256,1.0,2,3067_384_256,True
2447,site12_44.png,0,0,0.0849609375,1,2447_0_0,True
2402,site15_163.png,384,128,0.0,0,2402_384_128,False
2745,site1_61.png,0,128,0.0,0,2745_0_128,False
3143,site13_163.png,384,384,0.0,0,3143_384_384,False
2068,site14_107.png,384,512,0.0,0,2068_384_512,False
387,site3_422.png,512,512,0.51300048828125,2,387_512_512,True
3141,site13_159.png,384,128,0.0,0,3141_384_128,False
4590,site16_536.png,0,384,0.0,0,4590_0_384,False
3099,site13_112.png,384,384,1.0,2,3099_384_384,True
416,site3_454.png,0,128,0.0,0,416_0_128,False
1044,site5_209.png,384,0,1.0,2,1044_384_0,True
3753,site11_491.png,256,512,0.0,0,3753_256_512,False
2175,site14_226.png,0,256,0.0,0,2175_0_256,False
3161,site13_185.png,256,128,0.00555419921875,0,3161_256_128,True
1128,site6_83.png,512,384,0.10638427734375,1,1128_512_384,True
994,site5_155.png,256,384,0.9544677734375,2,994_256_384,True
2394,site15_153.png,256,256,0.0,0,2394_256_256,False
3069,site13_74.png,512,384,1.0,2,3069_512_384,True
2463,site12_61.png,128,256,1.0,2,2463_128_256,True
2042,site14_76.png,128,256,0.1949462890625,1,2042_128_256,True
1020,site5_183.png,0,0,0.0,0,1020_0_0,False
1947,site9_61.png,128,256,1.0,2,1947_128_256,True
1760,site6_949.png,256,0,0.0,0,1760_256_0,False
2824,site8_25.png,384,0,0.0,0,2824_384_0,False
2242,site14_310.png,256,0,0.0,0,2242_256_0,False
3117,site13_133.png,384,256,1.0,2,3117_384_256,True
181,site3_206.png,256,0,0.0,0,181_256_0,False
4729,site16_697.png,128,512,0.57452392578125,2,4729_128_512,True
2641,site17_56.png,384,256,1.0,2,2641_384_256,True
2915,site8_135.png,128,0,0.0,0,2915_128_0,False
3029,site13_25.png,384,384,0.0,0,3029_384_384,False
2272,site14_356.png,256,256,0.0,0,2272_256_256,False
1949,site9_63.png,512,128,0.06304931640625,1,1949_512_128,True
4855,site16_850.png,0,512,0.13226318359375,1,4855_0_512,True
3058,site13_62.png,0,128,0.15277099609375,1,3058_0_128,True
3067,site13_72.png,256,512,1.0,2,3067_256_512,True
2163,site14_212.png,512,128,0.0,0,2163_512_128,False
2530,site12_134.png,384,384,0.0,0,2530_384_384,False
2457,site12_55.png,384,256,1.0,2,2457_384_256,True
2235,site14_296.png,512,128,0.694580078125,2,2235_512_128,True
996,site5_157.png,128,512,0.0,0,996_128_512,False
2775,site1_97.png,128,128,0.0,0,2775_128_128,False
2154,site14_203.png,0,128,0.0,0,2154_0_128,False
2675,site7_7.png,0,0,1.0,2,2675_0_0,True
2159,site14_208.png,128,384,0.13214111328125,1,2159_128_384,True
1931,site9_39.png,128,384,0.0,0,1931_128_384,False
3821,site11_561.png,384,512,0.0,0,3821_384_512,False
937,site5_92.png,512,0,0.071044921875,1,937_512_0,True
298,site3_328.png,384,0,0.0,0,298_384_0,False
2236,site14_297.png,0,0,0.8409423828125,2,2236_0_0,True
939,site5_94.png,384,0,0.0,0,939_384_0,False
2074,site14_113.png,512,0,0.28857421875,1,2074_512_0,True
4743,site16_715.png,0,0,0.0,0,4743_0_0,False
263,site3_292.png,512,128,0.0,0,263_512_128,False
3097,site13_108.png,384,0,0.0,0,3097_384_0,False
2204,site14_258.png,128,512,0.0,0,2204_128_512,False
3719,site11_456.png,128,0,0.0,0,3719_128_0,False
2961,site8_186.png,0,0,0.41424560546875,2,2961_0_0,True
1238,site6_242.png,0,384,0.0,0,1238_0_384,False
1096,site5_277.png,256,512,0.0,0,1096_256_512,False
2331,site15_81.png,512,256,0.0,0,2331_512_256,False
519,site3_569.png,512,512,0.2724609375,1,519_512_512,True
1804,site6_1003.png,256,384,0.0,0,1804_256_384,False
2258,site14_335.png,0,0,0.0,0,2258_0_0,False
3077,site13_84.png,512,0,1.0,2,3077_512_0,True
1073,site5_242.png,0,384,0.3494873046875,1,1073_0_384,True
2476,site12_76.png,512,384,0.85888671875,2,2476_512_384,True
2515,site12_118.png,0,256,0.0,0,2515_0_256,False
2672,site7_3.png,128,512,0.9071044921875,2,2672_128_512,True
1168,site6_137.png,128,0,0.0,0,1168_128_0,False
1015,site5_177.png,256,0,0.955322265625,2,1015_256_0,True
3140,site13_158.png,384,512,0.8809814453125,2,3140_384_512,True
1025,site5_188.png,384,256,0.66815185546875,2,1025_384_256,True
1273,site6_299.png,0,384,0.0,0,1273_0_384,False
3070,site13_75.png,384,384,0.0,0,3070_384_384,False
2745,site1_61.png,0,384,0.19647216796875,1,2745_0_384,True
2485,site12_86.png,384,256,0.2879638671875,1,2485_384_256,True
3231,site2_66.png,384,512,0.0,0,3231_384_512,False
3096,site13_107.png,0,256,1.0,2,3096_0_256,True
2970,site8_196.png,0,256,0.0,0,2970_0_256,False
774,site4_96.png,384,384,1.0,2,774_384_384,True
2964,site8_189.png,0,512,0.08935546875,1,2964_0_512,True
2518,site12_121.png,512,384,0.0,0,2518_512_384,False
2355,site15_107.png,512,128,0.0,0,2355_512_128,False
2197,site14_251.png,512,0,0.979736328125,2,2197_512_0,True
4402,site16_330.png,0,512,0.22857666015625,1,4402_0_512,True
464,site3_508.png,384,384,0.0,0,464_384_384,False
2471,site12_71.png,256,0,1.0,2,2471_256_0,True
4752,site16_724.png,128,384,0.9154052734375,2,4752_128_384,True
1936,site9_47.png,512,384,0.216552734375,1,1936_512_384,True
1926,site9_31.png,384,0,1.0,2,1926_384_0,True
1168,site6_137.png,128,384,0.0,0,1168_128_384,False
2598,site17_5.png,128,256,0.04949951171875,0,2598_128_256,True
1598,site6_727.png,512,384,0.0,0,1598_512_384,False
2082,site14_124.png,384,512,0.62030029296875,2,2082_384_512,True
2186,site14_237.png,0,256,0.0,0,2186_0_256,False
2084,site14_126.png,0,0,0.2000732421875,1,2084_0_0,True
3219,site2_51.png,256,128,0.0587158203125,1,3219_256_128,True
2175,site14_226.png,384,384,0.13470458984375,1,2175_384_384,True
1787,site6_986.png,384,512,0.00341796875,0,1787_384_512,True
3120,site13_136.png,256,0,1.0,2,3120_256_0,True
3052,site13_54.png,512,384,0.0,0,3052_512_384,False
3143,site13_163.png,384,512,0.0,0,3143_384_512,False
2979,site8_206.png,0,384,0.0,0,2979_0_384,False
1552,site6_673.png,512,128,0.0,0,1552_512_128,False
1282,site6_308.png,256,256,0.0,0,1282_256_256,False
2494,site12_95.png,384,384,0.94952392578125,2,2494_384_384,True
45,site3_56.png,0,384,0.0,0,45_0_384,False
3111,site13_126.png,256,384,1.0,2,3111_256_384,True
3113,site13_128.png,512,128,0.83953857421875,2,3113_512_128,True
4493,site16_433.png,384,384,0.0,0,4493_384_384,False
948,site5_103.png,0,256,0.0,0,948_0_256,False
2723,site1_37.png,0,384,0.01708984375,0,2723_0_384,True
4808,site16_793.png,512,128,0.0,0,4808_512_128,False
887,site5_27.png,512,384,0.0,0,887_512_384,False
3161,site13_185.png,128,384,0.0,0,3161_128_384,False
2204,site14_258.png,256,384,0.0,0,2204_256_384,False
1572,site6_693.png,384,128,0.0,0,1572_384_128,False
4377,site16_304.png,512,384,0.0,0,4377_512_384,False
3135,site13_153.png,256,128,0.0,0,3135_256_128,False
2674,site7_6.png,256,512,0.0,0,2674_256_512,False
2689,site10_28.png,128,256,0.240234375,1,2689_128_256,True
3657,site11_392.png,0,256,0.0,0,3657_0_256,False
2610,site17_19.png,512,384,0.52044677734375,2,2610_512_384,True
1044,site5_209.png,512,384,0.16766357421875,1,1044_512_384,True
1168,site6_137.png,256,512,0.0,0,1168_256_512,False
4808,site16_793.png,256,0,0.0,0,4808_256_0,False
2599,site17_6.png,128,256,0.0,0,2599_128_256,False
3103,site13_116.png,256,256,0.00396728515625,0,3103_256_256,True
1301,site6_336.png,384,384,0.070068359375,1,1301_384_384,True
2763,site1_83.png,512,256,0.0,0,2763_512_256,False
4751,site16_723.png,384,512,0.0,0,4751_384_512,False
3692,site11_428.png,128,384,0.981689453125,2,3692_128_384,True
3071,site13_76.png,128,0,0.82574462890625,2,3071_128_0,True
2674,site7_6.png,256,128,1.0,2,2674_256_128,True
4807,site16_792.png,384,0,0.0,0,4807_384_0,False
1961,site9_81.png,384,128,0.0914306640625,1,1961_384_128,True
263,site3_292.png,512,0,0.0,0,263_512_0,False
3231,site2_66.png,256,128,0.0,0,3231_256_128,False
1714,site6_885.png,256,384,0.0,0,1714_256_384,False
389,site3_424.png,128,128,0.095458984375,1,389_128_128,True
2578,site12_186.png,128,128,0.04022216796875,0,2578_128_128,True
2476,site12_76.png,128,384,0.0,0,2476_128_384,False
270,site3_299.png,384,512,0.0244140625,0,270_384_512,True
3054,site13_56.png,128,512,0.0,0,3054_128_512,False
678,site3_766.png,512,512,0.0,0,678_512_512,False
4768,site16_745.png,512,384,0.0,0,4768_512_384,False
326,site3_358.png,128,384,0.0,0,326_128_384,False
2970,site8_196.png,256,384,0.0,0,2970_256_384,False
2539,site12_143.png,512,0,0.161865234375,1,2539_512_0,True
3024,site13_8.png,256,512,0.0,0,3024_256_512,False
2675,site7_7.png,0,128,0.42938232421875,2,2675_0_128,True
2652,site17_69.png,512,256,0.12908935546875,1,2652_512_256,True
1282,site6_308.png,0,256,0.0,0,1282_0_256,False
923,site5_76.png,128,128,0.0,0,923_128_128,False
2499,site12_101.png,256,256,0.38568115234375,1,2499_256_256,True
2073,site14_112.png,128,512,0.0,0,2073_128_512,False
3145,site13_165.png,512,512,0.55267333984375,2,3145_512_512,True
3068,site13_73.png,0,256,1.0,2,3068_0_256,True
2372,site15_127.png,256,128,0.90087890625,2,2372_256_128,True
1325,site6_369.png,256,0,0.0,0,1325_256_0,False
2346,site15_97.png,128,0,0.15478515625,1,2346_128_0,True
329,site3_361.png,384,0,0.0390625,0,329_384_0,True
1654,site6_808.png,384,0,0.0,0,1654_384_0,False
3821,site11_561.png,512,384,0.0,0,3821_512_384,False
351,site3_384.png,256,256,0.0,0,351_256_256,False
3720,site11_457.png,384,128,0.0,0,3720_384_128,False
2530,site12_134.png,512,256,0.23956298828125,1,2530_512_256,True
386,site3_421.png,0,128,0.0,0,386_0_128,False
2176,site14_227.png,256,512,0.0,0,2176_256_512,False
3287,site2_131.png,384,128,0.0,0,3287_384_128,False
3011,site8_244.png,0,256,0.0,0,3011_0_256,False
95,site3_113.png,512,512,0.33331298828125,1,95_512_512,True
1948,site9_62.png,128,128,1.0,2,1948_128_128,True
4855,site16_850.png,0,384,0.98583984375,2,4855_0_384,True
3126,site13_143.png,128,512,0.0,0,3126_128_512,False
1956,site9_73.png,256,384,0.73687744140625,2,1956_256_384,True
1045,site5_210.png,512,128,0.0,0,1045_512_128,False
2514,site12_117.png,256,128,0.97149658203125,2,2514_256_128,True
2258,site14_335.png,0,256,0.0,0,2258_0_256,False
4743,site16_715.png,128,384,0.0,0,4743_128_384,False
3790,site11_529.png,128,128,0.11297607421875,1,3790_128_128,True
1007,site5_169.png,128,256,0.75445556640625,2,1007_128_256,True
2492,site12_93.png,384,384,1.0,2,2492_384_384,True
2831,site8_36.png,128,512,1.0,2,2831_128_512,True
2441,site12_38.png,384,0,0.00457763671875,0,2441_384_0,True
1020,site5_183.png,128,384,0.0,0,1020_128_384,False
2479,site12_79.png,384,0,1.0,2,2479_384_0,True
290,site3_320.png,256,128,0.05999755859375,1,290_256_128,True
1273,site6_299.png,128,512,0.0,0,1273_128_512,False
996,site5_157.png,256,512,0.0,0,996_256_512,False
4569,site16_513.png,512,256,0.0003662109375,0,4569_512_256,True
2672,site7_3.png,128,0,0.0,0,2672_128_0,False
936,site5_91.png,384,256,0.0,0,936_384_256,False
963,site5_120.png,256,384,0.0,0,963_256_384,False
3156,site13_178.png,256,128,1.0,2,3156_256_128,True
914,site5_63.png,128,0,0.0,0,914_128_0,False
2478,site12_78.png,0,256,1.0,2,2478_0_256,True
632,site3_699.png,512,512,0.0,0,632_512_512,False
969,site5_128.png,256,128,0.0,0,969_256_128,False
963,site5_120.png,512,512,0.0,0,963_512_512,False
521,site3_571.png,512,0,0.0,0,521_512_0,False
2470,site12_70.png,384,512,0.0245361328125,0,2470_384_512,True
3174,site13_202.png,0,0,0.852783203125,2,3174_0_0,True
948,site5_103.png,0,384,0.0,0,948_0_384,False
4875,site16_875.png,0,128,0.0,0,4875_0_128,False
993,site5_154.png,512,0,0.0084228515625,0,993_512_0,True
903,site5_48.png,384,512,0.0,0,903_384_512,False
2598,site17_5.png,384,128,0.0,0,2598_384_128,False
3026,site13_17.png,256,256,0.0445556640625,0,3026_256_256,True
3626,site11_360.png,256,0,0.0,0,3626_256_0,False
962,site5_119.png,0,128,0.0,0,962_0_128,False
1325,site6_369.png,512,128,0.0,0,1325_512_128,False
952,site5_109.png,0,256,0.762451171875,2,952_0_256,True
3026,site13_17.png,0,256,0.00921630859375,0,3026_0_256,True
2463,site12_61.png,384,128,1.0,2,2463_384_128,True
3030,site13_26.png,512,512,1.0,2,3030_512_512,True
2221,site14_278.png,0,384,0.0616455078125,1,2221_0_384,True
475,site3_519.png,0,384,0.0,0,475_0_384,False
1654,site6_808.png,512,128,0.0,0,1654_512_128,False
1764,site6_953.png,384,512,0.0,0,1764_384_512,False
2831,site8_36.png,512,256,1.0,2,2831_512_256,True
4729,site16_697.png,0,0,0.0,0,4729_0_0,False
2068,site14_107.png,0,256,0.8861083984375,2,2068_0_256,True
3209,site2_37.png,128,128,0.0,0,3209_128_128,False
2272,site14_356.png,256,384,0.0,0,2272_256_384,False
3068,site13_73.png,384,512,1.0,2,3068_384_512,True
4377,site16_304.png,0,128,0.9439697265625,2,4377_0_128,True
3229,site2_64.png,128,384,0.16229248046875,1,3229_128_384,True
94,site3_112.png,512,128,0.871337890625,2,94_512_128,True
1936,site9_47.png,384,384,0.80682373046875,2,1936_384_384,True
1039,site5_204.png,512,384,0.0,0,1039_512_384,False
1029,site5_192.png,0,128,0.96124267578125,2,1029_0_128,True
2226,site14_287.png,0,0,0.0,0,2226_0_0,False
2102,site14_146.png,0,384,1.0,2,2102_0_384,True
1961,site9_81.png,256,128,0.0,0,1961_256_128,False
2084,site14_126.png,128,384,0.0,0,2084_128_384,False
2537,site12_141.png,512,384,1.0,2,2537_512_384,True
755,site4_76.png,128,384,0.0,0,755_128_384,False
1492,site6_588.png,0,0,0.0,0,1492_0_0,False
1003,site5_165.png,0,384,0.32275390625,1,1003_0_384,True
4402,site16_330.png,512,512,0.0,0,4402_512_512,False
2105,site14_149.png,512,128,0.0,0,2105_512_128,False
2436,site12_33.png,512,256,0.0,0,2436_512_256,False
2042,site14_76.png,384,128,0.0,0,2042_384_128,False
3209,site2_37.png,512,128,0.0,0,3209_512_128,False
4699,site16_664.png,128,0,0.55755615234375,2,4699_128_0,True
548,site3_601.png,128,0,0.59100341796875,2,548_128_0,True
1024,site5_187.png,0,384,0.10174560546875,1,1024_0_384,True
2485,site12_86.png,256,384,0.44091796875,2,2485_256_384,True
581,site3_639.png,384,384,0.00311279296875,0,581_384_384,True
938,site5_93.png,128,0,0.002685546875,0,938_128_0,True
3006,site8_236.png,256,256,0.0,0,3006_256_256,False
3756,site11_494.png,384,384,0.81634521484375,2,3756_384_384,True
2157,site14_206.png,384,256,0.8851318359375,2,2157_384_256,True
772,site4_94.png,384,0,0.470703125,2,772_384_0,True
903,site5_48.png,256,384,0.0,0,903_256_384,False
2331,site15_81.png,128,0,0.0,0,2331_128_0,False
2117,site14_162.png,128,0,0.0,0,2117_128_0,False
3069,site13_74.png,0,384,1.0,2,3069_0_384,True
813,site4_137.png,128,256,0.0,0,813_128_256,False
2175,site14_226.png,256,128,0.0997314453125,1,2175_256_128,True
2659,site17_76.png,0,256,0.46295166015625,2,2659_0_256,True
1786,site6_985.png,384,512,0.0,0,1786_384_512,False
4770,site16_747.png,256,384,0.0245361328125,0,4770_256_384,True
2471,site12_71.png,0,384,1.0,2,2471_0_384,True
791,site4_114.png,512,512,0.0,0,791_512_512,False
997,site5_158.png,512,384,0.04803466796875,0,997_512_384,True
2685,site10_20.png,128,0,0.0,0,2685_128_0,False
2610,site17_19.png,384,256,0.0172119140625,0,2610_384_256,True
3037,site13_35.png,0,128,0.0,0,3037_0_128,False
1029,site5_192.png,256,0,1.0,2,1029_256_0,True
3086,site13_95.png,0,512,1.0,2,3086_0_512,True
416,site3_454.png,0,0,0.19305419921875,1,416_0_0,True
964,site5_121.png,0,128,0.0,0,964_0_128,False
2955,site8_179.png,256,256,0.0,0,2955_256_256,False
497,site3_544.png,128,512,0.44073486328125,2,497_128_512,True
3658,site11_393.png,384,384,0.20196533203125,1,3658_384_384,True
2033,site14_67.png,256,512,0.0,0,2033_256_512,False
4807,site16_792.png,0,0,0.0,0,4807_0_0,False
2091,site14_133.png,0,256,0.0,0,2091_0_256,False
3686,site11_422.png,512,256,0.002685546875,0,3686_512_256,True
2486,site12_87.png,512,384,0.95745849609375,2,2486_512_384,True
3286,site2_130.png,256,384,0.0,0,3286_256_384,False
941,site5_96.png,384,128,0.0,0,941_384_128,False
2056,site14_92.png,128,384,0.0,0,2056_128_384,False
775,site4_97.png,384,128,0.0,0,775_384_128,False
1005,site5_167.png,256,384,0.14117431640625,1,1005_256_384,True
2455,site12_53.png,0,128,0.0,0,2455_0_128,False
1572,site6_693.png,128,0,0.0,0,1572_128_0,False
912,site5_61.png,128,256,0.0,0,912_128_256,False
1939,site9_50.png,128,384,1.0,2,1939_128_384,True
989,site5_150.png,256,384,0.02734375,0,989_256_384,True
2977,site8_204.png,256,512,0.0423583984375,0,2977_256_512,True
2457,site12_55.png,0,384,0.9952392578125,2,2457_0_384,True
2082,site14_124.png,384,0,0.0,0,2082_384_0,False
3120,site13_136.png,512,512,1.0,2,3120_512_512,True
2830,site8_35.png,512,0,1.0,2,2830_512_0,True
464,site3_508.png,128,512,0.2655029296875,1,464_128_512,True
4856,site16_851.png,512,512,0.0,0,4856_512_512,False
1638,site6_784.png,128,0,0.0,0,1638_128_0,False
2655,site17_72.png,384,256,0.0,0,2655_384_256,False
4722,site16_690.png,512,256,0.0,0,4722_512_256,False
3095,site13_106.png,384,0,0.0,0,3095_384_0,False
2509,site12_111.png,256,384,0.0,0,2509_256_384,False
2187,site14_238.png,384,384,0.0,0,2187_384_384,False
2057,site14_93.png,512,384,0.31976318359375,1,2057_512_384,True
3229,site2_64.png,512,512,1.0,2,3229_512_512,True
2964,site8_189.png,0,384,0.0,0,2964_0_384,False
1026,site5_189.png,384,128,1.0,2,1026_384_128,True
3058,site13_62.png,0,256,0.0745849609375,1,3058_0_256,True
993,site5_154.png,384,384,0.0,0,993_384_384,False
3218,site2_50.png,512,512,0.93212890625,2,3218_512_512,True
2520,site12_123.png,256,256,0.9910888671875,2,2520_256_256,True
3103,site13_116.png,512,384,0.0,0,3103_512_384,False
1924,site9_29.png,512,512,0.0,0,1924_512_512,False
4493,site16_433.png,128,256,0.77642822265625,2,4493_128_256,True
2334,site15_84.png,256,256,1.0,2,2334_256_256,True
791,site4_114.png,0,0,1.0,2,791_0_0,True
793,site4_116.png,512,0,0.75457763671875,2,793_512_0,True
3067,site13_72.png,256,0,0.224365234375,1,3067_256_0,True
2837,site8_45.png,512,384,0.0,0,2837_512_384,False
2197,site14_251.png,256,512,0.0,0,2197_256_512,False
2175,site14_226.png,128,256,0.18084716796875,1,2175_128_256,True
1016,site5_178.png,0,128,0.0,0,1016_0_128,False
473,site3_517.png,512,0,0.0,0,473_512_0,False
3687,site11_423.png,512,384,0.2432861328125,1,3687_512_384,True
2258,site14_335.png,384,128,0.0,0,2258_384_128,False
2615,site17_24.png,0,384,0.03094482421875,0,2615_0_384,True
3181,site13_209.png,0,0,0.0,0,3181_0_0,False
630,site3_697.png,384,512,0.0,0,630_384_512,False
1918,site9_19.png,384,512,1.0,2,1918_384_512,True
4424,site16_355.png,0,128,0.0,0,4424_0_128,False
4589,site16_535.png,512,128,0.0,0,4589_512_128,False
3656,site11_391.png,0,256,0.0,0,3656_0_256,False
2973,site8_199.png,0,384,0.0,0,2973_0_384,False
2658,site17_75.png,128,384,0.17291259765625,1,2658_128_384,True
938,site5_93.png,256,512,0.0,0,938_256_512,False
4808,site16_793.png,0,512,0.0,0,4808_0_512,False
2578,site12_186.png,384,384,0.0,0,2578_384_384,False
2207,site14_264.png,384,0,0.4320068359375,2,2207_384_0,True
3693,site11_429.png,0,256,0.1109619140625,1,3693_0_256,True
2197,site14_251.png,128,256,0.0,0,2197_128_256,False
3083,site13_92.png,512,256,1.0,2,3083_512_256,True
329,site3_361.png,0,512,0.0,0,329_0_512,False
1037,site5_202.png,256,128,0.577880859375,2,1037_256_128,True
4855,site16_850.png,0,0,0.08233642578125,1,4855_0_0,True
1912,site9_6.png,256,128,0.0,0,1912_256_128,False
3067,site13_72.png,256,128,1.0,2,3067_256_128,True
1308,site6_343.png,0,512,0.0,0,1308_0_512,False
2528,site12_132.png,128,256,0.0,0,2528_128_256,False
3722,site11_459.png,0,384,0.30108642578125,1,3722_0_384,True
4589,site16_535.png,128,384,0.0,0,4589_128_384,False
2599,site17_6.png,384,512,0.18060302734375,1,2599_384_512,True
865,site4_194.png,256,128,0.00079345703125,0,865_256_128,True
2733,site1_48.png,384,0,0.0560302734375,1,2733_384_0,True
1787,site6_986.png,0,512,0.0,0,1787_0_512,False
4702,site16_667.png,128,128,0.09381103515625,1,4702_128_128,True
2447,site12_44.png,256,0,0.0,0,2447_256_0,False
2066,site14_105.png,128,256,0.0,0,2066_128_256,False
2344,site15_95.png,128,128,0.0,0,2344_128_128,False
1067,site5_236.png,256,0,0.70965576171875,2,1067_256_0,True
2963,site8_188.png,0,384,0.0,0,2963_0_384,False
2342,site15_93.png,0,0,1.0,2,2342_0_0,True
4377,site16_304.png,384,128,0.0,0,4377_384_128,False
2653,site17_70.png,384,128,1.0,2,2653_384_128,True
2753,site1_71.png,384,256,0.0,0,2753_384_256,False
1941,site9_52.png,0,0,1.0,2,1941_0_0,True
739,site4_59.png,256,256,0.0,0,739_256_256,False
2157,site14_206.png,0,0,0.3594970703125,1,2157_0_0,True
817,site4_141.png,0,0,0.0,0,817_0_0,False
2895,site8_113.png,512,128,0.0,0,2895_512_128,False
265,site3_294.png,256,384,0.0,0,265_256_384,False
3054,site13_56.png,256,128,0.811279296875,2,3054_256_128,True
3105,site13_118.png,256,256,0.59539794921875,2,3105_256_256,True
2190,site14_244.png,128,384,0.0,0,2190_128_384,False
2074,site14_113.png,256,256,0.0418701171875,0,2074_256_256,True
993,site5_154.png,256,0,0.61566162109375,2,993_256_0,True
3660,site11_395.png,256,0,0.0,0,3660_256_0,False
122,site3_143.png,128,128,0.0172119140625,0,122_128_128,True
3240,site2_77.png,384,256,0.0,0,3240_384_256,False
849,site4_176.png,512,384,0.0,0,849_512_384,False
1024,site5_187.png,128,128,0.73272705078125,2,1024_128_128,True
2839,site8_47.png,0,256,0.0,0,2839_0_256,False
3122,site13_138.png,0,0,1.0,2,3122_0_0,True
2723,site1_37.png,512,512,0.0,0,2723_512_512,False
1944,site9_58.png,384,384,0.0,0,1944_384_384,False
1044,site5_209.png,128,384,0.68878173828125,2,1044_128_384,True
940,site5_95.png,512,384,0.12908935546875,1,940_512_384,True
1020,site5_183.png,384,256,0.0,0,1020_384_256,False
3076,site13_83.png,256,0,1.0,2,3076_256_0,True
2438,site12_35.png,384,0,0.3807373046875,1,2438_384_0,True
4726,site16_694.png,0,256,0.99298095703125,2,4726_0_256,True
3071,site13_76.png,512,384,0.84185791015625,2,3071_512_384,True
94,site3_112.png,0,128,0.0,0,94_0_128,False
891,site5_31.png,512,512,0.305908203125,1,891_512_512,True
2442,site12_39.png,384,384,1.0,2,2442_384_384,True
3106,site13_119.png,512,384,0.0,0,3106_512_384,False
963,site5_120.png,384,128,0.0,0,963_384_128,False
2832,site8_37.png,512,512,0.97406005859375,2,2832_512_512,True
1953,site9_70.png,512,384,1.0,2,1953_512_384,True
3022,site13_6.png,128,0,0.49169921875,2,3022_128_0,True
2517,site12_120.png,384,0,0.51751708984375,2,2517_384_0,True
1061,site5_228.png,512,384,0.08929443359375,1,1061_512_384,True
1605,site6_743.png,128,0,0.0,0,1605_128_0,False
2042,site14_76.png,384,0,0.0,0,2042_384_0,False
1936,site9_47.png,256,512,0.19158935546875,1,1936_256_512,True
947,site5_102.png,0,128,0.0,0,947_0_128,False
3045,site13_45.png,384,0,0.22015380859375,1,3045_384_0,True
2914,site8_134.png,128,0,0.00567626953125,0,2914_128_0,True
4569,site16_513.png,128,0,0.01849365234375,0,4569_128_0,True
2041,site14_75.png,512,384,0.06768798828125,1,2041_512_384,True
1086,site5_259.png,384,512,0.9771728515625,2,1086_384_512,True
1039,site5_204.png,256,512,0.0,0,1039_256_512,False
1023,site5_186.png,256,512,0.19732666015625,1,1023_256_512,True
2578,site12_186.png,512,256,0.0,0,2578_512_256,False
948,site5_103.png,128,512,0.088623046875,1,948_128_512,True
1544,site6_657.png,384,128,0.5806884765625,2,1544_384_128,True
2179,site14_230.png,256,0,0.0,0,2179_256_0,False
3690,site11_426.png,0,0,0.0,0,3690_0_0,False
2515,site12_118.png,512,256,1.0,2,2515_512_256,True
4569,site16_513.png,384,0,0.0,0,4569_384_0,False
1054,site5_221.png,384,256,0.005126953125,0,1054_384_256,True
3724,site11_461.png,512,256,0.0,0,3724_512_256,False
789,site4_112.png,0,512,0.0,0,789_0_512,False
3046,site13_46.png,0,256,0.23370361328125,1,3046_0_256,True
3034,site13_32.png,128,0,0.0,0,3034_128_0,False
3028,site13_24.png,0,256,0.0,0,3028_0_256,False
793,site4_116.png,256,128,0.50006103515625,2,793_256_128,True
823,site4_149.png,256,512,0.0,0,823_256_512,False
3286,site2_130.png,128,128,0.0,0,3286_128_128,False
889,site5_29.png,128,128,0.0,0,889_128_128,False
585,site3_643.png,0,0,0.0,0,585_0_0,False
3097,site13_108.png,0,0,0.38665771484375,1,3097_0_0,True
3120,site13_136.png,384,512,1.0,2,3120_384_512,True
1649,site6_795.png,384,384,0.47894287109375,2,1649_384_384,True
1959,site9_79.png,128,128,0.640625,2,1959_128_128,True
2504,site12_106.png,384,128,0.9486083984375,2,2504_384_128,True
606,site3_668.png,384,0,0.0,0,606_384_0,False
2775,site1_97.png,128,384,0.74017333984375,2,2775_128_384,True
2837,site8_45.png,256,0,0.0,0,2837_256_0,False
2632,site17_45.png,256,256,0.0,0,2632_256_256,False
3029,site13_25.png,256,0,0.0,0,3029_256_0,False
3066,site13_71.png,512,0,0.84326171875,2,3066_512_0,True
3046,site13_46.png,512,256,1.0,2,3046_512_256,True
1027,site5_190.png,512,128,1.0,2,1027_512_128,True
3821,site11_561.png,128,384,0.0,0,3821_128_384,False
1932,site9_40.png,512,384,1.0,2,1932_512_384,True
2197,site14_251.png,0,512,0.0,0,2197_0_512,False
3059,site13_63.png,128,256,0.01715087890625,0,3059_128_256,True
3054,site13_56.png,384,256,0.11822509765625,1,3054_384_256,True
3753,site11_491.png,128,512,0.0,0,3753_128_512,False
2075,site14_114.png,128,512,0.0521240234375,1,2075_128_512,True
1715,site6_886.png,0,256,0.0,0,1715_0_256,False
1572,site6_693.png,0,256,0.0,0,1572_0_256,False
1953,site9_70.png,512,256,1.0,2,1953_512_256,True
2362,site15_115.png,384,0,0.14892578125,1,2362_384_0,True
3067,site13_72.png,0,256,1.0,2,3067_0_256,True
123,site3_144.png,0,0,0.0,0,123_0_0,False
1804,site6_1003.png,512,128,0.0,0,1804_512_128,False
2059,site14_95.png,256,128,0.0,0,2059_256_128,False
265,site3_294.png,512,384,0.0736083984375,1,265_512_384,True
2652,site17_69.png,256,128,0.9996337890625,2,2652_256_128,True
2964,site8_189.png,0,256,0.0,0,2964_0_256,False
2797,site1_123.png,384,256,0.0,0,2797_384_256,False
4770,site16_747.png,512,384,0.0,0,4770_512_384,False
2605,site17_12.png,0,512,0.9853515625,2,2605_0_512,True
755,site4_76.png,384,256,0.17791748046875,1,755_384_256,True
1760,site6_949.png,256,384,0.663818359375,2,1760_256_384,True
1068,site5_237.png,384,384,0.28643798828125,1,1068_384_384,True
1083,site5_256.png,256,0,0.0,0,1083_256_0,False
4518,site16_459.png,0,0,0.0,0,4518_0_0,False
269,site3_298.png,128,384,0.754638671875,2,269_128_384,True
1638,site6_784.png,384,256,0.0,0,1638_384_256,False
3686,site11_422.png,256,0,0.0,0,3686_256_0,False
2437,site12_34.png,0,0,0.3665771484375,1,2437_0_0,True
549,site3_602.png,128,384,0.0,0,549_128_384,False
3721,site11_458.png,512,256,0.0,0,3721_512_256,False
4468,site16_406.png,512,0,0.78594970703125,2,4468_512_0,True
2537,site12_141.png,0,384,1.0,2,2537_0_384,True
2083,site14_125.png,384,512,0.201171875,1,2083_384_512,True
2207,site14_264.png,128,512,0.0,0,2207_128_512,False
980,site5_139.png,384,384,0.0343017578125,0,980_384_384,True
1785,site6_984.png,512,256,0.41064453125,2,1785_512_256,True
606,site3_668.png,512,384,0.0,0,606_512_384,False
983,site5_142.png,0,512,0.0,0,983_0_512,False
1097,site5_278.png,128,128,1.0,2,1097_128_128,True
678,site3_766.png,512,128,0.0,0,678_512_128,False
3241,site2_78.png,256,256,0.0,0,3241_256_256,False
2935,site8_157.png,128,512,0.60198974609375,2,2935_128_512,True
2469,site12_69.png,512,384,0.94793701171875,2,2469_512_384,True
2837,site8_45.png,512,0,0.86627197265625,2,2837_512_0,True
2610,site17_19.png,384,0,0.51690673828125,2,2610_384_0,True
2117,site14_162.png,0,512,0.0,0,2117_0_512,False
1738,site6_917.png,128,128,0.0,0,1738_128_128,False
2775,site1_97.png,256,128,0.0,0,2775_256_128,False
2092,site14_134.png,384,384,0.0,0,2092_384_384,False
1944,site9_58.png,512,0,0.7501220703125,2,1944_512_0,True
2036,site14_70.png,384,256,0.0,0,2036_384_256,False
3219,site2_51.png,0,0,0.15484619140625,1,3219_0_0,True
2438,site12_35.png,384,256,0.074951171875,1,2438_384_256,True
2140,site14_186.png,384,512,0.81158447265625,2,2140_384_512,True
1029,site5_192.png,256,384,0.67816162109375,2,1029_256_384,True
1005,site5_167.png,384,384,0.7613525390625,2,1005_384_384,True
1572,site6_693.png,0,512,0.0,0,1572_0_512,False
2462,site12_60.png,0,0,0.74420166015625,2,2462_0_0,True
3038,site13_36.png,0,384,0.39495849609375,1,3038_0_384,True
4703,site16_668.png,128,512,0.60546875,2,4703_128_512,True
2072,site14_111.png,512,256,0.02606201171875,0,2072_512_256,True
1913,site9_7.png,256,384,1.0,2,1913_256_384,True
3274,site2_116.png,256,128,0.0,0,3274_256_128,False
3087,site13_96.png,0,0,0.0,0,3087_0_0,False
2726,site1_41.png,256,128,0.5963134765625,2,2726_256_128,True
473,site3_517.png,256,512,0.0,0,473_256_512,False
756,site4_77.png,384,128,1.0,2,756_384_128,True
2962,site8_187.png,384,128,0.0,0,2962_384_128,False
3107,site13_122.png,512,0,0.94158935546875,2,3107_512_0,True
2208,site14_265.png,384,512,0.16094970703125,1,2208_384_512,True
1764,site6_953.png,0,256,0.839111328125,2,1764_0_256,True
1205,site6_198.png,512,128,0.0,0,1205_512_128,False
1605,site6_743.png,512,256,0.03436279296875,0,1605_512_256,True
2486,site12_87.png,256,256,1.0,2,2486_256_256,True
1097,site5_278.png,128,256,1.0,2,1097_128_256,True
993,site5_154.png,128,0,0.36712646484375,1,993_128_0,True
3161,site13_185.png,384,128,0.93377685546875,2,3161_384_128,True
3657,site11_392.png,512,256,0.0,0,3657_512_256,False
3719,site11_456.png,128,256,0.81427001953125,2,3719_128_256,True
1061,site5_228.png,128,0,0.355712890625,1,1061_128_0,True
605,site3_667.png,512,256,0.0,0,605_512_256,False
2529,site12_133.png,512,256,0.0,0,2529_512_256,False
2036,site14_70.png,512,512,0.2755126953125,1,2036_512_512,True
760,site4_81.png,384,512,0.0,0,760_384_512,False
2675,site7_7.png,128,256,0.12469482421875,1,2675_128_256,True
3821,site11_561.png,512,256,0.0,0,3821_512_256,False
2797,site1_123.png,256,256,0.0,0,2797_256_256,False
2478,site12_78.png,384,128,1.0,2,2478_384_128,True
265,site3_294.png,0,256,0.0,0,265_0_256,False
1918,site9_19.png,0,256,0.0745849609375,1,1918_0_256,True
2441,site12_38.png,512,0,0.0,0,2441_512_0,False
1913,site9_7.png,0,384,0.85455322265625,2,1913_0_384,True
2616,site17_25.png,512,384,0.0,0,2616_512_384,False
1950,site9_64.png,384,128,0.657470703125,2,1950_384_128,True
2685,site10_20.png,256,384,0.0,0,2685_256_384,False
2371,site15_126.png,384,512,0.0,0,2371_384_512,False
1044,site5_209.png,384,384,0.31396484375,1,1044_384_384,True
3116,site13_132.png,512,128,1.0,2,3116_512_128,True
1624,site6_762.png,384,128,0.03656005859375,0,1624_384_128,True
1061,site5_228.png,0,128,0.712646484375,2,1061_0_128,True
2538,site12_142.png,0,256,1.0,2,2538_0_256,True
581,site3_639.png,0,0,0.0,0,581_0_0,False
3726,site11_463.png,384,0,0.0,0,3726_384_0,False
1260,site6_275.png,256,512,0.0,0,1260_256_512,False
2914,site8_134.png,384,512,0.919189453125,2,2914_384_512,True
605,site3_667.png,128,256,0.0,0,605_128_256,False
2598,site17_5.png,256,384,0.0,0,2598_256_384,False
3022,site13_6.png,0,512,0.2471923828125,1,3022_0_512,True
3823,site11_563.png,512,512,0.0,0,3823_512_512,False
2124,site14_169.png,128,512,0.0,0,2124_128_512,False
4855,site16_850.png,512,512,0.0,0,4855_512_512,False
4726,site16_694.png,0,512,0.357421875,1,4726_0_512,True
2945,site8_168.png,0,128,0.0,0,2945_0_128,False
2440,site12_37.png,0,256,0.04559326171875,0,2440_0_256,True
1075,site5_244.png,512,0,0.0,0,1075_512_0,False
3028,site13_24.png,512,256,0.00457763671875,0,3028_512_256,True
2765,site1_85.png,128,0,0.0,0,2765_128_0,False
2659,site17_76.png,128,128,0.62127685546875,2,2659_128_128,True
1924,site9_29.png,0,384,1.0,2,1924_0_384,True
3126,site13_143.png,128,256,0.0,0,3126_128_256,False
2459,site12_57.png,512,128,0.90374755859375,2,2459_512_128,True
4769,site16_746.png,128,0,0.0,0,4769_128_0,False
3252,site2_91.png,512,128,0.0,0,3252_512_128,False
3051,site13_53.png,256,0,0.0,0,3051_256_0,False
1944,site9_58.png,0,0,1.0,2,1944_0_0,True
1917,site9_18.png,128,512,0.25555419921875,1,1917_128_512,True
2075,site14_114.png,384,0,0.48382568359375,2,2075_384_0,True
965,site5_122.png,384,512,0.0,0,965_384_512,False
1714,site6_885.png,512,128,0.0,0,1714_512_128,False
2654,site17_71.png,256,0,0.9140625,2,2654_256_0,True
3130,site13_147.png,512,256,0.7589111328125,2,3130_512_256,True
2102,site14_146.png,256,512,1.0,2,2102_256_512,True
3166,site13_192.png,512,128,0.0,0,3166_512_128,False
2658,site17_75.png,128,0,0.18316650390625,1,2658_128_0,True
3141,site13_159.png,0,256,0.70587158203125,2,3141_0_256,True
1954,site9_71.png,384,128,1.0,2,1954_384_128,True
3053,site13_55.png,256,128,0.572998046875,2,3053_256_128,True
914,site5_63.png,0,256,0.43890380859375,2,914_0_256,True
3094,site13_105.png,384,0,0.0,0,3094_384_0,False
847,site4_174.png,128,384,0.0,0,847_128_384,False
1776,site6_965.png,384,256,0.0,0,1776_384_256,False
3162,site13_186.png,0,128,0.66973876953125,2,3162_0_128,True
2973,site8_199.png,128,512,0.0,0,2973_128_512,False
1649,site6_795.png,512,0,0.00030517578125,0,1649_512_0,True
3111,site13_126.png,384,512,1.0,2,3111_384_512,True
2733,site1_48.png,128,256,0.21063232421875,1,2733_128_256,True
3623,site11_357.png,512,0,0.8482666015625,2,3623_512_0,True
2718,site1_32.png,512,256,0.0,0,2718_512_256,False
2144,site14_190.png,128,256,0.44696044921875,2,2144_128_256,True
2492,site12_93.png,384,128,1.0,2,2492_384_128,True
823,site4_149.png,512,384,0.0,0,823_512_384,False
1073,site5_242.png,256,0,0.668212890625,2,1073_256_0,True
4726,site16_694.png,384,0,0.67926025390625,2,4726_384_0,True
1959,site9_79.png,0,128,0.4404296875,2,1959_0_128,True
3067,site13_72.png,512,512,1.0,2,3067_512_512,True
891,site5_31.png,0,512,0.0,0,891_0_512,False
556,site3_609.png,128,512,0.242431640625,1,556_128_512,True
350,site3_383.png,256,0,0.0,0,350_256_0,False
656,site3_731.png,512,256,0.0,0,656_512_256,False
2140,site14_186.png,0,512,0.70440673828125,2,2140_0_512,True
360,site3_393.png,512,512,0.0,0,360_512_512,False
181,site3_206.png,256,512,0.3475341796875,1,181_256_512,True
914,site5_63.png,384,512,0.9906005859375,2,914_384_512,True
2186,site14_237.png,512,384,0.00775146484375,0,2186_512_384,True
1215,site6_208.png,128,128,0.0,0,1215_128_128,False
952,site5_109.png,384,384,1.0,2,952_384_384,True
2174,site14_225.png,256,0,0.01519775390625,0,2174_256_0,True
3134,site13_152.png,384,512,0.52044677734375,2,3134_384_512,True
3099,site13_112.png,256,0,1.0,2,3099_256_0,True
2646,site17_61.png,128,512,0.5274658203125,2,2646_128_512,True
947,site5_102.png,512,384,0.0,0,947_512_384,False
2765,site1_85.png,0,128,0.0,0,2765_0_128,False
4770,site16_747.png,384,128,0.0,0,4770_384_128,False
3157,site13_179.png,128,0,0.58935546875,2,3157_128_0,True
2068,site14_107.png,0,384,0.97283935546875,2,2068_0_384,True
522,site3_572.png,0,0,0.0,0,522_0_0,False
2087,site14_129.png,128,128,0.0,0,2087_128_128,False
1944,site9_58.png,128,0,0.87054443359375,2,1944_128_0,True
2537,site12_141.png,256,384,1.0,2,2537_256_384,True
939,site5_94.png,384,128,0.54986572265625,2,939_384_128,True
2500,site12_102.png,128,0,0.064208984375,1,2500_128_0,True
2847,site8_57.png,128,384,0.5189208984375,2,2847_128_384,True
1045,site5_210.png,0,0,1.0,2,1045_0_0,True
3100,site13_113.png,512,256,1.0,2,3100_512_256,True
928,site5_81.png,384,384,0.0,0,928_384_384,False
1586,site6_715.png,0,128,0.271484375,1,1586_0_128,True
2639,site17_54.png,256,384,0.0001220703125,0,2639_256_384,True
1087,site5_260.png,256,384,1.0,2,1087_256_384,True
2687,site10_22.png,256,256,0.0,0,2687_256_256,False
3130,site13_147.png,384,0,1.0,2,3130_384_0,True
3096,site13_107.png,128,256,0.8992919921875,2,3096_128_256,True
2365,site15_118.png,512,0,0.35205078125,1,2365_512_0,True
2518,site12_121.png,0,0,1.0,2,2518_0_0,True
2207,site14_264.png,128,0,0.0,0,2207_128_0,False
2160,site14_209.png,128,512,0.0,0,2160_128_512,False
2914,site8_134.png,0,512,0.0870361328125,1,2914_0_512,True
833,site4_159.png,256,256,0.0,0,833_256_256,False
813,site4_137.png,256,256,0.0,0,813_256_256,False
912,site5_61.png,512,512,0.94061279296875,2,912_512_512,True
416,site3_454.png,256,256,0.0,0,416_256_256,False
2718,site1_32.png,384,128,0.0,0,2718_384_128,False
2904,site8_123.png,512,0,0.50311279296875,2,2904_512_0,True
2033,site14_67.png,256,384,0.0,0,2033_256_384,False
1779,site6_968.png,128,384,0.0,0,1779_128_384,False
2578,site12_186.png,128,256,0.0,0,2578_128_256,False
1764,site6_953.png,512,512,0.0,0,1764_512_512,False
3162,site13_186.png,512,0,0.0,0,3162_512_0,False
3229,site2_64.png,256,128,0.0,0,3229_256_128,False
2550,site12_155.png,256,384,0.0557861328125,1,2550_256_384,True
1788,site6_987.png,256,512,0.1881103515625,1,1788_256_512,True
4877,site16_877.png,384,0,0.0,0,4877_384_0,False
2456,site12_54.png,512,512,0.55877685546875,2,2456_512_512,True
2504,site12_106.png,512,128,1.0,2,2504_512_128,True
1586,site6_715.png,128,384,0.0081787109375,0,1586_128_384,True
3143,site13_163.png,0,0,0.0,0,3143_0_0,False
2733,site1_48.png,0,256,0.0,0,2733_0_256,False
1958,site9_75.png,256,128,1.0,2,1958_256_128,True
556,site3_609.png,0,512,0.0,0,556_0_512,False
3107,site13_122.png,512,256,0.0,0,3107_512_256,False
2351,site15_103.png,384,0,0.96063232421875,2,2351_384_0,True
3140,site13_158.png,0,128,1.0,2,3140_0_128,True
3113,site13_128.png,0,512,1.0,2,3113_0_512,True
3094,site13_105.png,0,128,1.0,2,3094_0_128,True
2913,site8_133.png,512,384,0.03924560546875,0,2913_512_384,True
3820,site11_560.png,256,384,0.0,0,3820_256_384,False
3288,site2_132.png,384,384,0.36993408203125,1,3288_384_384,True
3228,site2_63.png,256,128,0.21160888671875,1,3228_256_128,True
3067,site13_72.png,256,384,1.0,2,3067_256_384,True
3660,site11_395.png,384,128,0.34417724609375,1,3660_384_128,True
2052,site14_88.png,256,256,0.962890625,2,2052_256_256,True
1168,site6_137.png,256,0,0.0,0,1168_256_0,False
2190,site14_244.png,256,512,0.001220703125,0,2190_256_512,True
2105,site14_149.png,128,256,0.00262451171875,0,2105_128_256,True
2895,site8_113.png,256,128,0.0,0,2895_256_128,False
1215,site6_208.png,256,384,0.0,0,1215_256_384,False
2439,site12_36.png,256,128,0.0,0,2439_256_128,False
1129,site6_84.png,128,256,0.0,0,1129_128_256,False
2605,site17_12.png,512,128,0.0,0,2605_512_128,False
3104,site13_117.png,384,128,0.936767578125,2,3104_384_128,True
2351,site15_103.png,0,0,0.0,0,2351_0_0,False
1948,site9_62.png,512,128,1.0,2,1948_512_128,True
350,site3_383.png,128,256,0.0,0,350_128_256,False
1714,site6_885.png,0,512,0.0009765625,0,1714_0_512,True
3034,site13_32.png,0,512,0.0,0,3034_0_512,False
1059,site5_226.png,128,128,0.0,0,1059_128_128,False
3087,site13_96.png,128,384,0.0,0,3087_128_384,False
2074,site14_113.png,256,512,0.0186767578125,0,2074_256_512,True
3623,site11_357.png,512,128,0.11767578125,1,3623_512_128,True
2105,site14_149.png,512,0,0.0,0,2105_512_0,False
3626,site11_360.png,0,128,0.89190673828125,2,3626_0_128,True
3026,site13_17.png,512,0,0.23284912109375,1,3026_512_0,True
2469,site12_69.png,384,256,0.3270263671875,1,2469_384_256,True
1084,site5_257.png,256,128,0.0,0,1084_256_128,False
1544,site6_657.png,512,0,0.00286865234375,0,1544_512_0,True
2641,site17_56.png,0,512,1.0,2,2641_0_512,True
4566,site16_510.png,128,256,0.0,0,4566_128_256,False
2092,site14_134.png,512,512,0.0,0,2092_512_512,False
2374,site15_129.png,0,256,0.40350341796875,2,2374_0_256,True
293,site3_323.png,512,384,0.0,0,293_512_384,False
2053,site14_89.png,0,256,0.21160888671875,1,2053_0_256,True
3130,site13_147.png,0,256,0.86785888671875,2,3130_0_256,True
2218,site14_275.png,0,256,0.0,0,2218_0_256,False
2514,site12_117.png,128,128,0.04339599609375,0,2514_128_128,True
2207,site14_264.png,256,256,0.0,0,2207_256_256,False
2105,site14_149.png,256,512,0.033203125,0,2105_256_512,True
1787,site6_986.png,0,256,0.9052734375,2,1787_0_256,True
3718,site11_455.png,256,512,0.0,0,3718_256_512,False
2513,site12_116.png,512,128,0.0,0,2513_512_128,False
2934,site8_156.png,128,128,1.0,2,2934_128_128,True
2839,site8_47.png,256,384,0.0,0,2839_256_384,False
755,site4_76.png,512,512,1.0,2,755_512_512,True
3051,site13_53.png,256,384,0.018798828125,0,3051_256_384,True
524,site3_574.png,512,0,0.0,0,524_512_0,False
3790,site11_529.png,384,256,0.0,0,3790_384_256,False
1168,site6_137.png,384,0,0.0,0,1168_384_0,False
2515,site12_118.png,128,384,0.8369140625,2,2515_128_384,True
1096,site5_277.png,128,512,0.0,0,1096_128_512,False
3051,site13_53.png,256,512,0.1092529296875,1,3051_256_512,True
2067,site14_106.png,512,128,0.856689453125,2,2067_512_128,True
2234,site14_295.png,0,384,0.0,0,2234_0_384,False
1005,site5_167.png,0,128,0.09710693359375,1,1005_0_128,True
1804,site6_1003.png,512,256,0.0,0,1804_512_256,False
1926,site9_31.png,512,128,0.9752197265625,2,1926_512_128,True
2101,site14_145.png,384,256,1.0,2,2101_384_256,True
1948,site9_62.png,256,384,1.0,2,1948_256_384,True
23,site3_26.png,512,256,0.0,0,23_512_256,False
4786,site16_767.png,128,256,0.38787841796875,1,4786_128_256,True
1738,site6_917.png,256,512,0.0,0,1738_256_512,False
1940,site9_51.png,256,128,1.0,2,1940_256_128,True
2445,site12_42.png,256,384,1.0,2,2445_256_384,True
4725,site16_693.png,0,384,0.20416259765625,1,4725_0_384,True
3163,site13_187.png,384,256,0.02117919921875,0,3163_384_256,True
1742,site6_921.png,128,128,0.6424560546875,2,1742_128_128,True
1924,site9_29.png,128,256,1.0,2,1924_128_256,True
1084,site5_257.png,256,512,0.0,0,1084_256_512,False
3023,site13_7.png,512,0,0.0,0,3023_512_0,False
3006,site8_236.png,384,256,0.0,0,3006_384_256,False
1649,site6_795.png,384,0,0.0,0,1649_384_0,False
2220,site14_277.png,128,512,0.85504150390625,2,2220_128_512,True
585,site3_643.png,512,128,0.94775390625,2,585_512_128,True
3107,site13_122.png,256,512,0.0,0,3107_256_512,False
3054,site13_56.png,0,384,0.0,0,3054_0_384,False
551,site3_604.png,256,128,0.0,0,551_256_128,False
3077,site13_84.png,0,384,1.0,2,3077_0_384,True
3154,site13_176.png,0,256,0.0,0,3154_0_256,False
1025,site5_188.png,512,128,1.0,2,1025_512_128,True
2086,site14_128.png,0,256,0.0369873046875,0,2086_0_256,True
1325,site6_369.png,0,256,0.05328369140625,1,1325_0_256,True
759,site4_80.png,256,256,0.11956787109375,1,759_256_256,True
2630,site17_43.png,256,512,0.0,0,2630_256_512,False
240,site3_268.png,512,384,0.0,0,240_512_384,False
914,site5_63.png,384,0,0.0499267578125,0,914_384_0,True
2973,site8_199.png,128,256,0.0,0,2973_128_256,False
3626,site11_360.png,512,512,0.0,0,3626_512_512,False
916,site5_65.png,128,384,0.0,0,916_128_384,False
758,site4_79.png,512,128,0.0,0,758_512_128,False
832,site4_158.png,0,128,0.0,0,832_0_128,False
2101,site14_145.png,384,0,0.40252685546875,2,2101_384_0,True
3719,site11_456.png,0,256,0.86102294921875,2,3719_0_256,True
3118,site13_134.png,256,128,0.9910888671875,2,3118_256_128,True
3075,site13_82.png,512,0,1.0,2,3075_512_0,True
1597,site6_726.png,0,0,0.0,0,1597_0_0,False
3078,site13_85.png,384,384,0.0,0,3078_384_384,False
3174,site13_202.png,512,128,0.0,0,3174_512_128,False
3042,site13_42.png,256,512,0.0,0,3042_256_512,False
3718,site11_455.png,128,384,0.0,0,3718_128_384,False
4402,site16_330.png,384,256,0.0,0,4402_384_256,False
1189,site6_171.png,512,384,0.18408203125,1,1189_512_384,True
351,site3_384.png,0,512,0.0,0,351_0_512,False
4469,site16_407.png,256,256,0.17333984375,1,4469_256_256,True
2973,site8_199.png,384,512,0.0,0,2973_384_512,False
990,site5_151.png,384,0,0.0,0,990_384_0,False
2220,site14_277.png,0,0,0.71417236328125,2,2220_0_0,True
290,site3_320.png,384,128,0.41357421875,2,290_384_128,True
3655,site11_390.png,384,512,0.0,0,3655_384_512,False
2174,site14_225.png,256,256,0.00555419921875,0,2174_256_256,True
1571,site6_692.png,128,384,0.13958740234375,1,1571_128_384,True
814,site4_138.png,512,384,0.0,0,814_512_384,False
3099,site13_112.png,384,0,1.0,2,3099_384_0,True
889,site5_29.png,256,128,0.08538818359375,1,889_256_128,True
2344,site15_95.png,512,256,0.0,0,2344_512_256,False
1083,site5_256.png,256,512,0.0,0,1083_256_512,False
3165,site13_189.png,512,256,0.37469482421875,1,3165_512_256,True
358,site3_391.png,512,256,0.0,0,358_512_256,False
3163,site13_187.png,0,0,0.0,0,3163_0_0,False
3126,site13_143.png,512,128,0.0,0,3126_512_128,False
2486,site12_87.png,0,384,1.0,2,2486_0_384,True
2163,site14_212.png,0,128,0.47564697265625,2,2163_0_128,True
4970,site16_1005.png,512,128,0.0,0,4970_512_128,False
3148,site13_168.png,256,128,1.0,2,3148_256_128,True
2492,site12_93.png,256,0,1.0,2,2492_256_0,True
1950,site9_64.png,512,128,1.0,2,1950_512_128,True
793,site4_116.png,128,256,0.0,0,793_128_256,False
1083,site5_256.png,128,512,0.0,0,1083_128_512,False
2530,site12_134.png,128,0,0.0,0,2530_128_0,False
2839,site8_47.png,512,256,0.0,0,2839_512_256,False
2234,site14_295.png,384,384,0.0,0,2234_384_384,False
3053,site13_55.png,384,0,0.30963134765625,1,3053_384_0,True
3249,site2_88.png,256,384,0.0,0,3249_256_384,False
3790,site11_529.png,128,256,0.7276611328125,2,3790_128_256,True
4677,site16_638.png,128,384,0.080810546875,1,4677_128_384,True
1228,site6_232.png,128,0,0.7325439453125,2,1228_128_0,True
2524,site12_127.png,512,512,0.0,0,2524_512_512,False
2729,site1_44.png,256,128,0.3289794921875,1,2729_256_128,True
386,site3_421.png,128,256,0.0,0,386_128_256,False
2509,site12_111.png,0,128,0.0,0,2509_0_128,False
2423,site12_19.png,256,256,0.0,0,2423_256_256,False
1087,site5_260.png,384,384,1.0,2,1087_384_384,True
4773,site16_750.png,128,256,0.0,0,4773_128_256,False
4703,site16_668.png,512,128,0.0,0,4703_512_128,False
1229,site6_233.png,256,128,0.0,0,1229_256_128,False
585,site3_643.png,384,0,0.0,0,585_384_0,False
3116,site13_132.png,128,0,0.03076171875,0,3116_128_0,True
3823,site11_563.png,512,0,0.0,0,3823_512_0,False
2537,site12_141.png,128,128,0.9136962890625,2,2537_128_128,True
3626,site11_360.png,128,512,0.0,0,3626_128_512,False
3788,site11_527.png,0,384,0.00030517578125,0,3788_0_384,True
3111,site13_126.png,384,384,1.0,2,3111_384_384,True
1087,site5_260.png,384,0,0.0,0,1087_384_0,False
839,site4_166.png,512,0,0.0,0,839_512_0,False
4377,site16_304.png,384,0,0.0,0,4377_384_0,False
2041,site14_75.png,0,512,0.33538818359375,1,2041_0_512,True
95,site3_113.png,0,128,0.8634033203125,2,95_0_128,True
528,site3_578.png,128,384,0.0,0,528_128_384,False
2182,site14_233.png,0,384,0.296142578125,1,2182_0_384,True
1932,site9_40.png,128,256,0.0,0,1932_128_256,False
2718,site1_32.png,128,256,0.0250244140625,0,2718_128_256,True
3657,site11_392.png,384,512,0.0,0,3657_384_512,False
1003,site5_165.png,512,512,0.0,0,1003_512_512,False
1022,site5_185.png,384,0,0.70654296875,2,1022_384_0,True
938,site5_93.png,512,128,0.0,0,938_512_128,False
814,site4_138.png,512,256,0.0,0,814_512_256,False
2175,site14_226.png,384,256,0.90771484375,2,2175_384_256,True
914,site5_63.png,128,256,0.36444091796875,1,914_128_256,True
1741,site6_920.png,128,384,0.0,0,1741_128_384,False
2632,site17_45.png,128,384,0.0,0,2632_128_384,False
464,site3_508.png,0,256,0.0,0,464_0_256,False
2105,site14_149.png,0,512,0.86163330078125,2,2105_0_512,True
3788,site11_527.png,128,128,0.3570556640625,1,3788_128_128,True
1918,site9_19.png,128,512,1.0,2,1918_128_512,True
3228,site2_63.png,384,128,0.0030517578125,0,3228_384_128,True
2478,site12_78.png,128,0,1.0,2,2478_128_0,True
326,site3_358.png,512,384,0.0,0,326_512_384,False
937,site5_92.png,384,512,0.0,0,937_384_512,False
2602,site17_9.png,384,256,1.0,2,2602_384_256,True
3824,site11_564.png,0,384,0.0,0,3824_0_384,False
3045,site13_45.png,512,256,0.067626953125,1,3045_512_256,True
916,site5_65.png,384,384,0.0,0,916_384_384,False
832,site4_158.png,0,256,0.0,0,832_0_256,False
3066,site13_71.png,256,128,0.5909423828125,2,3066_256_128,True
3209,site2_37.png,384,0,0.0,0,3209_384_0,False
522,site3_572.png,128,256,0.0,0,522_128_256,False
936,site5_91.png,256,256,0.0,0,936_256_256,False
2235,site14_296.png,256,256,0.3499755859375,1,2235_256_256,True
1026,site5_189.png,512,512,1.0,2,1026_512_512,True
3241,site2_78.png,384,256,0.0,0,3241_384_256,False
4376,site16_303.png,0,0,0.0,0,4376_0_0,False
2615,site17_24.png,256,0,1.0,2,2615_256_0,True
3060,site13_64.png,512,512,1.0,2,3060_512_512,True
533,site3_583.png,128,128,0.0,0,533_128_128,False
1778,site6_967.png,384,256,0.0,0,1778_384_256,False
740,site4_60.png,128,128,0.0,0,740_128_128,False
1692,site6_855.png,512,256,0.0,0,1692_512_256,False
2655,site17_72.png,0,512,0.12957763671875,1,2655_0_512,True
1932,site9_40.png,512,0,0.0,0,1932_512_0,False
4750,site16_722.png,256,128,0.00640869140625,0,4750_256_128,True
2934,site8_156.png,0,256,0.12158203125,1,2934_0_256,True
549,site3_602.png,0,512,0.0,0,549_0_512,False
1299,site6_334.png,384,256,0.0,0,1299_384_256,False
3079,site13_86.png,128,128,0.18927001953125,1,3079_128_128,True
2066,site14_105.png,0,512,0.0,0,2066_0_512,False
3263,site2_104.png,384,256,0.0,0,3263_384_256,False
4589,site16_535.png,0,384,0.0,0,4589_0_384,False
4568,site16_512.png,0,384,0.0,0,4568_0_384,False
3133,site13_151.png,384,384,0.7127685546875,2,3133_384_384,True
2986,site8_214.png,512,0,0.0,0,2986_512_0,False
2117,site14_162.png,512,128,0.02996826171875,0,2117_512_128,True
3051,site13_53.png,512,0,0.0,0,3051_512_0,False
2118,site14_163.png,512,384,0.0,0,2118_512_384,False
2179,site14_230.png,384,512,0.0,0,2179_384_512,False
2726,site1_41.png,512,128,0.26849365234375,1,2726_512_128,True
1598,site6_727.png,128,384,0.9788818359375,2,1598_128_384,True
848,site4_175.png,384,128,0.09771728515625,1,848_384_128,True
2973,site8_199.png,0,256,0.0,0,2973_0_256,False
2460,site12_58.png,384,512,0.88372802734375,2,2460_384_512,True
2479,site12_79.png,0,0,1.0,2,2479_0_0,True
580,site3_638.png,384,0,0.0,0,580_384_0,False
2242,site14_310.png,384,512,0.0,0,2242_384_512,False
4402,site16_330.png,128,0,0.0,0,4402_128_0,False
3023,site13_7.png,384,512,0.7596435546875,2,3023_384_512,True
1086,site5_259.png,512,512,1.0,2,1086_512_512,True
2235,site14_296.png,256,128,0.0,0,2235_256_128,False
2726,site1_41.png,512,384,0.1029052734375,1,2726_512_384,True
3724,site11_461.png,512,0,0.0,0,3724_512_0,False
2745,site1_61.png,128,128,0.0,0,2745_128_128,False
4699,site16_664.png,0,0,0.0,0,4699_0_0,False
3723,site11_460.png,0,0,0.0,0,3723_0_0,False
2839,site8_47.png,256,512,0.0,0,2839_256_512,False
3095,site13_106.png,512,0,0.0,0,3095_512_0,False
1238,site6_242.png,0,512,0.07281494140625,1,1238_0_512,True
45,site3_56.png,0,128,0.0,0,45_0_128,False
1325,site6_369.png,0,128,0.0,0,1325_0_128,False
2102,site14_146.png,512,256,0.02984619140625,0,2102_512_256,True
2686,site10_21.png,384,256,0.0,0,2686_384_256,False
2550,site12_155.png,256,128,0.367919921875,1,2550_256_128,True
2629,site17_42.png,128,384,0.3509521484375,1,2629_128_384,True
408,site3_446.png,128,384,0.43115234375,2,408_128_384,True
2447,site12_44.png,128,0,0.0,0,2447_128_0,False
3070,site13_75.png,256,0,0.10284423828125,1,3070_256_0,True
1525,site6_638.png,0,128,0.48046875,2,1525_0_128,True
4969,site16_1004.png,0,512,0.0,0,4969_0_512,False
1016,site5_178.png,256,128,0.0,0,1016_256_128,False
2233,site14_294.png,256,256,0.29632568359375,1,2233_256_256,True
603,site3_665.png,0,128,0.0,0,603_0_128,False
2436,site12_33.png,128,512,0.0,0,2436_128_512,False
755,site4_76.png,384,128,0.23468017578125,1,755_384_128,True
557,site3_610.png,0,384,0.0,0,557_0_384,False
2479,site12_79.png,256,128,1.0,2,2479_256_128,True
1301,site6_336.png,512,512,0.0,0,1301_512_512,False
4751,site16_723.png,512,384,0.418701171875,2,4751_512_384,True
1493,site6_589.png,384,256,0.0,0,1493_384_256,False
2618,site17_29.png,0,0,0.0,0,2618_0_0,False
3724,site11_461.png,128,0,0.62701416015625,2,3724_128_0,True
4807,site16_792.png,0,128,0.0,0,4807_0_128,False
4722,site16_690.png,384,256,0.0,0,4722_384_256,False
1957,site9_74.png,512,128,0.55633544921875,2,1957_512_128,True
604,site3_666.png,384,512,0.0,0,604_384_512,False
4786,site16_767.png,0,384,0.24261474609375,1,4786_0_384,True
3029,site13_25.png,384,0,0.0,0,3029_384_0,False
2204,site14_258.png,512,256,0.0,0,2204_512_256,False
4493,site16_433.png,256,0,0.27215576171875,1,4493_256_0,True
3037,site13_35.png,384,0,0.0,0,3037_384_0,False
3140,site13_158.png,512,384,1.0,2,3140_512_384,True
1036,site5_201.png,384,512,0.0,0,1036_384_512,False
2218,site14_275.png,0,0,0.0,0,2218_0_0,False
3626,site11_360.png,384,128,0.0,0,3626_384_128,False
839,site4_166.png,0,128,0.0,0,839_0_128,False
2331,site15_81.png,256,0,0.0,0,2331_256_0,False
210,site3_237.png,256,512,0.50115966796875,2,210_256_512,True
2159,site14_208.png,0,384,0.24298095703125,1,2159_0_384,True
2685,site10_20.png,384,0,0.0,0,2685_384_0,False
1950,site9_64.png,0,512,0.954345703125,2,1950_0_512,True
4590,site16_536.png,512,128,0.1478271484375,1,4590_512_128,True
1961,site9_81.png,512,384,0.9080810546875,2,1961_512_384,True
2494,site12_95.png,384,0,1.0,2,2494_384_0,True
3148,site13_168.png,256,256,1.0,2,3148_256_256,True
1598,site6_727.png,0,128,0.0,0,1598_0_128,False
997,site5_158.png,256,256,0.0,0,997_256_256,False
2530,site12_134.png,512,512,0.0,0,2530_512_512,False
3251,site2_90.png,512,256,0.0909423828125,1,3251_512_256,True
1826,site6_1037.png,512,512,0.0,0,1826_512_512,False
2924,site8_145.png,128,512,0.0,0,2924_128_512,False
3722,site11_459.png,256,384,0.0,0,3722_256_384,False
2518,site12_121.png,0,256,1.0,2,2518_0_256,True
1742,site6_921.png,256,512,0.0,0,1742_256_512,False
3030,site13_26.png,256,512,1.0,2,3030_256_512,True
558,site3_611.png,0,128,0.0,0,558_0_128,False
2486,site12_87.png,256,128,1.0,2,2486_256_128,True
2218,site14_275.png,128,256,0.0,0,2218_128_256,False
3142,site13_162.png,128,256,0.0,0,3142_128_256,False
3038,site13_36.png,512,256,1.0,2,3038_512_256,True
1624,site6_762.png,128,0,0.00146484375,0,1624_128_0,True
2955,site8_179.png,512,384,0.0,0,2955_512_384,False
3788,site11_527.png,128,0,0.01104736328125,0,3788_128_0,True
2943,site8_166.png,256,128,1.0,2,2943_256_128,True
2440,site12_37.png,128,512,0.032470703125,0,2440_128_512,True
1760,site6_949.png,128,384,0.0,0,1760_128_384,False
1624,site6_762.png,384,512,0.0,0,1624_384_512,False
1812,site6_1023.png,512,0,0.0,0,1812_512_0,False
3592,site11_325.png,0,0,0.0,0,3592_0_0,False
632,site3_699.png,128,0,0.0,0,632_128_0,False
2191,site14_245.png,384,0,0.363037109375,1,2191_384_0,True
4569,site16_513.png,512,128,0.38812255859375,1,4569_512_128,True
773,site4_95.png,384,256,1.0,2,773_384_256,True
1067,site5_236.png,384,384,0.981201171875,2,1067_384_384,True
2490,site12_91.png,256,512,1.0,2,2490_256_512,True
3723,site11_460.png,128,256,0.0,0,3723_128_256,False
3126,site13_143.png,256,512,0.0,0,3126_256_512,False
2657,site17_74.png,512,0,0.94091796875,2,2657_512_0,True
351,site3_384.png,384,512,0.0,0,351_384_512,False
3726,site11_463.png,128,512,0.0,0,3726_128_512,False
360,site3_393.png,256,128,0.0518798828125,1,360_256_128,True
3724,site11_461.png,0,512,0.0,0,3724_0_512,False
1812,site6_1023.png,384,128,0.0,0,1812_384_128,False
4725,site16_693.png,512,512,0.2919921875,1,4725_512_512,True
816,site4_140.png,512,256,0.41302490234375,2,816_512_256,True
2753,site1_71.png,0,512,0.0,0,2753_0_512,False
2824,site8_25.png,512,0,0.0,0,2824_512_0,False
3655,site11_390.png,512,384,0.0,0,3655_512_384,False
1299,site6_334.png,0,0,0.0,0,1299_0_0,False
2154,site14_203.png,256,0,0.0,0,2154_256_0,False
2191,site14_245.png,256,512,0.0,0,2191_256_512,False
2190,site14_244.png,0,0,0.0,0,2190_0_0,False
1058,site5_225.png,128,512,0.29913330078125,1,1058_128_512,True
181,site3_206.png,0,256,0.0,0,181_0_256,False
2498,site12_100.png,128,0,0.0,0,2498_128_0,False
1096,site5_277.png,512,384,0.99810791015625,2,1096_512_384,True
2686,site10_21.png,256,512,0.0,0,2686_256_512,False
773,site4_95.png,256,128,1.0,2,773_256_128,True
980,site5_139.png,256,256,0.0,0,980_256_256,False
2672,site7_3.png,512,256,0.0,0,2672_512_256,False
916,site5_65.png,256,384,0.0,0,916_256_384,False
3219,site2_51.png,384,128,0.0,0,3219_384_128,False
4877,site16_877.png,256,0,0.2366943359375,1,4877_256_0,True
2469,site12_69.png,128,384,0.0,0,2469_128_384,False
1714,site6_885.png,512,256,0.0,0,1714_512_256,False
1037,site5_202.png,128,128,0.0,0,1037_128_128,False
3071,site13_76.png,0,128,0.0,0,3071_0_128,False
3142,site13_162.png,384,128,0.01751708984375,0,3142_384_128,True
3113,site13_128.png,0,384,1.0,2,3113_0_384,True
475,site3_519.png,384,384,0.0,0,475_384_384,False
1956,site9_73.png,128,256,0.99041748046875,2,1956_128_256,True
2674,site7_6.png,0,512,0.0,0,2674_0_512,False
758,site4_79.png,128,512,0.2139892578125,1,758_128_512,True
4566,site16_510.png,0,512,0.05224609375,1,4566_0_512,True
269,site3_298.png,512,256,0.181396484375,1,269_512_256,True
1925,site9_30.png,512,256,1.0,2,1925_512_256,True
2143,site14_189.png,0,0,0.0,0,2143_0_0,False
2423,site12_19.png,384,256,0.0,0,2423_384_256,False
889,site5_29.png,384,256,0.0,0,889_384_256,False
3131,site13_148.png,128,256,0.77301025390625,2,3131_128_256,True
4730,site16_698.png,128,0,0.0,0,4730_128_0,False
2658,site17_75.png,0,0,0.80035400390625,2,2658_0_0,True
327,site3_359.png,512,128,0.0,0,327_512_128,False
4786,site16_767.png,256,256,0.0,0,4786_256_256,False
1044,site5_209.png,256,0,1.0,2,1044_256_0,True
4722,site16_690.png,128,256,0.0,0,4722_128_256,False
2354,site15_106.png,128,384,1.0,2,2354_128_384,True
2524,site12_127.png,0,512,0.0,0,2524_0_512,False
1024,site5_187.png,128,512,0.69305419921875,2,1024_128_512,True
3122,site13_138.png,384,512,1.0,2,3122_384_512,True
1586,site6_715.png,384,512,0.0,0,1586_384_512,False
1552,site6_673.png,256,256,0.0,0,1552_256_256,False
2332,site15_82.png,128,512,0.99578857421875,2,2332_128_512,True
3251,site2_90.png,512,0,0.0,0,3251_512_0,False
352,site3_385.png,0,128,0.0,0,352_0_128,False
3143,site13_163.png,512,128,0.0,0,3143_512_128,False
2440,site12_37.png,256,512,0.49676513671875,2,2440_256_512,True
2598,site17_5.png,256,256,0.0,0,2598_256_256,False
1552,site6_673.png,128,128,0.0,0,1552_128_128,False
2925,site8_146.png,512,256,0.06622314453125,1,2925_512_256,True
3723,site11_460.png,512,384,0.0,0,3723_512_384,False
326,site3_358.png,256,512,0.0,0,326_256_512,False
1944,site9_58.png,256,128,0.34613037109375,1,1944_256_128,True
2336,site15_86.png,512,128,0.0,0,2336_512_128,False
3720,site11_457.png,384,384,0.916015625,2,3720_384_384,True
3075,site13_82.png,512,128,1.0,2,3075_512_128,True
2235,site14_296.png,384,128,0.06451416015625,1,2235_384_128,True
2629,site17_42.png,256,384,0.1131591796875,1,2629_256_384,True
2204,site14_258.png,0,0,0.22491455078125,1,2204_0_0,True
4376,site16_303.png,0,512,0.0,0,4376_0_512,False
4969,site16_1004.png,128,128,0.0,0,4969_128_128,False
3623,site11_357.png,0,128,0.0,0,3623_0_128,False
1032,site5_195.png,0,0,1.0,2,1032_0_0,True
548,site3_601.png,512,256,0.0,0,548_512_256,False
968,site5_127.png,384,0,1.0,2,968_384_0,True
847,site4_174.png,256,384,0.1375732421875,1,847_256_384,True
758,site4_79.png,0,0,0.0,0,758_0_0,False
1096,site5_277.png,512,0,1.0,2,1096_512_0,True
1791,site6_990.png,0,512,0.0,0,1791_0_512,False
4468,site16_406.png,256,512,0.0299072265625,0,4468_256_512,True
3125,site13_142.png,512,128,0.289306640625,1,3125_512_128,True
964,site5_121.png,0,512,0.0,0,964_0_512,False
2110,site14_154.png,512,0,0.0,0,2110_512_0,False
1925,site9_30.png,128,256,0.99615478515625,2,1925_128_256,True
291,site3_321.png,384,512,0.0,0,291_384_512,False
3038,site13_36.png,128,256,1.0,2,3038_128_256,True
1959,site9_79.png,256,0,0.3748779296875,1,1959_256_0,True
3163,site13_187.png,384,512,0.0,0,3163_384_512,False
2248,site14_316.png,512,512,0.90069580078125,2,2248_512_512,True
2362,site15_115.png,128,0,0.7958984375,2,2362_128_0,True
558,site3_611.png,384,128,0.0,0,558_384_128,False
2207,site14_264.png,256,384,0.0,0,2207_256_384,False
1027,site5_190.png,384,512,1.0,2,1027_384_512,True
987,site5_148.png,256,128,0.1641845703125,1,987_256_128,True
3242,site2_79.png,0,128,0.00848388671875,0,3242_0_128,True
3033,site13_31.png,256,384,0.0,0,3033_256_384,False
3824,site11_564.png,256,384,0.0,0,3824_256_384,False
792,site4_115.png,384,128,0.0,0,792_384_128,False
760,site4_81.png,256,128,0.0,0,760_256_128,False
1041,site5_206.png,512,256,1.0,2,1041_512_256,True
3726,site11_463.png,128,256,0.12628173828125,1,3726_128_256,True
1917,site9_18.png,128,384,0.87347412109375,2,1917_128_384,True
4773,site16_750.png,0,0,0.48712158203125,2,4773_0_0,True
584,site3_642.png,512,256,0.0,0,584_512_256,False
2182,site14_233.png,384,256,0.0181884765625,0,2182_384_256,True
2492,site12_93.png,384,512,1.0,2,2492_384_512,True
122,site3_143.png,384,128,0.18133544921875,1,122_384_128,True
2157,site14_206.png,512,256,0.94256591796875,2,2157_512_256,True
3145,site13_165.png,0,128,0.0,0,3145_0_128,False
3154,site13_176.png,512,512,0.0,0,3154_512_512,False
4768,site16_745.png,128,128,0.1063232421875,1,4768_128_128,True
3824,site11_564.png,256,0,0.0,0,3824_256_0,False
1022,site5_185.png,128,512,0.0,0,1022_128_512,False
1787,site6_986.png,256,384,0.579833984375,2,1787_256_384,True
3066,site13_71.png,512,384,0.747802734375,2,3066_512_384,True
1936,site9_47.png,512,512,0.28863525390625,1,1936_512_512,True
2674,site7_6.png,128,128,0.92474365234375,2,2674_128_128,True
4377,site16_304.png,384,512,0.0,0,4377_384_512,False
3140,site13_158.png,256,384,0.9664306640625,2,3140_256_384,True
3169,site13_195.png,384,512,0.0,0,3169_384_512,False
3095,site13_106.png,0,512,0.0,0,3095_0_512,False
295,site3_325.png,256,512,0.0,0,295_256_512,False
4729,site16_697.png,512,0,0.0,0,4729_512_0,False
1953,site9_70.png,0,0,0.0,0,1953_0_0,False
503,site3_550.png,256,128,0.0318603515625,0,503_256_128,True
1949,site9_63.png,256,384,0.86419677734375,2,1949_256_384,True
3033,site13_31.png,0,0,0.0,0,3033_0_0,False
3623,site11_357.png,128,384,0.0,0,3623_128_384,False
2945,site8_168.png,384,128,0.0,0,2945_384_128,False
1953,site9_70.png,128,256,0.15692138671875,1,1953_128_256,True
291,site3_321.png,128,128,0.0,0,291_128_128,False
2647,site17_62.png,512,0,0.0,0,2647_512_0,False
1880,site6_1140.png,128,128,0.0,0,1880_128_128,False
359,site3_392.png,128,0,0.0,0,359_128_0,False
1571,site6_692.png,512,512,0.0,0,1571_512_512,False
1931,site9_39.png,128,512,0.0,0,1931_128_512,False
1040,site5_205.png,512,128,1.0,2,1040_512_128,True
1023,site5_186.png,0,0,0.8282470703125,2,1023_0_0,True
1941,site9_52.png,128,512,1.0,2,1941_128_512,True
923,site5_76.png,256,128,0.0,0,923_256_128,False
3661,site11_396.png,0,128,0.96722412109375,2,3661_0_128,True
4699,site16_664.png,128,256,0.06353759765625,1,4699_128_256,True
387,site3_422.png,128,128,0.0,0,387_128_128,False
2578,site12_186.png,256,128,0.17657470703125,1,2578_256_128,True
3106,site13_119.png,256,256,0.0,0,3106_256_256,False
350,site3_383.png,256,128,0.0,0,350_256_128,False
777,site4_99.png,256,256,0.0,0,777_256_256,False
1912,site9_6.png,0,256,0.0,0,1912_0_256,False
1736,site6_915.png,384,512,0.984130859375,2,1736_384_512,True
1936,site9_47.png,256,256,1.0,2,1936_256_256,True
2479,site12_79.png,512,128,1.0,2,2479_512_128,True
4565,site16_509.png,128,384,0.0,0,4565_128_384,False
519,site3_569.png,384,256,0.0,0,519_384_256,False
3072,site13_77.png,0,0,0.5660400390625,2,3072_0_0,True
3252,site2_91.png,0,384,0.12164306640625,1,3252_0_384,True
1229,site6_233.png,128,384,0.0,0,1229_128_384,False
1493,site6_589.png,0,256,0.0,0,1493_0_256,False
557,site3_610.png,512,512,0.2933349609375,1,557_512_512,True
2837,site8_45.png,384,128,0.0,0,2837_384_128,False
1952,site9_69.png,384,0,0.0,0,1952_384_0,False
632,site3_699.png,256,128,0.0,0,632_256_128,False
3229,site2_64.png,128,256,0.0,0,3229_128_256,False
2494,site12_95.png,0,384,0.759765625,2,2494_0_384,True
923,site5_76.png,0,512,0.09210205078125,1,923_0_512,True
464,site3_508.png,256,384,0.7005615234375,2,464_256_384,True
3718,site11_455.png,384,256,0.51861572265625,2,3718_384_256,True
1301,site6_336.png,256,128,0.01434326171875,0,1301_256_128,True
1261,site6_276.png,0,128,0.0,0,1261_0_128,False
1029,site5_192.png,512,256,0.0,0,1029_512_256,False
3240,site2_77.png,512,256,0.0,0,3240_512_256,False
1787,site6_986.png,0,128,1.0,2,1787_0_128,True
3135,site13_153.png,0,0,0.0,0,3135_0_0,False
2272,site14_356.png,128,128,0.0,0,2272_128_128,False
583,site3_641.png,384,0,0.0,0,583_384_0,False
2648,site17_63.png,384,256,0.0,0,2648_384_256,False
2730,site1_45.png,512,0,0.0,0,2730_512_0,False
3693,site11_429.png,512,0,0.31658935546875,1,3693_512_0,True
3821,site11_561.png,0,384,0.0,0,3821_0_384,False
4613,site16_561.png,384,512,0.73565673828125,2,4613_384_512,True
916,site5_65.png,128,0,0.2073974609375,1,916_128_0,True
1737,site6_916.png,256,384,0.0,0,1737_256_384,False
2459,site12_57.png,256,512,1.0,2,2459_256_512,True
3158,site13_182.png,0,384,1.0,2,3158_0_384,True
2066,site14_105.png,256,384,0.0,0,2066_256_384,False
4677,site16_638.png,384,384,0.0,0,4677_384_384,False
1031,site5_194.png,384,0,0.04217529296875,0,1031_384_0,True
2067,site14_106.png,128,256,0.99530029296875,2,2067_128_256,True
319,site3_351.png,384,256,0.0,0,319_384_256,False
1943,site9_57.png,384,384,1.0,2,1943_384_384,True
2084,site14_126.png,384,128,0.51312255859375,2,2084_384_128,True
918,site5_67.png,384,0,0.0,0,918_384_0,False
3787,site11_526.png,512,384,0.0,0,3787_512_384,False
3079,site13_86.png,384,384,1.0,2,3079_384_384,True
2067,site14_106.png,128,128,0.20166015625,1,2067_128_128,True
2647,site17_62.png,512,384,0.0,0,2647_512_384,False
928,site5_81.png,384,0,0.53369140625,2,928_384_0,True
814,site4_138.png,512,128,0.0,0,814_512_128,False
2672,site7_3.png,256,128,0.0,0,2672_256_128,False
3724,site11_461.png,0,0,0.864990234375,2,3724_0_0,True
1228,site6_232.png,512,384,0.1063232421875,1,1228_512_384,True
2074,site14_113.png,128,256,0.63385009765625,2,2074_128_256,True
3693,site11_429.png,512,128,0.03680419921875,0,3693_512_128,True
932,site5_85.png,512,0,0.0,0,932_512_0,False
3190,site13_219.png,512,256,0.0,0,3190_512_256,False
990,site5_151.png,256,512,0.00836181640625,0,990_256_512,True
2236,site14_297.png,384,512,0.0,0,2236_384_512,False
2687,site10_22.png,0,0,0.0,0,2687_0_0,False
2056,site14_92.png,512,128,0.0,0,2056_512_128,False
1597,site6_726.png,512,256,0.0,0,1597_512_256,False
3693,site11_429.png,128,384,0.22454833984375,1,3693_128_384,True
2977,site8_204.png,0,256,0.0,0,2977_0_256,False
3287,site2_131.png,256,0,0.43963623046875,2,3287_256_0,True
1040,site5_205.png,512,512,0.64129638671875,2,1040_512_512,True
2102,site14_146.png,384,256,0.29327392578125,1,2102_384_256,True
1546,site6_659.png,384,384,0.0,0,1546_384_384,False
3169,site13_195.png,0,512,0.0,0,3169_0_512,False
1762,site6_951.png,128,0,0.99322509765625,2,1762_128_0,True
2332,site15_82.png,128,0,0.23870849609375,1,2332_128_0,True
4518,site16_459.png,128,256,0.0,0,4518_128_256,False
949,site5_104.png,512,384,0.0,0,949_512_384,False
292,site3_322.png,0,256,0.27655029296875,1,292_0_256,True
2175,site14_226.png,0,128,0.0,0,2175_0_128,False
3053,site13_55.png,512,256,0.5347900390625,2,3053_512_256,True
4751,site16_723.png,384,128,0.0,0,4751_384_128,False
790,site4_113.png,384,128,1.0,2,790_384_128,True
2219,site14_276.png,256,512,0.0,0,2219_256_512,False
926,site5_79.png,0,0,0.3543701171875,1,926_0_0,True
603,site3_665.png,256,512,0.95697021484375,2,603_256_512,True
2102,site14_146.png,384,0,0.0,0,2102_384_0,False
3099,site13_112.png,0,0,0.4266357421875,2,3099_0_0,True
2630,site17_43.png,384,128,0.0,0,2630_384_128,False
2665,site17_85.png,384,128,0.0,0,2665_384_128,False
3219,site2_51.png,512,512,0.0,0,3219_512_512,False
2612,site17_21.png,128,256,0.5362548828125,2,2612_128_256,True
2895,site8_113.png,256,0,0.0,0,2895_256_0,False
2362,site15_115.png,0,384,0.04974365234375,0,2362_0_384,True
2797,site1_123.png,0,0,0.071533203125,1,2797_0_0,True
556,site3_609.png,256,128,0.0,0,556_256_128,False
996,site5_157.png,128,0,0.0,0,996_128_0,False
122,site3_143.png,128,0,0.0,0,122_128_0,False
2272,site14_356.png,384,128,0.0,0,2272_384_128,False
3720,site11_457.png,256,128,0.0,0,3720_256_128,False
1762,site6_951.png,0,256,1.0,2,1762_0_256,True
3724,site11_461.png,0,128,1.0,2,3724_0_128,True
2100,site14_144.png,512,512,1.0,2,2100_512_512,True
2439,site12_36.png,384,256,0.0,0,2439_384_256,False
2179,site14_230.png,512,128,0.35736083984375,1,2179_512_128,True
2179,site14_230.png,256,128,0.0,0,2179_256_128,False
2499,site12_101.png,256,512,0.5849609375,2,2499_256_512,True
3157,site13_179.png,256,512,0.0,0,3157_256_512,False
2438,site12_35.png,512,512,0.0,0,2438_512_512,False
604,site3_666.png,256,384,0.00628662109375,0,604_256_384,True
3140,site13_158.png,512,512,1.0,2,3140_512_512,True
3116,site13_132.png,256,128,0.21051025390625,1,3116_256_128,True
2926,site8_147.png,256,512,0.38031005859375,1,2926_256_512,True
3141,site13_159.png,256,256,0.0,0,3141_256_256,False
528,site3_578.png,384,0,0.0,0,528_384_0,False
3240,site2_77.png,384,384,0.0,0,3240_384_384,False
1301,site6_336.png,512,256,0.0,0,1301_512_256,False
2515,site12_118.png,128,0,0.1156005859375,1,2515_128_0,True
2440,site12_37.png,384,128,0.0,0,2440_384_128,False
2615,site17_24.png,512,0,1.0,2,2615_512_0,True
295,site3_325.png,384,256,0.0,0,295_384_256,False
2157,site14_206.png,512,384,1.0,2,2157_512_384,True
2180,site14_231.png,384,512,0.9404296875,2,2180_384_512,True
2354,site15_106.png,0,0,0.64190673828125,2,2354_0_0,True
3687,site11_423.png,128,512,0.763671875,2,3687_128_512,True
1002,site5_164.png,384,128,0.0,0,1002_384_128,False
3174,site13_202.png,384,384,0.0,0,3174_384_384,False
739,site4_59.png,384,256,0.0,0,739_384_256,False
1042,site5_207.png,512,0,1.0,2,1042_512_0,True
938,site5_93.png,256,384,0.0,0,938_256_384,False
3174,site13_202.png,384,128,0.0,0,3174_384_128,False
1791,site6_990.png,512,384,0.97235107421875,2,1791_512_384,True
1492,site6_588.png,512,512,0.0,0,1492_512_512,False
2657,site17_74.png,256,128,0.255615234375,1,2657_256_128,True
1952,site9_69.png,128,256,0.0,0,1952_128_256,False
1078,site5_247.png,384,384,0.0,0,1078_384_384,False
839,site4_166.png,0,384,0.0,0,839_0_384,False
2191,site14_245.png,256,128,0.46112060546875,2,2191_256_128,True
408,site3_446.png,0,512,0.01983642578125,0,408_0_512,True
2175,site14_226.png,128,0,0.0,0,2175_128_0,False
739,site4_59.png,384,384,0.0,0,739_384_384,False
2639,site17_54.png,256,0,0.0,0,2639_256_0,False
2961,site8_186.png,512,512,0.0,0,2961_512_512,False
4376,site16_303.png,256,128,0.0,0,4376_256_128,False
493,site3_540.png,128,256,0.0,0,493_128_256,False
1007,site5_169.png,512,0,0.0,0,1007_512_0,False
2786,site1_110.png,0,384,0.40997314453125,2,2786_0_384,True
1096,site5_277.png,0,256,0.0,0,1096_0_256,False
915,site5_64.png,128,128,1.0,2,915_128_128,True
122,site3_143.png,512,256,0.0,0,122_512_256,False
3052,site13_54.png,256,384,0.01666259765625,0,3052_256_384,True
1624,site6_762.png,128,384,0.0,0,1624_128_384,False
1936,site9_47.png,128,512,0.97998046875,2,1936_128_512,True
4568,site16_512.png,256,128,0.19061279296875,1,4568_256_128,True
775,site4_97.png,256,256,0.0,0,775_256_256,False
2423,site12_19.png,256,0,0.0,0,2423_256_0,False
2084,site14_126.png,128,256,0.0010986328125,0,2084_128_256,True
2208,site14_265.png,256,512,0.0849609375,1,2208_256_512,True
1058,site5_225.png,512,512,0.487060546875,2,1058_512_512,True
4702,site16_667.png,128,512,0.10186767578125,1,4702_128_512,True
4543,site16_485.png,0,128,0.0986328125,1,4543_0_128,True
2220,site14_277.png,256,512,0.30706787109375,1,2220_256_512,True
1525,site6_638.png,384,256,0.0,0,1525_384_256,False
2087,site14_129.png,384,256,0.0,0,2087_384_256,False
1552,site6_673.png,384,512,0.0,0,1552_384_512,False
1764,site6_953.png,256,512,0.0,0,1764_256_512,False
963,site5_120.png,512,128,0.0,0,963_512_128,False
4590,site16_536.png,256,128,0.0,0,4590_256_128,False
2366,site15_119.png,384,512,0.0,0,2366_384_512,False
2143,site14_189.png,512,512,0.9959716796875,2,2143_512_512,True
4743,site16_715.png,256,256,0.0,0,4743_256_256,False
3661,site11_396.png,128,128,0.055419921875,1,3661_128_128,True
997,site5_158.png,512,128,0.0,0,997_512_128,False
889,site5_29.png,256,256,0.0,0,889_256_256,False
2423,site12_19.png,0,384,0.0,0,2423_0_384,False
3075,site13_82.png,0,512,0.9649658203125,2,3075_0_512,True
2729,site1_44.png,0,512,0.0,0,2729_0_512,False
2323,site15_72.png,256,0,0.0,0,2323_256_0,False
991,site5_152.png,384,128,0.0,0,991_384_128,False
1571,site6_692.png,256,128,0.00653076171875,0,1571_256_128,True
326,site3_358.png,512,512,0.0,0,326_512_512,False
4725,site16_693.png,128,128,0.00445556640625,0,4725_128_128,True
816,site4_140.png,384,256,0.05450439453125,1,816_384_256,True
2718,site1_32.png,512,0,0.0,0,2718_512_0,False
4856,site16_851.png,0,128,0.0,0,4856_0_128,False
2824,site8_25.png,0,0,0.0,0,2824_0_0,False
1061,site5_228.png,512,256,0.0010986328125,0,1061_512_256,True
3028,site13_24.png,0,384,0.0,0,3028_0_384,False
2655,site17_72.png,512,512,0.02178955078125,0,2655_512_512,True
1597,site6_726.png,0,128,0.0,0,1597_0_128,False
2140,site14_186.png,384,384,0.77581787109375,2,2140_384_384,True
1041,site5_206.png,512,512,0.281982421875,1,1041_512_512,True
756,site4_77.png,128,512,1.0,2,756_128_512,True
891,site5_31.png,256,512,0.02862548828125,0,891_256_512,True
359,site3_392.png,384,256,0.11016845703125,1,359_384_256,True
1061,site5_228.png,384,512,0.0,0,1061_384_512,False
2423,site12_19.png,0,512,0.1339111328125,1,2423_0_512,True
1260,site6_275.png,512,256,0.24017333984375,1,1260_512_256,True
1952,site9_69.png,128,384,0.0,0,1952_128_384,False
791,site4_114.png,0,128,1.0,2,791_0_128,True
941,site5_96.png,512,256,0.0,0,941_512_256,False
2491,site12_92.png,256,384,0.0,0,2491_256_384,False
823,site4_149.png,0,0,0.0,0,823_0_0,False
350,site3_383.png,0,128,0.0,0,350_0_128,False
2565,site12_171.png,256,256,0.0,0,2565_256_256,False
996,site5_157.png,384,384,0.0,0,996_384_384,False
551,site3_604.png,384,0,0.14190673828125,1,551_384_0,True
2786,site1_110.png,384,128,0.5177001953125,2,2786_384_128,True
4703,site16_668.png,512,512,0.2855224609375,1,4703_512_512,True
2962,site8_187.png,256,384,0.0,0,2962_256_384,False
963,site5_120.png,128,256,0.31640625,1,963_128_256,True
2485,site12_86.png,256,128,0.42877197265625,2,2485_256_128,True
1762,site6_951.png,384,256,1.0,2,1762_384_256,True
756,site4_77.png,0,384,1.0,2,756_0_384,True
2733,site1_48.png,512,512,0.0,0,2733_512_512,False
939,site5_94.png,384,512,0.0,0,939_384_512,False
2470,site12_70.png,512,128,0.845947265625,2,2470_512_128,True
1932,site9_40.png,512,256,0.90618896484375,2,1932_512_256,True
927,site5_80.png,0,128,1.0,2,927_0_128,True
2192,site14_246.png,128,384,0.0,0,2192_128_384,False
2099,site14_143.png,512,128,0.0,0,2099_512_128,False
3118,site13_134.png,512,256,1.0,2,3118_512_256,True
2605,site17_12.png,384,256,0.0,0,2605_384_256,False
3166,site13_192.png,128,256,0.65875244140625,2,3166_128_256,True
2638,site17_53.png,256,384,0.0,0,2638_256_384,False
2641,site17_56.png,128,128,1.0,2,2641_128_128,True
551,site3_604.png,384,512,0.0,0,551_384_512,False
2652,site17_69.png,512,512,0.0811767578125,1,2652_512_512,True
475,site3_519.png,256,0,0.0,0,475_256_0,False
1068,site5_237.png,0,0,1.0,2,1068_0_0,True
924,site5_77.png,128,512,0.57562255859375,2,924_128_512,True
1692,site6_855.png,256,384,0.0,0,1692_256_384,False
2692,site10_51.png,128,128,0.0,0,2692_128_128,False
2225,site14_286.png,256,128,0.0,0,2225_256_128,False
2652,site17_69.png,128,256,1.0,2,2652_128_256,True
2537,site12_141.png,384,128,0.8563232421875,2,2537_384_128,True
1954,site9_71.png,256,512,0.3800048828125,1,1954_256_512,True
2198,site14_252.png,512,512,0.0,0,2198_512_512,False
4614,site16_562.png,128,384,0.87847900390625,2,4614_128_384,True
932,site5_85.png,128,256,0.0,0,932_128_256,False
4743,site16_715.png,512,0,0.40435791015625,2,4743_512_0,True
2041,site14_75.png,512,0,0.0,0,2041_512_0,False
912,site5_61.png,128,512,0.1363525390625,1,912_128_512,True
4728,site16_696.png,512,384,0.0,0,4728_512_384,False
360,site3_393.png,384,128,0.0,0,360_384_128,False
2979,site8_206.png,0,256,0.0,0,2979_0_256,False
1023,site5_186.png,512,384,0.0,0,1023_512_384,False
2161,site14_210.png,128,256,0.59393310546875,2,2161_128_256,True
2824,site8_25.png,0,384,0.0,0,2824_0_384,False
4590,site16_536.png,0,256,0.0,0,4590_0_256,False
3132,site13_149.png,256,384,0.0,0,3132_256_384,False
3140,site13_158.png,0,256,1.0,2,3140_0_256,True
2618,site17_29.png,512,128,0.0,0,2618_512_128,False
2721,site1_35.png,512,0,0.0,0,2721_512_0,False
2518,site12_121.png,384,256,0.65118408203125,2,2518_384_256,True
1035,site5_200.png,128,0,1.0,2,1035_128_0,True
2641,site17_56.png,256,512,0.97674560546875,2,2641_256_512,True
1520,site6_624.png,0,0,0.0,0,1520_0_0,False
813,site4_137.png,384,0,0.0,0,813_384_0,False
3658,site11_393.png,256,256,0.0,0,3658_256_256,False
938,site5_93.png,128,512,0.0,0,938_128_512,False
3661,site11_396.png,256,0,0.0,0,3661_256_0,False
533,site3_583.png,0,256,0.0,0,533_0_256,False
984,site5_145.png,0,0,0.0,0,984_0_0,False
932,site5_85.png,256,384,0.0,0,932_256_384,False
581,site3_639.png,0,256,0.2086181640625,1,581_0_256,True
521,site3_571.png,384,256,0.0,0,521_384_256,False
2203,site14_257.png,128,256,0.00421142578125,0,2203_128_256,True
1027,site5_190.png,512,384,1.0,2,1027_512_384,True
2648,site17_63.png,0,256,0.0,0,2648_0_256,False
1075,site5_244.png,384,128,0.0,0,1075_384_128,False
3658,site11_393.png,384,512,0.3095703125,1,3658_384_512,True
3623,site11_357.png,256,0,0.0,0,3623_256_0,False
4402,site16_330.png,512,384,0.0,0,4402_512_384,False
3037,site13_35.png,256,384,0.0,0,3037_256_384,False
298,site3_328.png,0,512,0.0,0,298_0_512,False
990,site5_151.png,512,384,0.0,0,990_512_384,False
3133,site13_151.png,256,128,1.0,2,3133_256_128,True
1949,site9_63.png,0,128,1.0,2,1949_0_128,True
1958,site9_75.png,512,512,0.0,0,1958_512_512,False
1060,site5_227.png,256,384,0.2154541015625,1,1060_256_384,True
3151,site13_173.png,256,128,0.0,0,3151_256_128,False
2674,site7_6.png,256,0,1.0,2,2674_256_0,True
2441,site12_38.png,128,384,0.01397705078125,0,2441_128_384,True
1380,site6_441.png,512,384,0.0,0,1380_512_384,False
1087,site5_260.png,384,128,0.362060546875,1,1087_384_128,True
532,site3_582.png,256,384,0.0,0,532_256_384,False
1027,site5_190.png,128,0,1.0,2,1027_128_0,True
389,site3_424.png,256,128,0.0,0,389_256_128,False
3823,site11_563.png,256,256,0.0,0,3823_256_256,False
359,site3_392.png,128,128,0.0,0,359_128_128,False
2100,site14_144.png,256,512,0.0936279296875,1,2100_256_512,True
3219,site2_51.png,128,0,0.05010986328125,1,3219_128_0,True
1191,site6_173.png,512,128,0.11981201171875,1,1191_512_128,True
3821,site11_561.png,512,0,0.214111328125,1,3821_512_0,True
1042,site5_207.png,0,0,1.0,2,1042_0_0,True
1087,site5_260.png,0,384,1.0,2,1087_0_384,True
556,site3_609.png,128,384,0.32806396484375,1,556_128_384,True
1007,site5_169.png,256,128,0.30499267578125,1,1007_256_128,True
2174,site14_225.png,0,384,0.0,0,2174_0_384,False
2924,site8_145.png,0,128,0.0,0,2924_0_128,False
3687,site11_423.png,0,128,0.0,0,3687_0_128,False
265,site3_294.png,512,128,0.0,0,265_512_128,False
2616,site17_25.png,256,384,0.0,0,2616_256_384,False
2513,site12_116.png,128,512,0.03253173828125,0,2513_128_512,True
4542,site16_484.png,384,384,0.66943359375,2,4542_384_384,True
526,site3_576.png,0,384,0.0,0,526_0_384,False
3151,site13_173.png,128,512,0.0,0,3151_128_512,False
3028,site13_24.png,256,128,0.0,0,3028_256_128,False
2219,site14_276.png,0,128,0.0,0,2219_0_128,False
1238,site6_242.png,0,128,0.0,0,1238_0_128,False
3753,site11_491.png,384,128,0.20965576171875,1,3753_384_128,True
295,site3_325.png,384,384,0.0,0,295_384_384,False
3718,site11_455.png,0,128,0.0,0,3718_0_128,False
2491,site12_92.png,0,384,0.0,0,2491_0_384,False
2105,site14_149.png,128,128,0.0,0,2105_128_128,False
2192,site14_246.png,0,512,0.0,0,2192_0_512,False
1191,site6_173.png,0,384,0.0,0,1191_0_384,False
2646,site17_61.png,512,128,0.0,0,2646_512_128,False
1546,site6_659.png,384,0,0.0,0,1546_384_0,False
1087,site5_260.png,128,128,0.0,0,1087_128_128,False
3099,site13_112.png,256,512,1.0,2,3099_256_512,True
1005,site5_167.png,384,0,0.57427978515625,2,1005_384_0,True
3788,site11_527.png,512,384,0.0567626953125,1,3788_512_384,True
1571,site6_692.png,0,256,0.8875732421875,2,1571_0_256,True
1067,site5_236.png,128,512,0.0,0,1067_128_512,False
938,site5_93.png,384,384,0.0,0,938_384_384,False
4589,site16_535.png,256,512,0.0,0,4589_256_512,False
3028,site13_24.png,384,384,0.0,0,3028_384_384,False
1005,site5_167.png,0,512,0.0,0,1005_0_512,False
2685,site10_20.png,0,256,0.0,0,2685_0_256,False
3687,site11_423.png,0,256,0.0,0,3687_0_256,False
4725,site16_693.png,384,128,0.2967529296875,1,4725_384_128,True
2059,site14_95.png,0,512,0.0,0,2059_0_512,False
773,site4_95.png,384,0,1.0,2,773_384_0,True
4703,site16_668.png,128,0,0.0,0,4703_128_0,False
603,site3_665.png,0,0,0.0,0,603_0_0,False
2838,site8_46.png,0,256,0.0,0,2838_0_256,False
3076,site13_83.png,256,256,1.0,2,3076_256_256,True
3069,site13_74.png,128,128,1.0,2,3069_128_128,True
2977,site8_204.png,512,512,0.0,0,2977_512_512,False
2402,site15_163.png,512,0,0.4068603515625,2,2402_512_0,True
900,site5_45.png,128,128,0.0548095703125,1,900_128_128,True
2654,site17_71.png,128,384,1.0,2,2654_128_384,True
1010,site5_172.png,256,0,1.0,2,1010_256_0,True
2518,site12_121.png,0,128,1.0,2,2518_0_128,True
1097,site5_278.png,512,128,1.0,2,1097_512_128,True
1273,site6_299.png,0,0,0.0,0,1273_0_0,False
4748,site16_720.png,256,0,0.57952880859375,2,4748_256_0,True
848,site4_175.png,256,128,0.06866455078125,1,848_256_128,True
2323,site15_72.png,128,384,0.0,0,2323_128_384,False
2964,site8_189.png,384,0,0.0,0,2964_384_0,False
2119,site14_164.png,128,128,0.0,0,2119_128_128,False
2963,site8_188.png,512,512,0.120849609375,1,2963_512_512,True
3688,site11_424.png,512,256,0.0,0,3688_512_256,False
2159,site14_208.png,256,256,0.0,0,2159_256_256,False
2161,site14_210.png,256,512,0.03302001953125,0,2161_256_512,True
2537,site12_141.png,384,256,1.0,2,2537_384_256,True
2140,site14_186.png,0,0,0.7596435546875,2,2140_0_0,True
2110,site14_154.png,256,384,0.16351318359375,1,2110_256_384,True
2272,site14_356.png,384,256,0.0,0,2272_384_256,False
3249,site2_88.png,512,512,0.0,0,3249_512_512,False
3156,site13_178.png,128,512,0.318359375,1,3156_128_512,True
2610,site17_19.png,0,0,0.0,0,2610_0_0,False
4750,site16_722.png,128,256,0.2554931640625,1,4750_128_256,True
3165,site13_189.png,512,512,0.66888427734375,2,3165_512_512,True
2689,site10_28.png,128,384,0.0,0,2689_128_384,False
4752,site16_724.png,512,384,0.0,0,4752_512_384,False
2159,site14_208.png,0,256,0.0,0,2159_0_256,False
2565,site12_171.png,384,256,0.0252685546875,0,2565_384_256,True
2831,site8_36.png,384,384,1.0,2,2831_384_384,True
549,site3_602.png,128,256,0.0,0,549_128_256,False
475,site3_519.png,512,384,0.0,0,475_512_384,False
270,site3_299.png,128,512,0.07745361328125,1,270_128_512,True
1786,site6_985.png,256,512,0.0,0,1786_256_512,False
1075,site5_244.png,256,512,0.00250244140625,0,1075_256_512,True
4565,site16_509.png,128,256,0.0,0,4565_128_256,False
1003,site5_165.png,384,0,0.0,0,1003_384_0,False
1788,site6_987.png,256,128,1.0,2,1788_256_128,True
2498,site12_100.png,128,384,0.0,0,2498_128_384,False
2563,site12_169.png,384,512,0.6668701171875,2,2563_384_512,True
4591,site16_537.png,512,256,0.29791259765625,1,4591_512_256,True
2968,site8_194.png,128,512,0.0635986328125,1,2968_128_512,True
585,site3_643.png,128,512,0.0,0,585_128_512,False
1054,site5_221.png,128,256,0.043212890625,0,1054_128_256,True
358,site3_391.png,512,384,0.12554931640625,1,358_512_384,True
847,site4_174.png,128,128,0.0,0,847_128_128,False
3018,site8_254.png,256,0,0.99462890625,2,3018_256_0,True
2479,site12_79.png,0,256,1.0,2,2479_0_256,True
603,site3_665.png,128,0,0.0,0,603_128_0,False
2652,site17_69.png,0,128,1.0,2,2652_0_128,True
2934,site8_156.png,0,128,0.3272705078125,1,2934_0_128,True
1025,site5_188.png,384,128,0.66717529296875,2,1025_384_128,True
548,site3_601.png,384,256,0.03326416015625,0,548_384_256,True
1598,site6_727.png,384,0,0.72479248046875,2,1598_384_0,True
2073,site14_112.png,256,384,0.13018798828125,1,2073_256_384,True
3693,site11_429.png,128,256,0.22650146484375,1,3693_128_256,True
2925,site8_146.png,512,512,0.42047119140625,2,2925_512_512,True
2053,site14_89.png,128,0,0.0,0,2053_128_0,False
914,site5_63.png,512,256,1.0,2,914_512_256,True
387,site3_422.png,256,0,0.0582275390625,1,387_256_0,True
2085,site14_127.png,384,0,0.0,0,2085_384_0,False
1952,site9_69.png,256,256,0.0,0,1952_256_256,False
978,site5_137.png,0,384,0.21661376953125,1,978_0_384,True
358,site3_391.png,128,384,0.12548828125,1,358_128_384,True
1736,site6_915.png,0,128,0.0,0,1736_0_128,False
1778,site6_967.png,128,256,0.0,0,1778_128_256,False
1086,site5_259.png,384,0,0.0,0,1086_384_0,False
839,site4_166.png,0,0,0.0,0,839_0_0,False
2490,site12_91.png,0,256,1.0,2,2490_0_256,True
3209,site2_37.png,256,384,0.44708251953125,2,3209_256_384,True
3145,site13_165.png,128,512,0.1453857421875,1,3145_128_512,True
1791,site6_990.png,512,128,1.0,2,1791_512_128,True
3100,site13_113.png,0,384,1.0,2,3100_0_384,True
1023,site5_186.png,384,128,0.0,0,1023_384_128,False
1524,site6_637.png,256,384,0.0,0,1524_256_384,False
817,site4_141.png,256,0,0.0,0,817_256_0,False
923,site5_76.png,128,384,0.08282470703125,1,923_128_384,True
927,site5_80.png,384,0,1.0,2,927_384_0,True
4969,site16_1004.png,256,128,0.0,0,4969_256_128,False
1010,site5_172.png,128,128,1.0,2,1010_128_128,True
1045,site5_210.png,0,128,0.45196533203125,2,1045_0_128,True
2895,site8_113.png,384,128,0.0,0,2895_384_128,False
2470,site12_70.png,0,512,0.354248046875,1,2470_0_512,True
2041,site14_75.png,128,384,0.0,0,2041_128_384,False
1791,site6_990.png,0,256,1.0,2,1791_0_256,True
4565,site16_509.png,256,128,0.0,0,4565_256_128,False
4728,site16_696.png,512,128,0.0,0,4728_512_128,False
2655,site17_72.png,256,384,0.0,0,2655_256_384,False
1005,site5_167.png,128,0,0.643310546875,2,1005_128_0,True
3145,site13_165.png,128,128,0.157958984375,1,3145_128_128,True
1068,site5_237.png,128,128,1.0,2,1068_128_128,True
3240,site2_77.png,256,0,0.30908203125,1,3240_256_0,True
3097,site13_108.png,0,256,0.8695068359375,2,3097_0_256,True
740,site4_60.png,384,256,0.0,0,740_384_256,False
2187,site14_238.png,0,384,0.0,0,2187_0_384,False
1299,site6_334.png,384,128,0.00244140625,0,1299_384_128,True
2847,site8_57.png,128,256,0.68243408203125,2,2847_128_256,True
2995,site8_224.png,0,256,0.0,0,2995_0_256,False
2494,site12_95.png,256,256,1.0,2,2494_256_256,True
3006,site8_236.png,256,128,0.0,0,3006_256_128,False
3190,site13_219.png,512,0,0.4227294921875,2,3190_512_0,True
1035,site5_200.png,256,384,1.0,2,1035_256_384,True
2198,site14_252.png,128,128,0.044921875,0,2198_128_128,True
1923,site9_28.png,256,128,0.0223388671875,0,1923_256_128,True
3034,site13_32.png,256,256,0.1953125,1,3034_256_256,True
2618,site17_29.png,128,256,0.0,0,2618_128_256,False
2073,site14_112.png,512,128,0.0,0,2073_512_128,False
2539,site12_143.png,512,256,0.0,0,2539_512_256,False
2067,site14_106.png,384,512,0.95013427734375,2,2067_384_512,True
2550,site12_155.png,384,0,0.722412109375,2,2550_384_0,True
4590,site16_536.png,256,256,0.456298828125,2,4590_256_256,True
1020,site5_183.png,0,256,0.12628173828125,1,1020_0_256,True
2524,site12_127.png,256,256,0.35113525390625,1,2524_256_256,True
3060,site13_64.png,128,384,0.79974365234375,2,3060_128_384,True
1078,site5_247.png,0,512,0.0,0,1078_0_512,False
972,site5_131.png,0,384,0.0,0,972_0_384,False
2476,site12_76.png,0,384,0.08184814453125,1,2476_0_384,True
4748,site16_720.png,0,384,0.0,0,4748_0_384,False
1779,site6_968.png,128,0,0.0,0,1779_128_0,False
4768,site16_745.png,384,128,0.0,0,4768_384_128,False
847,site4_174.png,0,256,0.0,0,847_0_256,False
3067,site13_72.png,128,0,0.0350341796875,0,3067_128_0,True
3079,site13_86.png,256,128,0.09942626953125,1,3079_256_128,True
2182,site14_233.png,384,0,0.0,0,2182_384_0,False
1598,site6_727.png,256,0,0.8377685546875,2,1598_256_0,True
790,site4_113.png,256,512,1.0,2,790_256_512,True
1524,site6_637.png,256,512,0.0,0,1524_256_512,False
2335,site15_85.png,0,0,0.3148193359375,1,2335_0_0,True
521,site3_571.png,128,128,0.0,0,521_128_128,False
991,site5_152.png,128,384,0.0,0,991_128_384,False
759,site4_80.png,256,0,0.0,0,759_256_0,False
2119,site14_164.png,512,512,0.0,0,2119_512_512,False
3033,site13_31.png,128,384,0.0,0,3033_128_384,False
1776,site6_965.png,256,256,0.0,0,1776_256_256,False
1598,site6_727.png,0,0,0.513916015625,2,1598_0_0,True
2521,site12_124.png,512,128,1.0,2,2521_512_128,True
2086,site14_128.png,512,128,0.0,0,2086_512_128,False
2605,site17_12.png,384,384,0.0,0,2605_384_384,False
1299,site6_334.png,512,384,0.0400390625,0,1299_512_384,True
2565,site12_171.png,512,0,0.0,0,2565_512_0,False
3078,site13_85.png,512,0,0.0,0,3078_512_0,False
2528,site12_132.png,512,256,0.0,0,2528_512_256,False
2057,site14_93.png,384,384,0.6435546875,2,2057_384_384,True
2258,site14_335.png,384,384,0.0,0,2258_384_384,False
2403,site15_164.png,512,128,0.0,0,2403_512_128,False
961,site5_118.png,256,256,0.0,0,961_256_256,False
2733,site1_48.png,256,512,0.0,0,2733_256_512,False
2366,site15_119.png,256,384,0.0,0,2366_256_384,False
3111,site13_126.png,512,0,0.0,0,3111_512_0,False
1073,site5_242.png,256,128,0.0,0,1073_256_128,False
2068,site14_107.png,128,512,0.44805908203125,2,2068_128_512,True
1085,site5_258.png,128,256,0.0,0,1085_128_256,False
2105,site14_149.png,128,512,0.660400390625,2,2105_128_512,True
1654,site6_808.png,512,384,0.0,0,1654_512_384,False
2973,site8_199.png,512,256,0.0,0,2973_512_256,False
2237,site14_298.png,512,512,0.0,0,2237_512_512,False
1022,site5_185.png,384,256,0.2679443359375,1,1022_384_256,True
2638,site17_53.png,512,384,0.0,0,2638_512_384,False
3077,site13_84.png,0,256,1.0,2,3077_0_256,True
1309,site6_344.png,512,384,0.0,0,1309_512_384,False
1736,site6_915.png,512,128,0.0,0,1736_512_128,False
1954,site9_71.png,384,512,0.00115966796875,0,1954_384_512,True
1261,site6_276.png,384,0,0.0,0,1261_384_0,False
2140,site14_186.png,512,0,1.0,2,2140_512_0,True
1032,site5_195.png,0,512,0.0,0,1032_0_512,False
3820,site11_560.png,0,0,0.0,0,3820_0_0,False
2057,site14_93.png,512,512,0.55413818359375,2,2057_512_512,True
2402,site15_163.png,0,128,0.0,0,2402_0_128,False
2632,site17_45.png,256,128,0.002197265625,0,2632_256_128,True
760,site4_81.png,384,384,0.0,0,760_384_384,False
2366,site15_119.png,128,384,0.0,0,2366_128_384,False
2648,site17_63.png,256,256,0.0,0,2648_256_256,False
939,site5_94.png,0,512,0.0,0,939_0_512,False
1762,site6_951.png,256,0,0.8560791015625,2,1762_256_0,True
1940,site9_51.png,0,256,1.0,2,1940_0_256,True
3623,site11_357.png,256,128,0.0,0,3623_256_128,False
2233,site14_294.png,0,512,0.0,0,2233_0_512,False
1040,site5_205.png,128,384,0.0,0,1040_128_384,False
998,site5_159.png,128,128,0.0,0,998_128_128,False
4970,site16_1005.png,512,512,0.0,0,4970_512_512,False
3718,site11_455.png,512,128,0.04351806640625,0,3718_512_128,True
1738,site6_917.png,384,256,0.0,0,1738_384_256,False
2462,site12_60.png,256,512,0.0,0,2462_256_512,False
3660,site11_395.png,0,0,0.0,0,3660_0_0,False
2517,site12_120.png,384,256,0.58746337890625,2,2517_384_256,True
888,site5_28.png,512,0,0.0,0,888_512_0,False
1544,site6_657.png,384,256,0.302490234375,1,1544_384_256,True
1045,site5_210.png,512,512,0.0,0,1045_512_512,False
3072,site13_77.png,384,384,0.20379638671875,1,3072_384_384,True
1040,site5_205.png,512,384,0.96051025390625,2,1040_512_384,True
298,site3_328.png,128,128,0.0,0,298_128_128,False
1926,site9_31.png,512,384,0.204345703125,1,1926_512_384,True
557,site3_610.png,256,0,0.0,0,557_256_0,False
2499,site12_101.png,512,256,0.93218994140625,2,2499_512_256,True
1957,site9_74.png,0,384,0.0,0,1957_0_384,False
2639,site17_54.png,256,128,0.0,0,2639_256_128,False
3148,site13_168.png,384,384,0.82977294921875,2,3148_384_384,True
4786,site16_767.png,128,512,0.0,0,4786_128_512,False
2520,site12_123.png,384,128,0.05499267578125,1,2520_384_128,True
3661,site11_396.png,0,512,0.03436279296875,0,3661_0_512,True
2831,site8_36.png,0,128,1.0,2,2831_0_128,True
557,site3_610.png,384,128,0.0,0,557_384_128,False
773,site4_95.png,512,256,1.0,2,773_512_256,True
996,site5_157.png,0,0,0.0,0,996_0_0,False
980,site5_139.png,256,384,0.0,0,980_256_384,False
865,site4_194.png,512,512,0.0,0,865_512_512,False
3688,site11_424.png,512,512,0.0,0,3688_512_512,False
984,site5_145.png,384,256,1.0,2,984_384_256,True
2904,site8_123.png,256,128,0.0,0,2904_256_128,False
1085,site5_258.png,512,128,0.0,0,1085_512_128,False
2602,site17_9.png,128,512,1.0,2,2602_128_512,True
3052,site13_54.png,0,384,0.16412353515625,1,3052_0_384,True
1129,site6_84.png,256,256,0.0,0,1129_256_256,False
2332,site15_82.png,256,0,0.474365234375,2,2332_256_0,True
3693,site11_429.png,128,0,0.87591552734375,2,3693_128_0,True
989,site5_150.png,256,256,0.2591552734375,1,989_256_256,True
2513,site12_116.png,512,384,0.02215576171875,0,2513_512_384,True
524,site3_574.png,384,128,0.0,0,524_384_128,False
968,site5_127.png,256,512,1.0,2,968_256_512,True
1000,site5_161.png,128,384,0.0,0,1000_128_384,False
95,site3_113.png,0,0,0.2117919921875,1,95_0_0,True
1016,site5_178.png,384,384,0.0,0,1016_384_384,False
1826,site6_1037.png,0,512,0.0,0,1826_0_512,False
2830,site8_35.png,384,512,0.267578125,1,2830_384_512,True
3148,site13_168.png,256,0,1.0,2,3148_256_0,True
900,site5_45.png,256,0,0.0,0,900_256_0,False
940,site5_95.png,256,256,0.25555419921875,1,940_256_256,True
3266,site2_107.png,128,0,0.0,0,3266_128_0,False
4492,site16_432.png,256,0,0.1004638671875,1,4492_256_0,True
2476,site12_76.png,128,128,0.0,0,2476_128_128,False
3033,site13_31.png,0,128,0.0,0,3033_0_128,False
1060,site5_227.png,512,512,0.17547607421875,1,1060_512_512,True
2490,site12_91.png,0,0,1.0,2,2490_0_0,True
2366,site15_119.png,512,128,0.0,0,2366_512_128,False
122,site3_143.png,128,256,0.0,0,122_128_256,False
1061,site5_228.png,0,384,0.64752197265625,2,1061_0_384,True
3018,site8_254.png,0,512,0.0,0,3018_0_512,False
3286,site2_130.png,384,384,0.0,0,3286_384_384,False
775,site4_97.png,128,128,0.1622314453125,1,775_128_128,True
2964,site8_189.png,384,512,0.0,0,2964_384_512,False
23,site3_26.png,0,512,0.0,0,23_0_512,False
2886,site8_103.png,256,128,0.0,0,2886_256_128,False
319,site3_351.png,384,128,0.0,0,319_384_128,False
993,site5_154.png,256,384,0.16162109375,1,993_256_384,True
2539,site12_143.png,384,512,0.0,0,2539_384_512,False
2342,site15_93.png,512,0,0.0,0,2342_512_0,False
2620,site17_31.png,384,512,0.0,0,2620_384_512,False
2961,site8_186.png,256,256,0.26385498046875,1,2961_256_256,True
1039,site5_204.png,128,512,0.01885986328125,0,1039_128_512,True
2179,site14_230.png,0,384,0.0,0,2179_0_384,False
2163,site14_212.png,512,256,0.0,0,2163_512_256,False
1957,site9_74.png,0,128,0.85772705078125,2,1957_0_128,True
2926,site8_147.png,384,256,0.70367431640625,2,2926_384_256,True
239,site3_267.png,512,0,0.034912109375,0,239_512_0,True
2159,site14_208.png,512,512,0.0,0,2159_512_512,False
1005,site5_167.png,128,384,0.0,0,1005_128_384,False
1692,site6_855.png,0,256,0.0,0,1692_0_256,False
3025,site13_16.png,128,256,0.0,0,3025_128_256,False
2486,site12_87.png,384,384,1.0,2,2486_384_384,True
1762,site6_951.png,512,512,1.0,2,1762_512_512,True
2723,site1_37.png,0,128,0.0,0,2723_0_128,False
3097,site13_108.png,384,128,0.0,0,3097_384_128,False
3087,site13_96.png,128,0,0.0,0,3087_128_0,False
3823,site11_563.png,256,384,0.0,0,3823_256_384,False
4543,site16_485.png,384,256,0.01287841796875,0,4543_384_256,True
3024,site13_8.png,0,512,0.0,0,3024_0_512,False
1053,site5_220.png,512,256,0.07696533203125,1,1053_512_256,True
2082,site14_124.png,384,128,0.0,0,2082_384_128,False
2394,site15_153.png,384,512,0.0,0,2394_384_512,False
1941,site9_52.png,0,384,1.0,2,1941_0_384,True
2366,site15_119.png,0,512,0.0,0,2366_0_512,False
940,site5_95.png,384,384,0.0980224609375,1,940_384_384,True
2491,site12_92.png,512,0,0.94183349609375,2,2491_512_0,True
4969,site16_1004.png,256,384,0.0,0,4969_256_384,False
522,site3_572.png,384,512,0.0,0,522_384_512,False
1649,site6_795.png,0,512,0.0,0,1649_0_512,False
2515,site12_118.png,384,384,0.44805908203125,2,2515_384_384,True
912,site5_61.png,384,128,0.0,0,912_384_128,False
1128,site6_83.png,512,128,0.0,0,1128_512_128,False
962,site5_119.png,128,384,0.609375,2,962_128_384,True
95,site3_113.png,512,256,0.0,0,95_512_256,False
2492,site12_93.png,512,128,1.0,2,2492_512_128,True
2344,site15_95.png,0,512,0.14190673828125,1,2344_0_512,True
760,site4_81.png,128,128,0.0,0,760_128_128,False
2685,site10_20.png,384,256,0.01092529296875,0,2685_384_256,True
606,site3_668.png,128,128,0.0,0,606_128_128,False
1956,site9_73.png,256,0,0.38555908203125,1,1956_256_0,True
558,site3_611.png,256,128,0.0,0,558_256_128,False
4856,site16_851.png,128,256,0.0,0,4856_128_256,False
2190,site14_244.png,256,384,0.01922607421875,0,2190_256_384,True
2235,site14_296.png,384,512,0.0,0,2235_384_512,False
3034,site13_32.png,0,384,0.05316162109375,1,3034_0_384,True
1586,site6_715.png,0,0,0.0,0,1586_0_0,False
939,site5_94.png,256,128,0.55841064453125,2,939_256_128,True
3656,site11_391.png,0,0,0.0,0,3656_0_0,False
2479,site12_79.png,128,128,1.0,2,2479_128_128,True
2913,site8_133.png,0,0,0.0,0,2913_0_0,False
2186,site14_237.png,128,128,0.0,0,2186_128_128,False
2403,site15_164.png,0,512,0.0,0,2403_0_512,False
1086,site5_259.png,384,384,1.0,2,1086_384_384,True
3143,site13_163.png,256,384,0.0,0,3143_256_384,False
2605,site17_12.png,512,512,0.0,0,2605_512_512,False
2371,site15_126.png,384,0,0.45172119140625,2,2371_384_0,True
549,site3_602.png,512,0,0.00274658203125,0,549_512_0,True
3077,site13_84.png,384,384,1.0,2,3077_384_384,True
1492,site6_588.png,128,0,0.06146240234375,1,1492_128_0,True
4722,site16_690.png,128,512,0.0,0,4722_128_512,False
3719,site11_456.png,512,512,0.0,0,3719_512_512,False
2961,site8_186.png,512,128,0.9949951171875,2,2961_512_128,True
1741,site6_920.png,0,0,0.0,0,1741_0_0,False
2642,site17_57.png,128,384,0.992919921875,2,2642_128_384,True
4565,site16_509.png,384,512,0.0,0,4565_384_512,False
2180,site14_231.png,512,384,0.03375244140625,0,2180_512_384,True
1948,site9_62.png,0,512,1.0,2,1948_0_512,True
3126,site13_143.png,0,512,0.0,0,3126_0_512,False
3075,site13_82.png,256,256,1.0,2,3075_256_256,True
3721,site11_458.png,128,256,0.0,0,3721_128_256,False
3688,site11_424.png,384,512,0.0,0,3688_384_512,False
950,site5_105.png,256,0,0.0,0,950_256_0,False
3249,site2_88.png,256,512,0.0,0,3249_256_512,False
1084,site5_257.png,128,384,0.0,0,1084_128_384,False
903,site5_48.png,128,128,0.15167236328125,1,903_128_128,True
3037,site13_35.png,384,256,0.0,0,3037_384_256,False
2334,site15_84.png,384,0,0.38671875,1,2334_384_0,True
522,site3_572.png,0,512,0.0,0,522_0_512,False
265,site3_294.png,256,512,0.0,0,265_256_512,False
992,site5_153.png,0,384,1.0,2,992_0_384,True
2718,site1_32.png,512,384,0.0,0,2718_512_384,False
1931,site9_39.png,128,256,0.0,0,1931_128_256,False
1918,site9_19.png,256,384,1.0,2,1918_256_384,True
2599,site17_6.png,256,512,0.0,0,2599_256_512,False
1762,site6_951.png,128,128,1.0,2,1762_128_128,True
1952,site9_69.png,256,384,0.0362548828125,0,1952_256_384,True
1005,site5_167.png,256,0,0.6365966796875,2,1005_256_0,True
816,site4_140.png,128,128,0.0,0,816_128_128,False
2565,site12_171.png,0,256,0.37847900390625,1,2565_0_256,True
270,site3_299.png,128,256,0.0,0,270_128_256,False
2365,site15_118.png,512,512,0.0,0,2365_512_512,False
2613,site17_22.png,512,256,0.0,0,2613_512_256,False
2344,site15_95.png,384,128,0.0,0,2344_384_128,False
1779,site6_968.png,384,512,0.0,0,1779_384_512,False
3145,site13_165.png,256,128,0.3519287109375,1,3145_256_128,True
2604,site17_11.png,256,128,1.0,2,2604_256_128,True
2492,site12_93.png,384,256,1.0,2,2492_384_256,True
3720,site11_457.png,512,512,0.67596435546875,2,3720_512_512,True
1057,site5_224.png,0,384,0.67572021484375,2,1057_0_384,True
3161,site13_185.png,256,512,0.0,0,3161_256_512,False
4751,site16_723.png,512,256,0.46392822265625,2,4751_512_256,True
1715,site6_886.png,256,384,0.0,0,1715_256_384,False
2441,site12_38.png,256,128,0.77386474609375,2,2441_256_128,True
3132,site13_149.png,0,512,0.359130859375,1,3132_0_512,True
2914,site8_134.png,0,256,0.0,0,2914_0_256,False
1084,site5_257.png,256,0,0.0380859375,0,1084_256_0,True
817,site4_141.png,512,0,0.0,0,817_512_0,False
1762,site6_951.png,384,128,1.0,2,1762_384_128,True
2324,site15_73.png,0,512,1.0,2,2324_0_512,True
1254,site6_269.png,256,384,0.0,0,1254_256_384,False
1254,site6_269.png,384,128,0.0,0,1254_384_128,False
1543,site6_656.png,256,256,0.0,0,1543_256_256,False
3821,site11_561.png,128,0,0.480224609375,2,3821_128_0,True
1359,site6_412.png,384,0,0.98834228515625,2,1359_384_0,True
291,site3_321.png,0,256,0.0,0,291_0_256,False
969,site5_128.png,256,384,0.0,0,969_256_384,False
2641,site17_56.png,0,128,1.0,2,2641_0_128,True
1015,site5_177.png,128,384,1.0,2,1015_128_384,True
1002,site5_164.png,128,128,0.0,0,1002_128_128,False
2515,site12_118.png,512,128,1.0,2,2515_512_128,True
2371,site15_126.png,512,128,0.69586181640625,2,2371_512_128,True
4492,site16_432.png,384,384,0.26361083984375,1,4492_384_384,True
2469,site12_69.png,512,0,0.23895263671875,1,2469_512_0,True
1961,site9_81.png,0,128,0.0,0,1961_0_128,False
756,site4_77.png,384,0,0.7613525390625,2,756_384_0,True
2797,site1_123.png,384,128,0.3922119140625,1,2797_384_128,True
926,site5_79.png,0,384,0.43963623046875,2,926_0_384,True
2174,site14_225.png,0,512,0.0,0,2174_0_512,False
2484,site12_85.png,512,256,0.86126708984375,2,2484_512_256,True
2672,site7_3.png,512,512,0.1561279296875,1,2672_512_512,True
924,site5_77.png,0,512,0.41998291015625,2,924_0_512,True
3141,site13_159.png,384,512,0.0,0,3141_384_512,False
790,site4_113.png,0,0,1.0,2,790_0_0,True
961,site5_118.png,128,384,0.0,0,961_128_384,False
3287,site2_131.png,384,384,0.0,0,3287_384_384,False
961,site5_118.png,384,512,0.9466552734375,2,961_384_512,True
965,site5_122.png,0,512,0.0,0,965_0_512,False
2050,site14_86.png,128,0,0.0,0,2050_128_0,False
1041,site5_206.png,0,256,1.0,2,1041_0_256,True
4970,site16_1005.png,512,0,0.0,0,4970_512_0,False
1237,site6_241.png,512,384,0.0145263671875,0,1237_512_384,True
1228,site6_232.png,0,128,0.90899658203125,2,1228_0_128,True
2962,site8_187.png,384,384,0.0,0,2962_384_384,False
2824,site8_25.png,512,256,0.0,0,2824_512_256,False
2685,site10_20.png,0,384,0.0,0,2685_0_384,False
1440,site6_518.png,384,512,0.0,0,1440_384_512,False
2530,site12_134.png,256,384,0.0,0,2530_256_384,False
4875,site16_875.png,0,256,0.0,0,4875_0_256,False
1918,site9_19.png,0,512,0.9417724609375,2,1918_0_512,True
551,site3_604.png,128,0,0.0,0,551_128_0,False
2832,site8_37.png,128,0,1.0,2,2832_128_0,True
2484,site12_85.png,256,256,0.0,0,2484_256_256,False
3069,site13_74.png,512,128,1.0,2,3069_512_128,True
1949,site9_63.png,128,384,1.0,2,1949_128_384,True
2517,site12_120.png,256,0,0.3046875,1,2517_256_0,True
1826,site6_1037.png,256,128,0.05145263671875,1,1826_256_128,True
1737,site6_916.png,128,512,0.80340576171875,2,1737_128_512,True
2057,site14_93.png,128,512,0.45843505859375,2,2057_128_512,True
969,site5_128.png,512,384,0.0,0,969_512_384,False
604,site3_666.png,128,384,0.3072509765625,1,604_128_384,True
994,site5_155.png,256,256,1.0,2,994_256_256,True
755,site4_76.png,512,0,0.00103759765625,0,755_512_0,True
2652,site17_69.png,0,256,1.0,2,2652_0_256,True
3131,site13_148.png,128,0,1.0,2,3131_128_0,True
937,site5_92.png,0,512,0.0,0,937_0_512,False
2977,site8_204.png,256,128,0.0,0,2977_256_128,False
965,site5_122.png,0,384,0.0,0,965_0_384,False
2598,site17_5.png,512,0,0.0,0,2598_512_0,False
968,site5_127.png,128,128,1.0,2,968_128_128,True
2117,site14_162.png,512,0,0.31134033203125,1,2117_512_0,True
2221,site14_278.png,128,0,0.0,0,2221_128_0,False
2723,site1_37.png,512,128,0.0,0,2723_512_128,False
1552,site6_673.png,0,128,0.0,0,1552_0_128,False
2447,site12_44.png,128,384,0.0,0,2447_128_384,False
2438,site12_35.png,128,384,0.0,0,2438_128_384,False
3018,site8_254.png,512,256,0.29193115234375,1,3018_512_256,True
2459,site12_57.png,0,256,0.9783935546875,2,2459_0_256,True
2730,site1_45.png,0,128,0.95172119140625,2,2730_0_128,True
4725,site16_693.png,128,512,0.226318359375,1,4725_128_512,True
2157,site14_206.png,256,384,0.2080078125,1,2157_256_384,True
993,site5_154.png,512,384,0.0,0,993_512_384,False
2463,site12_61.png,384,384,1.0,2,2463_384_384,True
656,site3_731.png,0,512,0.0,0,656_0_512,False
2442,site12_39.png,0,384,0.76983642578125,2,2442_0_384,True
915,site5_64.png,0,0,0.77069091796875,2,915_0_0,True
1041,site5_206.png,128,128,1.0,2,1041_128_128,True
964,site5_121.png,256,0,0.13751220703125,1,964_256_0,True
524,site3_574.png,384,384,0.0,0,524_384_384,False
3103,site13_116.png,512,128,0.95550537109375,2,3103_512_128,True
2208,site14_265.png,128,256,0.0,0,2208_128_256,False
2563,site12_169.png,0,384,0.0,0,2563_0_384,False
1943,site9_57.png,128,128,0.11029052734375,1,1943_128_128,True
3052,site13_54.png,512,256,0.0,0,3052_512_256,False
3656,site11_391.png,512,0,0.32427978515625,1,3656_512_0,True
2640,site17_55.png,128,256,0.8702392578125,2,2640_128_256,True
793,site4_116.png,0,0,0.9002685546875,2,793_0_0,True
4699,site16_664.png,0,512,0.0,0,4699_0_512,False
1953,site9_70.png,128,0,0.32366943359375,1,1953_128_0,True
2611,site17_20.png,512,384,0.39300537109375,1,2611_512_384,True
1273,site6_299.png,256,128,0.0,0,1273_256_128,False
3251,site2_90.png,384,512,0.0,0,3251_384_512,False
3076,site13_83.png,128,256,1.0,2,3076_128_256,True
519,site3_569.png,384,512,0.0,0,519_384_512,False
983,site5_142.png,512,256,0.0,0,983_512_256,False
774,site4_96.png,512,384,0.4866943359375,2,774_512_384,True
3122,site13_138.png,128,256,1.0,2,3122_128_256,True
1715,site6_886.png,384,128,0.0,0,1715_384_128,False
558,site3_611.png,128,512,0.0,0,558_128_512,False
2847,site8_57.png,512,384,0.377197265625,1,2847_512_384,True
532,site3_582.png,384,512,0.0,0,532_384_512,False
902,site5_47.png,384,512,0.0,0,902_384_512,False
358,site3_391.png,384,384,0.31097412109375,1,358_384_384,True
270,site3_299.png,512,384,0.0,0,270_512_384,False
2351,site15_103.png,128,512,0.0,0,2351_128_512,False
3071,site13_76.png,512,256,1.0,2,3071_512_256,True
3141,site13_159.png,256,128,0.0,0,3141_256_128,False
1073,site5_242.png,384,0,0.4630126953125,2,1073_384_0,True
1083,site5_256.png,0,256,0.0,0,1083_0_256,False
2190,site14_244.png,512,512,0.98284912109375,2,2190_512_512,True
2830,site8_35.png,256,256,0.0,0,2830_256_256,False
1029,site5_192.png,384,384,0.1444091796875,1,1029_384_384,True
1918,site9_19.png,256,512,1.0,2,1918_256_512,True
1953,site9_70.png,384,128,0.9901123046875,2,1953_384_128,True
1812,site6_1023.png,128,384,0.379150390625,1,1812_128_384,True
2629,site17_42.png,0,0,0.0211181640625,0,2629_0_0,True
3120,site13_136.png,0,128,0.1719970703125,1,3120_0_128,True
2530,site12_134.png,256,0,0.10540771484375,1,2530_256_0,True
2160,site14_209.png,256,0,0.0,0,2160_256_0,False
3141,site13_159.png,384,384,0.0,0,3141_384_384,False
992,site5_153.png,128,128,0.0,0,992_128_128,False
3687,site11_423.png,384,384,0.1075439453125,1,3687_384_384,True
3083,site13_92.png,512,128,1.0,2,3083_512_128,True
1022,site5_185.png,512,256,0.74688720703125,2,1022_512_256,True
4566,site16_510.png,384,128,0.0,0,4566_384_128,False
4424,site16_355.png,512,0,0.3294677734375,1,4424_512_0,True
2955,site8_179.png,256,0,0.0,0,2955_256_0,False
2374,site15_129.png,256,512,1.0,2,2374_256_512,True
3142,site13_162.png,384,0,0.34613037109375,1,3142_384_0,True
94,site3_112.png,384,256,0.04296875,0,94_384_256,True
4377,site16_304.png,128,384,0.49932861328125,2,4377_128_384,True
915,site5_64.png,0,384,1.0,2,915_0_384,True
1947,site9_61.png,512,256,1.0,2,1947_512_256,True
548,site3_601.png,256,384,0.0,0,548_256_384,False
1299,site6_334.png,128,256,0.0,0,1299_128_256,False
756,site4_77.png,256,256,1.0,2,756_256_256,True
969,site5_128.png,0,512,1.0,2,969_0_512,True
359,site3_392.png,256,512,0.0,0,359_256_512,False
1053,site5_220.png,512,512,0.11785888671875,1,1053_512_512,True
2174,site14_225.png,128,0,0.529541015625,2,2174_128_0,True
4768,site16_745.png,128,256,0.0,0,4768_128_256,False
2123,site14_168.png,128,0,0.0,0,2123_128_0,False
849,site4_176.png,0,128,0.0,0,849_0_128,False
2721,site1_35.png,384,256,0.0,0,2721_384_256,False
415,site3_453.png,384,128,0.0,0,415_384_128,False
2642,site17_57.png,256,256,0.99957275390625,2,2642_256_256,True
1956,site9_73.png,384,0,0.51104736328125,2,1956_384_0,True
2092,site14_134.png,128,384,0.0,0,2092_128_384,False
940,site5_95.png,384,512,0.625244140625,2,940_384_512,True
3231,site2_66.png,256,0,0.0,0,3231_256_0,False
1692,site6_855.png,128,256,0.0,0,1692_128_256,False
1096,site5_277.png,384,512,0.0,0,1096_384_512,False
1742,site6_921.png,512,384,0.0,0,1742_512_384,False
991,site5_152.png,256,256,0.0,0,991_256_256,False
2403,site15_164.png,384,128,0.0,0,2403_384_128,False
1380,site6_441.png,0,512,0.0,0,1380_0_512,False
1007,site5_169.png,384,128,0.0,0,1007_384_128,False
2500,site12_102.png,128,512,0.04718017578125,0,2500_128_512,True
1084,site5_257.png,512,128,0.0,0,1084_512_128,False
4729,site16_697.png,128,384,0.4720458984375,2,4729_128_384,True
3025,site13_16.png,384,128,0.0,0,3025_384_128,False
1027,site5_190.png,512,0,1.0,2,1027_512_0,True
1054,site5_221.png,256,512,0.0,0,1054_256_512,False
122,site3_143.png,256,0,0.68194580078125,2,122_256_0,True
3075,site13_82.png,0,0,1.0,2,3075_0_0,True
3067,site13_72.png,128,384,1.0,2,3067_128_384,True
3688,site11_424.png,384,256,0.0,0,3688_384_256,False
3288,site2_132.png,256,256,0.66741943359375,2,3288_256_256,True
2233,site14_294.png,128,512,0.0118408203125,0,2233_128_512,True
3095,site13_106.png,256,256,0.0,0,3095_256_256,False
817,site4_141.png,0,384,0.1239013671875,1,817_0_384,True
2208,site14_265.png,256,128,0.0,0,2208_256_128,False
583,site3_641.png,384,256,0.0,0,583_384_256,False
3690,site11_426.png,512,384,1.0,2,3690_512_384,True
2509,site12_111.png,0,0,0.0,0,2509_0_0,False
2764,site1_84.png,384,512,0.2252197265625,1,2764_384_512,True
2197,site14_251.png,0,0,0.0,0,2197_0_0,False
4613,site16_561.png,384,0,0.19415283203125,1,4613_384_0,True
3661,site11_396.png,384,256,0.0,0,3661_384_256,False
989,site5_150.png,512,128,0.00592041015625,0,989_512_128,True
887,site5_27.png,256,384,0.0,0,887_256_384,False
3042,site13_42.png,0,384,0.0,0,3042_0_384,False
2100,site14_144.png,256,384,0.7493896484375,2,2100_256_384,True
1597,site6_726.png,384,384,0.0,0,1597_384_384,False
2765,site1_85.png,0,0,0.0,0,2765_0_0,False
1785,site6_984.png,384,512,0.0,0,1785_384_512,False
2124,site14_169.png,384,0,0.41571044921875,2,2124_384_0,True
1078,site5_247.png,128,128,0.0,0,1078_128_128,False
2968,site8_194.png,0,384,0.130126953125,1,2968_0_384,True
2470,site12_70.png,0,0,0.68878173828125,2,2470_0_0,True
2943,site8_166.png,0,128,0.0,0,2943_0_128,False
2066,site14_105.png,512,128,0.0,0,2066_512_128,False
2225,site14_286.png,384,128,0.0,0,2225_384_128,False
1924,site9_29.png,256,256,0.717529296875,2,1924_256_256,True
2521,site12_124.png,384,512,0.6513671875,2,2521_384_512,True
996,site5_157.png,256,384,0.0,0,996_256_384,False
1940,site9_51.png,256,0,1.0,2,1940_256_0,True
2565,site12_171.png,512,256,0.0,0,2565_512_256,False
1714,site6_885.png,384,256,0.0,0,1714_384_256,False
1041,site5_206.png,512,384,1.0,2,1041_512_384,True
1380,site6_441.png,128,384,0.0,0,1380_128_384,False
774,site4_96.png,512,512,0.53167724609375,2,774_512_512,True
2067,site14_106.png,128,384,1.0,2,2067_128_384,True
270,site3_299.png,512,0,0.0,0,270_512_0,False
4770,site16_747.png,128,0,0.0,0,4770_128_0,False
2486,site12_87.png,512,128,1.0,2,2486_512_128,True
3190,site13_219.png,512,384,0.0,0,3190_512_384,False
2221,site14_278.png,512,384,0.0,0,2221_512_384,False
3096,site13_107.png,384,0,0.0,0,3096_384_0,False
2564,site12_170.png,256,384,0.9249267578125,2,2564_256_384,True
2657,site17_74.png,384,256,0.71533203125,2,2657_384_256,True
1950,site9_64.png,384,384,1.0,2,1950_384_384,True
3071,site13_76.png,0,512,0.0,0,3071_0_512,False
760,site4_81.png,256,512,0.0,0,760_256_512,False
3135,site13_153.png,128,512,0.02545166015625,0,3135_128_512,True
521,site3_571.png,384,512,0.0,0,521_384_512,False
2925,site8_146.png,384,384,0.0,0,2925_384_384,False
1638,site6_784.png,0,512,0.0,0,1638_0_512,False
3690,site11_426.png,512,128,0.82049560546875,2,3690_512_128,True
298,site3_328.png,0,128,0.0,0,298_0_128,False
3289,site2_133.png,512,512,0.0,0,3289_512_512,False
1552,site6_673.png,384,128,0.0,0,1552_384_128,False
2499,site12_101.png,384,128,0.93011474609375,2,2499_384_128,True
2721,site1_35.png,512,384,0.0,0,2721_512_384,False
4786,site16_767.png,256,128,0.00897216796875,0,4786_256_128,True
3658,site11_393.png,256,0,0.5157470703125,2,3658_256_0,True
1931,site9_39.png,512,128,0.0,0,1931_512_128,False
1715,site6_886.png,0,512,0.34039306640625,1,1715_0_512,True
2604,site17_11.png,256,256,1.0,2,2604_256_256,True
493,site3_540.png,256,0,0.0,0,493_256_0,False
4748,site16_720.png,384,0,0.0,0,4748_384_0,False
1036,site5_201.png,512,128,0.0,0,1036_512_128,False
4614,site16_562.png,128,256,0.9932861328125,2,4614_128_256,True
1544,site6_657.png,0,256,0.072998046875,1,1544_0_256,True
2968,site8_194.png,0,256,0.0,0,2968_0_256,False
2509,site12_111.png,512,128,0.0,0,2509_512_128,False
2258,site14_335.png,0,512,0.0,0,2258_0_512,False
386,site3_421.png,512,512,0.0,0,386_512_512,False
4769,site16_746.png,0,512,0.0,0,4769_0_512,False
1597,site6_726.png,128,256,0.0,0,1597_128_256,False
2551,site12_156.png,512,384,0.0,0,2551_512_384,False
3088,site13_97.png,384,0,0.0,0,3088_384_0,False
2485,site12_86.png,256,0,0.28973388671875,1,2485_256_0,True
493,site3_540.png,0,0,0.0,0,493_0_0,False
2605,site17_12.png,128,384,0.0,0,2605_128_384,False
584,site3_642.png,256,0,0.0,0,584_256_0,False
2118,site14_163.png,512,128,0.0,0,2118_512_128,False
2616,site17_25.png,128,256,0.9207763671875,2,2616_128_256,True
95,site3_113.png,384,512,0.61810302734375,2,95_384_512,True
961,site5_118.png,256,128,0.0,0,961_256_128,False
1654,site6_808.png,384,128,0.0,0,1654_384_128,False
350,site3_383.png,384,512,0.0,0,350_384_512,False
2485,site12_86.png,128,384,0.0,0,2485_128_384,False
557,site3_610.png,512,384,0.58404541015625,2,557_512_384,True
1029,site5_192.png,384,128,0.96746826171875,2,1029_384_128,True
1738,site6_917.png,0,384,0.0,0,1738_0_384,False
3165,site13_189.png,128,128,0.1053466796875,1,3165_128_128,True
3145,site13_165.png,384,384,1.0,2,3145_384_384,True
1003,site5_165.png,512,384,0.0,0,1003_512_384,False
2075,site14_114.png,512,0,0.0,0,2075_512_0,False
416,site3_454.png,512,128,0.0,0,416_512_128,False
4614,site16_562.png,0,256,1.0,2,4614_0_256,True
548,site3_601.png,128,256,0.1256103515625,1,548_128_256,True
2913,site8_133.png,384,512,0.0587158203125,1,2913_384_512,True
3122,site13_138.png,128,384,1.0,2,3122_128_384,True
740,site4_60.png,256,0,0.0,0,740_256_0,False
4750,site16_722.png,128,384,0.0,0,4750_128_384,False
1189,site6_171.png,0,128,0.0,0,1189_0_128,False
3219,site2_51.png,128,384,0.9124755859375,2,3219_128_384,True
2457,site12_55.png,384,384,1.0,2,2457_384_384,True
952,site5_109.png,128,0,0.352294921875,1,952_128_0,True
740,site4_60.png,0,0,0.0,0,740_0_0,False
3113,site13_128.png,512,384,0.4134521484375,2,3113_512_384,True
291,site3_321.png,256,384,0.005126953125,0,291_256_384,True
3117,site13_133.png,128,384,1.0,2,3117_128_384,True
2604,site17_11.png,384,256,1.0,2,2604_384_256,True
3095,site13_106.png,256,384,0.0,0,3095_256_384,False
2832,site8_37.png,128,512,1.0,2,2832_128_512,True
4702,site16_667.png,512,384,0.16754150390625,1,4702_512_384,True
548,site3_601.png,256,128,0.07177734375,1,548_256_128,True
2517,site12_120.png,512,384,1.0,2,2517_512_384,True
2105,site14_149.png,128,384,0.50836181640625,2,2105_128_384,True
1787,site6_986.png,384,256,1.0,2,1787_384_256,True
2824,site8_25.png,512,512,0.686767578125,2,2824_512_512,True
1924,site9_29.png,384,0,0.584228515625,2,1924_384_0,True
2332,site15_82.png,128,256,0.0,0,2332_128_256,False
605,site3_667.png,512,128,0.0,0,605_512_128,False
1954,site9_71.png,512,0,0.95465087890625,2,1954_512_0,True
2551,site12_156.png,384,512,0.0,0,2551_384_512,False
983,site5_142.png,128,128,0.0,0,983_128_128,False
1598,site6_727.png,0,512,0.09637451171875,1,1598_0_512,True
1967,site9_90.png,384,512,0.0,0,1967_384_512,False
2602,site17_9.png,128,128,0.9964599609375,2,2602_128_128,True
2643,site17_58.png,256,384,0.48590087890625,2,2643_256_384,True
1002,site5_164.png,512,384,0.2738037109375,1,1002_512_384,True
2646,site17_61.png,384,384,0.40057373046875,2,2646_384_384,True
4856,site16_851.png,256,256,0.0,0,4856_256_256,False
839,site4_166.png,512,128,0.0,0,839_512_128,False
2979,site8_206.png,256,128,0.0,0,2979_256_128,False
2689,site10_28.png,384,256,0.0,0,2689_384_256,False
2074,site14_113.png,512,128,0.17822265625,1,2074_512_128,True
583,site3_641.png,128,384,0.0,0,583_128_384,False
1041,site5_206.png,0,0,1.0,2,1041_0_0,True
772,site4_94.png,256,0,0.0,0,772_256_0,False
2945,site8_168.png,0,0,0.0,0,2945_0_0,False
2962,site8_187.png,128,384,0.0,0,2962_128_384,False
3263,site2_104.png,0,512,0.0,0,3263_0_512,False
609,site3_671.png,512,128,0.0,0,609_512_128,False
3107,site13_122.png,128,512,0.0,0,3107_128_512,False
2087,site14_129.png,384,128,0.0,0,2087_384_128,False
969,site5_128.png,512,256,0.0,0,969_512_256,False
947,site5_102.png,256,128,0.0206298828125,0,947_256_128,True
415,site3_453.png,0,512,0.0,0,415_0_512,False
2493,site12_94.png,128,128,1.0,2,2493_128_128,True
3688,site11_424.png,128,256,0.0,0,3688_128_256,False
2830,site8_35.png,0,0,0.0,0,2830_0_0,False
1189,site6_171.png,256,128,0.0,0,1189_256_128,False
3097,site13_108.png,384,384,0.0,0,3097_384_384,False
2242,site14_310.png,512,256,0.0,0,2242_512_256,False
1205,site6_198.png,128,128,0.0,0,1205_128_128,False
1057,site5_224.png,128,512,0.09100341796875,1,1057_128_512,True
2323,site15_72.png,256,128,0.0,0,2323_256_128,False
1041,site5_206.png,256,384,1.0,2,1041_256_384,True
3718,site11_455.png,0,384,0.0,0,3718_0_384,False
3658,site11_393.png,256,512,0.5159912109375,2,3658_256_512,True
3106,site13_119.png,128,384,0.0,0,3106_128_384,False
1025,site5_188.png,256,0,0.0,0,1025_256_0,False
3060,site13_64.png,384,512,1.0,2,3060_384_512,True
4969,site16_1004.png,0,128,0.0,0,4969_0_128,False
3045,site13_45.png,256,0,0.3167724609375,1,3045_256_0,True
2492,site12_93.png,256,512,1.0,2,2492_256_512,True
1073,site5_242.png,512,0,0.351318359375,1,1073_512_0,True
2599,site17_6.png,256,256,0.0,0,2599_256_256,False
4752,site16_724.png,256,512,0.012939453125,0,4752_256_512,True
1084,site5_257.png,128,128,0.0,0,1084_128_128,False
984,site5_145.png,384,384,1.0,2,984_384_384,True
760,site4_81.png,384,128,0.0,0,760_384_128,False
2718,site1_32.png,512,128,0.0,0,2718_512_128,False
2476,site12_76.png,128,0,0.0,0,2476_128_0,False
2105,site14_149.png,384,512,0.7528076171875,2,2105_384_512,True
2615,site17_24.png,512,512,0.0,0,2615_512_512,False
822,site4_148.png,128,384,0.06378173828125,1,822_128_384,True
3059,site13_63.png,0,512,0.58795166015625,2,3059_0_512,True
1926,site9_31.png,256,512,0.0155029296875,0,1926_256_512,True
4542,site16_484.png,0,256,0.0,0,4542_0_256,False
1026,site5_189.png,128,512,1.0,2,1026_128_512,True
1254,site6_269.png,0,512,0.0,0,1254_0_512,False
319,site3_351.png,0,0,0.0,0,319_0_0,False
900,site5_45.png,384,512,0.0318603515625,0,900_384_512,True
1060,site5_227.png,128,128,0.143798828125,1,1060_128_128,True
2248,site14_316.png,512,384,0.03515625,0,2248_512_384,True
2118,site14_163.png,384,384,0.0,0,2118_384_384,False
964,site5_121.png,384,256,0.0,0,964_384_256,False
606,site3_668.png,0,0,0.0,0,606_0_0,False
2100,site14_144.png,128,0,1.0,2,2100_128_0,True
914,site5_63.png,512,384,1.0,2,914_512_384,True
3190,site13_219.png,0,512,0.0,0,3190_0_512,False
1068,site5_237.png,512,512,0.02252197265625,0,1068_512_512,True
2444,site12_41.png,384,512,1.0,2,2444_384_512,True
1068,site5_237.png,256,256,0.955322265625,2,1068_256_256,True
2084,site14_126.png,0,256,0.0,0,2084_0_256,False
3131,site13_148.png,0,256,0.4539794921875,2,3131_0_256,True
912,site5_61.png,512,0,0.0,0,912_512_0,False
2042,site14_76.png,384,256,0.0,0,2042_384_256,False
1715,site6_886.png,0,0,0.0,0,1715_0_0,False
3076,site13_83.png,512,512,1.0,2,3076_512_512,True
2052,site14_88.png,128,256,0.92822265625,2,2052_128_256,True
2033,site14_67.png,256,256,0.0,0,2033_256_256,False
2457,site12_55.png,256,512,1.0,2,2457_256_512,True
2057,site14_93.png,0,128,0.0,0,2057_0_128,False
2050,site14_86.png,512,512,0.26654052734375,1,2050_512_512,True
551,site3_604.png,0,256,0.0,0,551_0_256,False
3123,site13_139.png,0,128,0.5474853515625,2,3123_0_128,True
1649,site6_795.png,0,0,0.0,0,1649_0_0,False
2935,site8_157.png,0,256,1.0,2,2935_0_256,True
939,site5_94.png,0,256,0.0,0,939_0_256,False
2500,site12_102.png,384,0,0.07415771484375,1,2500_384_0,True
2469,site12_69.png,256,128,0.0,0,2469_256_128,False
4726,site16_694.png,0,0,1.0,2,4726_0_0,True
1023,site5_186.png,384,512,0.0,0,1023_384_512,False
789,site4_112.png,128,512,0.0,0,789_128_512,False
773,site4_95.png,128,512,1.0,2,773_128_512,True
577,site3_635.png,384,512,0.3330078125,1,577_384_512,True
3047,site13_47.png,256,384,1.0,2,3047_256_384,True
519,site3_569.png,128,256,0.0,0,519_128_256,False
2460,site12_58.png,384,128,0.88787841796875,2,2460_384_128,True
2460,site12_58.png,128,128,1.0,2,2460_128_128,True
558,site3_611.png,512,384,0.0,0,558_512_384,False
3118,site13_134.png,256,512,0.00213623046875,0,3118_256_512,True
1191,site6_173.png,256,256,0.33782958984375,1,1191_256_256,True
3219,site2_51.png,0,128,0.46221923828125,2,3219_0_128,True
847,site4_174.png,384,128,0.06170654296875,1,847_384_128,True
3058,site13_62.png,384,256,0.10693359375,1,3058_384_256,True
4469,site16_407.png,0,512,1.0,2,4469_0_512,True
1273,site6_299.png,256,0,0.0,0,1273_256_0,False
2615,site17_24.png,512,256,0.47998046875,2,2615_512_256,True
3122,site13_138.png,128,512,1.0,2,3122_128_512,True
4614,site16_562.png,512,128,0.2354736328125,1,4614_512_128,True
2479,site12_79.png,512,256,1.0,2,2479_512_256,True
1189,site6_171.png,128,512,0.0,0,1189_128_512,False
3122,site13_138.png,384,256,1.0,2,3122_384_256,True
1039,site5_204.png,512,256,0.0,0,1039_512_256,False
2565,site12_171.png,256,384,0.2281494140625,1,2565_256_384,True
1015,site5_177.png,512,384,0.15142822265625,1,1015_512_384,True
2476,site12_76.png,512,0,0.69183349609375,2,2476_512_0,True
3790,site11_529.png,0,384,0.03900146484375,0,3790_0_384,True
3686,site11_422.png,0,256,0.641357421875,2,3686_0_256,True
813,site4_137.png,512,128,0.0,0,813_512_128,False
1024,site5_187.png,512,512,1.0,2,1024_512_512,True
1957,site9_74.png,128,0,1.0,2,1957_128_0,True
3162,site13_186.png,128,0,0.0,0,3162_128_0,False
609,site3_671.png,0,256,0.0,0,609_0_256,False
1015,site5_177.png,128,128,1.0,2,1015_128_128,True
4543,site16_485.png,512,512,0.21331787109375,1,4543_512_512,True
3051,site13_53.png,512,128,0.0,0,3051_512_128,False
2605,site17_12.png,256,128,0.0,0,2605_256_128,False
2471,site12_71.png,0,0,1.0,2,2471_0_0,True
2207,site14_264.png,0,512,0.0,0,2207_0_512,False
2236,site14_297.png,512,0,1.0,2,2236_512_0,True
1301,site6_336.png,128,384,0.64923095703125,2,1301_128_384,True
2154,site14_203.png,128,128,0.0,0,2154_128_128,False
2471,site12_71.png,384,512,1.0,2,2471_384_512,True
2970,site8_196.png,512,256,0.0,0,2970_512_256,False
2923,site8_144.png,512,256,0.46051025390625,2,2923_512_256,True
4752,site16_724.png,0,512,0.44940185546875,2,4752_0_512,True
1785,site6_984.png,384,384,0.0,0,1785_384_384,False
1586,site6_715.png,0,256,0.70172119140625,2,1586_0_256,True
1282,site6_308.png,384,384,0.0,0,1282_384_384,False
1940,site9_51.png,128,512,1.0,2,1940_128_512,True
2491,site12_92.png,128,512,0.0,0,2491_128_512,False
2765,site1_85.png,0,384,1.0,2,2765_0_384,True
4703,site16_668.png,128,256,0.0,0,4703_128_256,False
1925,site9_30.png,256,128,1.0,2,1925_256_128,True
984,site5_145.png,0,128,0.0,0,984_0_128,False
4729,site16_697.png,256,384,0.408203125,2,4729_256_384,True
1778,site6_967.png,256,384,0.0,0,1778_256_384,False
928,site5_81.png,384,512,0.0,0,928_384_512,False
1950,site9_64.png,256,512,0.91357421875,2,1950_256_512,True
1044,site5_209.png,512,512,0.0,0,1044_512_512,False
358,site3_391.png,128,256,0.0,0,358_128_256,False
915,site5_64.png,256,128,1.0,2,915_256_128,True
2672,site7_3.png,0,512,1.0,2,2672_0_512,True
2923,site8_144.png,256,512,0.27587890625,1,2923_256_512,True
1654,site6_808.png,0,512,0.0,0,1654_0_512,False
2528,site12_132.png,512,384,0.0,0,2528_512_384,False
526,site3_576.png,384,128,0.0548095703125,1,526_384_128,True
1492,site6_588.png,256,0,0.37823486328125,1,1492_256_0,True
2346,site15_97.png,0,256,0.0,0,2346_0_256,False
3790,site11_529.png,384,512,0.0,0,3790_384_512,False
1572,site6_693.png,128,128,0.0,0,1572_128_128,False
2197,site14_251.png,384,256,0.0,0,2197_384_256,False
927,site5_80.png,0,512,0.0390625,0,927_0_512,True
1035,site5_200.png,512,128,1.0,2,1035_512_128,True
1075,site5_244.png,128,256,0.2596435546875,1,1075_128_256,True
2075,site14_114.png,256,128,0.29254150390625,1,2075_256_128,True
2174,site14_225.png,384,0,0.0,0,2174_384_0,False
1666,site6_820.png,128,384,0.0,0,1666_128_384,False
961,site5_118.png,0,384,0.0,0,961_0_384,False
1301,site6_336.png,0,256,0.53582763671875,2,1301_0_256,True
2163,site14_212.png,256,512,0.88800048828125,2,2163_256_512,True
823,site4_149.png,384,0,0.2432861328125,1,823_384_0,True
2354,site15_106.png,0,384,1.0,2,2354_0_384,True
1191,site6_173.png,0,128,0.0,0,1191_0_128,False
3151,site13_173.png,0,512,0.0,0,3151_0_512,False
3133,site13_151.png,384,0,0.71240234375,2,3133_384_0,True
2618,site17_29.png,0,128,0.0,0,2618_0_128,False
210,site3_237.png,384,512,0.00421142578125,0,210_384_512,True
4566,site16_510.png,0,256,0.54962158203125,2,4566_0_256,True
4969,site16_1004.png,128,256,0.0,0,4969_128_256,False
2972,site8_198.png,128,0,0.0,0,2972_128_0,False
1788,site6_987.png,0,512,0.27960205078125,1,1788_0_512,True
240,site3_268.png,512,0,0.0,0,240_512_0,False
997,site5_158.png,128,0,0.0,0,997_128_0,False
2445,site12_42.png,128,256,1.0,2,2445_128_256,True
2529,site12_133.png,384,256,0.0,0,2529_384_256,False
2036,site14_70.png,128,0,0.0,0,2036_128_0,False
993,site5_154.png,384,128,0.0,0,993_384_128,False
1035,site5_200.png,0,0,0.747314453125,2,1035_0_0,True
2935,site8_157.png,128,128,0.7679443359375,2,2935_128_128,True
1027,site5_190.png,0,512,1.0,2,1027_0_512,True
758,site4_79.png,128,256,0.8515625,2,758_128_256,True
1787,site6_986.png,128,0,1.0,2,1787_128_0,True
1941,site9_52.png,384,256,1.0,2,1941_384_256,True
2729,site1_44.png,384,256,0.00799560546875,0,2729_384_256,True
3125,site13_142.png,384,128,0.31982421875,1,3125_384_128,True
814,site4_138.png,384,512,0.0,0,814_384_512,False
1084,site5_257.png,128,512,0.0,0,1084_128_512,False
2440,site12_37.png,512,256,0.0,0,2440_512_256,False
936,site5_91.png,512,128,0.0,0,936_512_128,False
2492,site12_93.png,128,128,1.0,2,2492_128_128,True
2499,site12_101.png,256,384,0.1329345703125,1,2499_256_384,True
3106,site13_119.png,384,256,0.0,0,3106_384_256,False
2154,site14_203.png,512,0,0.0,0,2154_512_0,False
3042,site13_42.png,384,384,0.8013916015625,2,3042_384_384,True
549,site3_602.png,256,512,0.0,0,549_256_512,False
2344,site15_95.png,512,0,0.15838623046875,1,2344_512_0,True
1912,site9_6.png,128,256,0.0,0,1912_128_256,False
937,site5_92.png,0,384,0.0,0,937_0_384,False
3088,site13_97.png,0,128,0.0,0,3088_0_128,False
3117,site13_133.png,384,128,1.0,2,3117_384_128,True
4591,site16_537.png,0,128,0.187255859375,1,4591_0_128,True
4752,site16_724.png,0,0,0.080078125,1,4752_0_0,True
948,site5_103.png,0,0,0.0,0,948_0_0,False
3231,site2_66.png,384,384,0.0,0,3231_384_384,False
2514,site12_117.png,384,384,0.98431396484375,2,2514_384_384,True
3687,site11_423.png,128,384,0.019775390625,0,3687_128_384,True
978,site5_137.png,0,0,0.68841552734375,2,978_0_0,True
1762,site6_951.png,512,256,1.0,2,1762_512_256,True
1058,site5_225.png,0,256,0.0,0,1058_0_256,False
2371,site15_126.png,128,384,0.0,0,2371_128_384,False
3135,site13_153.png,512,128,0.0,0,3135_512_128,False
2925,site8_146.png,256,256,0.3973388671875,1,2925_256_256,True
3720,site11_457.png,128,0,0.44512939453125,2,3720_128_0,True
1191,site6_173.png,512,384,0.55181884765625,2,1191_512_384,True
3075,site13_82.png,128,384,1.0,2,3075_128_384,True
2085,site14_127.png,384,256,0.0,0,2085_384_256,False
2602,site17_9.png,0,384,1.0,2,2602_0_384,True
2394,site15_153.png,256,512,0.0,0,2394_256_512,False
2394,site15_153.png,256,128,0.0,0,2394_256_128,False
980,site5_139.png,512,256,0.18023681640625,1,980_512_256,True
989,site5_150.png,384,512,0.64678955078125,2,989_384_512,True
2365,site15_118.png,384,0,0.81549072265625,2,2365_384_0,True
2187,site14_238.png,128,128,0.01727294921875,0,2187_128_128,True
1742,site6_921.png,512,512,0.0,0,1742_512_512,False
755,site4_76.png,256,512,0.0,0,755_256_512,False
756,site4_77.png,512,384,1.0,2,756_512_384,True
2775,site1_97.png,384,512,0.0,0,2775_384_512,False
2110,site14_154.png,512,512,0.0,0,2110_512_512,False
2053,site14_89.png,0,128,0.1468505859375,1,2053_0_128,True
2457,site12_55.png,128,0,1.0,2,2457_128_0,True
3111,site13_126.png,256,0,0.13128662109375,1,3111_256_0,True
3190,site13_219.png,256,512,0.0,0,3190_256_512,False
3076,site13_83.png,0,256,1.0,2,3076_0_256,True
2765,site1_85.png,512,512,0.0,0,2765_512_512,False
2972,site8_198.png,256,256,0.2845458984375,1,2972_256_256,True
4589,site16_535.png,512,384,0.46478271484375,2,4589_512_384,True
1032,site5_195.png,128,128,1.0,2,1032_128_128,True
1586,site6_715.png,384,256,0.77294921875,2,1586_384_256,True
528,site3_578.png,384,256,0.153076171875,1,528_384_256,True
2611,site17_20.png,384,256,1.0,2,2611_384_256,True
94,site3_112.png,384,0,0.0,0,94_384_0,False
3116,site13_132.png,128,384,0.388427734375,1,3116_128_384,True
1191,site6_173.png,256,384,0.08135986328125,1,1191_256_384,True
3790,site11_529.png,256,128,0.0,0,3790_256_128,False
849,site4_176.png,128,256,0.0,0,849_128_256,False
1086,site5_259.png,512,0,0.0,0,1086_512_0,False
3125,site13_142.png,256,128,0.0,0,3125_256_128,False
2371,site15_126.png,512,384,0.0,0,2371_512_384,False
3078,site13_85.png,256,256,0.0,0,3078_256_256,False
2437,site12_34.png,128,256,0.0,0,2437_128_256,False
577,site3_635.png,0,512,0.0,0,577_0_512,False
1571,site6_692.png,256,0,0.53887939453125,2,1571_256_0,True
3076,site13_83.png,0,384,1.0,2,3076_0_384,True
1254,site6_269.png,0,256,0.0,0,1254_0_256,False
3083,site13_92.png,256,256,1.0,2,3083_256_256,True
3069,site13_74.png,384,128,1.0,2,3069_384_128,True
918,site5_67.png,256,256,0.0,0,918_256_256,False
604,site3_666.png,128,128,0.0,0,604_128_128,False
473,site3_517.png,384,0,0.0,0,473_384_0,False
3242,site2_79.png,0,256,0.07904052734375,1,3242_0_256,True
2528,site12_132.png,0,512,0.0,0,2528_0_512,False
1918,site9_19.png,128,384,1.0,2,1918_128_384,True
3229,site2_64.png,384,128,0.26910400390625,1,3229_384_128,True
972,site5_131.png,512,384,0.09722900390625,1,972_512_384,True
3120,site13_136.png,0,384,0.0650634765625,1,3120_0_384,True
4492,site16_432.png,256,128,0.325439453125,1,4492_256_128,True
3054,site13_56.png,256,256,0.3385009765625,1,3054_256_256,True
1058,site5_225.png,256,0,1.0,2,1058_256_0,True
1779,site6_968.png,384,384,0.0,0,1779_384_384,False
2441,site12_38.png,512,512,0.33929443359375,1,2441_512_512,True
2616,site17_25.png,256,128,0.21466064453125,1,2616_256_128,True
1032,site5_195.png,0,256,0.92401123046875,2,1032_0_256,True
947,site5_102.png,512,128,0.0,0,947_512_128,False
577,site3_635.png,512,128,0.0050048828125,0,577_512_128,True
584,site3_642.png,384,512,0.0,0,584_384_512,False
3720,site11_457.png,512,0,0.0,0,3720_512_0,False
1380,site6_441.png,128,0,0.0,0,1380_128_0,False
2630,site17_43.png,256,0,0.0,0,2630_256_0,False
2075,site14_114.png,0,384,0.4486083984375,2,2075_0_384,True
2657,site17_74.png,128,256,0.0,0,2657_128_256,False
1036,site5_201.png,256,0,0.0,0,1036_256_0,False
772,site4_94.png,512,512,1.0,2,772_512_512,True
2986,site8_214.png,512,128,0.0,0,2986_512_128,False
1282,site6_308.png,0,384,0.0,0,1282_0_384,False
416,site3_454.png,128,128,0.0,0,416_128_128,False
2341,site15_92.png,128,0,0.0,0,2341_128_0,False
502,site3_549.png,256,0,0.0,0,502_256_0,False
3060,site13_64.png,512,128,0.0,0,3060_512_128,False
774,site4_96.png,512,128,0.60791015625,2,774_512_128,True
2459,site12_57.png,512,0,0.90887451171875,2,2459_512_0,True
2786,site1_110.png,128,512,1.0,2,2786_128_512,True
839,site4_166.png,384,0,0.0,0,839_384_0,False
2042,site14_76.png,512,0,0.0,0,2042_512_0,False
4565,site16_509.png,384,128,0.0,0,4565_384_128,False
1638,site6_784.png,128,384,0.0,0,1638_128_384,False
1493,site6_589.png,384,128,0.0,0,1493_384_128,False
1605,site6_743.png,0,512,0.0,0,1605_0_512,False
902,site5_47.png,0,256,6.103515625e-05,0,902_0_256,True
1168,site6_137.png,256,128,0.0,0,1168_256_128,False
1299,site6_334.png,512,256,0.26708984375,1,1299_512_256,True
386,site3_421.png,256,128,0.0,0,386_256_128,False
1924,site9_29.png,128,0,0.40447998046875,2,1924_128_0,True
3046,site13_46.png,384,256,1.0,2,3046_384_256,True
1956,site9_73.png,384,256,0.64398193359375,2,1956_384_256,True
583,site3_641.png,512,128,0.0,0,583_512_128,False
2653,site17_70.png,0,128,0.177978515625,1,2653_0_128,True
4808,site16_793.png,256,256,0.0,0,4808_256_256,False
3141,site13_159.png,0,512,1.0,2,3141_0_512,True
387,site3_422.png,512,128,0.21331787109375,1,387_512_128,True
2460,site12_58.png,0,384,0.878662109375,2,2460_0_384,True
3011,site8_244.png,128,256,0.06365966796875,1,3011_128_256,True
3104,site13_117.png,384,0,0.96270751953125,2,3104_384_0,True
270,site3_299.png,0,0,0.24615478515625,1,270_0_0,True
900,site5_45.png,256,384,0.0,0,900_256_384,False
1714,site6_885.png,384,384,0.0,0,1714_384_384,False
2057,site14_93.png,0,256,0.0,0,2057_0_256,False
2423,site12_19.png,384,512,0.0,0,2423_384_512,False
2687,site10_22.png,256,384,0.19476318359375,1,2687_256_384,True
2520,site12_123.png,256,512,0.88043212890625,2,2520_256_512,True
813,site4_137.png,0,128,0.0,0,813_0_128,False
3693,site11_429.png,128,128,0.00457763671875,0,3693_128_128,True
2578,site12_186.png,384,128,0.32275390625,1,2578_384_128,True
4677,site16_638.png,0,384,0.0,0,4677_0_384,False
790,site4_113.png,128,128,1.0,2,790_128_128,True
3088,site13_97.png,256,128,0.0,0,3088_256_128,False
503,site3_550.png,384,512,0.0,0,503_384_512,False
3059,site13_63.png,512,0,0.6536865234375,2,3059_512_0,True
1042,site5_207.png,384,256,1.0,2,1042_384_256,True
2632,site17_45.png,0,384,0.0,0,2632_0_384,False
1804,site6_1003.png,0,256,0.1229248046875,1,1804_0_256,True
1229,site6_233.png,512,256,0.0,0,1229_512_256,False
969,site5_128.png,128,128,0.35675048828125,1,969_128_128,True
2075,site14_114.png,512,384,0.0,0,2075_512_384,False
1041,site5_206.png,384,256,1.0,2,1041_384_256,True
2615,site17_24.png,0,128,1.0,2,2615_0_128,True
4492,site16_432.png,128,512,0.0,0,4492_128_512,False
1035,site5_200.png,512,384,1.0,2,1035_512_384,True
3099,site13_112.png,512,384,1.0,2,3099_512_384,True
3788,site11_527.png,256,0,0.5445556640625,2,3788_256_0,True
865,site4_194.png,128,512,0.0,0,865_128_512,False
1961,site9_81.png,0,384,0.0,0,1961_0_384,False
352,site3_385.png,256,128,0.0,0,352_256_128,False
1544,site6_657.png,0,384,0.63037109375,2,1544_0_384,True
2943,site8_166.png,512,512,1.0,2,2943_512_512,True
2235,site14_296.png,256,0,0.0,0,2235_256_0,False
2838,site8_46.png,128,384,0.0,0,2838_128_384,False
936,site5_91.png,128,256,0.0,0,936_128_256,False
2786,site1_110.png,0,128,0.007080078125,0,2786_0_128,True
3692,site11_428.png,512,512,0.0,0,3692_512_512,False
790,site4_113.png,384,512,1.0,2,790_384_512,True
2334,site15_84.png,128,512,0.3408203125,1,2334_128_512,True
2154,site14_203.png,0,512,0.0,0,2154_0_512,False
1022,site5_185.png,128,384,0.0,0,1022_128_384,False
3249,site2_88.png,0,0,0.0,0,3249_0_0,False
2157,site14_206.png,512,128,0.84613037109375,2,2157_512_128,True
1044,site5_209.png,128,128,1.0,2,1044_128_128,True
2033,site14_67.png,128,128,0.0,0,2033_128_128,False
1666,site6_820.png,128,128,0.0,0,1666_128_128,False
1044,site5_209.png,128,512,0.0166015625,0,1044_128_512,True
1067,site5_236.png,384,256,1.0,2,1067_384_256,True
1692,site6_855.png,256,512,0.0,0,1692_256_512,False
1325,site6_369.png,128,384,0.8919677734375,2,1325_128_384,True
1524,site6_637.png,256,0,0.00054931640625,0,1524_256_0,True
3690,site11_426.png,256,512,0.20989990234375,1,3690_256_512,True
4725,site16_693.png,128,256,0.0,0,4725_128_256,False
774,site4_96.png,0,384,1.0,2,774_0_384,True
3060,site13_64.png,128,0,0.58074951171875,2,3060_128_0,True
3143,site13_163.png,256,512,0.0,0,3143_256_512,False
3721,site11_458.png,512,128,0.0,0,3721_512_128,False
1045,site5_210.png,0,384,0.0,0,1045_0_384,False
2642,site17_57.png,0,512,0.46856689453125,2,2642_0_512,True
1054,site5_221.png,512,512,0.0,0,1054_512_512,False
822,site4_148.png,256,256,0.17974853515625,1,822_256_256,True
4566,site16_510.png,0,0,0.45452880859375,2,4566_0_0,True
1924,site9_29.png,512,0,0.9222412109375,2,1924_512_0,True
2471,site12_71.png,128,512,1.0,2,2471_128_512,True
1053,site5_220.png,0,384,0.0,0,1053_0_384,False
2436,site12_33.png,256,0,0.55303955078125,2,2436_256_0,True
2726,site1_41.png,128,384,0.0,0,2726_128_384,False
3038,site13_36.png,384,128,1.0,2,3038_384_128,True
2640,site17_55.png,256,256,0.563232421875,2,2640_256_256,True
3161,site13_185.png,256,0,0.25189208984375,1,3161_256_0,True
3162,site13_186.png,512,256,0.0,0,3162_512_256,False
328,site3_360.png,512,128,0.0323486328125,0,328_512_128,True
2219,site14_276.png,512,384,0.0,0,2219_512_384,False
1692,site6_855.png,512,0,0.53057861328125,2,1692_512_0,True
2208,site14_265.png,0,0,0.74554443359375,2,2208_0_0,True
3061,site13_65.png,0,0,0.0,0,3061_0_0,False
3157,site13_179.png,256,0,0.0,0,3157_256_0,False
2334,site15_84.png,384,128,0.00396728515625,0,2334_384_128,True
123,site3_144.png,384,256,0.0,0,123_384_256,False
3053,site13_55.png,0,384,0.0,0,3053_0_384,False
3079,site13_86.png,512,256,1.0,2,3079_512_256,True
3148,site13_168.png,256,384,1.0,2,3148_256_384,True
1254,site6_269.png,256,128,0.0,0,1254_256_128,False
1736,site6_915.png,0,512,1.0,2,1736_0_512,True
2057,site14_93.png,0,512,0.20025634765625,1,2057_0_512,True
521,site3_571.png,0,128,0.14630126953125,1,521_0_128,True
990,site5_151.png,128,512,0.81158447265625,2,990_128_512,True
502,site3_549.png,0,512,0.0,0,502_0_512,False
1543,site6_656.png,256,0,0.0,0,1543_256_0,False
1779,site6_968.png,512,0,0.0,0,1779_512_0,False
1826,site6_1037.png,128,0,0.88214111328125,2,1826_128_0,True
3024,site13_8.png,128,512,0.0,0,3024_128_512,False
1271,site6_297.png,0,256,0.0,0,1271_0_256,False
2904,site8_123.png,256,512,0.0,0,2904_256_512,False
1023,site5_186.png,128,128,0.37872314453125,1,1023_128_128,True
1044,site5_209.png,512,128,0.80487060546875,2,1044_512_128,True
2457,site12_55.png,512,0,1.0,2,2457_512_0,True
2087,site14_129.png,128,256,0.0,0,2087_128_256,False
1967,site9_90.png,256,128,0.0,0,1967_256_128,False
3164,site13_188.png,384,128,0.0,0,3164_384_128,False
2441,site12_38.png,256,512,0.63702392578125,2,2441_256_512,True
3130,site13_147.png,0,128,1.0,2,3130_0_128,True
1015,site5_177.png,0,384,1.0,2,1015_0_384,True
2615,site17_24.png,384,0,1.0,2,2615_384_0,True
2847,site8_57.png,128,0,0.0,0,2847_128_0,False
3046,site13_46.png,512,128,1.0,2,3046_512_128,True
3075,site13_82.png,384,512,1.0,2,3075_384_512,True
1776,site6_965.png,512,0,0.0,0,1776_512_0,False
2685,site10_20.png,0,0,0.0,0,2685_0_0,False
1404,site6_474.png,384,0,1.0,2,1404_384_0,True
2442,site12_39.png,128,128,0.74462890625,2,2442_128_128,True
1037,site5_202.png,256,256,0.61138916015625,2,1037_256_256,True
4518,site16_459.png,256,512,0.0,0,4518_256_512,False
1041,site5_206.png,0,384,1.0,2,1041_0_384,True
3042,site13_42.png,128,0,0.0,0,3042_128_0,False
2832,site8_37.png,512,384,1.0,2,2832_512_384,True
2655,site17_72.png,384,512,0.0,0,2655_384_512,False
1926,site9_31.png,0,0,1.0,2,1926_0_0,True
1804,site6_1003.png,384,128,0.0,0,1804_384_128,False
4773,site16_750.png,384,256,0.0,0,4773_384_256,False
1087,site5_260.png,0,512,1.0,2,1087_0_512,True
2847,site8_57.png,384,256,0.5408935546875,2,2847_384_256,True
292,site3_322.png,256,0,0.0,0,292_256_0,False
2154,site14_203.png,512,512,0.0,0,2154_512_512,False
2674,site7_6.png,384,256,0.5718994140625,2,2674_384_256,True
1025,site5_188.png,128,0,0.726318359375,2,1025_128_0,True
1544,site6_657.png,384,512,0.0,0,1544_384_512,False
2446,site12_43.png,128,0,0.23846435546875,1,2446_128_0,True
760,site4_81.png,512,128,0.0,0,760_512_128,False
4743,site16_715.png,256,512,0.0,0,4743_256_512,False
3655,site11_390.png,0,128,0.0,0,3655_0_128,False
2234,site14_295.png,0,512,0.0,0,2234_0_512,False
2563,site12_169.png,512,256,0.31549072265625,1,2563_512_256,True
2518,site12_121.png,128,256,1.0,2,2518_128_256,True
3067,site13_72.png,384,384,1.0,2,3067_384_384,True
2371,site15_126.png,0,128,0.0,0,2371_0_128,False
3130,site13_147.png,256,128,1.0,2,3130_256_128,True
2105,site14_149.png,0,384,1.0,2,2105_0_384,True
2438,site12_35.png,0,384,0.3590087890625,1,2438_0_384,True
3111,site13_126.png,384,256,1.0,2,3111_384_256,True
1005,site5_167.png,384,512,0.56915283203125,2,1005_384_512,True
1086,site5_259.png,128,384,0.0,0,1086_128_384,False
2092,site14_134.png,512,256,0.0,0,2092_512_256,False
1168,site6_137.png,512,384,0.0,0,1168_512_384,False
4703,site16_668.png,512,256,0.0,0,4703_512_256,False
408,site3_446.png,384,384,0.0,0,408_384_384,False
1913,site9_7.png,384,128,0.0,0,1913_384_128,False
1742,site6_921.png,384,128,0.60247802734375,2,1742_384_128,True
968,site5_127.png,384,128,1.0,2,968_384_128,True
1085,site5_258.png,512,256,0.0,0,1085_512_256,False
1037,site5_202.png,0,512,0.0,0,1037_0_512,False
3103,site13_116.png,384,128,0.9556884765625,2,3103_384_128,True
3263,site2_104.png,256,256,0.0,0,3263_256_256,False
3287,site2_131.png,512,0,0.0,0,3287_512_0,False
823,site4_149.png,384,384,0.0,0,823_384_384,False
2157,site14_206.png,128,256,0.01580810546875,0,2157_128_256,True
526,site3_576.png,512,128,0.07806396484375,1,526_512_128,True
791,site4_114.png,256,384,0.26605224609375,1,791_256_384,True
3054,site13_56.png,512,128,0.96771240234375,2,3054_512_128,True
3657,site11_392.png,128,512,0.0,0,3657_128_512,False
3721,site11_458.png,128,384,0.0,0,3721_128_384,False
1961,site9_81.png,256,384,0.0,0,1961_256_384,False
2403,site15_164.png,384,384,0.0,0,2403_384_384,False
4569,site16_513.png,256,0,0.0,0,4569_256_0,False
4568,site16_512.png,0,128,0.0,0,4568_0_128,False
2219,site14_276.png,0,256,0.0,0,2219_0_256,False
1786,site6_985.png,0,384,0.0,0,1786_0_384,False
992,site5_153.png,384,512,1.0,2,992_384_512,True
1959,site9_79.png,128,384,1.0,2,1959_128_384,True
1215,site6_208.png,256,0,0.0,0,1215_256_0,False
2740,site1_56.png,256,0,0.0,0,2740_256_0,False
1926,site9_31.png,128,0,1.0,2,1926_128_0,True
1359,site6_412.png,128,0,0.0,0,1359_128_0,False
2354,site15_106.png,256,0,0.31158447265625,1,2354_256_0,True
1016,site5_178.png,256,512,0.0,0,1016_256_512,False
984,site5_145.png,0,512,0.0,0,984_0_512,False
1520,site6_624.png,128,384,0.0,0,1520_128_384,False
2521,site12_124.png,384,256,0.55670166015625,2,2521_384_256,True
2848,site8_58.png,384,0,0.0,0,2848_384_0,False
972,site5_131.png,384,256,0.0,0,972_384_256,False
3105,site13_118.png,512,512,1.0,2,3105_512_512,True
2117,site14_162.png,384,512,0.0,0,2117_384_512,False
1007,site5_169.png,0,256,0.874755859375,2,1007_0_256,True
4750,site16_722.png,0,384,0.0,0,4750_0_384,False
2837,site8_45.png,128,128,0.0,0,2837_128_128,False
3263,site2_104.png,512,256,0.0,0,3263_512_256,False
3156,site13_178.png,128,128,1.0,2,3156_128_128,True
3045,site13_45.png,256,512,0.70220947265625,2,3045_256_512,True
1087,site5_260.png,512,512,1.0,2,1087_512_512,True
3289,site2_133.png,128,256,0.0,0,3289_128_256,False
1041,site5_206.png,0,512,0.994140625,2,1041_0_512,True
2233,site14_294.png,0,384,0.34783935546875,1,2233_0_384,True
3592,site11_325.png,512,0,0.0,0,3592_512_0,False
2955,site8_179.png,0,0,0.0,0,2955_0_0,False
2515,site12_118.png,512,512,0.0301513671875,0,2515_512_512,True
912,site5_61.png,384,256,0.0,0,912_384_256,False
2124,site14_169.png,512,0,0.07928466796875,1,2124_512_0,True
2652,site17_69.png,512,0,0.35064697265625,1,2652_512_0,True
3824,site11_564.png,0,128,0.0040283203125,0,3824_0_128,True
1762,site6_951.png,0,128,1.0,2,1762_0_128,True
3688,site11_424.png,0,128,0.0,0,3688_0_128,False
3054,site13_56.png,512,512,0.2008056640625,1,3054_512_512,True
2459,site12_57.png,384,512,1.0,2,2459_384_512,True
2521,site12_124.png,384,384,0.61004638671875,2,2521_384_384,True
3099,site13_112.png,256,384,1.0,2,3099_256_384,True
2740,site1_56.png,384,512,0.0,0,2740_384_512,False
2517,site12_120.png,384,384,0.65252685546875,2,2517_384_384,True
926,site5_79.png,512,0,1.0,2,926_512_0,True
526,site3_576.png,256,256,0.0,0,526_256_256,False
833,site4_159.png,512,128,0.0,0,833_512_128,False
2831,site8_36.png,128,256,1.0,2,2831_128_256,True
2830,site8_35.png,512,128,1.0,2,2830_512_128,True
923,site5_76.png,128,512,0.32464599609375,1,923_128_512,True
2763,site1_83.png,256,256,0.48297119140625,2,2763_256_256,True
2351,site15_103.png,0,128,0.0,0,2351_0_128,False
932,site5_85.png,128,128,0.0,0,932_128_128,False
3719,site11_456.png,0,384,0.50341796875,2,3719_0_384,True
3219,site2_51.png,128,128,0.402099609375,2,3219_128_128,True
2371,site15_126.png,0,512,0.0,0,2371_0_512,False
4493,site16_433.png,128,384,0.30804443359375,1,4493_128_384,True
2499,site12_101.png,512,0,0.81964111328125,2,2499_512_0,True
3023,site13_7.png,0,384,0.037841796875,0,3023_0_384,True
1027,site5_190.png,128,512,1.0,2,1027_128_512,True
2943,site8_166.png,256,256,1.0,2,2943_256_256,True
4542,site16_484.png,0,512,0.2232666015625,1,4542_0_512,True
3274,site2_116.png,256,0,0.0,0,3274_256_0,False
2341,site15_92.png,384,384,0.96337890625,2,2341_384_384,True
790,site4_113.png,512,128,1.0,2,790_512_128,True
3141,site13_159.png,512,256,0.0,0,3141_512_256,False
210,site3_237.png,512,256,0.0,0,210_512_256,False
1493,site6_589.png,0,0,0.10382080078125,1,1493_0_0,True
123,site3_144.png,128,256,0.0,0,123_128_256,False
3209,site2_37.png,384,384,0.16229248046875,1,3209_384_384,True
1763,site6_952.png,0,512,1.0,2,1763_0_512,True
998,site5_159.png,128,256,0.0,0,998_128_256,False
2470,site12_70.png,384,384,0.36370849609375,1,2470_384_384,True
1035,site5_200.png,384,0,1.0,2,1035_384_0,True
3157,site13_179.png,384,384,0.0,0,3157_384_384,False
1271,site6_297.png,384,256,0.0556640625,1,1271_384_256,True
2686,site10_21.png,512,256,0.0,0,2686_512_256,False
2486,site12_87.png,128,0,1.0,2,2486_128_0,True
351,site3_384.png,0,0,0.22528076171875,1,351_0_0,True
3104,site13_117.png,256,512,0.87762451171875,2,3104_256_512,True
759,site4_80.png,128,256,0.66583251953125,2,759_128_256,True
3134,site13_152.png,0,128,1.0,2,3134_0_128,True
2102,site14_146.png,0,512,1.0,2,2102_0_512,True
2518,site12_121.png,256,256,1.0,2,2518_256_256,True
2926,site8_147.png,384,512,0.72100830078125,2,2926_384_512,True
1949,site9_63.png,384,0,1.0,2,1949_384_0,True
2493,site12_94.png,256,128,1.0,2,2493_256_128,True
2242,site14_310.png,0,256,0.0,0,2242_0_256,False
2674,site7_6.png,512,256,0.06951904296875,1,2674_512_256,True
2101,site14_145.png,128,256,0.99560546875,2,2101_128_256,True
2485,site12_86.png,256,256,0.4449462890625,2,2485_256_256,True
519,site3_569.png,0,128,0.0,0,519_0_128,False
2961,site8_186.png,512,0,0.19482421875,1,2961_512_0,True
3029,site13_25.png,256,512,0.0,0,3029_256_512,False
2272,site14_356.png,512,128,0.5882568359375,2,2272_512_128,True
1654,site6_808.png,0,384,0.0230712890625,0,1654_0_384,True
328,site3_360.png,0,256,0.0,0,328_0_256,False
4729,site16_697.png,128,128,0.06915283203125,1,4729_128_128,True
900,site5_45.png,384,384,0.0,0,900_384_384,False
1947,site9_61.png,512,512,1.0,2,1947_512_512,True
740,site4_60.png,256,256,0.0,0,740_256_256,False
2371,site15_126.png,384,256,0.0,0,2371_384_256,False
493,site3_540.png,384,384,0.0,0,493_384_384,False
773,site4_95.png,384,384,1.0,2,773_384_384,True
4569,site16_513.png,512,512,0.0,0,4569_512_512,False
2365,site15_118.png,128,256,0.0,0,2365_128_256,False
947,site5_102.png,256,256,0.01348876953125,0,947_256_256,True
350,site3_383.png,384,0,0.0,0,350_384_0,False
814,site4_138.png,256,512,0.0,0,814_256_512,False
2198,site14_252.png,256,384,0.0,0,2198_256_384,False
1010,site5_172.png,384,512,1.0,2,1010_384_512,True
632,site3_699.png,0,256,0.0,0,632_0_256,False
291,site3_321.png,0,512,0.1138916015625,1,291_0_512,True
2471,site12_71.png,128,384,1.0,2,2471_128_384,True
3011,site8_244.png,512,512,0.1966552734375,1,3011_512_512,True
3660,site11_395.png,256,384,1.0,2,3660_256_384,True
3034,site13_32.png,256,512,0.0,0,3034_256_512,False
630,site3_697.png,0,128,0.0,0,630_0_128,False
2041,site14_75.png,128,512,0.0,0,2041_128_512,False
1763,site6_952.png,128,256,1.0,2,1763_128_256,True
923,site5_76.png,0,256,0.0,0,923_0_256,False
1229,site6_233.png,0,128,0.0,0,1229_0_128,False
2180,site14_231.png,384,128,0.0,0,2180_384_128,False
2092,site14_134.png,384,256,0.0,0,2092_384_256,False
2961,site8_186.png,256,128,0.84832763671875,2,2961_256_128,True
577,site3_635.png,256,0,0.0,0,577_256_0,False
963,site5_120.png,0,384,0.82525634765625,2,963_0_384,True
2174,site14_225.png,128,128,1.0,2,2174_128_128,True
4565,site16_509.png,384,384,0.0,0,4565_384_384,False
2323,site15_72.png,512,128,0.0,0,2323_512_128,False
2066,site14_105.png,512,256,0.1900634765625,1,2066_512_256,True
2192,site14_246.png,128,0,0.42401123046875,2,2192_128_0,True
210,site3_237.png,128,128,0.0364990234375,0,210_128_128,True
772,site4_94.png,512,256,1.0,2,772_512_256,True
2084,site14_126.png,384,0,0.99737548828125,2,2084_384_0,True
3134,site13_152.png,384,128,0.0,0,3134_384_128,False
360,site3_393.png,128,256,0.63140869140625,2,360_128_256,True
2675,site7_7.png,512,384,0.0,0,2675_512_384,False
630,site3_697.png,0,384,0.0,0,630_0_384,False
3274,site2_116.png,0,128,0.0,0,3274_0_128,False
2042,site14_76.png,0,384,0.5172119140625,2,2042_0_384,True
2463,site12_61.png,512,256,1.0,2,2463_512_256,True
980,site5_139.png,384,256,0.20050048828125,1,980_384_256,True
1787,site6_986.png,128,512,0.0,0,1787_128_512,False
3790,site11_529.png,0,256,0.35870361328125,1,3790_0_256,True
3166,site13_192.png,0,512,1.0,2,3166_0_512,True
1958,site9_75.png,512,0,0.49237060546875,2,1958_512_0,True
4377,site16_304.png,512,128,0.0,0,4377_512_128,False
1271,site6_297.png,256,256,0.0,0,1271_256_256,False
2110,site14_154.png,0,128,0.0,0,2110_0_128,False
891,site5_31.png,512,256,0.0,0,891_512_256,False
2446,site12_43.png,128,512,1.0,2,2446_128_512,True
4702,site16_667.png,128,0,0.0,0,4702_128_0,False
3690,site11_426.png,256,128,0.0,0,3690_256_128,False
3123,site13_139.png,0,512,0.46978759765625,2,3123_0_512,True
3726,site11_463.png,384,512,0.0,0,3726_384_512,False
2674,site7_6.png,0,0,0.45758056640625,2,2674_0_0,True
3266,site2_107.png,128,384,0.0,0,3266_128_384,False
2646,site17_61.png,512,256,0.0,0,2646_512_256,False
532,site3_582.png,512,256,0.0,0,532_512_256,False
270,site3_299.png,256,128,0.0,0,270_256_128,False
2955,site8_179.png,256,384,0.0,0,2955_256_384,False
2616,site17_25.png,384,0,0.0,0,2616_384_0,False
2235,site14_296.png,0,256,0.0,0,2235_0_256,False
968,site5_127.png,0,0,0.8946533203125,2,968_0_0,True
4786,site16_767.png,384,128,0.0,0,4786_384_128,False
4492,site16_432.png,512,128,1.0,2,4492_512_128,True
1215,site6_208.png,512,256,0.02276611328125,0,1215_512_256,True
2059,site14_95.png,128,384,0.0,0,2059_128_384,False
556,site3_609.png,256,512,0.1787109375,1,556_256_512,True
1282,site6_308.png,384,0,0.0,0,1282_384_0,False
359,site3_392.png,512,256,0.09521484375,1,359_512_256,True
3038,site13_36.png,512,512,1.0,2,3038_512_512,True
849,site4_176.png,384,512,0.0,0,849_384_512,False
2226,site14_287.png,512,512,0.0,0,2226_512_512,False
865,site4_194.png,256,512,0.0,0,865_256_512,False
1918,site9_19.png,256,128,0.72283935546875,2,1918_256_128,True
556,site3_609.png,256,0,0.0,0,556_256_0,False
775,site4_97.png,0,256,0.02099609375,0,775_0_256,True
298,site3_328.png,512,128,0.0,0,298_512_128,False
122,site3_143.png,256,384,0.0,0,122_256_384,False
1738,site6_917.png,0,0,0.0,0,1738_0_0,False
1168,site6_137.png,512,512,0.0,0,1168_512_512,False
2365,site15_118.png,0,0,0.36492919921875,1,2365_0_0,True
4725,site16_693.png,256,128,0.00048828125,0,4725_256_128,True
1940,site9_51.png,384,512,1.0,2,1940_384_512,True
3135,site13_153.png,384,128,0.0,0,3135_384_128,False
950,site5_105.png,384,0,0.0,0,950_384_0,False
938,site5_93.png,0,256,0.0,0,938_0_256,False
2187,site14_238.png,0,512,0.1365966796875,1,2187_0_512,True
3045,site13_45.png,0,256,0.0,0,3045_0_256,False
4730,site16_698.png,0,384,0.0,0,4730_0_384,False
984,site5_145.png,128,512,0.0,0,984_128_512,False
3718,site11_455.png,512,384,0.2325439453125,1,3718_512_384,True
915,site5_64.png,384,384,0.07763671875,1,915_384_384,True
4769,site16_746.png,384,0,0.0,0,4769_384_0,False
3592,site11_325.png,0,512,0.0,0,3592_0_512,False
1440,site6_518.png,128,384,0.0,0,1440_128_384,False
3788,site11_527.png,384,384,0.52117919921875,2,3788_384_384,True
2440,site12_37.png,128,384,0.0,0,2440_128_384,False
1949,site9_63.png,384,256,0.0997314453125,1,1949_384_256,True
3658,site11_393.png,512,256,0.10107421875,1,3658_512_256,True
4768,site16_745.png,256,0,0.0,0,4768_256_0,False
240,site3_268.png,128,256,0.0,0,240_128_256,False
3097,site13_108.png,128,0,0.0,0,3097_128_0,False
2092,site14_134.png,256,0,0.0,0,2092_256_0,False
1544,site6_657.png,512,512,0.0,0,1544_512_512,False
4542,site16_484.png,512,256,0.0545654296875,1,4542_512_256,True
604,site3_666.png,512,512,0.0,0,604_512_512,False
2444,site12_41.png,0,128,0.88079833984375,2,2444_0_128,True
1940,site9_51.png,0,128,1.0,2,1940_0_128,True
996,site5_157.png,512,128,0.150146484375,1,996_512_128,True
2563,site12_169.png,384,384,0.5035400390625,2,2563_384_384,True
2652,site17_69.png,256,512,1.0,2,2652_256_512,True
2421,site12_17.png,128,512,0.10498046875,1,2421_128_512,True
4752,site16_724.png,256,256,0.0863037109375,1,4752_256_256,True
2923,site8_144.png,384,256,1.0,2,2923_384_256,True
1031,site5_194.png,256,512,0.0,0,1031_256_512,False
1649,site6_795.png,0,256,0.0,0,1649_0_256,False
2718,site1_32.png,256,256,0.0,0,2718_256_256,False
739,site4_59.png,256,128,0.0,0,739_256_128,False
2529,site12_133.png,256,256,0.0,0,2529_256_256,False
2351,site15_103.png,384,128,0.4034423828125,2,2351_384_128,True
1129,site6_84.png,384,128,0.0,0,1129_384_128,False
3157,site13_179.png,384,128,0.0,0,3157_384_128,False
556,site3_609.png,0,128,0.0,0,556_0_128,False
2604,site17_11.png,256,384,1.0,2,2604_256_384,True
2100,site14_144.png,128,512,0.0,0,2100_128_512,False
577,site3_635.png,128,0,0.0,0,577_128_0,False
4492,site16_432.png,512,256,1.0,2,4492_512_256,True
2654,site17_71.png,384,0,0.98876953125,2,2654_384_0,True
2365,site15_118.png,512,256,0.39923095703125,1,2365_512_256,True
1598,site6_727.png,128,0,0.09381103515625,1,1598_128_0,True
1954,site9_71.png,0,128,1.0,2,1954_0_128,True
2242,site14_310.png,512,128,0.0,0,2242_512_128,False
2056,site14_92.png,128,128,0.0,0,2056_128_128,False
2923,site8_144.png,384,0,0.5716552734375,2,2923_384_0,True
327,site3_359.png,0,0,0.1915283203125,1,327_0_0,True
791,site4_114.png,128,512,0.76861572265625,2,791_128_512,True
2640,site17_55.png,256,128,0.0,0,2640_256_128,False
1654,site6_808.png,256,512,0.0,0,1654_256_512,False
319,site3_351.png,512,256,0.0,0,319_512_256,False
817,site4_141.png,128,128,0.0,0,817_128_128,False
2632,site17_45.png,0,0,0.87713623046875,2,2632_0_0,True
4589,site16_535.png,128,256,0.0,0,4589_128_256,False
3660,site11_395.png,512,512,0.48101806640625,2,3660_512_512,True
2979,site8_206.png,384,384,0.0,0,2979_384_384,False
389,site3_424.png,0,384,0.0,0,389_0_384,False
1917,site9_18.png,512,256,0.05377197265625,1,1917_512_256,True
998,site5_159.png,256,0,0.0,0,998_256_0,False
792,site4_115.png,0,256,0.0,0,792_0_256,False
408,site3_446.png,512,256,0.0,0,408_512_256,False
2346,site15_97.png,512,128,0.0,0,2346_512_128,False
1308,site6_343.png,128,384,0.06256103515625,1,1308_128_384,True
1096,site5_277.png,128,256,0.1893310546875,1,1096_128_256,True
557,site3_610.png,384,384,0.18450927734375,1,557_384_384,True
2686,site10_21.png,0,128,0.04779052734375,0,2686_0_128,True
2648,site17_63.png,0,384,0.0,0,2648_0_384,False
993,site5_154.png,128,512,1.0,2,993_128_512,True
3181,site13_209.png,128,128,0.0,0,3181_128_128,False
2157,site14_206.png,384,128,0.99395751953125,2,2157_384_128,True
4402,site16_330.png,0,0,0.0,0,4402_0_0,False
2074,site14_113.png,512,256,0.08367919921875,1,2074_512_256,True
351,site3_384.png,512,256,0.0,0,351_512_256,False
2057,site14_93.png,384,0,0.0,0,2057_384_0,False
2471,site12_71.png,512,0,1.0,2,2471_512_0,True
3723,site11_460.png,128,384,0.0,0,3723_128_384,False
4743,site16_715.png,0,384,0.0,0,4743_0_384,False
2203,site14_257.png,256,0,0.02703857421875,0,2203_256_0,True
1309,site6_344.png,512,512,0.0,0,1309_512_512,False
548,site3_601.png,256,0,0.08795166015625,1,548_256_0,True
4614,site16_562.png,256,384,0.3671875,1,4614_256_384,True
2646,site17_61.png,512,384,0.0059814453125,0,2646_512_384,True
2914,site8_134.png,128,128,0.0447998046875,0,2914_128_128,True
3113,site13_128.png,384,256,1.0,2,3113_384_256,True
1040,site5_205.png,0,256,0.0,0,1040_0_256,False
2091,site14_133.png,384,0,0.12127685546875,1,2091_384_0,True
1261,site6_276.png,128,256,0.0,0,1261_128_256,False
941,site5_96.png,128,512,0.0,0,941_128_512,False
1788,site6_987.png,0,0,1.0,2,1788_0_0,True
850,site4_177.png,384,256,0.0,0,850_384_256,False
4743,site16_715.png,384,128,0.51263427734375,2,4743_384_128,True
1215,site6_208.png,128,256,0.0,0,1215_128_256,False
3104,site13_117.png,512,0,1.0,2,3104_512_0,True
3165,site13_189.png,256,512,0.0,0,3165_256_512,False
2041,site14_75.png,384,0,0.0,0,2041_384_0,False
2056,site14_92.png,512,0,0.0,0,2056_512_0,False
2479,site12_79.png,256,256,1.0,2,2479_256_256,True
987,site5_148.png,256,0,0.11395263671875,1,987_256_0,True
2036,site14_70.png,256,256,0.0,0,2036_256_256,False
4752,site16_724.png,0,384,0.4093017578125,2,4752_0_384,True
2101,site14_145.png,128,384,1.0,2,2101_128_384,True
2191,site14_245.png,128,384,0.99200439453125,2,2191_128_384,True
848,site4_175.png,256,0,0.03851318359375,0,848_256_0,True
291,site3_321.png,512,256,0.179443359375,1,291_512_256,True
2499,site12_101.png,0,128,0.000244140625,0,2499_0_128,True
1325,site6_369.png,128,512,0.00811767578125,0,1325_128_512,True
415,site3_453.png,512,128,0.0,0,415_512_128,False
3053,site13_55.png,256,0,0.22235107421875,1,3053_256_0,True
1273,site6_299.png,128,256,0.0,0,1273_128_256,False
2945,site8_168.png,512,128,0.0,0,2945_512_128,False
3030,site13_26.png,256,128,0.0,0,3030_256_128,False
1597,site6_726.png,0,256,0.0,0,1597_0_256,False
3100,site13_113.png,384,512,1.0,2,3100_384_512,True
839,site4_166.png,384,384,0.0,0,839_384_384,False
2613,site17_22.png,0,256,0.0006103515625,0,2613_0_256,True
3094,site13_105.png,128,512,1.0,2,3094_128_512,True
2460,site12_58.png,256,384,1.0,2,2460_256_384,True
2934,site8_156.png,512,128,1.0,2,2934_512_128,True
1598,site6_727.png,512,0,0.0,0,1598_512_0,False
2765,site1_85.png,0,256,0.71649169921875,2,2765_0_256,True
2961,site8_186.png,384,0,0.00030517578125,0,2961_384_0,True
269,site3_298.png,0,256,0.00274658203125,0,269_0_256,True
3787,site11_526.png,384,512,0.33782958984375,1,3787_384_512,True
2446,site12_43.png,384,512,1.0,2,2446_384_512,True
2144,site14_190.png,0,512,1.0,2,2144_0_512,True
604,site3_666.png,128,512,0.74505615234375,2,604_128_512,True
2745,site1_61.png,0,256,0.0,0,2745_0_256,False
3022,site13_6.png,256,384,0.0,0,3022_256_384,False
3075,site13_82.png,0,384,0.99920654296875,2,3075_0_384,True
1741,site6_920.png,384,128,0.00048828125,0,1741_384_128,True
1785,site6_984.png,0,0,0.0,0,1785_0_0,False
3169,site13_195.png,128,128,0.0,0,3169_128_128,False
932,site5_85.png,384,384,0.0,0,932_384_384,False
3069,site13_74.png,384,384,1.0,2,3069_384_384,True
2797,site1_123.png,128,128,0.3973388671875,1,2797_128_128,True
1812,site6_1023.png,384,384,0.00054931640625,0,1812_384_384,True
2515,site12_118.png,256,256,0.88421630859375,2,2515_256_256,True
2692,site10_51.png,512,128,0.0,0,2692_512_128,False
2226,site14_287.png,256,0,0.0,0,2226_256_0,False
3122,site13_138.png,256,128,1.0,2,3122_256_128,True
777,site4_99.png,512,128,0.0,0,777_512_128,False
3104,site13_117.png,0,0,1.0,2,3104_0_0,True
1029,site5_192.png,512,0,0.42608642578125,2,1029_512_0,True
2616,site17_25.png,256,256,0.31011962890625,1,2616_256_256,True
2658,site17_75.png,128,256,1.0,2,2658_128_256,True
2745,site1_61.png,128,256,0.0,0,2745_128_256,False
1036,site5_201.png,0,512,1.0,2,1036_0_512,True
1096,site5_277.png,128,384,0.0,0,1096_128_384,False
822,site4_148.png,256,384,0.17816162109375,1,822_256_384,True
3104,site13_117.png,512,384,1.0,2,3104_512_384,True
2979,site8_206.png,384,128,0.11602783203125,1,2979_384_128,True
3165,site13_189.png,384,256,0.10858154296875,1,3165_384_256,True
1586,site6_715.png,256,0,0.0,0,1586_256_0,False
2629,site17_42.png,384,128,0.78643798828125,2,2629_384_128,True
1088,site5_261.png,0,256,1.0,2,1088_0_256,True
3094,site13_105.png,0,512,1.0,2,3094_0_512,True
978,site5_137.png,256,512,0.43243408203125,2,978_256_512,True
2374,site15_129.png,256,128,0.0,0,2374_256_128,False
3117,site13_133.png,128,128,1.0,2,3117_128_128,True
532,site3_582.png,128,0,0.0,0,532_128_0,False
2157,site14_206.png,512,0,0.55908203125,2,2157_512_0,True
984,site5_145.png,512,512,0.5545654296875,2,984_512_512,True
263,site3_292.png,512,384,0.0,0,263_512_384,False
2968,site8_194.png,0,0,0.0,0,2968_0_0,False
632,site3_699.png,512,384,0.59954833984375,2,632_512_384,True
2050,site14_86.png,128,256,0.0,0,2050_128_256,False
2961,site8_186.png,128,128,0.8870849609375,2,2961_128_128,True
1085,site5_258.png,384,0,0.0,0,1085_384_0,False
503,site3_550.png,128,512,0.0,0,503_128_512,False
2764,site1_84.png,256,256,0.0,0,2764_256_256,False
1666,site6_820.png,256,512,0.0,0,1666_256_512,False
2745,site1_61.png,384,256,0.0,0,2745_384_256,False
2528,site12_132.png,256,512,0.0,0,2528_256_512,False
2041,site14_75.png,128,0,0.0,0,2041_128_0,False
849,site4_176.png,256,256,0.414794921875,2,849_256_256,True
2646,site17_61.png,512,512,0.60687255859375,2,2646_512_512,True
1088,site5_261.png,256,512,1.0,2,1088_256_512,True
2187,site14_238.png,512,256,0.0,0,2187_512_256,False
2530,site12_134.png,0,512,0.0,0,2530_0_512,False
2440,site12_37.png,0,512,0.0,0,2440_0_512,False
1273,site6_299.png,512,256,0.55023193359375,2,1273_512_256,True
1826,site6_1037.png,256,256,0.0,0,1826_256_256,False
2972,site8_198.png,128,256,0.0,0,2972_128_256,False
833,site4_159.png,384,384,0.0,0,833_384_384,False
3722,site11_459.png,512,0,0.0,0,3722_512_0,False
3051,site13_53.png,128,512,0.30780029296875,1,3051_128_512,True
2174,site14_225.png,0,128,0.43658447265625,2,2174_0_128,True
3099,site13_112.png,512,128,1.0,2,3099_512_128,True
980,site5_139.png,256,128,0.0,0,980_256_128,False
997,site5_158.png,384,0,0.0,0,997_384_0,False
558,site3_611.png,128,384,0.0,0,558_128_384,False
3252,site2_91.png,0,0,0.0,0,3252_0_0,False
2786,site1_110.png,128,128,0.10943603515625,1,2786_128_128,True
2685,site10_20.png,128,384,0.0,0,2685_128_384,False
739,site4_59.png,512,0,0.0,0,739_512_0,False
4807,site16_792.png,0,256,0.0,0,4807_0_256,False
2925,site8_146.png,512,0,0.0,0,2925_512_0,False
1525,site6_638.png,128,0,0.0,0,1525_128_0,False
3592,site11_325.png,384,0,0.0,0,3592_384_0,False
2219,site14_276.png,256,0,0.12811279296875,1,2219_256_0,True
2082,site14_124.png,0,0,0.0,0,2082_0_0,False
4569,site16_513.png,384,384,0.0,0,4569_384_384,False
926,site5_79.png,0,128,0.77935791015625,2,926_0_128,True
1742,site6_921.png,0,128,0.31298828125,1,1742_0_128,True
2847,site8_57.png,384,384,0.16064453125,1,2847_384_384,True
580,site3_638.png,128,128,0.0,0,580_128_128,False
1944,site9_58.png,512,256,0.0,0,1944_512_256,False
4855,site16_850.png,256,512,0.00994873046875,0,4855_256_512,True
2659,site17_76.png,256,256,0.44891357421875,2,2659_256_256,True
2441,site12_38.png,256,0,0.10498046875,1,2441_256_0,True
2520,site12_123.png,384,384,0.0,0,2520_384_384,False
3125,site13_142.png,128,384,0.0,0,3125_128_384,False
2442,site12_39.png,128,256,0.8787841796875,2,2442_128_256,True
962,site5_119.png,0,384,0.57122802734375,2,962_0_384,True
2470,site12_70.png,128,128,0.121826171875,1,2470_128_128,True
774,site4_96.png,0,512,1.0,2,774_0_512,True
1078,site5_247.png,128,384,0.0,0,1078_128_384,False
2471,site12_71.png,256,512,1.0,2,2471_256_512,True
2179,site14_230.png,512,0,0.94793701171875,2,2179_512_0,True
2973,site8_199.png,128,128,0.0,0,2973_128_128,False
4743,site16_715.png,0,256,0.0,0,4743_0_256,False
1027,site5_190.png,128,256,1.0,2,1027_128_256,True
2763,site1_83.png,0,0,0.0,0,2763_0_0,False
2615,site17_24.png,128,512,0.0,0,2615_128_512,False
928,site5_81.png,256,384,0.0,0,928_256_384,False
833,site4_159.png,0,0,0.3033447265625,1,833_0_0,True
2615,site17_24.png,256,128,1.0,2,2615_256_128,True
2163,site14_212.png,128,128,0.16943359375,1,2163_128_128,True
965,site5_122.png,256,384,0.0,0,965_256_384,False
2457,site12_55.png,128,384,1.0,2,2457_128_384,True
2721,site1_35.png,0,128,0.0,0,2721_0_128,False
1728,site6_899.png,128,512,0.0,0,1728_128_512,False
2072,site14_111.png,512,512,0.0,0,2072_512_512,False
464,site3_508.png,384,128,0.067626953125,1,464_384_128,True
1238,site6_242.png,256,128,0.0,0,1238_256_128,False
2786,site1_110.png,128,256,0.98687744140625,2,2786_128_256,True
2042,site14_76.png,512,128,0.0,0,2042_512_128,False
2437,site12_34.png,512,128,0.3082275390625,1,2437_512_128,True
2219,site14_276.png,384,0,0.35089111328125,1,2219_384_0,True
2197,site14_251.png,384,512,0.0,0,2197_384_512,False
756,site4_77.png,512,0,0.4697265625,2,756_512_0,True
3113,site13_128.png,256,512,1.0,2,3113_256_512,True
2641,site17_56.png,384,0,0.69744873046875,2,2641_384_0,True
2191,site14_245.png,512,256,0.06024169921875,1,2191_512_256,True
3288,site2_132.png,256,128,0.40985107421875,2,3288_256_128,True
2143,site14_189.png,384,384,0.26568603515625,1,2143_384_384,True
2973,site8_199.png,0,128,0.0,0,2973_0_128,False
1923,site9_28.png,0,256,0.243896484375,1,1923_0_256,True
4751,site16_723.png,0,256,0.0,0,4751_0_256,False
813,site4_137.png,256,128,0.0,0,813_256_128,False
994,site5_155.png,256,0,0.86260986328125,2,994_256_0,True
2446,site12_43.png,512,0,0.15313720703125,1,2446_512_0,True
1728,site6_899.png,128,128,0.0,0,1728_128_128,False
123,site3_144.png,256,128,0.0,0,123_256_128,False
2082,site14_124.png,512,128,0.3204345703125,1,2082_512_128,True
927,site5_80.png,256,256,0.9097900390625,2,927_256_256,True
3113,site13_128.png,256,384,0.88555908203125,2,3113_256_384,True
3723,site11_460.png,512,0,1.0,2,3723_512_0,True
2638,site17_53.png,0,256,0.0,0,2638_0_256,False
1032,site5_195.png,512,512,0.2388916015625,1,1032_512_512,True
2538,site12_142.png,512,128,0.0,0,2538_512_128,False
556,site3_609.png,384,256,0.0,0,556_384_256,False
3096,site13_107.png,256,256,0.34246826171875,1,3096_256_256,True
756,site4_77.png,128,256,1.0,2,756_128_256,True
2445,site12_42.png,256,512,1.0,2,2445_256_512,True
2056,site14_92.png,0,512,0.6524658203125,2,2056_0_512,True
1952,site9_69.png,512,0,0.0,0,1952_512_0,False
3107,site13_122.png,0,512,0.0,0,3107_0_512,False
3218,site2_50.png,256,512,0.0,0,3218_256_512,False
777,site4_99.png,128,512,0.7763671875,2,777_128_512,True
3099,site13_112.png,384,256,1.0,2,3099_384_256,True
3688,site11_424.png,128,384,0.15289306640625,1,3688_128_384,True
291,site3_321.png,0,0,0.0,0,291_0_0,False
4875,site16_875.png,512,384,0.0,0,4875_512_384,False
2764,site1_84.png,384,0,0.0,0,2764_384_0,False
2446,site12_43.png,256,384,1.0,2,2446_256_384,True
3072,site13_77.png,256,0,0.15032958984375,1,3072_256_0,True
1967,site9_90.png,128,384,0.0,0,1967_128_384,False
604,site3_666.png,0,512,0.50689697265625,2,604_0_512,True
2479,site12_79.png,512,384,1.0,2,2479_512_384,True
2066,site14_105.png,512,512,0.089111328125,1,2066_512_512,True
3142,site13_162.png,128,128,0.38812255859375,1,3142_128_128,True
319,site3_351.png,128,256,0.033447265625,0,319_128_256,True
3125,site13_142.png,128,256,0.0,0,3125_128_256,False
2124,site14_169.png,128,0,0.60369873046875,2,2124_128_0,True
4613,site16_561.png,512,0,0.0548095703125,1,4613_512_0,True
3656,site11_391.png,128,256,0.0,0,3656_128_256,False
3122,site13_138.png,256,0,1.0,2,3122_256_0,True
1088,site5_261.png,256,128,1.0,2,1088_256_128,True
2643,site17_58.png,256,128,0.0,0,2643_256_128,False
1024,site5_187.png,384,0,0.2508544921875,1,1024_384_0,True
1022,site5_185.png,256,384,0.0,0,1022_256_384,False
4677,site16_638.png,512,256,0.0,0,4677_512_256,False
4469,site16_407.png,512,384,0.0,0,4469_512_384,False
3135,site13_153.png,0,384,1.0,2,3135_0_384,True
847,site4_174.png,384,384,0.29644775390625,1,847_384_384,True
2176,site14_227.png,256,128,0.43389892578125,2,2176_256_128,True
2494,site12_95.png,512,0,1.0,2,2494_512_0,True
123,site3_144.png,384,512,0.0,0,123_384_512,False
4424,site16_355.png,384,256,0.75775146484375,2,4424_384_256,True
3141,site13_159.png,128,512,0.5260009765625,2,3141_128_512,True
2832,site8_37.png,256,512,1.0,2,2832_256_512,True
2082,site14_124.png,384,256,0.50982666015625,2,2082_384_256,True
4568,site16_512.png,128,0,0.0,0,4568_128_0,False
4543,site16_485.png,512,0,0.0,0,4543_512_0,False
2438,site12_35.png,256,0,0.34539794921875,1,2438_256_0,True
938,site5_93.png,512,256,0.0,0,938_512_256,False
833,site4_159.png,512,512,0.0,0,833_512_512,False
2986,site8_214.png,512,256,0.0,0,2986_512_256,False
1804,site6_1003.png,128,128,0.013916015625,0,1804_128_128,True
408,site3_446.png,0,128,0.79486083984375,2,408_0_128,True
2335,site15_85.png,0,384,0.755615234375,2,2335_0_384,True
2174,site14_225.png,512,256,0.0,0,2174_512_256,False
1760,site6_949.png,512,384,1.0,2,1760_512_384,True
923,site5_76.png,256,384,0.39556884765625,1,923_256_384,True
994,site5_155.png,384,128,1.0,2,994_384_128,True
3077,site13_84.png,512,512,1.0,2,3077_512_512,True
1029,site5_192.png,512,384,0.0,0,1029_512_384,False
2087,site14_129.png,384,0,0.0,0,2087_384_0,False
2726,site1_41.png,384,512,0.0,0,2726_384_512,False
2658,site17_75.png,512,384,0.94512939453125,2,2658_512_384,True
4807,site16_792.png,512,128,0.555908203125,2,4807_512_128,True
3823,site11_563.png,384,256,0.0,0,3823_384_256,False
408,site3_446.png,256,256,0.03515625,0,408_256_256,True
2332,site15_82.png,0,0,0.0,0,2332_0_0,False
4722,site16_690.png,0,384,0.17120361328125,1,4722_0_384,True
585,site3_643.png,0,384,0.0,0,585_0_384,False
3287,site2_131.png,384,0,0.12152099609375,1,3287_384_0,True
1947,site9_61.png,384,512,1.0,2,1947_384_512,True
4565,site16_509.png,512,256,0.26849365234375,1,4565_512_256,True
3118,site13_134.png,512,512,0.0,0,3118_512_512,False
2159,site14_208.png,128,0,0.54351806640625,2,2159_128_0,True
2551,site12_156.png,256,256,0.0,0,2551_256_256,False
3660,site11_395.png,128,256,0.6026611328125,2,3660_128_256,True
2187,site14_238.png,128,512,0.0,0,2187_128_512,False
1229,site6_233.png,128,256,0.0,0,1229_128_256,False
2036,site14_70.png,512,128,0.0,0,2036_512_128,False
2886,site8_103.png,512,256,0.3118896484375,1,2886_512_256,True
2436,site12_33.png,0,128,0.35150146484375,1,2436_0_128,True
1002,site5_164.png,128,384,0.0,0,1002_128_384,False
2520,site12_123.png,0,128,1.0,2,2520_0_128,True
1737,site6_916.png,128,128,0.0,0,1737_128_128,False
2456,site12_54.png,0,384,0.185791015625,1,2456_0_384,True
2234,site14_295.png,384,512,0.37310791015625,1,2234_384_512,True
2052,site14_88.png,384,128,1.0,2,2052_384_128,True
2463,site12_61.png,512,384,1.0,2,2463_512_384,True
3686,site11_422.png,0,384,0.31939697265625,1,3686_0_384,True
2221,site14_278.png,256,128,0.0,0,2221_256_128,False
2402,site15_163.png,384,0,0.23095703125,1,2402_384_0,True
817,site4_141.png,384,256,0.0,0,817_384_256,False
1925,site9_30.png,128,128,1.0,2,1925_128_128,True
2366,site15_119.png,512,0,0.0,0,2366_512_0,False
2460,site12_58.png,128,512,1.0,2,2460_128_512,True
2233,site14_294.png,256,0,0.4403076171875,2,2233_256_0,True
2331,site15_81.png,0,512,0.0,0,2331_0_512,False
3029,site13_25.png,128,384,0.0,0,3029_128_384,False
1880,site6_1140.png,128,384,0.27252197265625,1,1880_128_384,True
3118,site13_134.png,384,384,0.75177001953125,2,3118_384_384,True
2605,site17_12.png,512,0,0.0,0,2605_512_0,False
3094,site13_105.png,128,384,0.96484375,2,3094_128_384,True
2198,site14_252.png,128,384,0.0,0,2198_128_384,False
2083,site14_125.png,384,256,0.63043212890625,2,2083_384_256,True
1005,site5_167.png,512,0,0.30010986328125,1,1005_512_0,True
774,site4_96.png,384,256,1.0,2,774_384_256,True
998,site5_159.png,0,512,1.0,2,998_0_512,True
3169,site13_195.png,256,512,0.0,0,3169_256_512,False
2995,site8_224.png,128,0,0.0,0,2995_128_0,False
3218,site2_50.png,384,384,0.0106201171875,0,3218_384_384,True
1936,site9_47.png,384,128,0.58673095703125,2,1936_384_128,True
918,site5_67.png,512,128,0.0,0,918_512_128,False
3661,site11_396.png,384,0,0.0,0,3661_384_0,False
3053,site13_55.png,0,128,0.0,0,3053_0_128,False
1950,site9_64.png,0,0,0.0,0,1950_0_0,False
927,site5_80.png,512,128,0.8431396484375,2,927_512_128,True
3266,site2_107.png,0,512,0.0,0,3266_0_512,False
3070,site13_75.png,384,128,0.0,0,3070_384_128,False
2476,site12_76.png,0,256,0.37713623046875,1,2476_0_256,True
519,site3_569.png,512,256,0.0,0,519_512_256,False
2355,site15_107.png,0,512,0.05419921875,1,2355_0_512,True
4377,site16_304.png,128,256,0.4820556640625,2,4377_128_256,True
3086,site13_95.png,128,256,0.4368896484375,2,3086_128_256,True
1238,site6_242.png,512,128,0.0,0,1238_512_128,False
1051,site5_218.png,0,128,0.0,0,1051_0_128,False
4730,site16_698.png,0,0,0.0,0,4730_0_0,False
4769,site16_746.png,512,384,0.0975341796875,1,4769_512_384,True
3133,site13_151.png,512,256,0.96392822265625,2,3133_512_256,True
3083,site13_92.png,384,256,1.0,2,3083_384_256,True
2517,site12_120.png,0,512,0.26458740234375,1,2517_0_512,True
1191,site6_173.png,0,0,0.0,0,1191_0_0,False
3162,site13_186.png,0,384,0.0,0,3162_0_384,False
3031,site13_27.png,384,256,0.0,0,3031_384_256,False
1939,site9_50.png,384,512,1.0,2,1939_384_512,True
327,site3_359.png,256,256,0.0,0,327_256_256,False
1918,site9_19.png,0,384,0.82366943359375,2,1918_0_384,True
2463,site12_61.png,384,512,1.0,2,2463_384_512,True
965,site5_122.png,0,0,0.0,0,965_0_0,False
2687,site10_22.png,0,384,0.0,0,2687_0_384,False
2685,site10_20.png,0,512,0.2652587890625,1,2685_0_512,True
3102,site13_115.png,0,256,1.0,2,3102_0_256,True
3031,site13_27.png,128,384,1.0,2,3031_128_384,True
2248,site14_316.png,128,384,1.0,2,2248_128_384,True
941,site5_96.png,384,256,0.0,0,941_384_256,False
4543,site16_485.png,384,384,0.470458984375,2,4543_384_384,True
3287,site2_131.png,512,384,0.0,0,3287_512_384,False
1096,site5_277.png,384,384,0.10107421875,1,1096_384_384,True
2154,site14_203.png,256,384,0.0,0,2154_256_384,False
2657,site17_74.png,384,0,1.0,2,2657_384_0,True
3157,site13_179.png,384,256,0.0,0,3157_384_256,False
2643,site17_58.png,512,512,0.860107421875,2,2643_512_512,True
2066,site14_105.png,384,256,0.0,0,2066_384_256,False
2190,site14_244.png,384,0,0.0,0,2190_384_0,False
902,site5_47.png,128,384,0.5450439453125,2,902_128_384,True
2775,site1_97.png,384,128,0.00152587890625,0,2775_384_128,True
793,site4_116.png,128,128,0.23895263671875,1,793_128_128,True
2960,site8_185.png,384,256,0.13555908203125,1,2960_384_256,True
2658,site17_75.png,384,384,0.4825439453125,2,2658_384_384,True
1954,site9_71.png,128,256,1.0,2,1954_128_256,True
2913,site8_133.png,384,128,0.3968505859375,1,2913_384_128,True
2057,site14_93.png,512,256,0.57830810546875,2,2057_512_256,True
3145,site13_165.png,128,0,0.0,0,3145_128_0,False
3726,site11_463.png,128,0,0.0,0,3726_128_0,False
2198,site14_252.png,256,128,0.0,0,2198_256_128,False
3252,site2_91.png,0,256,0.12347412109375,1,3252_0_256,True
3058,site13_62.png,256,0,0.16424560546875,1,3058_256_0,True
793,site4_116.png,0,512,0.0,0,793_0_512,False
3038,site13_36.png,128,384,1.0,2,3038_128_384,True
2640,site17_55.png,0,128,0.42071533203125,2,2640_0_128,True
3274,site2_116.png,128,0,0.0,0,3274_128_0,False
1060,site5_227.png,256,0,0.0,0,1060_256_0,False
991,site5_152.png,512,384,1.0,2,991_512_384,True
2225,site14_286.png,256,384,0.1878662109375,1,2225_256_384,True
3052,site13_54.png,128,256,0.0,0,3052_128_256,False
1939,site9_50.png,512,0,0.91754150390625,2,1939_512_0,True
924,site5_77.png,256,0,0.0,0,924_256_0,False
2692,site10_51.png,512,256,0.111083984375,1,2692_512_256,True
2831,site8_36.png,0,0,1.0,2,2831_0_0,True
2824,site8_25.png,128,512,0.0,0,2824_128_512,False
4590,site16_536.png,0,128,0.0,0,4590_0_128,False
3623,site11_357.png,128,128,0.0,0,3623_128_128,False
817,site4_141.png,128,512,0.0,0,817_128_512,False
533,site3_583.png,384,384,0.0,0,533_384_384,False
1953,site9_70.png,512,512,1.0,2,1953_512_512,True
2970,site8_196.png,128,512,0.1279296875,1,2970_128_512,True
2144,site14_190.png,256,384,0.7042236328125,2,2144_256_384,True
2611,site17_20.png,128,0,1.0,2,2611_128_0,True
604,site3_666.png,0,128,0.0,0,604_0_128,False
2926,site8_147.png,256,256,0.6220703125,2,2926_256_256,True
1572,site6_693.png,512,256,0.0,0,1572_512_256,False
941,site5_96.png,0,384,0.1334228515625,1,941_0_384,True
2101,site14_145.png,0,0,0.9144287109375,2,2101_0_0,True
2101,site14_145.png,384,512,1.0,2,2101_384_512,True
822,site4_148.png,512,0,0.0,0,822_512_0,False
1073,site5_242.png,384,384,0.0,0,1073_384_384,False
2498,site12_100.png,128,256,0.0,0,2498_128_256,False
327,site3_359.png,384,512,0.0,0,327_384_512,False
606,site3_668.png,384,256,0.0,0,606_384_256,False
524,site3_574.png,384,512,0.12841796875,1,524_384_512,True
1041,site5_206.png,128,512,0.1524658203125,1,1041_128_512,True
3111,site13_126.png,256,512,1.0,2,3111_256_512,True
1571,site6_692.png,128,256,0.2103271484375,1,1571_128_256,True
2099,site14_143.png,256,128,0.0,0,2099_256_128,False
1359,site6_412.png,512,512,0.0,0,1359_512_512,False
1045,site5_210.png,384,384,0.0,0,1045_384_384,False
630,site3_697.png,384,0,0.0,0,630_384_0,False
902,site5_47.png,128,0,0.0,0,902_128_0,False
3657,site11_392.png,512,0,0.41375732421875,2,3657_512_0,True
1762,site6_951.png,512,128,1.0,2,1762_512_128,True
3143,site13_163.png,0,384,0.41455078125,2,3143_0_384,True
2186,site14_237.png,512,128,0.0,0,2186_512_128,False
3106,site13_119.png,512,128,0.0,0,3106_512_128,False
1932,site9_40.png,256,384,0.75762939453125,2,1932_256_384,True
1084,site5_257.png,384,256,0.0,0,1084_384_256,False
1053,site5_220.png,512,128,0.0,0,1053_512_128,False
2208,site14_265.png,0,384,0.0,0,2208_0_384,False
386,site3_421.png,384,0,0.18817138671875,1,386_384_0,True
1912,site9_6.png,384,128,0.0,0,1912_384_128,False
2620,site17_31.png,384,0,0.0,0,2620_384_0,False
887,site5_27.png,128,512,0.3997802734375,1,887_128_512,True
4638,site16_588.png,384,512,0.0,0,4638_384_512,False
2082,site14_124.png,128,256,0.0,0,2082_128_256,False
2538,site12_142.png,256,384,0.0,0,2538_256_384,False
1715,site6_886.png,128,0,0.0,0,1715_128_0,False
4377,site16_304.png,512,256,0.0,0,4377_512_256,False
2221,site14_278.png,0,128,0.0,0,2221_0_128,False
2925,site8_146.png,0,512,0.09576416015625,1,2925_0_512,True
4773,site16_750.png,256,0,0.0,0,4773_256_0,False
3025,site13_16.png,256,512,0.05548095703125,1,3025_256_512,True
3086,site13_95.png,0,256,1.0,2,3086_0_256,True
902,site5_47.png,256,256,0.0247802734375,0,902_256_256,True
2895,site8_113.png,128,128,0.0,0,2895_128_128,False
1760,site6_949.png,128,128,0.0,0,1760_128_128,False
4856,site16_851.png,0,512,0.02130126953125,0,4856_0_512,True
2550,site12_155.png,128,128,0.0,0,2550_128_128,False
3060,site13_64.png,256,0,0.0040283203125,0,3060_256_0,True
583,site3_641.png,0,512,0.0,0,583_0_512,False
240,site3_268.png,0,0,0.01220703125,0,240_0_0,True
2689,site10_28.png,384,0,0.01007080078125,0,2689_384_0,True
4770,site16_747.png,0,512,0.16351318359375,1,4770_0_512,True
2923,site8_144.png,512,384,0.999755859375,2,2923_512_384,True
4637,site16_587.png,512,256,0.0,0,4637_512_256,False
1058,site5_225.png,128,0,1.0,2,1058_128_0,True
2403,site15_164.png,256,256,0.0,0,2403_256_256,False
996,site5_157.png,256,0,0.0,0,996_256_0,False
3030,site13_26.png,384,384,0.855712890625,2,3030_384_384,True
1926,site9_31.png,0,512,0.00347900390625,0,1926_0_512,True
4613,site16_561.png,512,256,0.88970947265625,2,4613_512_256,True
2233,site14_294.png,0,0,0.0,0,2233_0_0,False
989,site5_150.png,128,384,0.0,0,989_128_384,False
850,site4_177.png,256,256,0.0,0,850_256_256,False
949,site5_104.png,0,384,0.0,0,949_0_384,False
1762,site6_951.png,128,384,1.0,2,1762_128_384,True
2248,site14_316.png,512,256,0.07135009765625,1,2248_512_256,True
3626,site11_360.png,128,384,0.0,0,3626_128_384,False
740,site4_60.png,128,0,0.0,0,740_128_0,False
963,site5_120.png,0,0,0.0,0,963_0_0,False
3101,site13_114.png,256,256,1.0,2,3101_256_256,True
2924,site8_145.png,0,256,0.0,0,2924_0_256,False
2641,site17_56.png,512,384,0.99371337890625,2,2641_512_384,True
1041,site5_206.png,128,0,0.436279296875,2,1041_128_0,True
888,site5_28.png,384,128,0.24658203125,1,888_384_128,True
4773,site16_750.png,512,256,0.0,0,4773_512_256,False
584,site3_642.png,512,512,0.0,0,584_512_512,False
3134,site13_152.png,128,384,0.34429931640625,1,3134_128_384,True
3117,site13_133.png,256,384,1.0,2,3117_256_384,True
2182,site14_233.png,128,128,0.6239013671875,2,2182_128_128,True
814,site4_138.png,384,384,0.0,0,814_384_384,False
903,site5_48.png,128,384,0.68280029296875,2,903_128_384,True
926,site5_79.png,256,512,0.14892578125,1,926_256_512,True
3190,site13_219.png,384,256,0.0,0,3190_384_256,False
2652,site17_69.png,256,256,1.0,2,2652_256_256,True
95,site3_113.png,256,384,0.0,0,95_256_384,False
791,site4_114.png,384,512,0.6004638671875,2,791_384_512,True
532,site3_582.png,0,0,0.0,0,532_0_0,False
3286,site2_130.png,128,512,0.0,0,3286_128_512,False
2086,site14_128.png,512,384,0.05560302734375,1,2086_512_384,True
3229,site2_64.png,384,384,1.0,2,3229_384_384,True
2652,site17_69.png,128,384,1.0,2,2652_128_384,True
3252,site2_91.png,256,512,0.0,0,3252_256_512,False
3130,site13_147.png,512,512,1.0,2,3130_512_512,True
1086,site5_259.png,0,0,0.0,0,1086_0_0,False
1728,site6_899.png,384,128,0.0,0,1728_384_128,False
2598,site17_5.png,384,512,0.0,0,2598_384_512,False
2234,site14_295.png,0,0,0.0,0,2234_0_0,False
3023,site13_7.png,256,0,0.0,0,3023_256_0,False
996,site5_157.png,512,384,0.0,0,996_512_384,False
2119,site14_164.png,384,0,0.72344970703125,2,2119_384_0,True
577,site3_635.png,384,256,0.182861328125,1,577_384_256,True
2237,site14_298.png,128,512,0.25616455078125,1,2237_128_512,True
3823,site11_563.png,128,384,0.15850830078125,1,3823_128_384,True
2518,site12_121.png,0,384,1.0,2,2518_0_384,True
2646,site17_61.png,128,0,0.0,0,2646_128_0,False
1958,site9_75.png,0,0,0.88873291015625,2,1958_0_0,True
758,site4_79.png,256,256,0.789794921875,2,758_256_256,True
1053,site5_220.png,256,0,0.49560546875,2,1053_256_0,True
998,site5_159.png,512,384,0.0,0,998_512_384,False
2180,site14_231.png,128,512,0.0,0,2180_128_512,False
994,site5_155.png,256,128,1.0,2,994_256_128,True
2036,site14_70.png,0,384,0.0,0,2036_0_384,False
3047,site13_47.png,0,0,1.0,2,3047_0_0,True
3655,site11_390.png,0,384,0.0,0,3655_0_384,False
793,site4_116.png,384,384,0.0,0,793_384_384,False
2143,site14_189.png,384,256,0.979248046875,2,2143_384_256,True
965,site5_122.png,256,512,0.0,0,965_256_512,False
1027,site5_190.png,512,256,1.0,2,1027_512_256,True
3661,site11_396.png,384,128,0.0,0,3661_384_128,False
3104,site13_117.png,256,256,0.7745361328125,2,3104_256_256,True
932,site5_85.png,384,0,0.0,0,932_384_0,False
915,site5_64.png,256,256,1.0,2,915_256_256,True
3086,site13_95.png,128,512,0.65142822265625,2,3086_128_512,True
3263,site2_104.png,512,0,0.33355712890625,1,3263_512_0,True
1571,site6_692.png,128,128,0.79150390625,2,1571_128_128,True
1078,site5_247.png,256,0,0.09661865234375,1,1078_256_0,True
4469,site16_407.png,128,128,0.983154296875,2,4469_128_128,True
2494,site12_95.png,128,128,1.0,2,2494_128_128,True
2652,site17_69.png,256,0,0.9573974609375,2,2652_256_0,True
526,site3_576.png,256,128,0.0,0,526_256_128,False
2074,site14_113.png,384,128,0.38616943359375,1,2074_384_128,True
2689,site10_28.png,128,0,0.92999267578125,2,2689_128_0,True
2460,site12_58.png,512,384,1.0,2,2460_512_384,True
123,site3_144.png,512,512,0.0,0,123_512_512,False
2068,site14_107.png,128,256,1.0,2,2068_128_256,True
1714,site6_885.png,256,128,0.0,0,1714_256_128,False
23,site3_26.png,128,128,0.0,0,23_128_128,False
2219,site14_276.png,512,512,0.0,0,2219_512_512,False
2654,site17_71.png,384,512,1.0,2,2654_384_512,True
358,site3_391.png,512,128,0.0,0,358_512_128,False
1040,site5_205.png,128,128,0.01727294921875,0,1040_128_128,True
3592,site11_325.png,256,128,0.0,0,3592_256_128,False
1949,site9_63.png,128,256,1.0,2,1949_128_256,True
3095,site13_106.png,0,128,0.0,0,3095_0_128,False
924,site5_77.png,512,128,0.0,0,924_512_128,False
1059,site5_226.png,0,256,0.0,0,1059_0_256,False
3592,site11_325.png,512,512,0.0,0,3592_512_512,False
2830,site8_35.png,256,128,0.0,0,2830_256_128,False
1015,site5_177.png,0,512,1.0,2,1015_0_512,True
3068,site13_73.png,128,128,1.0,2,3068_128_128,True
2786,site1_110.png,384,256,1.0,2,2786_384_256,True
2935,site8_157.png,256,384,0.0,0,2935_256_384,False
581,site3_639.png,384,256,0.0,0,581_384_256,False
558,site3_611.png,256,256,0.0,0,558_256_256,False
1035,site5_200.png,256,256,1.0,2,1035_256_256,True
1044,site5_209.png,256,128,1.0,2,1044_256_128,True
2639,site17_54.png,512,512,1.0,2,2639_512_512,True
3143,site13_163.png,384,128,0.0521240234375,1,3143_384_128,True
4518,site16_459.png,128,128,0.0,0,4518_128_128,False
2225,site14_286.png,512,384,0.82177734375,2,2225_512_384,True
4807,site16_792.png,256,0,0.0,0,4807_256_0,False
3190,site13_219.png,384,128,0.0,0,3190_384_128,False
2538,site12_142.png,128,256,0.58953857421875,2,2538_128_256,True
2923,site8_144.png,256,384,0.72998046875,2,2923_256_384,True
604,site3_666.png,384,0,0.1829833984375,1,604_384_0,True
4875,site16_875.png,0,0,0.0,0,4875_0_0,False
1918,site9_19.png,384,256,1.0,2,1918_384_256,True
3687,site11_423.png,128,128,0.0,0,3687_128_128,False
4468,site16_406.png,256,384,0.0,0,4468_256_384,False
2042,site14_76.png,0,512,0.0240478515625,0,2042_0_512,True
949,site5_104.png,384,384,0.0,0,949_384_384,False
849,site4_176.png,256,384,0.52099609375,2,849_256_384,True
522,site3_572.png,128,384,0.02215576171875,0,522_128_384,True
759,site4_80.png,512,128,0.0,0,759_512_128,False
948,site5_103.png,128,0,0.0,0,948_128_0,False
3286,site2_130.png,384,0,0.43017578125,2,3286_384_0,True
2456,site12_54.png,512,0,0.4190673828125,2,2456_512_0,True
3658,site11_393.png,128,256,0.0,0,3658_128_256,False
3123,site13_139.png,128,0,0.0,0,3123_128_0,False
4730,site16_698.png,128,384,0.0,0,4730_128_384,False
2494,site12_95.png,384,256,1.0,2,2494_384_256,True
556,site3_609.png,0,0,0.0,0,556_0_0,False
3626,site11_360.png,0,0,0.18756103515625,1,3626_0_0,True
2973,site8_199.png,256,128,0.0,0,2973_256_128,False
3078,site13_85.png,384,256,0.0,0,3078_384_256,False
3660,site11_395.png,256,512,1.0,2,3660_256_512,True
2186,site14_237.png,128,384,0.0,0,2186_128_384,False
3133,site13_151.png,128,384,0.45404052734375,2,3133_128_384,True
1003,site5_165.png,256,256,0.1507568359375,1,1003_256_256,True
3142,site13_162.png,0,0,0.983642578125,2,3142_0_0,True
2085,site14_127.png,256,512,0.0,0,2085_256_512,False
1605,site6_743.png,128,384,0.0,0,1605_128_384,False
3790,site11_529.png,128,0,0.0,0,3790_128_0,False
23,site3_26.png,0,256,0.0,0,23_0_256,False
2665,site17_85.png,512,256,0.0,0,2665_512_256,False
2730,site1_45.png,384,128,0.483154296875,2,2730_384_128,True
918,site5_67.png,0,384,0.0,0,918_0_384,False
1036,site5_201.png,512,0,0.0,0,1036_512_0,False
1067,site5_236.png,128,128,0.0,0,1067_128_128,False
3181,site13_209.png,512,128,0.22125244140625,1,3181_512_128,True
3034,site13_32.png,128,384,0.748046875,2,3034_128_384,True
3240,site2_77.png,0,512,0.0,0,3240_0_512,False
2331,site15_81.png,512,384,0.5618896484375,2,2331_512_384,True
2460,site12_58.png,128,384,1.0,2,2460_128_384,True
4637,site16_587.png,0,128,0.0,0,4637_0_128,False
4970,site16_1005.png,256,128,0.0,0,4970_256_128,False
914,site5_63.png,384,128,0.58685302734375,2,914_384_128,True
2033,site14_67.png,384,384,0.0,0,2033_384_384,False
2436,site12_33.png,384,256,0.0,0,2436_384_256,False
2102,site14_146.png,128,0,0.0,0,2102_128_0,False
4591,site16_537.png,128,128,0.2218017578125,1,4591_128_128,True
239,site3_267.png,512,384,0.0,0,239_512_384,False
1956,site9_73.png,0,0,1.0,2,1956_0_0,True
2500,site12_102.png,0,256,0.462890625,2,2500_0_256,True
962,site5_119.png,512,256,0.32049560546875,1,962_512_256,True
358,site3_391.png,384,0,0.0,0,358_384_0,False
3151,site13_173.png,256,0,0.0,0,3151_256_0,False
3218,site2_50.png,384,512,0.048583984375,0,3218_384_512,True
3067,site13_72.png,384,128,1.0,2,3067_384_128,True
972,site5_131.png,384,0,0.0,0,972_384_0,False
4752,site16_724.png,256,128,0.48858642578125,2,4752_256_128,True
3252,site2_91.png,128,128,0.0,0,3252_128_128,False
2830,site8_35.png,384,0,0.52587890625,2,2830_384_0,True
2962,site8_187.png,0,384,0.0,0,2962_0_384,False
3693,site11_429.png,384,128,0.2288818359375,1,3693_384_128,True
792,site4_115.png,512,512,0.0,0,792_512_512,False
293,site3_323.png,128,384,0.3250732421875,1,293_128_384,True
2786,site1_110.png,256,0,0.0,0,2786_256_0,False
2068,site14_107.png,128,128,0.88848876953125,2,2068_128_128,True
792,site4_115.png,128,128,0.0,0,792_128_128,False
1041,site5_206.png,384,128,0.998046875,2,1041_384_128,True
2187,site14_238.png,512,384,0.0,0,2187_512_384,False
2371,site15_126.png,512,256,0.0,0,2371_512_256,False
760,site4_81.png,0,512,0.02862548828125,0,760_0_512,True
1776,site6_965.png,512,256,0.2362060546875,1,1776_512_256,True
939,site5_94.png,0,0,0.03131103515625,0,939_0_0,True
2118,site14_163.png,512,256,0.0,0,2118_512_256,False
1520,site6_624.png,384,0,0.0,0,1520_384_0,False
293,site3_323.png,128,256,0.0811767578125,1,293_128_256,True
2192,site14_246.png,256,512,0.0,0,2192_256_512,False
580,site3_638.png,128,512,0.0,0,580_128_512,False
1254,site6_269.png,0,0,0.0,0,1254_0_0,False
1061,site5_228.png,128,384,0.13018798828125,1,1061_128_384,True
2041,site14_75.png,512,256,0.93353271484375,2,2041_512_256,True
1493,site6_589.png,256,512,0.0,0,1493_256_512,False
3133,site13_151.png,128,256,0.5516357421875,2,3133_128_256,True
270,site3_299.png,0,384,0.0,0,270_0_384,False
1954,site9_71.png,256,0,1.0,2,1954_256_0,True
2237,site14_298.png,0,384,0.40252685546875,2,2237_0_384,True
3156,site13_178.png,256,0,1.0,2,3156_256_0,True
928,site5_81.png,256,0,0.80023193359375,2,928_256_0,True
2765,site1_85.png,128,256,0.502197265625,2,2765_128_256,True
2086,site14_128.png,256,384,0.888427734375,2,2086_256_384,True
1031,site5_194.png,384,128,0.0,0,1031_384_128,False
2538,site12_142.png,128,128,0.52947998046875,2,2538_128_128,True
2517,site12_120.png,384,128,0.5225830078125,2,2517_384_128,True
551,site3_604.png,256,0,0.111328125,1,551_256_0,True
2445,site12_42.png,128,512,1.0,2,2445_128_512,True
915,site5_64.png,512,384,0.0,0,915_512_384,False
2084,site14_126.png,256,128,0.848388671875,2,2084_256_128,True
2492,site12_93.png,384,0,1.0,2,2492_384_0,True
1736,site6_915.png,384,384,0.2489013671875,1,1736_384_384,True
1544,site6_657.png,256,512,0.70941162109375,2,1544_256_512,True
3122,site13_138.png,512,128,0.941650390625,2,3122_512_128,True
984,site5_145.png,0,256,0.0,0,984_0_256,False
948,site5_103.png,256,0,0.0,0,948_256_0,False
978,site5_137.png,128,0,0.0,0,978_128_0,False
1524,site6_637.png,0,512,0.0,0,1524_0_512,False
3623,site11_357.png,512,512,0.68597412109375,2,3623_512_512,True
327,site3_359.png,384,0,0.0,0,327_384_0,False
2519,site12_122.png,256,0,0.1514892578125,1,2519_256_0,True
3086,site13_95.png,384,0,0.0,0,3086_384_0,False
1032,site5_195.png,256,512,0.07672119140625,1,1032_256_512,True
2498,site12_100.png,512,256,0.63323974609375,2,2498_512_256,True
2192,site14_246.png,0,0,0.99334716796875,2,2192_0_0,True
2972,site8_198.png,512,0,0.0831298828125,1,2972_512_0,True
493,site3_540.png,384,128,0.05816650390625,1,493_384_128,True
3151,site13_173.png,512,384,0.0,0,3151_512_384,False
3058,site13_62.png,0,512,0.36083984375,1,3058_0_512,True
298,site3_328.png,384,256,0.0,0,298_384_256,False
3242,site2_79.png,384,256,0.0,0,3242_384_256,False
2446,site12_43.png,128,256,1.0,2,2446_128_256,True
1016,site5_178.png,256,384,0.0,0,1016_256_384,False
528,site3_578.png,0,128,0.0,0,528_0_128,False
3627,site11_361.png,512,512,0.9913330078125,2,3627_512_512,True
2187,site14_238.png,384,256,0.0,0,2187_384_256,False
1237,site6_241.png,128,128,0.0,0,1237_128_128,False
3655,site11_390.png,512,256,0.0,0,3655_512_256,False
4786,site16_767.png,512,384,0.0,0,4786_512_384,False
2082,site14_124.png,512,512,0.982421875,2,2082_512_512,True
1932,site9_40.png,512,512,1.0,2,1932_512_512,True
2550,site12_155.png,512,0,0.0,0,2550_512_0,False
1967,site9_90.png,256,256,0.0,0,1967_256_256,False
360,site3_393.png,512,384,0.0,0,360_512_384,False
998,site5_159.png,256,384,0.4244384765625,2,998_256_384,True
887,site5_27.png,128,128,0.0,0,887_128_128,False
210,site3_237.png,0,128,0.0,0,210_0_128,False
790,site4_113.png,128,512,1.0,2,790_128_512,True
2074,site14_113.png,0,0,0.12176513671875,1,2074_0_0,True
1525,site6_638.png,256,512,0.0,0,1525_256_512,False
3692,site11_428.png,128,0,0.9730224609375,2,3692_128_0,True
290,site3_320.png,128,128,0.0,0,290_128_128,False
1941,site9_52.png,512,384,0.93218994140625,2,1941_512_384,True
996,site5_157.png,384,256,0.0,0,996_384_256,False
1605,site6_743.png,512,512,0.0,0,1605_512_512,False
1812,site6_1023.png,128,256,0.0,0,1812_128_256,False
3286,site2_130.png,384,256,0.0,0,3286_384_256,False
1025,site5_188.png,0,128,0.04150390625,0,1025_0_128,True
2491,site12_92.png,0,128,0.0,0,2491_0_128,False
4566,site16_510.png,0,128,0.7005615234375,2,4566_0_128,True
2979,site8_206.png,128,256,0.0,0,2979_128_256,False
865,site4_194.png,512,384,0.0,0,865_512_384,False
2226,site14_287.png,384,128,0.0,0,2226_384_128,False
1042,site5_207.png,128,512,1.0,2,1042_128_512,True
2204,site14_258.png,512,512,0.0,0,2204_512_512,False
2075,site14_114.png,0,128,0.28753662109375,1,2075_0_128,True
2674,site7_6.png,256,384,0.02899169921875,0,2674_256_384,True
2160,site14_209.png,0,128,0.0,0,2160_0_128,False
2204,site14_258.png,256,128,0.0,0,2204_256_128,False
774,site4_96.png,128,384,1.0,2,774_128_384,True
3151,site13_173.png,384,128,0.08929443359375,1,3151_384_128,True
2763,site1_83.png,384,128,0.0,0,2763_384_128,False
359,site3_392.png,0,384,0.0,0,359_0_384,False
95,site3_113.png,384,384,0.011474609375,0,95_384_384,True
978,site5_137.png,512,384,0.93359375,2,978_512_384,True
2362,site15_115.png,0,128,0.584228515625,2,2362_0_128,True
3100,site13_113.png,128,512,1.0,2,3100_128_512,True
2830,site8_35.png,384,384,0.3504638671875,1,2830_384_384,True
3104,site13_117.png,512,512,0.864501953125,2,3104_512_512,True
2721,site1_35.png,384,512,0.00030517578125,0,2721_384_512,True
350,site3_383.png,128,0,0.0,0,350_128_0,False
4770,site16_747.png,0,384,0.32867431640625,1,4770_0_384,True
2042,site14_76.png,512,512,0.0,0,2042_512_512,False
1325,site6_369.png,128,128,0.0,0,1325_128_128,False
755,site4_76.png,384,384,0.45806884765625,2,755_384_384,True
850,site4_177.png,128,384,0.0,0,850_128_384,False
2160,site14_209.png,512,512,0.0,0,2160_512_512,False
2657,site17_74.png,512,256,1.0,2,2657_512_256,True
1088,site5_261.png,384,512,0.79473876953125,2,1088_384_512,True
2423,site12_19.png,512,384,0.0,0,2423_512_384,False
3287,site2_131.png,128,128,0.0,0,3287_128_128,False
4856,site16_851.png,384,384,0.0,0,4856_384_384,False
1940,site9_51.png,256,512,1.0,2,1940_256_512,True
3174,site13_202.png,256,256,0.0,0,3174_256_256,False
2610,site17_19.png,0,128,0.0,0,2610_0_128,False
2674,site7_6.png,384,0,1.0,2,2674_384_0,True
3133,site13_151.png,128,128,0.64453125,2,3133_128_128,True
2072,site14_111.png,384,384,0.0,0,2072_384_384,False
1000,site5_161.png,384,256,0.0,0,1000_384_256,False
3096,site13_107.png,384,128,0.0,0,3096_384_128,False
1229,site6_233.png,384,128,0.0,0,1229_384_128,False
2437,site12_34.png,512,0,0.3272705078125,1,2437_512_0,True
2351,site15_103.png,0,256,0.0,0,2351_0_256,False
774,site4_96.png,384,0,0.89739990234375,2,774_384_0,True
996,site5_157.png,384,0,0.0,0,996_384_0,False
789,site4_112.png,512,128,1.0,2,789_512_128,True
3174,site13_202.png,384,256,0.0,0,3174_384_256,False
3163,site13_187.png,0,512,0.0,0,3163_0_512,False
3181,site13_209.png,128,256,0.0,0,3181_128_256,False
2225,site14_286.png,0,512,0.0,0,2225_0_512,False
584,site3_642.png,256,384,0.0,0,584_256_384,False
4589,site16_535.png,256,0,0.0,0,4589_256_0,False
3079,site13_86.png,384,512,0.91094970703125,2,3079_384_512,True
1742,site6_921.png,0,512,0.0,0,1742_0_512,False
3718,site11_455.png,384,512,0.0,0,3718_384_512,False
1191,site6_173.png,256,128,0.0975341796875,1,1191_256_128,True
2692,site10_51.png,384,128,0.0,0,2692_384_128,False
4808,site16_793.png,0,128,0.8822021484375,2,4808_0_128,True
2440,site12_37.png,384,512,0.0,0,2440_384_512,False
1189,site6_171.png,384,128,0.23956298828125,1,1189_384_128,True
4591,site16_537.png,256,512,0.0,0,4591_256_512,False
2402,site15_163.png,128,0,0.0,0,2402_128_0,False
991,site5_152.png,384,512,0.84600830078125,2,991_384_512,True
2154,site14_203.png,128,384,0.0,0,2154_128_384,False
941,site5_96.png,128,128,0.0,0,941_128_128,False
1022,site5_185.png,512,512,0.69952392578125,2,1022_512_512,True
2471,site12_71.png,384,384,1.0,2,2471_384_384,True
2915,site8_135.png,0,384,0.0,0,2915_0_384,False
3158,site13_182.png,256,384,0.0,0,3158_256_384,False
1078,site5_247.png,384,0,0.0,0,1078_384_0,False
3274,site2_116.png,512,128,0.32867431640625,1,3274_512_128,True
3046,site13_46.png,0,512,0.0399169921875,0,3046_0_512,True
2687,site10_22.png,384,256,0.0,0,2687_384_256,False
1926,site9_31.png,384,384,0.02587890625,0,1926_384_384,True
3099,site13_112.png,0,256,0.30902099609375,1,3099_0_256,True
1598,site6_727.png,384,256,0.012451171875,0,1598_384_256,True
2207,site14_264.png,384,128,0.5250244140625,2,2207_384_128,True
3077,site13_84.png,128,384,1.0,2,3077_128_384,True
3094,site13_105.png,512,0,0.0,0,3094_512_0,False
4728,site16_696.png,256,256,0.60595703125,2,4728_256_256,True
2331,site15_81.png,384,512,0.344482421875,1,2331_384_512,True
2638,site17_53.png,128,128,0.8587646484375,2,2638_128_128,True
1168,site6_137.png,0,0,0.0,0,1168_0_0,False
2500,site12_102.png,0,384,0.165771484375,1,2500_0_384,True
2041,site14_75.png,256,128,0.0,0,2041_256_128,False
389,site3_424.png,0,0,0.084228515625,1,389_0_0,True
3028,site13_24.png,256,0,0.0,0,3028_256_0,False
2323,site15_72.png,384,128,0.0,0,2323_384_128,False
3753,site11_491.png,256,0,0.943115234375,2,3753_256_0,True
2528,site12_132.png,0,0,0.0,0,2528_0_0,False
1096,site5_277.png,0,128,0.0086669921875,0,1096_0_128,True
2234,site14_295.png,128,128,0.0,0,2234_128_128,False
2839,site8_47.png,0,512,0.0,0,2839_0_512,False
1923,site9_28.png,512,0,0.82623291015625,2,1923_512_0,True
2610,site17_19.png,384,512,0.0,0,2610_384_512,False
1086,site5_259.png,256,512,0.11956787109375,1,1086_256_512,True
1791,site6_990.png,128,128,1.0,2,1791_128_128,True
497,site3_544.png,256,0,0.0,0,497_256_0,False
3102,site13_115.png,128,128,0.95391845703125,2,3102_128_128,True
2648,site17_63.png,512,512,1.0,2,2648_512_512,True
3151,site13_173.png,256,384,0.0,0,3151_256_384,False
2493,site12_94.png,128,512,1.0,2,2493_128_512,True
4703,site16_668.png,0,384,0.35504150390625,1,4703_0_384,True
3690,site11_426.png,128,384,0.0,0,3690_128_384,False
3076,site13_83.png,384,0,1.0,2,3076_384_0,True
1544,site6_657.png,384,384,0.06561279296875,1,1544_384_384,True
2334,site15_84.png,0,0,1.0,2,2334_0_0,True
1605,site6_743.png,0,0,0.0,0,1605_0_0,False
2611,site17_20.png,0,128,1.0,2,2611_0_128,True
1948,site9_62.png,512,256,1.0,2,1948_512_256,True
772,site4_94.png,384,128,0.44549560546875,2,772_384_128,True
2402,site15_163.png,256,512,0.0,0,2402_256_512,False
329,site3_361.png,0,384,0.0,0,329_0_384,False
3252,site2_91.png,256,384,0.0,0,3252_256_384,False
2462,site12_60.png,512,128,0.49749755859375,2,2462_512_128,True
1546,site6_659.png,256,128,0.0,0,1546_256_128,False
1938,site9_49.png,256,128,0.0,0,1938_256_128,False
360,site3_393.png,0,256,0.51690673828125,2,360_0_256,True
993,site5_154.png,512,256,0.0,0,993_512_256,False
2225,site14_286.png,512,0,0.0,0,2225_512_0,False
1943,site9_57.png,128,256,0.43310546875,2,1943_128_256,True
2963,site8_188.png,128,512,0.0,0,2963_128_512,False
3037,site13_35.png,384,384,0.0115966796875,0,3037_384_384,True
2926,site8_147.png,0,256,0.32513427734375,1,2926_0_256,True
3656,site11_391.png,256,512,0.0,0,3656_256_512,False
2837,site8_45.png,384,0,0.1363525390625,1,2837_384_0,True
533,site3_583.png,256,128,0.0,0,533_256_128,False
3071,site13_76.png,128,512,0.0,0,3071_128_512,False
3132,site13_149.png,256,0,0.0,0,3132_256_0,False
991,site5_152.png,384,256,0.0159912109375,0,991_384_256,True
2204,site14_258.png,512,384,0.0,0,2204_512_384,False
1059,site5_226.png,384,0,0.07855224609375,1,1059_384_0,True
3686,site11_422.png,256,384,0.54736328125,2,3686_256_384,True
2082,site14_124.png,128,384,0.14276123046875,1,2082_128_384,True
240,site3_268.png,256,0,0.0,0,240_256_0,False
2421,site12_17.png,384,384,0.0,0,2421_384_384,False
2203,site14_257.png,384,0,0.0,0,2203_384_0,False
3066,site13_71.png,384,512,0.2464599609375,1,3066_384_512,True
3148,site13_168.png,128,256,1.0,2,3148_128_256,True
2072,site14_111.png,256,512,0.0,0,2072_256_512,False
1941,site9_52.png,256,256,1.0,2,1941_256_256,True
3686,site11_422.png,256,256,0.12725830078125,1,3686_256_256,True
4637,site16_587.png,128,0,0.3067626953125,1,4637_128_0,True
678,site3_766.png,512,0,0.0,0,678_512_0,False
327,site3_359.png,128,512,0.0,0,327_128_512,False
4750,site16_722.png,384,512,0.0574951171875,1,4750_384_512,True
3107,site13_122.png,0,384,0.0,0,3107_0_384,False
4773,site16_750.png,256,384,0.0,0,4773_256_384,False
3824,site11_564.png,128,512,0.0,0,3824_128_512,False
580,site3_638.png,512,512,0.0,0,580_512_512,False
2248,site14_316.png,256,0,0.0,0,2248_256_0,False
3174,site13_202.png,0,128,0.0,0,3174_0_128,False
902,site5_47.png,256,128,0.0,0,902_256_128,False
2528,site12_132.png,128,384,0.0,0,2528_128_384,False
4808,site16_793.png,384,0,0.0,0,4808_384_0,False
3045,site13_45.png,128,384,0.15350341796875,1,3045_128_384,True
4768,site16_745.png,512,128,0.0,0,4768_512_128,False
758,site4_79.png,384,128,0.0,0,758_384_128,False
1924,site9_29.png,512,128,0.9962158203125,2,1924_512_128,True
4730,site16_698.png,256,256,0.0,0,4730_256_256,False
3661,site11_396.png,0,256,0.67523193359375,2,3661_0_256,True
887,site5_27.png,384,256,0.0,0,887_384_256,False
3116,site13_132.png,0,384,1.0,2,3116_0_384,True
298,site3_328.png,384,512,0.0,0,298_384_512,False
2630,site17_43.png,256,128,0.0,0,2630_256_128,False
3079,site13_86.png,384,0,0.0045166015625,0,3079_384_0,True
1036,site5_201.png,512,256,0.0,0,1036_512_256,False
3686,site11_422.png,256,512,0.0,0,3686_256_512,False
1936,site9_47.png,0,384,0.98406982421875,2,1936_0_384,True
1778,site6_967.png,512,0,0.0,0,1778_512_0,False
2486,site12_87.png,256,512,1.0,2,2486_256_512,True
1380,site6_441.png,384,384,0.07135009765625,1,1380_384_384,True
2504,site12_106.png,256,384,0.063232421875,1,2504_256_384,True
3249,site2_88.png,512,128,0.0,0,3249_512_128,False
293,site3_323.png,256,512,0.0,0,293_256_512,False
295,site3_325.png,512,512,0.0,0,295_512_512,False
940,site5_95.png,256,512,0.0,0,940_256_512,False
2447,site12_44.png,128,128,0.0,0,2447_128_128,False
3228,site2_63.png,384,0,0.86614990234375,2,3228_384_0,True
2639,site17_54.png,128,0,0.0,0,2639_128_0,False
2455,site12_53.png,0,256,0.51092529296875,2,2455_0_256,True
1742,site6_921.png,384,512,0.0,0,1742_384_512,False
1938,site9_49.png,0,256,0.0,0,1938_0_256,False
1045,site5_210.png,256,512,0.0,0,1045_256_512,False
551,site3_604.png,128,128,0.0,0,551_128_128,False
816,site4_140.png,128,256,0.0,0,816_128_256,False
952,site5_109.png,0,512,0.887939453125,2,952_0_512,True
1778,site6_967.png,512,128,0.0,0,1778_512_128,False
2775,site1_97.png,512,0,1.0,2,2775_512_0,True
2484,site12_85.png,128,0,0.0,0,2484_128_0,False
2537,site12_141.png,256,0,0.998779296875,2,2537_256_0,True
2599,site17_6.png,384,128,0.0,0,2599_384_128,False
2225,site14_286.png,384,512,0.51495361328125,2,2225_384_512,True
4702,site16_667.png,512,0,0.0,0,4702_512_0,False
3131,site13_148.png,384,512,0.89593505859375,2,3131_384_512,True
2513,site12_116.png,256,512,0.51104736328125,2,2513_256_512,True
3077,site13_84.png,128,0,1.0,2,3077_128_0,True
2082,site14_124.png,256,256,0.017333984375,0,2082_256_256,True
352,site3_385.png,256,0,0.0,0,352_256_0,False
4614,site16_562.png,384,512,0.0,0,4614_384_512,False
2537,site12_141.png,384,384,1.0,2,2537_384_384,True
3031,site13_27.png,128,256,0.037841796875,0,3031_128_256,True
1957,site9_74.png,512,256,0.215576171875,1,1957_512_256,True
1024,site5_187.png,128,256,0.7943115234375,2,1024_128_256,True
1026,site5_189.png,0,512,1.0,2,1026_0_512,True
3274,site2_116.png,512,512,0.0,0,3274_512_512,False
822,site4_148.png,0,512,0.0,0,822_0_512,False
2484,site12_85.png,128,128,0.0,0,2484_128_128,False
3263,site2_104.png,384,384,0.0,0,3263_384_384,False
1189,site6_171.png,384,512,0.0,0,1189_384_512,False
2765,site1_85.png,384,128,0.0,0,2765_384_128,False
3053,site13_55.png,0,0,0.0,0,3053_0_0,False
3054,site13_56.png,128,128,0.4000244140625,2,3054_128_128,True
1027,site5_190.png,128,384,1.0,2,1027_128_384,True
1760,site6_949.png,512,128,1.0,2,1760_512_128,True
2616,site17_25.png,512,256,0.0,0,2616_512_256,False
123,site3_144.png,128,512,0.0,0,123_128_512,False
3051,site13_53.png,512,512,0.72607421875,2,3051_512_512,True
1714,site6_885.png,128,512,0.14520263671875,1,1714_128_512,True
2839,site8_47.png,256,128,0.31915283203125,1,2839_256_128,True
989,site5_150.png,0,128,0.0,0,989_0_128,False
3037,site13_35.png,384,512,0.16278076171875,1,3037_384_512,True
2729,site1_44.png,128,256,0.29443359375,1,2729_128_256,True
2604,site17_11.png,128,512,1.0,2,2604_128_512,True
2218,site14_275.png,512,128,0.246826171875,1,2218_512_128,True
2082,site14_124.png,128,512,0.94573974609375,2,2082_128_512,True
2460,site12_58.png,128,256,1.0,2,2460_128_256,True
1826,site6_1037.png,384,256,0.0,0,1826_384_256,False
756,site4_77.png,256,512,1.0,2,756_256_512,True
1067,site5_236.png,256,384,0.494384765625,2,1067_256_384,True
2647,site17_62.png,256,384,0.0,0,2647_256_384,False
298,site3_328.png,128,0,0.0,0,298_128_0,False
3075,site13_82.png,256,384,1.0,2,3075_256_384,True
2336,site15_86.png,256,128,0.0262451171875,0,2336_256_128,True
585,site3_643.png,512,0,0.00665283203125,0,585_512_0,True
949,site5_104.png,128,128,0.0,0,949_128_128,False
1024,site5_187.png,0,128,0.41339111328125,2,1024_0_128,True
2123,site14_168.png,512,128,0.0,0,2123_512_128,False
1941,site9_52.png,256,128,1.0,2,1941_256_128,True
1067,site5_236.png,0,256,0.0,0,1067_0_256,False
2563,site12_169.png,256,512,0.0,0,2563_256_512,False
2578,site12_186.png,128,512,0.0,0,2578_128_512,False
2513,site12_116.png,128,256,0.0,0,2513_128_256,False
3070,site13_75.png,256,128,0.65081787109375,2,3070_256_128,True
3023,site13_7.png,256,384,0.0,0,3023_256_384,False
928,site5_81.png,384,128,0.0,0,928_384_128,False
1097,site5_278.png,0,384,1.0,2,1097_0_384,True
2514,site12_117.png,384,0,0.62847900390625,2,2514_384_0,True
4637,site16_587.png,384,256,0.0,0,4637_384_256,False
4542,site16_484.png,128,384,0.07318115234375,1,4542_128_384,True
3145,site13_165.png,256,512,0.623046875,2,3145_256_512,True
3061,site13_65.png,512,512,0.04302978515625,0,3061_512_512,True
584,site3_642.png,384,384,0.0,0,584_384_384,False
3095,site13_106.png,128,0,0.0,0,3095_128_0,False
3140,site13_158.png,512,256,1.0,2,3140_512_256,True
2099,site14_143.png,0,256,0.0,0,2099_0_256,False
3314,site2_165.png,0,0,0.0,0,3314_0_0,False
4877,site16_877.png,256,256,0.0,0,4877_256_256,False
1826,site6_1037.png,0,384,0.0,0,1826_0_384,False
581,site3_639.png,0,512,0.0,0,581_0_512,False
3125,site13_142.png,384,384,0.0,0,3125_384_384,False
2421,site12_17.png,384,512,0.0390625,0,2421_384_512,True
3105,site13_118.png,384,384,0.95220947265625,2,3105_384_384,True
968,site5_127.png,384,256,1.0,2,968_384_256,True
3087,site13_96.png,384,512,0.0,0,3087_384_512,False
1736,site6_915.png,0,384,0.75555419921875,2,1736_0_384,True
1088,site5_261.png,512,256,0.0,0,1088_512_256,False
4786,site16_767.png,384,256,0.0,0,4786_384_256,False
2334,site15_84.png,0,384,0.9874267578125,2,2334_0_384,True
1571,site6_692.png,256,256,0.0,0,1571_256_256,False
1938,site9_49.png,128,384,0.0,0,1938_128_384,False
2470,site12_70.png,128,0,0.8045654296875,2,2470_128_0,True
1299,site6_334.png,256,256,0.0,0,1299_256_256,False
1912,site9_6.png,512,128,0.0,0,1912_512_128,False
1254,site6_269.png,128,0,0.0,0,1254_128_0,False
630,site3_697.png,256,128,0.0,0,630_256_128,False
2934,site8_156.png,128,0,0.5296630859375,2,2934_128_0,True
1956,site9_73.png,256,256,1.0,2,1956_256_256,True
2838,site8_46.png,0,0,0.9822998046875,2,2838_0_0,True
1168,site6_137.png,128,512,0.0,0,1168_128_512,False
3070,site13_75.png,0,384,1.0,2,3070_0_384,True
1039,site5_204.png,0,0,0.83782958984375,2,1039_0_0,True
3690,site11_426.png,384,128,0.0,0,3690_384_128,False
3154,site13_176.png,0,0,0.0,0,3154_0_0,False
2324,site15_73.png,256,128,0.0,0,2324_256_128,False
1760,site6_949.png,128,512,0.050048828125,1,1760_128_512,True
2486,site12_87.png,512,256,0.998046875,2,2486_512_256,True
2459,site12_57.png,384,128,1.0,2,2459_384_128,True
2033,site14_67.png,384,512,0.0,0,2033_384_512,False
4730,site16_698.png,512,384,0.0,0,4730_512_384,False
928,site5_81.png,256,128,0.226318359375,1,928_256_128,True
1035,site5_200.png,256,512,1.0,2,1035_256_512,True
2995,site8_224.png,384,128,0.0,0,2995_384_128,False
4569,site16_513.png,512,384,0.0,0,4569_512_384,False
2964,site8_189.png,0,128,0.0,0,2964_0_128,False
1957,site9_74.png,384,128,0.65533447265625,2,1957_384_128,True
1057,site5_224.png,256,384,0.0,0,1057_256_384,False
991,site5_152.png,512,256,0.50811767578125,2,991_512_256,True
865,site4_194.png,128,256,0.31439208984375,1,865_128_256,True
2068,site14_107.png,0,128,0.9141845703125,2,2068_0_128,True
3240,site2_77.png,128,0,0.201171875,1,3240_128_0,True
2494,site12_95.png,512,384,0.878662109375,2,2494_512_384,True
1948,site9_62.png,0,0,1.0,2,1948_0_0,True
2723,site1_37.png,128,384,0.0,0,2723_128_384,False
3753,site11_491.png,128,0,0.7491455078125,2,3753_128_0,True
914,site5_63.png,0,512,1.0,2,914_0_512,True
3066,site13_71.png,384,256,0.1900634765625,1,3066_384_256,True
887,site5_27.png,0,384,0.35015869140625,1,887_0_384,True
2438,site12_35.png,0,256,0.0,0,2438_0_256,False
1742,site6_921.png,128,0,0.70220947265625,2,1742_128_0,True
329,site3_361.png,256,0,0.5986328125,2,329_256_0,True
994,site5_155.png,512,128,1.0,2,994_512_128,True
914,site5_63.png,256,256,0.73126220703125,2,914_256_256,True
948,site5_103.png,0,512,0.0,0,948_0_512,False
350,site3_383.png,512,384,0.21197509765625,1,350_512_384,True
2611,site17_20.png,128,512,0.0,0,2611_128_512,False
3824,site11_564.png,128,256,0.27508544921875,1,3824_128_256,True
774,site4_96.png,256,384,1.0,2,774_256_384,True
2140,site14_186.png,0,256,0.916259765625,2,2140_0_256,True
4875,site16_875.png,384,512,0.0,0,4875_384_512,False
3688,site11_424.png,256,0,0.38507080078125,1,3688_256_0,True
2886,site8_103.png,384,0,0.0,0,2886_384_0,False
965,site5_122.png,384,128,0.0,0,965_384_128,False
292,site3_322.png,512,256,0.0,0,292_512_256,False
3719,site11_456.png,128,384,0.54522705078125,2,3719_128_384,True
239,site3_267.png,128,384,0.14508056640625,1,239_128_384,True
2517,site12_120.png,384,512,0.5439453125,2,2517_384_512,True
2653,site17_70.png,128,0,1.0,2,2653_128_0,True
3656,site11_391.png,384,128,0.0,0,3656_384_128,False
2620,site17_31.png,256,128,0.990478515625,2,2620_256_128,True
2234,site14_295.png,384,128,0.0,0,2234_384_128,False
1925,site9_30.png,512,128,1.0,2,1925_512_128,True
817,site4_141.png,256,256,0.0,0,817_256_256,False
4492,site16_432.png,128,256,0.0,0,4492_128_256,False
791,site4_114.png,256,0,1.0,2,791_256_0,True
3066,site13_71.png,128,0,0.4903564453125,2,3066_128_0,True
914,site5_63.png,512,128,1.0,2,914_512_128,True
2140,site14_186.png,384,0,0.86834716796875,2,2140_384_0,True
2084,site14_126.png,0,512,0.0,0,2084_0_512,False
3038,site13_36.png,256,0,1.0,2,3038_256_0,True
2324,site15_73.png,512,384,0.0,0,2324_512_384,False
2692,site10_51.png,0,0,0.0,0,2692_0_0,False
1016,site5_178.png,512,0,0.0,0,1016_512_0,False
2730,site1_45.png,0,384,0.0,0,2730_0_384,False
2161,site14_210.png,512,0,0.0,0,2161_512_0,False
773,site4_95.png,512,128,1.0,2,773_512_128,True
758,site4_79.png,512,384,1.0,2,758_512_384,True
2486,site12_87.png,128,256,1.0,2,2486_128_256,True
2117,site14_162.png,256,384,0.0,0,2117_256_384,False
3719,site11_456.png,256,0,0.0,0,3719_256_0,False
3130,site13_147.png,0,0,1.0,2,3130_0_0,True
968,site5_127.png,128,384,0.96807861328125,2,968_128_384,True
4769,site16_746.png,256,512,0.0,0,4769_256_512,False
1926,site9_31.png,0,384,0.6209716796875,2,1926_0_384,True
1037,site5_202.png,384,512,0.278564453125,1,1037_384_512,True
3059,site13_63.png,384,384,0.047119140625,0,3059_384_384,True
2192,site14_246.png,256,128,0.0,0,2192_256_128,False
3218,site2_50.png,128,256,0.20465087890625,1,3218_128_256,True
2934,site8_156.png,384,512,1.0,2,2934_384_512,True
181,site3_206.png,384,256,0.0,0,181_384_256,False
4702,site16_667.png,0,0,0.0,0,4702_0_0,False
2124,site14_169.png,512,512,0.0,0,2124_512_512,False
3029,site13_25.png,128,0,0.0,0,3029_128_0,False
2824,site8_25.png,384,512,0.34576416015625,1,2824_384_512,True
1032,site5_195.png,128,384,0.3419189453125,1,1032_128_384,True
4677,site16_638.png,256,384,0.08209228515625,1,4677_256_384,True
1096,site5_277.png,512,128,1.0,2,1096_512_128,True
606,site3_668.png,512,512,0.0,0,606_512_512,False
3166,site13_192.png,128,384,0.6844482421875,2,3166_128_384,True
1282,site6_308.png,0,512,0.0,0,1282_0_512,False
3288,site2_132.png,512,512,0.11376953125,1,3288_512_512,True
2500,site12_102.png,256,128,0.85638427734375,2,2500_256_128,True
2630,site17_43.png,384,512,0.0,0,2630_384_512,False
2537,site12_141.png,384,512,1.0,2,2537_384_512,True
359,site3_392.png,512,128,0.03741455078125,0,359_512_128,True
3289,site2_133.png,384,256,0.0,0,3289_384_256,False
814,site4_138.png,512,0,0.0,0,814_512_0,False
1917,site9_18.png,384,0,1.0,2,1917_384_0,True
2459,site12_57.png,256,384,1.0,2,2459_256_384,True
2323,site15_72.png,384,256,0.0,0,2323_384_256,False
1503,site6_607.png,128,128,0.0,0,1503_128_128,False
4703,site16_668.png,128,128,0.0,0,4703_128_128,False
3083,site13_92.png,128,512,1.0,2,3083_128_512,True
2915,site8_135.png,256,128,0.0,0,2915_256_128,False
3686,site11_422.png,512,0,0.0,0,3686_512_0,False
2914,site8_134.png,384,256,0.32904052734375,1,2914_384_256,True
1054,site5_221.png,512,384,0.0,0,1054_512_384,False
2847,site8_57.png,384,512,0.0,0,2847_384_512,False
4752,site16_724.png,512,0,0.21417236328125,1,4752_512_0,True
4722,site16_690.png,256,128,0.0,0,4722_256_128,False
1954,site9_71.png,0,0,1.0,2,1954_0_0,True
1057,site5_224.png,384,512,0.614990234375,2,1057_384_512,True
1191,site6_173.png,384,0,0.0,0,1191_384_0,False
3046,site13_46.png,0,0,0.29742431640625,1,3046_0_0,True
932,site5_85.png,0,0,0.66064453125,2,932_0_0,True
3656,site11_391.png,256,384,0.0,0,3656_256_384,False
3592,site11_325.png,128,0,0.0,0,3592_128_0,False
1763,site6_952.png,0,128,1.0,2,1763_0_128,True
822,site4_148.png,256,128,0.0,0,822_256_128,False
3251,site2_90.png,256,512,0.0,0,3251_256_512,False
3154,site13_176.png,384,384,0.0,0,3154_384_384,False
2092,site14_134.png,512,384,0.0,0,2092_512_384,False
3164,site13_188.png,384,0,0.0,0,3164_384_0,False
4543,site16_485.png,384,0,0.0,0,4543_384_0,False
3116,site13_132.png,512,384,1.0,2,3116_512_384,True
503,site3_550.png,384,0,0.0,0,503_384_0,False
3219,site2_51.png,0,384,1.0,2,3219_0_384,True
1925,site9_30.png,256,384,0.0347900390625,0,1925_256_384,True
4725,site16_693.png,128,384,0.09820556640625,1,4725_128_384,True
2234,site14_295.png,512,0,0.0,0,2234_512_0,False
1085,site5_258.png,256,256,0.0,0,1085_256_256,False
3252,site2_91.png,384,0,0.0,0,3252_384_0,False
1308,site6_343.png,0,256,0.0,0,1308_0_256,False
2913,site8_133.png,0,384,0.0,0,2913_0_384,False
2654,site17_71.png,512,512,0.370849609375,1,2654_512_512,True
823,site4_149.png,256,0,0.35943603515625,1,823_256_0,True
464,site3_508.png,512,512,0.0,0,464_512_512,False
2082,site14_124.png,256,512,1.0,2,2082_256_512,True
3141,site13_159.png,256,512,0.0,0,3141_256_512,False
1961,site9_81.png,384,512,0.02490234375,0,1961_384_512,True
2602,site17_9.png,128,384,1.0,2,2602_128_384,True
1097,site5_278.png,384,0,1.0,2,1097_384_0,True
813,site4_137.png,384,384,0.0,0,813_384_384,False
1227,site6_231.png,384,384,0.99530029296875,2,1227_384_384,True
2117,site14_162.png,256,0,0.14886474609375,1,2117_256_0,True
2187,site14_238.png,256,128,0.1326904296875,1,2187_256_128,True
3031,site13_27.png,0,512,1.0,2,3031_0_512,True
2248,site14_316.png,0,256,0.4139404296875,2,2248_0_256,True
759,site4_80.png,384,384,0.38336181640625,1,759_384_384,True
2925,site8_146.png,384,512,0.7169189453125,2,2925_384_512,True
994,site5_155.png,384,384,1.0,2,994_384_384,True
1026,site5_189.png,512,0,1.0,2,1026_512_0,True
2615,site17_24.png,0,256,0.7283935546875,2,2615_0_256,True
791,site4_114.png,128,128,1.0,2,791_128_128,True
2520,site12_123.png,128,256,1.0,2,2520_128_256,True
2050,site14_86.png,384,0,0.0,0,2050_384_0,False
415,site3_453.png,384,512,0.0,0,415_384_512,False
3061,site13_65.png,256,128,0.0,0,3061_256_128,False
2455,site12_53.png,384,512,0.0933837890625,1,2455_384_512,True
2242,site14_310.png,128,256,0.0,0,2242_128_256,False
360,site3_393.png,256,0,0.0,0,360_256_0,False
1954,site9_71.png,128,128,1.0,2,1954_128_128,True
526,site3_576.png,512,256,0.0,0,526_512_256,False
2492,site12_93.png,0,512,1.0,2,2492_0_512,True
3161,site13_185.png,512,256,0.0,0,3161_512_256,False
3104,site13_117.png,256,384,0.98687744140625,2,3104_256_384,True
3079,site13_86.png,384,128,0.4390869140625,2,3079_384_128,True
585,site3_643.png,0,128,0.0,0,585_0_128,False
1025,site5_188.png,512,384,1.0,2,1025_512_384,True
1936,site9_47.png,0,256,0.96759033203125,2,1936_0_256,True
980,site5_139.png,128,0,0.0,0,980_128_0,False
2839,site8_47.png,128,128,0.37762451171875,1,2839_128_128,True
181,site3_206.png,128,0,0.0,0,181_128_0,False
2934,site8_156.png,0,0,0.6715087890625,2,2934_0_0,True
3166,site13_192.png,256,128,0.30572509765625,1,3166_256_128,True
2659,site17_76.png,512,0,1.0,2,2659_512_0,True
4402,site16_330.png,512,0,0.0,0,4402_512_0,False
1957,site9_74.png,384,256,0.0953369140625,1,1957_384_256,True
493,site3_540.png,128,384,0.0,0,493_128_384,False
1238,site6_242.png,384,384,0.0,0,1238_384_384,False
2053,site14_89.png,512,256,0.0,0,2053_512_256,False
3033,site13_31.png,512,128,0.2835693359375,1,3033_512_128,True
2492,site12_93.png,0,384,1.0,2,2492_0_384,True
4807,site16_792.png,128,512,0.0,0,4807_128_512,False
3823,site11_563.png,128,256,0.36737060546875,1,3823_128_256,True
3753,site11_491.png,512,128,0.6097412109375,2,3753_512_128,True
755,site4_76.png,0,256,0.0,0,755_0_256,False
1260,site6_275.png,384,512,0.0,0,1260_384_512,False
4743,site16_715.png,512,384,0.0,0,4743_512_384,False
1238,site6_242.png,128,384,0.0,0,1238_128_384,False
3105,site13_118.png,0,128,0.90155029296875,2,3105_0_128,True
2730,site1_45.png,512,128,0.015869140625,0,2730_512_128,True
2219,site14_276.png,0,384,0.0,0,2219_0_384,False
2657,site17_74.png,512,128,1.0,2,2657_512_128,True
2519,site12_122.png,0,256,0.0,0,2519_0_256,False
3190,site13_219.png,512,512,0.0,0,3190_512_512,False
1073,site5_242.png,128,128,0.10260009765625,1,1073_128_128,True
3148,site13_168.png,384,512,0.80908203125,2,3148_384_512,True
759,site4_80.png,384,512,0.15576171875,1,759_384_512,True
2638,site17_53.png,384,0,0.0,0,2638_384_0,False
939,site5_94.png,128,0,0.0,0,939_128_0,False
1325,site6_369.png,128,256,0.21356201171875,1,1325_128_256,True
2439,site12_36.png,384,384,0.00115966796875,0,2439_384_384,True
3102,site13_115.png,512,0,0.0,0,3102_512_0,False
1954,site9_71.png,128,384,1.0,2,1954_128_384,True
1301,site6_336.png,512,0,0.0,0,1301_512_0,False
2616,site17_25.png,512,128,0.0,0,2616_512_128,False
528,site3_578.png,0,0,0.0,0,528_0_0,False
521,site3_571.png,128,384,0.0,0,521_128_384,False
3231,site2_66.png,128,384,0.0,0,3231_128_384,False
1938,site9_49.png,512,128,0.02716064453125,0,1938_512_128,True
2723,site1_37.png,256,384,0.0,0,2723_256_384,False
1666,site6_820.png,256,128,0.0,0,1666_256_128,False
2973,site8_199.png,256,384,0.0,0,2973_256_384,False
1309,site6_344.png,0,128,0.469970703125,2,1309_0_128,True
2639,site17_54.png,512,384,1.0,2,2639_512_384,True
915,site5_64.png,0,256,1.0,2,915_0_256,True
3218,site2_50.png,512,128,0.4622802734375,2,3218_512_128,True
3068,site13_73.png,384,256,1.0,2,3068_384_256,True
2033,site14_67.png,384,256,0.0,0,2033_384_256,False
980,site5_139.png,512,512,0.4827880859375,2,980_512_512,True
1736,site6_915.png,128,512,1.0,2,1736_128_512,True
2504,site12_106.png,0,0,0.0,0,2504_0_0,False
3274,site2_116.png,384,384,0.0,0,3274_384_384,False
4699,site16_664.png,384,0,0.0,0,4699_384_0,False
817,site4_141.png,384,128,0.0,0,817_384_128,False
2102,site14_146.png,128,256,0.3572998046875,1,2102_128_256,True
2914,site8_134.png,256,256,0.00616455078125,0,2914_256_256,True
2342,site15_93.png,256,256,0.97869873046875,2,2342_256_256,True
1957,site9_74.png,128,256,0.07257080078125,1,1957_128_256,True
3251,site2_90.png,0,0,0.0,0,3251_0_0,False
3145,site13_165.png,128,256,0.9140625,2,3145_128_256,True
2362,site15_115.png,512,0,0.1943359375,1,2362_512_0,True
1299,site6_334.png,512,512,0.0,0,1299_512_512,False
524,site3_574.png,0,512,0.1292724609375,1,524_0_512,True
2441,site12_38.png,384,128,0.15447998046875,1,2441_384_128,True
3820,site11_560.png,256,512,0.0,0,3820_256_512,False
2041,site14_75.png,512,128,0.69573974609375,2,2041_512_128,True
519,site3_569.png,512,0,0.0,0,519_512_0,False
1005,site5_167.png,512,256,0.8603515625,2,1005_512_256,True
1763,site6_952.png,256,512,1.0,2,1763_256_512,True
938,site5_93.png,256,128,0.0,0,938_256_128,False
4728,site16_696.png,128,0,0.0,0,4728_128_0,False
2498,site12_100.png,512,512,0.0,0,2498_512_512,False
2469,site12_69.png,512,256,0.62054443359375,2,2469_512_256,True
2374,site15_129.png,0,512,0.0,0,2374_0_512,False
740,site4_60.png,384,384,0.0,0,740_384_384,False
3083,site13_92.png,512,0,1.0,2,3083_512_0,True
1525,site6_638.png,128,128,0.0,0,1525_128_128,False
3693,site11_429.png,256,0,0.97509765625,2,3693_256_0,True
1738,site6_917.png,384,384,0.0,0,1738_384_384,False
2354,site15_106.png,512,384,0.4735107421875,2,2354_512_384,True
2192,site14_246.png,0,128,0.29052734375,1,2192_0_128,True
2740,site1_56.png,128,512,0.67193603515625,2,2740_128_512,True
4743,site16_715.png,512,128,0.2572021484375,1,4743_512_128,True
4875,site16_875.png,128,384,0.0,0,4875_128_384,False
2599,site17_6.png,512,256,0.0,0,2599_512_256,False
2460,site12_58.png,512,256,1.0,2,2460_512_256,True
2462,site12_60.png,256,128,0.0,0,2462_256_128,False
2442,site12_39.png,128,512,1.0,2,2442_128_512,True
3104,site13_117.png,512,128,1.0,2,3104_512_128,True
2324,site15_73.png,512,0,0.0,0,2324_512_0,False
358,site3_391.png,384,256,0.0,0,358_384_256,False
789,site4_112.png,512,256,1.0,2,789_512_256,True
2143,site14_189.png,512,256,0.3214111328125,1,2143_512_256,True
1939,site9_50.png,128,256,1.0,2,1939_128_256,True
2797,site1_123.png,512,0,1.0,2,2797_512_0,True
948,site5_103.png,512,256,0.0,0,948_512_256,False
833,site4_159.png,128,512,0.0,0,833_128_512,False
1788,site6_987.png,128,384,1.0,2,1788_128_384,True
2786,site1_110.png,0,512,0.44476318359375,2,2786_0_512,True
1598,site6_727.png,0,256,0.12078857421875,1,1598_0_256,True
3286,site2_130.png,512,512,0.0,0,3286_512_512,False
4970,site16_1005.png,128,256,0.006591796875,0,4970_128_256,True
3218,site2_50.png,384,256,0.0,0,3218_384_256,False
45,site3_56.png,512,128,0.0,0,45_512_128,False
1299,site6_334.png,0,512,0.0,0,1299_0_512,False
123,site3_144.png,0,384,0.0,0,123_0_384,False
3158,site13_182.png,384,256,0.0,0,3158_384_256,False
2923,site8_144.png,0,256,0.78179931640625,2,2923_0_256,True
1947,site9_61.png,512,0,1.0,2,1947_512_0,True
3756,site11_494.png,512,256,0.3966064453125,1,3756_512_256,True
3099,site13_112.png,128,0,1.0,2,3099_128_0,True
1957,site9_74.png,512,512,0.0,0,1957_512_512,False
930,site5_83.png,0,0,0.0,0,930_0_0,False
3151,site13_173.png,512,128,0.0,0,3151_512_128,False
3721,site11_458.png,256,0,0.0,0,3721_256_0,False
2219,site14_276.png,128,256,0.0,0,2219_128_256,False
2945,site8_168.png,128,256,0.54925537109375,2,2945_128_256,True
3033,site13_31.png,512,384,0.02337646484375,0,3033_512_384,True
3011,site8_244.png,512,384,0.1510009765625,1,3011_512_384,True
497,site3_544.png,384,256,0.0,0,497_384_256,False
4877,site16_877.png,512,0,0.0,0,4877_512_0,False
1598,site6_727.png,384,512,0.534423828125,2,1598_384_512,True
2986,site8_214.png,0,128,0.0,0,2986_0_128,False
1035,site5_200.png,0,128,0.8541259765625,2,1035_0_128,True
3047,site13_47.png,384,512,0.103271484375,1,3047_384_512,True
270,site3_299.png,512,512,0.0,0,270_512_512,False
2618,site17_29.png,256,512,0.0,0,2618_256_512,False
4638,site16_588.png,0,384,0.0,0,4638_0_384,False
2672,site7_3.png,0,0,0.0,0,2672_0_0,False
1552,site6_673.png,512,384,0.0,0,1552_512_384,False
656,site3_731.png,128,256,0.21038818359375,1,656_128_256,True
3087,site13_96.png,256,128,0.0,0,3087_256_128,False
1763,site6_952.png,0,384,1.0,2,1763_0_384,True
2442,site12_39.png,0,0,0.0,0,2442_0_0,False
326,site3_358.png,512,128,0.13885498046875,1,326_512_128,True
2372,site15_127.png,384,0,0.626953125,2,2372_384_0,True
2847,site8_57.png,384,128,0.01031494140625,0,2847_384_128,True
3164,site13_188.png,128,256,0.0,0,3164_128_256,False
949,site5_104.png,256,0,0.0,0,949_256_0,False
1060,site5_227.png,384,512,0.258544921875,1,1060_384_512,True
1359,site6_412.png,256,384,0.0,0,1359_256_384,False
2036,site14_70.png,384,0,0.0,0,2036_384_0,False
2059,site14_95.png,256,384,0.0,0,2059_256_384,False
1525,site6_638.png,128,256,0.0,0,1525_128_256,False
4726,site16_694.png,512,512,0.0,0,4726_512_512,False
936,site5_91.png,384,512,0.34918212890625,1,936_384_512,True
2176,site14_227.png,128,256,0.125,1,2176_128_256,True
2163,site14_212.png,512,0,0.0,0,2163_512_0,False
972,site5_131.png,128,256,0.0,0,972_128_256,False
4566,site16_510.png,128,0,0.3192138671875,1,4566_128_0,True
3657,site11_392.png,384,384,0.14862060546875,1,3657_384_384,True
2221,site14_278.png,0,256,0.0,0,2221_0_256,False
1503,site6_607.png,512,256,0.25372314453125,1,1503_512_256,True
4702,site16_667.png,384,128,0.53741455078125,2,4702_384_128,True
3286,site2_130.png,512,384,0.0,0,3286_512_384,False
4702,site16_667.png,512,256,0.13665771484375,1,4702_512_256,True
1880,site6_1140.png,512,512,0.0,0,1880_512_512,False
2346,site15_97.png,128,512,0.0,0,2346_128_512,False
4569,site16_513.png,0,384,0.0,0,4569_0_384,False
3166,site13_192.png,128,512,0.71044921875,2,3166_128_512,True
2514,site12_117.png,128,512,0.5750732421875,2,2514_128_512,True
3096,site13_107.png,128,128,0.02874755859375,0,3096_128_128,True
2652,site17_69.png,128,512,1.0,2,2652_128_512,True
1936,site9_47.png,256,384,0.9566650390625,2,1936_256_384,True
3824,site11_564.png,256,512,0.0,0,3824_256_512,False
924,site5_77.png,0,128,0.0,0,924_0_128,False
2638,site17_53.png,384,384,0.0,0,2638_384_384,False
1078,site5_247.png,128,512,0.0,0,1078_128_512,False
1952,site9_69.png,256,512,0.0,0,1952_256_512,False
3075,site13_82.png,256,0,1.0,2,3075_256_0,True
3289,site2_133.png,0,128,0.0,0,3289_0_128,False
1586,site6_715.png,0,512,0.6231689453125,2,1586_0_512,True
3023,site13_7.png,256,128,0.0,0,3023_256_128,False
3626,site11_360.png,128,128,0.48968505859375,2,3626_128_128,True
1741,site6_920.png,512,384,0.0,0,1741_512_384,False
4590,site16_536.png,128,256,0.01239013671875,0,4590_128_256,True
2237,site14_298.png,0,128,0.886962890625,2,2237_0_128,True
4855,site16_850.png,0,256,0.9339599609375,2,4855_0_256,True
290,site3_320.png,128,512,0.0,0,290_128_512,False
2639,site17_54.png,128,128,0.0,0,2639_128_128,False
2208,site14_265.png,512,512,0.61676025390625,2,2208_512_512,True
2491,site12_92.png,512,384,1.0,2,2491_512_384,True
3314,site2_165.png,384,256,0.286865234375,1,3314_384_256,True
2494,site12_95.png,384,512,0.0,0,2494_384_512,False
1029,site5_192.png,128,384,0.80535888671875,2,1029_128_384,True
773,site4_95.png,128,0,1.0,2,773_128_0,True
2658,site17_75.png,0,128,1.0,2,2658_0_128,True
2923,site8_144.png,0,0,0.42828369140625,2,2923_0_0,True
2726,site1_41.png,384,0,0.01995849609375,0,2726_384_0,True
3025,site13_16.png,256,128,0.1544189453125,1,3025_256_128,True
2190,site14_244.png,128,0,0.0,0,2190_128_0,False
1785,site6_984.png,0,512,0.28570556640625,1,1785_0_512,True
2447,site12_44.png,512,256,0.0,0,2447_512_256,False
2478,site12_78.png,256,0,1.0,2,2478_256_0,True
1039,site5_204.png,512,512,0.0,0,1039_512_512,False
4376,site16_303.png,512,256,0.99359130859375,2,4376_512_256,True
3026,site13_17.png,0,384,0.0,0,3026_0_384,False
2394,site15_153.png,0,0,0.0,0,2394_0_0,False
832,site4_158.png,256,128,0.0,0,832_256_128,False
792,site4_115.png,128,0,0.43780517578125,2,792_128_0,True
270,site3_299.png,128,384,0.0,0,270_128_384,False
1040,site5_205.png,256,384,0.07403564453125,1,1040_256_384,True
1736,site6_915.png,128,256,0.0,0,1736_128_256,False
1003,site5_165.png,128,256,0.04608154296875,0,1003_128_256,True
2913,site8_133.png,0,128,0.0,0,2913_0_128,False
352,site3_385.png,512,384,0.0,0,352_512_384,False
2509,site12_111.png,512,0,0.0,0,2509_512_0,False
3051,site13_53.png,128,128,0.085693359375,1,3051_128_128,True
2847,site8_57.png,256,384,0.720703125,2,2847_256_384,True
2672,site7_3.png,512,0,0.0,0,2672_512_0,False
1032,site5_195.png,384,384,0.034912109375,0,1032_384_384,True
997,site5_158.png,0,384,0.24847412109375,1,997_0_384,True
2203,site14_257.png,128,128,0.4345703125,2,2203_128_128,True
2351,site15_103.png,0,512,0.0,0,2351_0_512,False
3072,site13_77.png,256,512,0.8380126953125,2,3072_256_512,True
3722,site11_459.png,512,128,0.0,0,3722_512_128,False
503,site3_550.png,256,384,0.0,0,503_256_384,False
3111,site13_126.png,256,256,0.88775634765625,2,3111_256_256,True
773,site4_95.png,0,0,1.0,2,773_0_0,True
3107,site13_122.png,384,256,0.0,0,3107_384_256,False
2036,site14_70.png,0,128,0.0,0,2036_0_128,False
3097,site13_108.png,384,512,0.0,0,3097_384_512,False
2123,site14_168.png,384,256,0.0,0,2123_384_256,False
1068,site5_237.png,128,384,0.826171875,2,1068_128_384,True
473,site3_517.png,256,256,0.07574462890625,1,473_256_256,True
759,site4_80.png,0,128,0.0,0,759_0_128,False
2176,site14_227.png,512,128,0.0,0,2176_512_128,False
2208,site14_265.png,512,384,0.64483642578125,2,2208_512_384,True
1788,site6_987.png,256,0,1.0,2,1788_256_0,True
3138,site13_156.png,256,128,1.0,2,3138_256_128,True
1003,site5_165.png,0,512,0.0,0,1003_0_512,False
2336,site15_86.png,512,0,0.0,0,2336_512_0,False
2500,site12_102.png,512,384,1.0,2,2500_512_384,True
1812,site6_1023.png,256,0,0.0,0,1812_256_0,False
900,site5_45.png,0,0,0.0208740234375,0,900_0_0,True
4424,site16_355.png,128,384,0.76593017578125,2,4424_128_384,True
2192,site14_246.png,0,256,0.2017822265625,1,2192_0_256,True
1271,site6_297.png,128,384,0.0,0,1271_128_384,False
4493,site16_433.png,384,0,0.0,0,4493_384_0,False
475,site3_519.png,128,0,0.0,0,475_128_0,False
3078,site13_85.png,128,512,0.27935791015625,1,3078_128_512,True
2839,site8_47.png,384,0,1.0,2,2839_384_0,True
2837,site8_45.png,384,384,0.0,0,2837_384_384,False
2610,site17_19.png,128,512,0.0,0,2610_128_512,False
2242,site14_310.png,384,384,0.0,0,2242_384_384,False
912,site5_61.png,512,256,0.0,0,912_512_256,False
2099,site14_143.png,256,256,0.0,0,2099_256_256,False
4770,site16_747.png,384,256,0.0,0,4770_384_256,False
1189,site6_171.png,384,256,0.3243408203125,1,1189_384_256,True
2962,site8_187.png,256,256,0.0,0,2962_256_256,False
790,site4_113.png,512,0,1.0,2,790_512_0,True
2354,site15_106.png,256,256,1.0,2,2354_256_256,True
2831,site8_36.png,256,128,1.0,2,2831_256_128,True
1053,site5_220.png,384,384,0.5008544921875,2,1053_384_384,True
4808,site16_793.png,128,0,0.04931640625,0,4808_128_0,True
1097,site5_278.png,512,256,0.99957275390625,2,1097_512_256,True
2072,site14_111.png,0,128,0.0,0,2072_0_128,False
3087,site13_96.png,384,0,0.46319580078125,2,3087_384_0,True
2471,site12_71.png,256,256,1.0,2,2471_256_256,True
950,site5_105.png,512,0,0.0,0,950_512_0,False
581,site3_639.png,512,512,0.2408447265625,1,581_512_512,True
1228,site6_232.png,256,512,0.60186767578125,2,1228_256_512,True
2372,site15_127.png,512,0,0.97576904296875,2,2372_512_0,True
2961,site8_186.png,128,512,0.0,0,2961_128_512,False
2925,site8_146.png,384,128,0.099853515625,1,2925_384_128,True
1007,site5_169.png,512,128,0.18603515625,1,1007_512_128,True
2248,site14_316.png,0,128,0.0,0,2248_0_128,False
816,site4_140.png,256,512,0.0,0,816_256_512,False
2192,site14_246.png,512,256,0.0,0,2192_512_256,False
940,site5_95.png,512,512,0.89764404296875,2,940_512_512,True
389,site3_424.png,0,512,0.0,0,389_0_512,False
3018,site8_254.png,0,256,0.0,0,3018_0_256,False
2140,site14_186.png,256,384,0.9366455078125,2,2140_256_384,True
1938,site9_49.png,512,384,1.0,2,1938_512_384,True
2723,site1_37.png,512,0,0.0,0,2723_512_0,False
1492,site6_588.png,384,256,0.0,0,1492_384_256,False
2674,site7_6.png,512,0,1.0,2,2674_512_0,True
3022,site13_6.png,256,512,0.0,0,3022_256_512,False
3099,site13_112.png,0,512,0.05255126953125,1,3099_0_512,True
1948,site9_62.png,512,0,1.0,2,1948_512_0,True
2463,site12_61.png,0,384,1.0,2,2463_0_384,True
4730,site16_698.png,128,128,0.0,0,4730_128_128,False
585,site3_643.png,256,128,0.0,0,585_256_128,False
3218,site2_50.png,0,512,0.09649658203125,1,3218_0_512,True
521,site3_571.png,0,384,0.66644287109375,2,521_0_384,True
2886,site8_103.png,512,0,0.0,0,2886_512_0,False
2462,site12_60.png,128,128,0.0,0,2462_128_128,False
2335,site15_85.png,384,512,0.6602783203125,2,2335_384_512,True
1760,site6_949.png,128,256,0.0,0,1760_128_256,False
4726,site16_694.png,256,0,0.359375,1,4726_256_0,True
1309,site6_344.png,128,384,0.39251708984375,1,1309_128_384,True
2439,site12_36.png,128,384,0.4622802734375,2,2439_128_384,True
4856,site16_851.png,512,128,0.0,0,4856_512_128,False
3052,site13_54.png,256,256,0.0,0,3052_256_256,False
1036,site5_201.png,0,384,1.0,2,1036_0_384,True
2180,site14_231.png,384,384,0.20037841796875,1,2180_384_384,True
962,site5_119.png,128,256,0.0,0,962_128_256,False
4855,site16_850.png,384,0,0.0,0,4855_384_0,False
1728,site6_899.png,0,128,0.0,0,1728_0_128,False
3120,site13_136.png,384,0,1.0,2,3120_384_0,True
3156,site13_178.png,0,128,1.0,2,3156_0_128,True
924,site5_77.png,256,128,0.0,0,924_256_128,False
1654,site6_808.png,384,384,0.0,0,1654_384_384,False
2442,site12_39.png,0,512,0.8211669921875,2,2442_0_512,True
389,site3_424.png,0,128,0.12188720703125,1,389_0_128,True
4677,site16_638.png,0,128,0.0,0,4677_0_128,False
1053,site5_220.png,256,128,0.65191650390625,2,1053_256_128,True
3626,site11_360.png,0,256,0.22100830078125,1,3626_0_256,True
2643,site17_58.png,0,0,0.0,0,2643_0_0,False
2838,site8_46.png,384,128,0.52001953125,2,2838_384_128,True
998,site5_159.png,384,128,0.0,0,998_384_128,False
1261,site6_276.png,0,0,0.0,0,1261_0_0,False
2653,site17_70.png,512,512,1.0,2,2653_512_512,True
1492,site6_588.png,128,256,0.04052734375,0,1492_128_256,True
2444,site12_41.png,384,256,1.0,2,2444_384_256,True
3692,site11_428.png,256,384,0.99365234375,2,3692_256_384,True
1037,site5_202.png,512,384,0.0,0,1037_512_384,False
3031,site13_27.png,0,256,6.103515625e-05,0,3031_0_256,True
2159,site14_208.png,384,128,0.0,0,2159_384_128,False
3070,site13_75.png,512,512,0.0,0,3070_512_512,False
2372,site15_127.png,512,256,0.865966796875,2,2372_512_256,True
3031,site13_27.png,512,128,0.0,0,3031_512_128,False
912,site5_61.png,256,384,0.0,0,912_256_384,False
2675,site7_7.png,256,512,0.0,0,2675_256_512,False
3113,site13_128.png,512,512,0.5697021484375,2,3113_512_512,True
3719,site11_456.png,128,128,0.0,0,3719_128_128,False
1189,site6_171.png,256,512,0.0,0,1189_256_512,False
521,site3_571.png,0,0,0.0,0,521_0_0,False
2442,site12_39.png,384,256,0.87310791015625,2,2442_384_256,True
4493,site16_433.png,128,128,0.98095703125,2,4493_128_128,True
1520,site6_624.png,512,384,0.0,0,1520_512_384,False
937,site5_92.png,512,512,0.0,0,937_512_512,False
1947,site9_61.png,384,128,1.0,2,1947_384_128,True
2499,site12_101.png,0,256,0.77447509765625,2,2499_0_256,True
2604,site17_11.png,0,384,1.0,2,2604_0_384,True
1271,site6_297.png,256,512,0.01019287109375,0,1271_256_512,True
2342,site15_93.png,128,256,0.62750244140625,2,2342_128_256,True
4542,site16_484.png,128,512,0.40301513671875,2,4542_128_512,True
3820,site11_560.png,0,512,0.0,0,3820_0_512,False
548,site3_601.png,384,0,0.357666015625,1,548_384_0,True
3241,site2_78.png,0,256,0.0,0,3241_0_256,False
3076,site13_83.png,128,128,1.0,2,3076_128_128,True
549,site3_602.png,0,256,0.0,0,549_0_256,False
2441,site12_38.png,128,128,0.1282958984375,1,2441_128_128,True
1738,site6_917.png,0,512,0.3328857421875,1,1738_0_512,True
2653,site17_70.png,256,512,0.002685546875,0,2653_256_512,True
2494,site12_95.png,256,0,1.0,2,2494_256_0,True
3287,site2_131.png,256,384,0.0,0,3287_256_384,False
3686,site11_422.png,512,512,0.24072265625,1,3686_512_512,True
1010,site5_172.png,128,256,1.0,2,1010_128_256,True
926,site5_79.png,128,512,0.42010498046875,2,926_128_512,True
2605,site17_12.png,0,0,0.05224609375,1,2605_0_0,True
1760,site6_949.png,384,0,0.310546875,1,1760_384_0,True
3038,site13_36.png,512,0,1.0,2,3038_512_0,True
3130,site13_147.png,256,256,0.949951171875,2,3130_256_256,True
2099,site14_143.png,512,0,0.0,0,2099_512_0,False
3135,site13_153.png,128,384,0.88909912109375,2,3135_128_384,True
581,site3_639.png,128,384,0.00653076171875,0,581_128_384,True
1804,site6_1003.png,0,0,0.0,0,1804_0_0,False
4703,site16_668.png,0,128,0.38702392578125,1,4703_0_128,True
790,site4_113.png,512,256,1.0,2,790_512_256,True
2509,site12_111.png,128,512,0.04638671875,0,2509_128_512,True
930,site5_83.png,256,512,0.0,0,930_256_512,False
2498,site12_100.png,256,256,0.0,0,2498_256_256,False
2160,site14_209.png,0,0,0.0,0,2160_0_0,False
532,site3_582.png,512,128,0.0,0,532_512_128,False
3228,site2_63.png,384,512,0.0,0,3228_384_512,False
1787,site6_986.png,256,128,1.0,2,1787_256_128,True
4542,site16_484.png,512,128,0.06341552734375,1,4542_512_128,True
3157,site13_179.png,0,0,1.0,2,3157_0_0,True
3025,site13_16.png,384,384,0.0,0,3025_384_384,False
2334,site15_84.png,128,256,1.0,2,2334_128_256,True
2740,site1_56.png,512,384,0.0,0,2740_512_384,False
2832,site8_37.png,384,512,1.0,2,2832_384_512,True
3072,site13_77.png,384,0,0.0,0,3072_384_0,False
2629,site17_42.png,0,384,0.18572998046875,1,2629_0_384,True
3726,site11_463.png,512,128,0.0,0,3726_512_128,False
839,site4_166.png,128,384,0.0,0,839_128_384,False
4807,site16_792.png,0,384,0.0,0,4807_0_384,False
2646,site17_61.png,384,256,0.0,0,2646_384_256,False
814,site4_138.png,256,0,0.42169189453125,2,814_256_0,True
2643,site17_58.png,0,384,0.0,0,2643_0_384,False
2529,site12_133.png,256,128,0.0,0,2529_256_128,False
123,site3_144.png,384,384,0.0,0,123_384_384,False
1947,site9_61.png,128,128,1.0,2,1947_128_128,True
2492,site12_93.png,128,384,1.0,2,2492_128_384,True
3165,site13_189.png,0,0,0.13134765625,1,3165_0_0,True
4808,site16_793.png,128,256,0.0,0,4808_128_256,False
2832,site8_37.png,0,384,1.0,2,2832_0_384,True
3053,site13_55.png,512,128,0.48046875,2,3053_512_128,True
2479,site12_79.png,384,384,1.0,2,2479_384_384,True
2654,site17_71.png,256,384,1.0,2,2654_256_384,True
902,site5_47.png,128,128,0.0,0,902_128_128,False
2394,site15_153.png,0,384,0.43115234375,2,2394_0_384,True
4569,site16_513.png,128,512,0.2872314453125,1,4569_128_512,True
1939,site9_50.png,0,256,0.98480224609375,2,1939_0_256,True
2374,site15_129.png,384,384,0.2962646484375,1,2374_384_384,True
475,site3_519.png,256,256,0.216064453125,1,475_256_256,True
2925,site8_146.png,128,0,0.0,0,2925_128_0,False
2639,site17_54.png,256,512,0.0,0,2639_256_512,False
3686,site11_422.png,512,384,0.8526611328125,2,3686_512_384,True
2652,site17_69.png,512,128,0.2308349609375,1,2652_512_128,True
3028,site13_24.png,0,512,0.0,0,3028_0_512,False
3094,site13_105.png,512,128,0.0,0,3094_512_128,False
2446,site12_43.png,0,384,1.0,2,2446_0_384,True
2110,site14_154.png,384,512,0.0,0,2110_384_512,False
2598,site17_5.png,128,0,0.39276123046875,1,2598_128_0,True
2960,site8_185.png,512,0,0.19403076171875,1,2960_512_0,True
2335,site15_85.png,512,128,0.442626953125,2,2335_512_128,True
989,site5_150.png,0,256,0.0,0,989_0_256,False
839,site4_166.png,256,512,0.0,0,839_256_512,False
2515,site12_118.png,512,0,1.0,2,2515_512_0,True
3061,site13_65.png,384,256,0.0,0,3061_384_256,False
351,site3_384.png,256,0,0.0,0,351_256_0,False
2059,site14_95.png,384,384,0.0,0,2059_384_384,False
2838,site8_46.png,256,128,0.5692138671875,2,2838_256_128,True
4677,site16_638.png,512,384,0.0,0,4677_512_384,False
3126,site13_143.png,256,128,0.31683349609375,1,3126_256_128,True
2493,site12_94.png,512,384,0.763427734375,2,2493_512_384,True
2068,site14_107.png,512,512,0.0,0,2068_512_512,False
3824,site11_564.png,384,384,0.0,0,3824_384_384,False
2485,site12_86.png,128,256,0.0,0,2485_128_256,False
1010,site5_172.png,256,256,1.0,2,1010_256_256,True
1786,site6_985.png,512,128,1.0,2,1786_512_128,True
387,site3_422.png,0,512,0.0,0,387_0_512,False
832,site4_158.png,128,512,0.0,0,832_128_512,False
1026,site5_189.png,384,256,1.0,2,1026_384_256,True
2509,site12_111.png,256,0,0.0,0,2509_256_0,False
122,site3_143.png,0,384,0.0,0,122_0_384,False
2986,site8_214.png,384,384,0.000244140625,0,2986_384_384,True
521,site3_571.png,0,256,0.11627197265625,1,521_0_256,True
2234,site14_295.png,128,384,0.0,0,2234_128_384,False
2960,site8_185.png,256,512,0.0,0,2960_256_512,False
1779,site6_968.png,512,384,0.0,0,1779_512_384,False
585,site3_643.png,0,256,0.0,0,585_0_256,False
1492,site6_588.png,256,256,0.00128173828125,0,1492_256_256,True
961,site5_118.png,128,0,0.0,0,961_128_0,False
2123,site14_168.png,128,128,0.0,0,2123_128_128,False
1736,site6_915.png,512,512,0.9996337890625,2,1736_512_512,True
1949,site9_63.png,384,512,0.76617431640625,2,1949_384_512,True
1923,site9_28.png,128,512,1.0,2,1923_128_512,True
350,site3_383.png,384,256,0.47686767578125,2,350_384_256,True
2207,site14_264.png,384,384,0.0,0,2207_384_384,False
3623,site11_357.png,512,256,0.25823974609375,1,3623_512_256,True
3102,site13_115.png,0,128,1.0,2,3102_0_128,True
3693,site11_429.png,0,0,0.2135009765625,1,3693_0_0,True
2979,site8_206.png,512,512,0.0,0,2979_512_512,False
2439,site12_36.png,512,384,0.38922119140625,1,2439_512_384,True
3097,site13_108.png,128,256,0.0057373046875,0,3097_128_256,True
2973,site8_199.png,128,0,0.0,0,2973_128_0,False
2786,site1_110.png,512,384,1.0,2,2786_512_384,True
3122,site13_138.png,0,128,1.0,2,3122_0_128,True
3116,site13_132.png,384,128,0.96234130859375,2,3116_384_128,True
2659,site17_76.png,384,128,1.0,2,2659_384_128,True
978,site5_137.png,256,128,0.0,0,978_256_128,False
532,site3_582.png,512,384,0.1275634765625,1,532_512_384,True
3156,site13_178.png,0,256,0.81292724609375,2,3156_0_256,True
1026,site5_189.png,0,0,1.0,2,1026_0_0,True
948,site5_103.png,384,384,0.0,0,948_384_384,False
1938,site9_49.png,384,256,0.1715087890625,1,1938_384_256,True
3274,site2_116.png,256,512,0.0,0,3274_256_512,False
464,site3_508.png,0,384,0.0,0,464_0_384,False
2157,site14_206.png,256,256,0.851806640625,2,2157_256_256,True
45,site3_56.png,256,384,0.0,0,45_256_384,False
3231,site2_66.png,512,128,0.0,0,3231_512_128,False
1380,site6_441.png,128,512,0.0,0,1380_128_512,False
3787,site11_526.png,512,128,0.0,0,3787_512_128,False
2366,site15_119.png,512,384,0.0,0,2366_512_384,False
940,site5_95.png,256,0,0.33868408203125,1,940_256_0,True
408,site3_446.png,0,0,0.42578125,2,408_0_0,True
3688,site11_424.png,128,512,0.53790283203125,2,3688_128_512,True
2233,site14_294.png,0,128,0.0,0,2233_0_128,False
293,site3_323.png,128,0,1.0,2,293_128_0,True
3034,site13_32.png,384,0,0.13043212890625,1,3034_384_0,True
4856,site16_851.png,384,512,0.0,0,4856_384_512,False
1787,site6_986.png,128,128,1.0,2,1787_128_128,True
497,site3_544.png,128,128,0.0,0,497_128_128,False
292,site3_322.png,128,128,0.09771728515625,1,292_128_128,True
993,site5_154.png,128,384,0.62451171875,2,993_128_384,True
1654,site6_808.png,384,512,0.0,0,1654_384_512,False
2740,site1_56.png,128,0,0.0,0,2740_128_0,False
3029,site13_25.png,0,128,0.05419921875,1,3029_0_128,True
497,site3_544.png,0,512,0.06781005859375,1,497_0_512,True
1260,site6_275.png,0,384,0.0,0,1260_0_384,False
3249,site2_88.png,256,128,0.0,0,3249_256_128,False
2659,site17_76.png,0,512,0.15618896484375,1,2659_0_512,True
2110,site14_154.png,512,256,0.0,0,2110_512_256,False
2797,site1_123.png,384,384,0.0,0,2797_384_384,False
994,site5_155.png,512,0,1.0,2,994_512_0,True
2187,site14_238.png,128,256,0.0,0,2187_128_256,False
2110,site14_154.png,256,128,0.0,0,2110_256_128,False
3117,site13_133.png,512,256,1.0,2,3117_512_256,True
4730,site16_698.png,384,256,0.0,0,4730_384_256,False
1088,site5_261.png,128,512,1.0,2,1088_128_512,True
1036,site5_201.png,384,128,0.0,0,1036_384_128,False
3088,site13_97.png,256,256,0.0,0,3088_256_256,False
3117,site13_133.png,384,0,0.98455810546875,2,3117_384_0,True
4743,site16_715.png,0,128,0.0,0,4743_0_128,False
2687,site10_22.png,512,0,0.0,0,2687_512_0,False
2074,site14_113.png,256,128,0.6422119140625,2,2074_256_128,True
2616,site17_25.png,512,512,0.0,0,2616_512_512,False
1022,site5_185.png,384,128,0.415771484375,2,1022_384_128,True
968,site5_127.png,0,384,0.05126953125,1,968_0_384,True
503,site3_550.png,0,384,0.0,0,503_0_384,False
532,site3_582.png,0,256,0.0,0,532_0_256,False
3075,site13_82.png,512,384,1.0,2,3075_512_384,True
4638,site16_588.png,256,128,0.03369140625,0,4638_256_128,True
940,site5_95.png,512,128,0.00994873046875,0,940_512_128,True
832,site4_158.png,384,512,0.0379638671875,0,832_384_512,True
2612,site17_21.png,512,384,0.0,0,2612_512_384,False
3075,site13_82.png,128,0,1.0,2,3075_128_0,True
1168,site6_137.png,384,384,0.057861328125,1,1168_384_384,True
2653,site17_70.png,0,384,0.0,0,2653_0_384,False
2740,site1_56.png,512,256,0.0,0,2740_512_256,False
4773,site16_750.png,384,128,0.0,0,4773_384_128,False
210,site3_237.png,128,0,0.051025390625,1,210_128_0,True
2365,site15_118.png,128,128,0.92791748046875,2,2365_128_128,True
938,site5_93.png,128,384,0.0,0,938_128_384,False
3148,site13_168.png,0,384,1.0,2,3148_0_384,True
814,site4_138.png,256,256,0.0,0,814_256_256,False
2469,site12_69.png,512,128,0.62835693359375,2,2469_512_128,True
1959,site9_79.png,128,256,1.0,2,1959_128_256,True
2374,site15_129.png,0,0,0.391845703125,1,2374_0_0,True
3102,site13_115.png,512,512,0.0,0,3102_512_512,False
360,site3_393.png,512,128,0.0,0,360_512_128,False
2723,site1_37.png,384,0,0.0,0,2723_384_0,False
1205,site6_198.png,384,0,0.0,0,1205_384_0,False
3690,site11_426.png,384,512,1.0,2,3690_384_512,True
3069,site13_74.png,128,384,1.0,2,3069_128_384,True
2446,site12_43.png,512,384,0.75384521484375,2,2446_512_384,True
2068,site14_107.png,128,384,0.6029052734375,2,2068_128_384,True
2521,site12_124.png,128,384,0.0,0,2521_128_384,False
4725,site16_693.png,128,0,0.1719970703125,1,4725_128_0,True
2831,site8_36.png,256,512,1.0,2,2831_256_512,True
2394,site15_153.png,128,384,0.015625,0,2394_128_384,True
1229,site6_233.png,0,512,0.0,0,1229_0_512,False
3131,site13_148.png,128,384,0.2462158203125,1,3131_128_384,True
1027,site5_190.png,384,128,1.0,2,1027_384_128,True
2086,site14_128.png,256,128,0.14697265625,1,2086_256_128,True
1020,site5_183.png,384,0,0.0,0,1020_384_0,False
2630,site17_43.png,128,0,0.0,0,2630_128_0,False
3106,site13_119.png,0,128,0.0,0,3106_0_128,False
952,site5_109.png,128,128,1.0,2,952_128_128,True
2972,site8_198.png,256,0,0.0,0,2972_256_0,False
3096,site13_107.png,384,384,0.8038330078125,2,3096_384_384,True
2059,site14_95.png,0,128,0.0,0,2059_0_128,False
1949,site9_63.png,512,512,1.0,2,1949_512_512,True
1950,site9_64.png,0,384,0.1363525390625,1,1950_0_384,True
3163,site13_187.png,0,384,0.0,0,3163_0_384,False
2402,site15_163.png,384,256,0.0,0,2402_384_256,False
3030,site13_26.png,128,0,0.64617919921875,2,3030_128_0,True
2091,site14_133.png,128,0,0.0,0,2091_128_0,False
2123,site14_168.png,256,0,0.0,0,2123_256_0,False
2486,site12_87.png,128,128,1.0,2,2486_128_128,True
3107,site13_122.png,256,256,0.0,0,3107_256_256,False
1776,site6_965.png,384,384,0.0,0,1776_384_384,False
1075,site5_244.png,0,256,0.52801513671875,2,1075_0_256,True
2176,site14_227.png,384,384,0.0,0,2176_384_384,False
1380,site6_441.png,384,256,0.003173828125,0,1380_384_256,True
3156,site13_178.png,512,384,0.00079345703125,0,3156_512_384,True
983,site5_142.png,128,384,0.0,0,983_128_384,False
1128,site6_83.png,384,512,0.04791259765625,0,1128_384_512,True
2515,site12_118.png,384,128,0.38006591796875,1,2515_384_128,True
1002,site5_164.png,256,0,0.0,0,1002_256_0,False
4786,site16_767.png,128,128,0.80426025390625,2,4786_128_128,True
2604,site17_11.png,0,128,1.0,2,2604_0_128,True
3117,site13_133.png,256,128,1.0,2,3117_256_128,True
2374,site15_129.png,512,128,0.0,0,2374_512_128,False
3071,site13_76.png,0,384,0.0,0,3071_0_384,False
265,site3_294.png,384,384,0.1837158203125,1,265_384_384,True
1786,site6_985.png,512,0,1.0,2,1786_512_0,True
3078,site13_85.png,0,512,1.0,2,3078_0_512,True
2563,site12_169.png,128,256,0.0,0,2563_128_256,False
2620,site17_31.png,128,0,0.0,0,2620_128_0,False
2494,site12_95.png,256,384,0.88690185546875,2,2494_256_384,True
4807,site16_792.png,128,256,0.0,0,4807_128_256,False
916,site5_65.png,0,512,0.0,0,916_0_512,False
2618,site17_29.png,128,0,0.0,0,2618_128_0,False
4970,site16_1005.png,128,384,0.0,0,4970_128_384,False
1041,site5_206.png,512,128,1.0,2,1041_512_128,True
3011,site8_244.png,512,128,0.098876953125,1,3011_512_128,True
2068,site14_107.png,512,256,0.0,0,2068_512_256,False
2886,site8_103.png,128,384,0.0,0,2886_128_384,False
923,site5_76.png,0,384,0.0,0,923_0_384,False
2403,site15_164.png,384,256,0.0,0,2403_384_256,False
1068,site5_237.png,512,384,0.0,0,1068_512_384,False
1738,site6_917.png,512,128,0.0,0,1738_512_128,False
2925,site8_146.png,256,128,0.0074462890625,0,2925_256_128,True
1958,site9_75.png,128,0,0.35833740234375,1,1958_128_0,True
3161,site13_185.png,512,512,0.0,0,3161_512_512,False
2423,site12_19.png,128,0,0.0,0,2423_128_0,False
3655,site11_390.png,384,256,0.32647705078125,1,3655_384_256,True
2355,site15_107.png,256,128,0.0,0,2355_256_128,False
1051,site5_218.png,0,0,0.093017578125,1,1051_0_0,True
2686,site10_21.png,256,0,0.0,0,2686_256_0,False
585,site3_643.png,0,512,0.0,0,585_0_512,False
4637,site16_587.png,0,512,0.436279296875,2,4637_0_512,True
2198,site14_252.png,128,256,0.0,0,2198_128_256,False
889,site5_29.png,384,128,0.0,0,889_384_128,False
1786,site6_985.png,256,384,0.0,0,1786_256_384,False
3117,site13_133.png,512,0,1.0,2,3117_512_0,True
1624,site6_762.png,128,128,0.0,0,1624_128_128,False
4569,site16_513.png,0,128,0.0,0,4569_0_128,False
2745,site1_61.png,384,384,0.0,0,2745_384_384,False
1044,site5_209.png,0,384,1.0,2,1044_0_384,True
2068,site14_107.png,256,512,0.09381103515625,1,2068_256_512,True
1791,site6_990.png,128,256,1.0,2,1791_128_256,True
3169,site13_195.png,0,256,0.0,0,3169_0_256,False
1308,site6_343.png,512,0,0.0013427734375,0,1308_512_0,True
1959,site9_79.png,256,384,1.0,2,1959_256_384,True
290,site3_320.png,0,512,0.0,0,290_0_512,False
2101,site14_145.png,256,256,1.0,2,2101_256_256,True
291,site3_321.png,256,512,0.3375244140625,1,291_256_512,True
989,site5_150.png,256,128,0.3515625,1,989_256_128,True
1086,site5_259.png,384,256,0.17498779296875,1,1086_384_256,True
3656,site11_391.png,0,128,0.0,0,3656_0_128,False
2986,site8_214.png,128,0,0.0,0,2986_128_0,False
1261,site6_276.png,512,256,0.0,0,1261_512_256,False
1546,site6_659.png,0,512,0.0001220703125,0,1546_0_512,True
2374,site15_129.png,512,0,0.0,0,2374_512_0,False
2123,site14_168.png,512,256,0.0,0,2123_512_256,False
2995,site8_224.png,0,128,0.0,0,2995_0_128,False
2598,site17_5.png,0,512,0.0,0,2598_0_512,False
327,site3_359.png,0,512,0.0,0,327_0_512,False
1649,site6_795.png,384,256,0.093505859375,1,1649_384_256,True
2441,site12_38.png,128,0,0.02716064453125,0,2441_128_0,True
1003,site5_165.png,128,384,0.027099609375,0,1003_128_384,True
4424,site16_355.png,256,128,1.0,2,4424_256_128,True
849,site4_176.png,256,512,0.5504150390625,2,849_256_512,True
3053,site13_55.png,128,256,0.0,0,3053_128_256,False
915,site5_64.png,0,128,1.0,2,915_0_128,True
2476,site12_76.png,128,512,0.0,0,2476_128_512,False
263,site3_292.png,256,384,0.0,0,263_256_384,False
45,site3_56.png,512,512,0.0,0,45_512_512,False
2602,site17_9.png,512,256,1.0,2,2602_512_256,True
3106,site13_119.png,384,128,0.0,0,3106_384_128,False
4568,site16_512.png,256,0,0.0,0,4568_256_0,False
2372,site15_127.png,512,128,1.0,2,2372_512_128,True
936,site5_91.png,128,0,0.0,0,936_128_0,False
1939,site9_50.png,256,256,1.0,2,1939_256_256,True
1804,site6_1003.png,0,512,0.0,0,1804_0_512,False
1785,site6_984.png,0,256,0.0,0,1785_0_256,False
4764,site16_741.png,512,128,0.0,0,4764_512_128,False
1068,site5_237.png,0,128,1.0,2,1068_0_128,True
2073,site14_112.png,512,256,0.0,0,2073_512_256,False
790,site4_113.png,256,256,1.0,2,790_256_256,True
916,site5_65.png,256,0,0.0,0,916_256_0,False
2248,site14_316.png,128,0,0.0,0,2248_128_0,False
2100,site14_144.png,384,0,0.68145751953125,2,2100_384_0,True
2934,site8_156.png,256,128,1.0,2,2934_256_128,True
502,site3_549.png,0,0,0.0,0,502_0_0,False
1359,site6_412.png,256,256,0.407470703125,2,1359_256_256,True
2083,site14_125.png,256,0,0.28704833984375,1,2083_256_0,True
2830,site8_35.png,0,256,0.0,0,2830_0_256,False
1880,site6_1140.png,384,256,0.0,0,1880_384_256,False
2895,site8_113.png,128,512,0.0,0,2895_128_512,False
1054,site5_221.png,128,128,0.4461669921875,2,1054_128_128,True
4768,site16_745.png,0,0,0.0736083984375,1,4768_0_0,True
2221,site14_278.png,384,384,0.0,0,2221_384_384,False
1941,site9_52.png,128,0,1.0,2,1941_128_0,True
3154,site13_176.png,384,0,0.0,0,3154_384_0,False
3720,site11_457.png,256,384,0.58758544921875,2,3720_256_384,True
2460,site12_58.png,0,256,0.88494873046875,2,2460_0_256,True
3111,site13_126.png,256,128,0.545166015625,2,3111_256_128,True
656,site3_731.png,256,256,0.3804931640625,1,656_256_256,True
2672,site7_3.png,512,384,0.00738525390625,0,2672_512_384,True
2421,site12_17.png,0,384,0.0,0,2421_0_384,False
327,site3_359.png,512,0,0.0,0,327_512_0,False
1950,site9_64.png,512,0,0.58563232421875,2,1950_512_0,True
2441,site12_38.png,384,512,0.67340087890625,2,2441_384_512,True
2995,site8_224.png,512,512,0.0,0,2995_512_512,False
2654,site17_71.png,384,256,0.4039306640625,2,2654_384_256,True
962,site5_119.png,128,512,0.02374267578125,0,962_128_512,True
2456,site12_54.png,256,384,0.458984375,2,2456_256_384,True
1791,site6_990.png,512,256,1.0,2,1791_512_256,True
551,site3_604.png,0,512,0.0,0,551_0_512,False
2197,site14_251.png,384,128,0.09918212890625,1,2197_384_128,True
3111,site13_126.png,128,512,0.4547119140625,2,3111_128_512,True
2341,site15_92.png,256,384,0.41448974609375,2,2341_256_384,True
949,site5_104.png,512,512,0.2235107421875,1,949_512_512,True
2219,site14_276.png,128,512,0.0,0,2219_128_512,False
2963,site8_188.png,512,128,0.0,0,2963_512_128,False
983,site5_142.png,256,512,0.0,0,983_256_512,False
1002,site5_164.png,0,128,0.0,0,1002_0_128,False
902,site5_47.png,512,256,0.75408935546875,2,902_512_256,True
2672,site7_3.png,0,384,0.86846923828125,2,2672_0_384,True
1762,site6_951.png,256,384,1.0,2,1762_256_384,True
2915,site8_135.png,256,256,0.0,0,2915_256_256,False
2204,site14_258.png,384,0,0.0,0,2204_384_0,False
2538,site12_142.png,128,384,0.53875732421875,2,2538_128_384,True
1025,site5_188.png,256,256,0.0,0,1025_256_256,False
915,site5_64.png,512,0,1.0,2,915_512_0,True
2355,site15_107.png,384,384,0.063232421875,1,2355_384_384,True
3140,site13_158.png,0,0,1.0,2,3140_0_0,True
1228,site6_232.png,128,256,1.0,2,1228_128_256,True
1261,site6_276.png,512,384,0.0,0,1261_512_384,False
2423,site12_19.png,256,128,0.0,0,2423_256_128,False
891,site5_31.png,256,256,0.0,0,891_256_256,False
1788,site6_987.png,384,512,0.12451171875,1,1788_384_512,True
962,site5_119.png,0,0,0.0,0,962_0_0,False
980,site5_139.png,512,128,0.02862548828125,0,980_512_128,True
3094,site13_105.png,256,512,0.04168701171875,0,3094_256_512,True
4518,site16_459.png,512,0,0.0,0,4518_512_0,False
2117,site14_162.png,512,256,0.0,0,2117_512_256,False
4786,site16_767.png,128,384,0.01531982421875,0,4786_128_384,True
2616,site17_25.png,0,512,0.0,0,2616_0_512,False
3154,site13_176.png,0,128,0.0,0,3154_0_128,False
389,site3_424.png,256,384,0.0,0,389_256_384,False
822,site4_148.png,0,384,0.0,0,822_0_384,False
963,site5_120.png,0,128,0.0,0,963_0_128,False
3011,site8_244.png,0,512,0.0,0,3011_0_512,False
963,site5_120.png,0,256,0.63494873046875,2,963_0_256,True
3820,site11_560.png,256,0,0.31243896484375,1,3820_256_0,True
930,site5_83.png,128,256,0.0,0,930_128_256,False
3722,site11_459.png,128,384,0.12579345703125,1,3722_128_384,True
3078,site13_85.png,256,512,0.0,0,3078_256_512,False
1880,site6_1140.png,256,0,0.0,0,1880_256_0,False
2689,site10_28.png,0,128,1.0,2,2689_0_128,True
1597,site6_726.png,512,384,0.0,0,1597_512_384,False
3011,site8_244.png,0,0,0.0,0,3011_0_0,False
3068,site13_73.png,256,512,1.0,2,3068_256_512,True
604,site3_666.png,384,128,0.0,0,604_384_128,False
755,site4_76.png,128,128,0.0,0,755_128_128,False
823,site4_149.png,0,256,0.0,0,823_0_256,False
952,site5_109.png,256,512,1.0,2,952_256_512,True
4807,site16_792.png,384,128,0.0,0,4807_384_128,False
3058,site13_62.png,256,256,0.80670166015625,2,3058_256_256,True
2745,site1_61.png,384,0,0.0,0,2745_384_0,False
3655,site11_390.png,384,384,0.010986328125,0,3655_384_384,True
887,site5_27.png,0,0,0.0,0,887_0_0,False
961,site5_118.png,512,0,0.0,0,961_512_0,False
965,site5_122.png,512,256,0.0,0,965_512_256,False
903,site5_48.png,256,0,0.0,0,903_256_0,False
2563,site12_169.png,384,0,0.0,0,2563_384_0,False
1913,site9_7.png,512,256,0.0970458984375,1,1913_512_256,True
1086,site5_259.png,0,256,0.0,0,1086_0_256,False
464,site3_508.png,256,512,0.00018310546875,0,464_256_512,True
4725,site16_693.png,0,256,0.14764404296875,1,4725_0_256,True
2198,site14_252.png,128,0,0.0941162109375,1,2198_128_0,True
263,site3_292.png,0,512,0.17413330078125,1,263_0_512,True
2066,site14_105.png,384,128,0.0,0,2066_384_128,False
1308,site6_343.png,128,256,0.0,0,1308_128_256,False
3096,site13_107.png,256,0,0.0,0,3096_256_0,False
1949,site9_63.png,128,0,1.0,2,1949_128_0,True
4808,site16_793.png,384,384,0.0,0,4808_384_384,False
789,site4_112.png,256,384,0.1322021484375,1,789_256_384,True
2174,site14_225.png,128,384,0.0,0,2174_128_384,False
2455,site12_53.png,384,128,0.0,0,2455_384_128,False
961,site5_118.png,0,256,0.0,0,961_0_256,False
865,site4_194.png,128,384,0.0,0,865_128_384,False
2995,site8_224.png,256,0,0.0,0,2995_256_0,False
2324,site15_73.png,128,384,0.68743896484375,2,2324_128_384,True
3120,site13_136.png,128,512,0.862548828125,2,3120_128_512,True
1308,site6_343.png,256,512,0.343994140625,1,1308_256_512,True
2665,site17_85.png,128,256,0.0,0,2665_128_256,False
3051,site13_53.png,128,0,0.0,0,3051_128_0,False
2233,site14_294.png,512,128,0.0,0,2233_512_128,False
2745,site1_61.png,128,384,0.36639404296875,1,2745_128_384,True
3061,site13_65.png,512,0,0.0,0,3061_512_0,False
1741,site6_920.png,0,512,0.0,0,1741_0_512,False
532,site3_582.png,512,0,0.0,0,532_512_0,False
2647,site17_62.png,384,128,0.0,0,2647_384_128,False
1804,site6_1003.png,128,256,0.30865478515625,1,1804_128_256,True
2085,site14_127.png,512,256,0.0,0,2085_512_256,False
2504,site12_106.png,512,384,1.0,2,2504_512_384,True
3286,site2_130.png,256,512,0.0,0,3286_256_512,False
792,site4_115.png,384,512,0.0,0,792_384_512,False
928,site5_81.png,256,512,0.3638916015625,1,928_256_512,True
526,site3_576.png,256,512,0.0,0,526_256_512,False
3154,site13_176.png,128,256,0.0,0,3154_128_256,False
1042,site5_207.png,384,384,1.0,2,1042_384_384,True
3105,site13_118.png,384,256,0.4736328125,2,3105_384_256,True
1060,site5_227.png,0,384,0.08203125,1,1060_0_384,True
3047,site13_47.png,0,512,0.87567138671875,2,3047_0_512,True
2335,site15_85.png,128,128,0.74920654296875,2,2335_128_128,True
3102,site13_115.png,384,512,0.0,0,3102_384_512,False
2638,site17_53.png,512,256,0.0,0,2638_512_256,False
2372,site15_127.png,384,128,0.8790283203125,2,2372_384_128,True
2179,site14_230.png,128,0,0.0,0,2179_128_0,False
3140,site13_158.png,384,256,1.0,2,3140_384_256,True
548,site3_601.png,0,512,0.0,0,548_0_512,False
928,site5_81.png,512,0,0.505615234375,2,928_512_0,True
3721,site11_458.png,384,256,0.0,0,3721_384_256,False
2436,site12_33.png,512,128,0.178955078125,1,2436_512_128,True
2604,site17_11.png,256,512,1.0,2,2604_256_512,True
2421,site12_17.png,384,0,0.0,0,2421_384_0,False
3627,site11_361.png,0,256,0.0,0,3627_0_256,False
3018,site8_254.png,128,512,0.0419921875,0,3018_128_512,True
556,site3_609.png,384,0,0.0,0,556_384_0,False
1932,site9_40.png,384,0,0.0,0,1932_384_0,False
263,site3_292.png,0,0,0.0,0,263_0_0,False
789,site4_112.png,384,128,0.92901611328125,2,789_384_128,True
2362,site15_115.png,512,512,0.7137451171875,2,2362_512_512,True
1010,site5_172.png,384,0,0.66082763671875,2,1010_384_0,True
2605,site17_12.png,256,512,0.0,0,2605_256_512,False
526,site3_576.png,384,0,0.151611328125,1,526_384_0,True
1060,site5_227.png,256,256,0.65362548828125,2,1060_256_256,True
3038,site13_36.png,384,0,1.0,2,3038_384_0,True
1359,site6_412.png,128,256,0.751220703125,2,1359_128_256,True
630,site3_697.png,0,256,0.0,0,630_0_256,False
2514,site12_117.png,256,256,0.814453125,2,2514_256_256,True
2463,site12_61.png,256,128,1.0,2,2463_256_128,True
3103,site13_116.png,384,0,0.74652099609375,2,3103_384_0,True
2334,site15_84.png,512,0,0.77142333984375,2,2334_512_0,True
963,site5_120.png,128,512,0.79632568359375,2,963_128_512,True
3288,site2_132.png,512,384,0.27154541015625,1,3288_512_384,True
3105,site13_118.png,512,0,0.0,0,3105_512_0,False
327,site3_359.png,256,128,0.0,0,327_256_128,False
2036,site14_70.png,384,384,0.0,0,2036_384_384,False
290,site3_320.png,0,384,0.0,0,290_0_384,False
387,site3_422.png,0,0,0.0,0,387_0_0,False
3242,site2_79.png,0,0,0.0,0,3242_0_0,False
2441,site12_38.png,512,256,0.06829833984375,1,2441_512_256,True
3790,site11_529.png,512,256,0.0,0,3790_512_256,False
269,site3_298.png,384,256,0.04168701171875,0,269_384_256,True
1273,site6_299.png,384,0,0.15704345703125,1,1273_384_0,True
3006,site8_236.png,512,0,0.0,0,3006_512_0,False
2455,site12_53.png,256,256,0.0,0,2455_256_256,False
3024,site13_8.png,512,256,0.0,0,3024_512_256,False
3229,site2_64.png,512,0,0.8358154296875,2,3229_512_0,True
521,site3_571.png,128,256,0.0,0,521_128_256,False
4542,site16_484.png,128,128,0.0,0,4542_128_128,False
1036,site5_201.png,512,384,0.0,0,1036_512_384,False
4613,site16_561.png,256,384,0.0,0,4613_256_384,False
2332,site15_82.png,256,384,0.0,0,2332_256_384,False
2563,site12_169.png,256,128,0.0,0,2563_256_128,False
2615,site17_24.png,256,512,0.0,0,2615_256_512,False
1957,site9_74.png,0,0,1.0,2,1957_0_0,True
2963,site8_188.png,128,0,0.0,0,2963_128_0,False
848,site4_175.png,512,512,0.0,0,848_512_512,False
3011,site8_244.png,384,512,1.0,2,3011_384_512,True
1786,site6_985.png,0,0,1.0,2,1786_0_0,True
3094,site13_105.png,384,256,0.0,0,3094_384_256,False
521,site3_571.png,256,0,0.0,0,521_256_0,False
791,site4_114.png,256,128,1.0,2,791_256_128,True
3103,site13_116.png,256,384,0.0,0,3103_256_384,False
3720,site11_457.png,256,256,0.356201171875,1,3720_256_256,True
3102,site13_115.png,512,384,0.0,0,3102_512_384,False
2520,site12_123.png,128,512,1.0,2,2520_128_512,True
3033,site13_31.png,384,384,0.0,0,3033_384_384,False
3163,site13_187.png,128,128,0.0,0,3163_128_128,False
3181,site13_209.png,256,0,0.0,0,3181_256_0,False
292,site3_322.png,0,128,0.86474609375,2,292_0_128,True
2053,site14_89.png,512,128,0.0,0,2053_512_128,False
813,site4_137.png,384,256,0.0,0,813_384_256,False
2763,site1_83.png,384,256,0.0,0,2763_384_256,False
2456,site12_54.png,128,0,0.07708740234375,1,2456_128_0,True
3240,site2_77.png,128,128,0.02362060546875,0,3240_128_128,True
3135,site13_153.png,0,256,0.98309326171875,2,3135_0_256,True
1788,site6_987.png,512,384,0.27557373046875,1,1788_512_384,True
2258,site14_335.png,256,128,0.0,0,2258_256_128,False
994,site5_155.png,384,512,1.0,2,994_384_512,True
3059,site13_63.png,512,256,0.0,0,3059_512_256,False
524,site3_574.png,256,384,0.0,0,524_256_384,False
2176,site14_227.png,512,256,0.0,0,2176_512_256,False
2672,site7_3.png,128,384,0.531494140625,2,2672_128_384,True
1692,site6_855.png,256,128,0.0,0,1692_256_128,False
2459,site12_57.png,128,384,1.0,2,2459_128_384,True
3158,site13_182.png,256,256,0.0,0,3158_256_256,False
2642,site17_57.png,512,128,0.0,0,2642_512_128,False
2084,site14_126.png,384,512,0.0,0,2084_384_512,False
984,site5_145.png,512,384,1.0,2,984_512_384,True
3103,site13_116.png,512,256,0.59588623046875,2,3103_512_256,True
1010,site5_172.png,128,384,1.0,2,1010_128_384,True
2925,site8_146.png,0,256,0.49365234375,2,2925_0_256,True
1543,site6_656.png,128,0,0.0,0,1543_128_0,False
833,site4_159.png,128,384,0.0,0,833_128_384,False
3117,site13_133.png,512,384,1.0,2,3117_512_384,True
3033,site13_31.png,128,0,0.0,0,3033_128_0,False
3101,site13_114.png,256,128,1.0,2,3101_256_128,True
2143,site14_189.png,256,128,0.923828125,2,2143_256_128,True
4493,site16_433.png,256,128,0.0472412109375,0,4493_256_128,True
329,site3_361.png,128,256,0.069580078125,1,329_128_256,True
1543,site6_656.png,512,0,0.0,0,1543_512_0,False
2082,site14_124.png,0,128,0.0,0,2082_0_128,False
3094,site13_105.png,0,0,1.0,2,3094_0_0,True
2493,site12_94.png,384,512,0.69647216796875,2,2493_384_512,True
3100,site13_113.png,0,512,1.0,2,3100_0_512,True
887,site5_27.png,512,128,0.0,0,887_512_128,False
1228,site6_232.png,256,384,1.0,2,1228_256_384,True
2612,site17_21.png,0,384,0.10626220703125,1,2612_0_384,True
2599,site17_6.png,512,512,0.0860595703125,1,2599_512_512,True
4750,site16_722.png,512,256,0.34759521484375,1,4750_512_256,True
3011,site8_244.png,384,0,0.9896240234375,2,3011_384_0,True
291,site3_321.png,256,0,0.0,0,291_256_0,False
4856,site16_851.png,128,0,0.0,0,4856_128_0,False
3066,site13_71.png,128,128,0.04022216796875,0,3066_128_128,True
2692,site10_51.png,256,0,0.0,0,2692_256_0,False
2084,site14_126.png,512,384,0.0,0,2084_512_384,False
1007,site5_169.png,512,384,0.29534912109375,1,1007_512_384,True
2083,site14_125.png,384,384,0.7957763671875,2,2083_384_384,True
2143,site14_189.png,384,128,0.8232421875,2,2143_384_128,True
3592,site11_325.png,384,256,0.0,0,3592_384_256,False
1624,site6_762.png,0,128,0.0,0,1624_0_128,False
181,site3_206.png,384,128,0.0,0,181_384_128,False
604,site3_666.png,256,256,0.0,0,604_256_256,False
3658,site11_393.png,0,512,0.8614501953125,2,3658_0_512,True
3719,site11_456.png,256,512,0.59991455078125,2,3719_256_512,True
2968,site8_194.png,128,384,0.0,0,2968_128_384,False
969,site5_128.png,256,512,0.13262939453125,1,969_256_512,True
1260,site6_275.png,256,256,0.0,0,1260_256_256,False
2797,site1_123.png,128,256,0.0,0,2797_128_256,False
632,site3_699.png,0,384,0.0,0,632_0_384,False
2520,site12_123.png,256,384,0.93878173828125,2,2520_256_384,True
1325,site6_369.png,512,512,0.0,0,1325_512_512,False
1096,site5_277.png,384,256,0.3492431640625,1,1096_384_256,True
932,site5_85.png,0,128,0.0,0,932_0_128,False
2599,site17_6.png,0,256,0.0,0,2599_0_256,False
3229,site2_64.png,512,128,0.9830322265625,2,3229_512_128,True
580,site3_638.png,0,256,0.0,0,580_0_256,False
1016,site5_178.png,384,512,0.0,0,1016_384_512,False
2469,site12_69.png,384,384,0.110107421875,1,2469_384_384,True
889,site5_29.png,256,384,0.0,0,889_256_384,False
1229,site6_233.png,384,512,0.0,0,1229_384_512,False
2963,site8_188.png,256,384,0.0008544921875,0,2963_256_384,True
3132,site13_149.png,512,384,0.0,0,3132_512_384,False
3071,site13_76.png,256,384,0.0,0,3071_256_384,False
814,site4_138.png,128,128,0.0,0,814_128_128,False
4637,site16_587.png,512,384,0.0,0,4637_512_384,False
772,site4_94.png,256,384,0.0,0,772_256_384,False
2486,site12_87.png,0,512,1.0,2,2486_0_512,True
2824,site8_25.png,256,512,0.0,0,2824_256_512,False
1000,site5_161.png,0,256,0.0,0,1000_0_256,False
2362,site15_115.png,128,256,0.87744140625,2,2362_128_256,True
1958,site9_75.png,256,512,0.0,0,1958_256_512,False
1083,site5_256.png,384,512,0.0,0,1083_384_512,False
1586,site6_715.png,512,0,0.0,0,1586_512_0,False
1031,site5_194.png,128,256,0.0,0,1031_128_256,False
4591,site16_537.png,128,0,0.37237548828125,1,4591_128_0,True
2344,site15_95.png,0,128,0.0,0,2344_0_128,False
2073,site14_112.png,384,512,0.16680908203125,1,2073_384_512,True
2117,site14_162.png,384,256,0.01873779296875,0,2117_384_256,True
817,site4_141.png,512,384,0.0,0,817_512_384,False
1058,site5_225.png,256,256,0.38299560546875,1,1058_256_256,True
2639,site17_54.png,0,0,0.0,0,2639_0_0,False
2629,site17_42.png,384,0,0.716552734375,2,2629_384_0,True
1000,site5_161.png,256,128,0.0,0,1000_256_128,False
2119,site14_164.png,256,0,0.00494384765625,0,2119_256_0,True
1036,site5_201.png,256,512,0.236572265625,1,1036_256_512,True
1083,site5_256.png,0,0,0.18096923828125,1,1083_0_0,True
2344,site15_95.png,128,512,0.19598388671875,1,2344_128_512,True
551,site3_604.png,0,128,0.0,0,551_0_128,False
2334,site15_84.png,384,256,0.365966796875,1,2334_384_256,True
358,site3_391.png,0,0,0.0,0,358_0_0,False
3169,site13_195.png,0,384,0.0,0,3169_0_384,False
3169,site13_195.png,128,512,0.0,0,3169_128_512,False
1060,site5_227.png,384,256,0.34332275390625,1,1060_384_256,True
1940,site9_51.png,256,256,1.0,2,1940_256_256,True
1088,site5_261.png,384,128,0.6400146484375,2,1088_384_128,True
2491,site12_92.png,512,128,0.99169921875,2,2491_512_128,True
2504,site12_106.png,128,128,0.0,0,2504_128_128,False
3101,site13_114.png,512,256,1.0,2,3101_512_256,True
2161,site14_210.png,256,384,0.46795654296875,2,2161_256_384,True
4808,site16_793.png,512,0,0.0,0,4808_512_0,False
293,site3_323.png,0,0,0.62298583984375,2,293_0_0,True
3251,site2_90.png,384,256,0.0,0,3251_384_256,False
3134,site13_152.png,512,512,0.6456298828125,2,3134_512_512,True
2204,site14_258.png,128,256,0.0,0,2204_128_256,False
2218,site14_275.png,384,256,0.0,0,2218_384_256,False
990,site5_151.png,0,0,0.27911376953125,1,990_0_0,True
1067,site5_236.png,512,384,0.9732666015625,2,1067_512_384,True
772,site4_94.png,512,0,1.0,2,772_512_0,True
3113,site13_128.png,128,512,1.0,2,3113_128_512,True
927,site5_80.png,256,0,1.0,2,927_256_0,True
2143,site14_189.png,128,128,0.06787109375,1,2143_128_128,True
2186,site14_237.png,384,256,0.0,0,2186_384_256,False
4376,site16_303.png,512,128,0.921142578125,2,4376_512_128,True
849,site4_176.png,512,128,0.5369873046875,2,849_512_128,True
928,site5_81.png,0,0,1.0,2,928_0_0,True
987,site5_148.png,0,512,0.0,0,987_0_512,False
1227,site6_231.png,128,0,0.0,0,1227_128_0,False
2258,site14_335.png,128,512,0.0,0,2258_128_512,False
1958,site9_75.png,256,384,0.0,0,1958_256_384,False
1088,site5_261.png,0,0,0.0,0,1088_0_0,False
4807,site16_792.png,512,384,0.51806640625,2,4807_512_384,True
604,site3_666.png,256,128,0.0,0,604_256_128,False
3623,site11_357.png,384,128,0.0,0,3623_384_128,False
528,site3_578.png,256,128,0.06884765625,1,528_256_128,True
329,site3_361.png,512,384,0.0,0,329_512_384,False
772,site4_94.png,128,0,0.0,0,772_128_0,False
739,site4_59.png,512,384,0.0,0,739_512_384,False
2456,site12_54.png,384,512,0.22528076171875,1,2456_384_512,True
2979,site8_206.png,384,0,0.0419921875,0,2979_384_0,True
3053,site13_55.png,128,0,0.0289306640625,0,3053_128_0,True
2733,site1_48.png,256,384,0.2342529296875,1,2733_256_384,True
2074,site14_113.png,128,384,0.40533447265625,2,2074_128_384,True
1282,site6_308.png,512,256,0.00140380859375,0,1282_512_256,True
1931,site9_39.png,0,128,0.0,0,1931_0_128,False
2372,site15_127.png,384,384,0.092041015625,1,2372_384_384,True
2775,site1_97.png,0,512,0.0,0,2775_0_512,False
2964,site8_189.png,128,256,0.0,0,2964_128_256,False
549,site3_602.png,256,0,0.21588134765625,1,549_256_0,True
415,site3_453.png,128,0,0.0,0,415_128_0,False
3314,site2_165.png,512,384,0.0,0,3314_512_384,False
1728,site6_899.png,0,0,0.0,0,1728_0_0,False
1961,site9_81.png,384,384,0.4163818359375,2,1961_384_384,True
2500,site12_102.png,512,0,1.0,2,2500_512_0,True
3095,site13_106.png,512,512,1.0,2,3095_512_512,True
1950,site9_64.png,0,128,0.0,0,1950_0_128,False
2191,site14_245.png,256,384,0.43414306640625,2,2191_256_384,True
350,site3_383.png,0,384,0.0,0,350_0_384,False
2160,site14_209.png,512,0,0.843994140625,2,2160_512_0,True
524,site3_574.png,256,512,0.16796875,1,524_256_512,True
3162,site13_186.png,128,256,0.0,0,3162_128_256,False
2226,site14_287.png,128,384,0.0,0,2226_128_384,False
556,site3_609.png,256,384,0.023193359375,0,556_256_384,True
3023,site13_7.png,512,384,0.0633544921875,1,3023_512_384,True
3231,site2_66.png,256,512,0.0,0,3231_256_512,False
3218,site2_50.png,512,384,0.76995849609375,2,3218_512_384,True
4638,site16_588.png,384,384,0.0,0,4638_384_384,False
2486,site12_87.png,256,384,1.0,2,2486_256_384,True
656,site3_731.png,384,384,0.0,0,656_384_384,False
358,site3_391.png,512,0,0.0,0,358_512_0,False
2066,site14_105.png,0,0,0.0,0,2066_0_0,False
3162,site13_186.png,256,0,0.0,0,3162_256_0,False
2123,site14_168.png,0,256,0.0,0,2123_0_256,False
3122,site13_138.png,128,128,1.0,2,3122_128_128,True
4469,site16_407.png,384,128,0.0,0,4469_384_128,False
3097,site13_108.png,512,0,0.0,0,3097_512_0,False
389,site3_424.png,384,384,0.0,0,389_384_384,False
295,site3_325.png,512,384,0.0,0,295_512_384,False
1057,site5_224.png,384,0,0.69952392578125,2,1057_384_0,True
3723,site11_460.png,0,512,0.01434326171875,0,3723_0_512,True
2832,site8_37.png,256,256,1.0,2,2832_256_256,True
3162,site13_186.png,0,512,0.0,0,3162_0_512,False
210,site3_237.png,256,256,0.0831298828125,1,210_256_256,True
1649,site6_795.png,256,512,0.0,0,1649_256_512,False
3067,site13_72.png,128,512,1.0,2,3067_128_512,True
1031,site5_194.png,512,384,0.30963134765625,1,1031_512_384,True
775,site4_97.png,0,0,0.0,0,775_0_0,False
2653,site17_70.png,0,512,0.0,0,2653_0_512,False
1058,site5_225.png,256,384,0.539306640625,2,1058_256_384,True
1042,site5_207.png,0,128,1.0,2,1042_0_128,True
2605,site17_12.png,384,128,0.0,0,2605_384_128,False
2478,site12_78.png,128,512,1.0,2,2478_128_512,True
1051,site5_218.png,256,256,1.0,2,1051_256_256,True
2524,site12_127.png,512,256,0.0,0,2524_512_256,False
1097,site5_278.png,256,0,1.0,2,1097_256_0,True
2632,site17_45.png,512,128,0.2342529296875,1,2632_512_128,True
2786,site1_110.png,384,512,1.0,2,2786_384_512,True
941,site5_96.png,0,0,0.0,0,941_0_0,False
497,site3_544.png,512,256,0.0,0,497_512_256,False
1741,site6_920.png,256,512,0.0,0,1741_256_512,False
4728,site16_696.png,512,0,0.0,0,4728_512_0,False
4566,site16_510.png,128,384,0.0,0,4566_128_384,False
329,site3_361.png,128,384,0.34124755859375,1,329_128_384,True
2521,site12_124.png,128,128,0.0,0,2521_128_128,False
2832,site8_37.png,0,0,1.0,2,2832_0_0,True
3164,site13_188.png,512,0,0.2655029296875,1,3164_512_0,True
23,site3_26.png,128,512,0.0,0,23_128_512,False
2687,site10_22.png,128,512,0.0,0,2687_128_512,False
3100,site13_113.png,512,0,1.0,2,3100_512_0,True
1005,site5_167.png,512,384,0.6693115234375,2,1005_512_384,True
900,site5_45.png,512,256,0.0,0,900_512_256,False
2362,site15_115.png,256,0,0.54638671875,2,2362_256_0,True
756,site4_77.png,0,128,0.82098388671875,2,756_0_128,True
926,site5_79.png,128,0,0.6363525390625,2,926_128_0,True
2652,site17_69.png,384,256,0.9010009765625,2,2652_384_256,True
2886,site8_103.png,384,384,0.0,0,2886_384_384,False
603,site3_665.png,512,128,0.0,0,603_512_128,False
1826,site6_1037.png,0,0,0.51025390625,2,1826_0_0,True
2073,site14_112.png,0,0,0.49114990234375,2,2073_0_0,True
4402,site16_330.png,0,128,0.28277587890625,1,4402_0_128,True
2521,site12_124.png,512,384,1.0,2,2521_512_384,True
3097,site13_108.png,256,512,0.0,0,3097_256_512,False
3134,site13_152.png,128,0,0.1845703125,1,3134_128_0,True
3047,site13_47.png,256,256,1.0,2,3047_256_256,True
924,site5_77.png,512,256,0.0,0,924_512_256,False
1586,site6_715.png,384,384,0.345458984375,1,1586_384_384,True
2797,site1_123.png,256,128,0.4251708984375,2,2797_256_128,True
3688,site11_424.png,0,256,0.0,0,3688_0_256,False
2632,site17_45.png,256,0,0.1009521484375,1,2632_256_0,True
2647,site17_62.png,512,256,0.0,0,2647_512_256,False
2538,site12_142.png,512,512,0.0,0,2538_512_512,False
1776,site6_965.png,128,512,0.0,0,1776_128_512,False
903,site5_48.png,256,512,0.0076904296875,0,903_256_512,True
265,site3_294.png,128,384,0.0,0,265_128_384,False
45,site3_56.png,0,512,0.0,0,45_0_512,False
3070,site13_75.png,128,256,1.0,2,3070_128_256,True
1552,site6_673.png,128,256,0.0,0,1552_128_256,False
2604,site17_11.png,384,0,0.87469482421875,2,2604_384_0,True
2520,site12_123.png,512,0,0.0,0,2520_512_0,False
532,site3_582.png,256,128,0.0,0,532_256_128,False
1380,site6_441.png,0,0,0.0,0,1380_0_0,False
2687,site10_22.png,128,128,0.0,0,2687_128_128,False
2075,site14_114.png,0,0,0.08087158203125,1,2075_0_0,True
2632,site17_45.png,256,384,0.0,0,2632_256_384,False
2764,site1_84.png,384,256,0.005615234375,0,2764_384_256,True
2084,site14_126.png,128,0,0.9942626953125,2,2084_128_0,True
1925,site9_30.png,384,512,0.0,0,1925_384_512,False
3718,site11_455.png,256,256,0.2769775390625,1,3718_256_256,True
329,site3_361.png,512,512,0.0,0,329_512_512,False
1715,site6_886.png,128,384,0.0,0,1715_128_384,False
2086,site14_128.png,384,256,0.04571533203125,0,2086_384_256,True
3242,site2_79.png,384,512,0.0,0,3242_384_512,False
1015,site5_177.png,384,128,0.26483154296875,1,1015_384_128,True
2082,site14_124.png,256,128,0.0,0,2082_256_128,False
389,site3_424.png,256,512,0.0,0,389_256_512,False
1205,site6_198.png,384,256,0.0,0,1205_384_256,False
1037,site5_202.png,0,384,0.0,0,1037_0_384,False
3720,site11_457.png,256,0,0.45904541015625,2,3720_256_0,True
1097,site5_278.png,0,0,1.0,2,1097_0_0,True
3623,site11_357.png,128,0,0.0,0,3623_128_0,False
351,site3_384.png,384,0,0.0,0,351_384_0,False
2753,site1_71.png,384,128,0.046142578125,0,2753_384_128,True
1586,site6_715.png,256,256,0.01751708984375,0,1586_256_256,True
2445,site12_42.png,128,384,1.0,2,2445_128_384,True
968,site5_127.png,512,384,1.0,2,968_512_384,True
295,site3_325.png,128,512,0.0,0,295_128_512,False
2610,site17_19.png,0,256,0.0,0,2610_0_256,False
2445,site12_42.png,512,384,0.944091796875,2,2445_512_384,True
793,site4_116.png,128,0,0.897216796875,2,793_128_0,True
1654,site6_808.png,128,0,0.0,0,1654_128_0,False
3107,site13_122.png,0,256,0.05926513671875,1,3107_0_256,True
926,site5_79.png,384,384,1.0,2,926_384_384,True
2665,site17_85.png,256,128,0.0,0,2665_256_128,False
350,site3_383.png,512,0,0.1767578125,1,350_512_0,True
2514,site12_117.png,0,0,0.0,0,2514_0_0,False
3038,site13_36.png,0,512,0.33056640625,1,3038_0_512,True
1227,site6_231.png,128,512,0.00115966796875,0,1227_128_512,True
4637,site16_587.png,384,384,0.0,0,4637_384_384,False
2470,site12_70.png,0,128,0.933837890625,2,2470_0_128,True
1826,site6_1037.png,256,384,0.0,0,1826_256_384,False
1260,site6_275.png,512,384,0.0,0,1260_512_384,False
3089,site13_98.png,512,128,0.0,0,3089_512_128,False
4725,site16_693.png,256,512,0.01702880859375,0,4725_256_512,True
2658,site17_75.png,256,512,0.0,0,2658_256_512,False
1779,site6_968.png,512,512,0.0,0,1779_512_512,False
2824,site8_25.png,384,256,0.0,0,2824_384_256,False
1947,site9_61.png,0,128,0.82440185546875,2,1947_0_128,True
2446,site12_43.png,0,128,1.0,2,2446_0_128,True
3251,site2_90.png,256,384,0.0,0,3251_256_384,False
2514,site12_117.png,0,256,0.0,0,2514_0_256,False
1932,site9_40.png,0,0,0.38458251953125,1,1932_0_0,True
1791,site6_990.png,256,128,1.0,2,1791_256_128,True
984,site5_145.png,256,384,0.84197998046875,2,984_256_384,True
3046,site13_46.png,0,128,0.317138671875,1,3046_0_128,True
1041,site5_206.png,256,0,0.27850341796875,1,1041_256_0,True
2498,site12_100.png,384,0,0.04559326171875,0,2498_384_0,True
3042,site13_42.png,256,128,0.5472412109375,2,3042_256_128,True
1325,site6_369.png,256,256,0.0,0,1325_256_256,False
3133,site13_151.png,128,0,0.7354736328125,2,3133_128_0,True
2074,site14_113.png,512,512,0.8175048828125,2,2074_512_512,True
2342,site15_93.png,0,128,0.903564453125,2,2342_0_128,True
3053,site13_55.png,128,128,0.0,0,3053_128_128,False
3077,site13_84.png,128,128,1.0,2,3077_128_128,True
2335,site15_85.png,0,128,0.41448974609375,2,2335_0_128,True
3133,site13_151.png,0,0,0.0,0,3133_0_0,False
269,site3_298.png,256,0,0.0,0,269_256_0,False
3660,site11_395.png,0,512,0.24554443359375,1,3660_0_512,True
3116,site13_132.png,128,512,0.894287109375,2,3116_128_512,True
865,site4_194.png,0,384,0.0,0,865_0_384,False
756,site4_77.png,384,512,1.0,2,756_384_512,True
1010,site5_172.png,0,0,1.0,2,1010_0_0,True
2355,site15_107.png,256,0,0.0,0,2355_256_0,False
1760,site6_949.png,512,256,1.0,2,1760_512_256,True
2895,site8_113.png,512,384,0.006591796875,0,2895_512_384,True
1931,site9_39.png,0,384,0.0,0,1931_0_384,False
3066,site13_71.png,256,256,0.92169189453125,2,3066_256_256,True
3655,site11_390.png,128,384,0.822998046875,2,3655_128_384,True
3266,site2_107.png,0,128,0.0,0,3266_0_128,False
2226,site14_287.png,384,384,0.0,0,2226_384_384,False
263,site3_292.png,384,256,0.0,0,263_384_256,False
1010,site5_172.png,0,128,1.0,2,1010_0_128,True
3088,site13_97.png,128,512,0.0,0,3088_128_512,False
3169,site13_195.png,384,384,0.03485107421875,0,3169_384_384,True
952,site5_109.png,256,256,1.0,2,952_256_256,True
95,site3_113.png,128,384,0.0,0,95_128_384,False
3006,site8_236.png,256,512,0.4559326171875,2,3006_256_512,True
937,site5_92.png,128,128,0.0,0,937_128_128,False
3099,site13_112.png,512,512,1.0,2,3099_512_512,True
1788,site6_987.png,384,128,0.97821044921875,2,1788_384_128,True
605,site3_667.png,0,512,0.0,0,605_0_512,False
2616,site17_25.png,128,0,0.485107421875,2,2616_128_0,True
3156,site13_178.png,512,0,1.0,2,3156_512_0,True
4699,site16_664.png,256,512,0.0,0,4699_256_512,False
2351,site15_103.png,512,512,0.01495361328125,0,2351_512_512,True
3045,site13_45.png,256,384,0.34765625,1,3045_256_384,True
503,site3_550.png,256,512,0.0,0,503_256_512,False
823,site4_149.png,512,128,0.0,0,823_512_128,False
961,site5_118.png,128,256,0.0,0,961_128_256,False
2346,site15_97.png,128,128,0.1527099609375,1,2346_128_128,True
1947,site9_61.png,512,384,1.0,2,1947_512_384,True
2086,site14_128.png,384,128,0.0,0,2086_384_128,False
965,site5_122.png,128,0,0.0,0,965_128_0,False
1088,site5_261.png,384,384,0.8096923828125,2,1088_384_384,True
3028,site13_24.png,384,128,0.0,0,3028_384_128,False
2444,site12_41.png,384,384,1.0,2,2444_384_384,True
2653,site17_70.png,0,0,0.44598388671875,2,2653_0_0,True
1572,site6_693.png,0,384,0.0,0,1572_0_384,False
2101,site14_145.png,128,512,1.0,2,2101_128_512,True
3266,site2_107.png,512,0,0.44403076171875,2,3266_512_0,True
1940,site9_51.png,128,128,1.0,2,1940_128_128,True
3657,site11_392.png,0,0,0.71771240234375,2,3657_0_0,True
2500,site12_102.png,128,256,0.0804443359375,1,2500_128_256,True
2082,site14_124.png,128,128,0.0,0,2082_128_128,False
1023,site5_186.png,128,0,0.06463623046875,1,1023_128_0,True
2082,site14_124.png,0,384,0.0,0,2082_0_384,False
1493,site6_589.png,256,256,0.0,0,1493_256_256,False
2646,site17_61.png,128,128,0.13177490234375,1,2646_128_128,True
123,site3_144.png,512,256,0.0,0,123_512_256,False
4518,site16_459.png,256,128,0.0,0,4518_256_128,False
992,site5_153.png,128,0,0.0172119140625,0,992_128_0,True
2492,site12_93.png,0,256,1.0,2,2492_0_256,True
2180,site14_231.png,256,0,0.41107177734375,2,2180_256_0,True
2520,site12_123.png,0,0,1.0,2,2520_0_0,True
3145,site13_165.png,256,384,0.95855712890625,2,3145_256_384,True
3123,site13_139.png,256,0,0.0,0,3123_256_0,False
1045,site5_210.png,256,384,0.0,0,1045_256_384,False
2323,site15_72.png,0,512,0.0,0,2323_0_512,False
3071,site13_76.png,512,0,0.99945068359375,2,3071_512_0,True
3053,site13_55.png,384,512,0.0,0,3053_384_512,False
3134,site13_152.png,512,256,0.62896728515625,2,3134_512_256,True
1666,site6_820.png,128,0,0.0,0,1666_128_0,False
2979,site8_206.png,256,384,0.0,0,2979_256_384,False
1918,site9_19.png,256,256,1.0,2,1918_256_256,True
1954,site9_71.png,512,512,0.0054931640625,0,1954_512_512,True
775,site4_97.png,512,384,0.3299560546875,1,775_512_384,True
1032,site5_195.png,256,0,1.0,2,1032_256_0,True
2159,site14_208.png,0,512,0.311279296875,1,2159_0_512,True
1741,site6_920.png,0,128,0.0,0,1741_0_128,False
2605,site17_12.png,512,384,0.0,0,2605_512_384,False
3824,site11_564.png,384,128,0.0,0,3824_384_128,False
4730,site16_698.png,384,384,0.0,0,4730_384_384,False
2421,site12_17.png,128,128,0.0,0,2421_128_128,False
3120,site13_136.png,256,256,1.0,2,3120_256_256,True
2100,site14_144.png,384,256,1.0,2,2100_384_256,True
94,site3_112.png,0,512,0.0,0,94_0_512,False
2476,site12_76.png,512,512,0.91455078125,2,2476_512_512,True
360,site3_393.png,384,512,0.0,0,360_384_512,False
4590,site16_536.png,128,512,0.44415283203125,2,4590_128_512,True
2190,site14_244.png,384,384,0.76434326171875,2,2190_384_384,True
2344,site15_95.png,384,256,0.0,0,2344_384_256,False
2686,site10_21.png,384,512,0.0,0,2686_384_512,False
1949,site9_63.png,256,128,1.0,2,1949_256_128,True
2943,site8_166.png,128,128,0.91156005859375,2,2943_128_128,True
2613,site17_22.png,384,0,1.0,2,2613_384_0,True
1024,site5_187.png,384,128,0.58209228515625,2,1024_384_128,True
2102,site14_146.png,256,256,0.00653076171875,0,2102_256_256,True
4614,site16_562.png,128,0,0.74639892578125,2,4614_128_0,True
1552,site6_673.png,128,384,0.0,0,1552_128_384,False
3120,site13_136.png,384,256,1.0,2,3120_384_256,True
2934,site8_156.png,128,256,1.0,2,2934_128_256,True
793,site4_116.png,256,0,0.65301513671875,2,793_256_0,True
3042,site13_42.png,512,256,0.04852294921875,0,3042_512_256,True
1760,site6_949.png,384,256,0.9759521484375,2,1760_384_256,True
2718,site1_32.png,256,512,0.61181640625,2,2718_256_512,True
1714,site6_885.png,256,512,0.0,0,1714_256_512,False
3145,site13_165.png,384,256,1.0,2,3145_384_256,True
1764,site6_953.png,0,0,0.0,0,1764_0_0,False
2182,site14_233.png,128,256,0.614501953125,2,2182_128_256,True
2057,site14_93.png,128,0,0.0,0,2057_128_0,False
2486,site12_87.png,384,256,1.0,2,2486_384_256,True
2915,site8_135.png,128,128,0.116943359375,1,2915_128_128,True
2979,site8_206.png,128,384,0.0,0,2979_128_384,False
239,site3_267.png,384,512,0.077880859375,1,239_384_512,True
2517,site12_120.png,128,512,0.0,0,2517_128_512,False
3821,site11_561.png,384,128,0.0,0,3821_384_128,False
3756,site11_494.png,128,0,0.83428955078125,2,3756_128_0,True
1010,site5_172.png,128,0,1.0,2,1010_128_0,True
2182,site14_233.png,384,512,0.0,0,2182_384_512,False
3241,site2_78.png,0,512,0.0,0,3241_0_512,False
961,site5_118.png,0,512,0.0621337890625,1,961_0_512,True
2180,site14_231.png,128,0,0.61712646484375,2,2180_128_0,True
359,site3_392.png,256,384,0.0,0,359_256_384,False
939,site5_94.png,256,256,0.5186767578125,2,939_256_256,True
777,site4_99.png,512,0,0.0,0,777_512_0,False
319,site3_351.png,256,256,0.287841796875,1,319_256_256,True
2687,site10_22.png,128,384,0.0,0,2687_128_384,False
2423,site12_19.png,256,384,0.0,0,2423_256_384,False
3690,site11_426.png,256,0,0.0,0,3690_256_0,False
2498,site12_100.png,512,384,0.36962890625,1,2498_512_384,True
3078,site13_85.png,512,128,0.0,0,3078_512_128,False
3141,site13_159.png,512,384,0.0,0,3141_512_384,False
1950,site9_64.png,512,256,1.0,2,1950_512_256,True
3087,site13_96.png,384,256,0.0,0,3087_384_256,False
1128,site6_83.png,128,512,0.0,0,1128_128_512,False
2041,site14_75.png,512,512,0.0,0,2041_512_512,False
2485,site12_86.png,0,512,0.35162353515625,1,2485_0_512,True
1624,site6_762.png,512,384,0.0,0,1624_512_384,False
583,site3_641.png,512,256,0.0,0,583_512_256,False
3101,site13_114.png,0,384,1.0,2,3101_0_384,True
605,site3_667.png,0,256,0.0,0,605_0_256,False
928,site5_81.png,512,384,0.0,0,928_512_384,False
1954,site9_71.png,512,384,0.0,0,1954_512_384,False
962,site5_119.png,0,256,0.0,0,962_0_256,False
1943,site9_57.png,384,0,1.0,2,1943_384_0,True
2923,site8_144.png,128,128,0.195556640625,1,2923_128_128,True
2612,site17_21.png,0,256,0.8046875,2,2612_0_256,True
2733,site1_48.png,512,256,0.0,0,2733_512_256,False
1787,site6_986.png,512,512,0.15484619140625,1,1787_512_512,True
2053,site14_89.png,512,512,0.0,0,2053_512_512,False
2455,site12_53.png,256,128,0.21136474609375,1,2455_256_128,True
4786,site16_767.png,0,256,0.0001220703125,0,4786_0_256,True
3042,site13_42.png,0,0,0.0,0,3042_0_0,False
1525,site6_638.png,512,512,0.74798583984375,2,1525_512_512,True
2324,site15_73.png,256,384,0.3153076171875,1,2324_256_384,True
3181,site13_209.png,128,512,0.0,0,3181_128_512,False
1087,site5_260.png,128,512,1.0,2,1087_128_512,True
3240,site2_77.png,384,512,0.0,0,3240_384_512,False
1308,site6_343.png,128,128,0.0,0,1308_128_128,False
3314,site2_165.png,256,384,0.0,0,3314_256_384,False
2926,site8_147.png,128,0,0.00042724609375,0,2926_128_0,True
1741,site6_920.png,512,256,0.0,0,1741_512_256,False
2490,site12_91.png,256,256,1.0,2,2490_256_256,True
984,site5_145.png,512,256,1.0,2,984_512_256,True
1804,site6_1003.png,512,512,0.0,0,1804_512_512,False
3111,site13_126.png,128,256,0.18267822265625,1,3111_128_256,True
2538,site12_142.png,512,0,0.0,0,2538_512_0,False
1404,site6_474.png,256,512,0.0,0,1404_256_512,False
298,site3_328.png,128,384,0.00384521484375,0,298_128_384,True
352,site3_385.png,128,384,0.001708984375,0,352_128_384,True
3083,site13_92.png,256,384,1.0,2,3083_256_384,True
2365,site15_118.png,256,128,0.8033447265625,2,2365_256_128,True
2258,site14_335.png,384,0,0.0,0,2258_384_0,False
2604,site17_11.png,128,384,1.0,2,2604_128_384,True
2219,site14_276.png,256,384,0.0,0,2219_256_384,False
3788,site11_527.png,0,512,0.3699951171875,1,3788_0_512,True
755,site4_76.png,128,512,0.0,0,755_128_512,False
1005,site5_167.png,384,256,0.647705078125,2,1005_384_256,True
1958,site9_75.png,512,256,0.0,0,1958_512_256,False
2057,site14_93.png,256,384,0.2303466796875,1,2057_256_384,True
4725,site16_693.png,0,128,0.1510009765625,1,4725_0_128,True
1956,site9_73.png,0,256,0.99884033203125,2,1956_0_256,True
3661,site11_396.png,256,128,0.0,0,3661_256_128,False
2459,site12_57.png,0,512,1.0,2,2459_0_512,True
3051,site13_53.png,384,256,0.64208984375,2,3051_384_256,True
3060,site13_64.png,512,256,0.1011962890625,1,3060_512_256,True
1941,site9_52.png,128,384,1.0,2,1941_128_384,True
2462,site12_60.png,512,512,0.6644287109375,2,2462_512_512,True
2470,site12_70.png,384,128,0.68914794921875,2,2470_384_128,True
2235,site14_296.png,512,256,0.0,0,2235_512_256,False
585,site3_643.png,384,384,0.13153076171875,1,585_384_384,True
3692,site11_428.png,256,128,0.63067626953125,2,3692_256_128,True
2598,site17_5.png,128,128,0.91351318359375,2,2598_128_128,True
926,site5_79.png,512,256,1.0,2,926_512_256,True
581,site3_639.png,0,384,0.014892578125,0,581_0_384,True
3096,site13_107.png,512,256,0.70269775390625,2,3096_512_256,True
1924,site9_29.png,0,512,0.8822021484375,2,1924_0_512,True
2334,site15_84.png,384,512,0.9521484375,2,2334_384_512,True
2745,site1_61.png,0,512,0.36688232421875,1,2745_0_512,True
2354,site15_106.png,512,0,0.0,0,2354_512_0,False
848,site4_175.png,0,128,0.0,0,848_0_128,False
2847,site8_57.png,128,128,0.0,0,2847_128_128,False
3122,site13_138.png,0,256,1.0,2,3122_0_256,True
605,site3_667.png,128,128,0.0,0,605_128_128,False
630,site3_697.png,512,512,0.0,0,630_512_512,False
4970,site16_1005.png,512,384,0.0,0,4970_512_384,False
2421,site12_17.png,256,256,0.0,0,2421_256_256,False
3026,site13_17.png,128,256,0.97320556640625,2,3026_128_256,True
790,site4_113.png,0,512,0.9639892578125,2,790_0_512,True
1925,site9_30.png,256,256,0.9285888671875,2,1925_256_256,True
210,site3_237.png,256,384,0.6611328125,2,210_256_384,True
2895,site8_113.png,512,0,0.0,0,2895_512_0,False
2140,site14_186.png,128,256,0.98699951171875,2,2140_128_256,True
240,site3_268.png,128,512,0.0,0,240_128_512,False
2824,site8_25.png,256,0,0.0,0,2824_256_0,False
998,site5_159.png,384,0,0.0,0,998_384_0,False
4637,site16_587.png,512,128,0.0,0,4637_512_128,False
3190,site13_219.png,384,384,0.0,0,3190_384_384,False
1299,site6_334.png,0,128,0.0,0,1299_0_128,False
3011,site8_244.png,256,256,1.0,2,3011_256_256,True
4677,site16_638.png,256,128,0.0,0,4677_256_128,False
1053,site5_220.png,0,0,0.0,0,1053_0_0,False
1085,site5_258.png,512,512,0.01837158203125,0,1085_512_512,True
961,site5_118.png,512,384,0.44549560546875,2,961_512_384,True
2924,site8_145.png,128,128,0.0,0,2924_128_128,False
889,site5_29.png,128,256,0.0,0,889_128_256,False
3263,site2_104.png,128,384,0.0,0,3263_128_384,False
2973,site8_199.png,512,128,0.0,0,2973_512_128,False
1958,site9_75.png,256,0,0.95208740234375,2,1958_256_0,True
351,site3_384.png,128,512,0.0,0,351_128_512,False
2083,site14_125.png,128,0,0.45538330078125,2,2083_128_0,True
2514,site12_117.png,256,512,0.34600830078125,1,2514_256_512,True
1932,site9_40.png,128,0,0.000732421875,0,1932_128_0,True
2208,site14_265.png,0,256,0.31414794921875,1,2208_0_256,True
3790,site11_529.png,256,384,0.0,0,3790_256_384,False
4613,site16_561.png,128,512,0.11187744140625,1,4613_128_512,True
2084,site14_126.png,384,256,0.0,0,2084_384_256,False
2334,site15_84.png,512,256,0.0772705078125,1,2334_512_256,True
4764,site16_741.png,128,256,0.0,0,4764_128_256,False
1692,site6_855.png,256,256,0.0,0,1692_256_256,False
4970,site16_1005.png,0,384,0.0,0,4970_0_384,False
2161,site14_210.png,384,512,0.62005615234375,2,2161_384_512,True
1097,site5_278.png,384,256,1.0,2,1097_384_256,True
3033,site13_31.png,512,512,0.0,0,3033_512_512,False
3025,site13_16.png,512,512,0.0,0,3025_512_512,False
2655,site17_72.png,0,0,0.6246337890625,2,2655_0_0,True
2520,site12_123.png,512,512,0.0,0,2520_512_512,False
2646,site17_61.png,0,384,0.77716064453125,2,2646_0_384,True
3079,site13_86.png,256,384,0.9801025390625,2,3079_256_384,True
1037,site5_202.png,256,0,0.205810546875,1,1037_256_0,True
3058,site13_62.png,128,512,0.0,0,3058_128_512,False
817,site4_141.png,0,128,0.29437255859375,1,817_0_128,True
817,site4_141.png,384,384,0.0,0,817_384_384,False
386,site3_421.png,128,384,0.0,0,386_128_384,False
930,site5_83.png,256,0,0.07415771484375,1,930_256_0,True
2118,site14_163.png,256,0,0.013671875,0,2118_256_0,True
4748,site16_720.png,128,0,0.40679931640625,2,4748_128_0,True
3066,site13_71.png,256,512,0.82586669921875,2,3066_256_512,True
980,site5_139.png,128,384,0.0,0,980_128_384,False
1954,site9_71.png,512,128,0.7147216796875,2,1954_512_128,True
3037,site13_35.png,256,512,0.04083251953125,0,3037_256_512,True
4492,site16_432.png,384,0,0.99981689453125,2,4492_384_0,True
4730,site16_698.png,384,0,0.0,0,4730_384_0,False
2979,site8_206.png,384,512,0.0,0,2979_384_512,False
2960,site8_185.png,512,384,0.0,0,2960_512_384,False
3158,site13_182.png,384,0,0.0,0,3158_384_0,False
23,site3_26.png,256,384,0.037109375,0,23_256_384,True
1967,site9_90.png,0,512,0.0,0,1967_0_512,False
4768,site16_745.png,256,512,0.0,0,4768_256_512,False
4565,site16_509.png,384,256,0.0,0,4565_384_256,False
3046,site13_46.png,512,384,1.0,2,3046_512_384,True
774,site4_96.png,0,0,1.0,2,774_0_0,True
1961,site9_81.png,256,512,0.0,0,1961_256_512,False
1205,site6_198.png,256,256,0.0,0,1205_256_256,False
3655,site11_390.png,0,256,0.0,0,3655_0_256,False
3083,site13_92.png,0,256,0.83294677734375,2,3083_0_256,True
2564,site12_170.png,128,0,0.0,0,2564_128_0,False
3719,site11_456.png,512,0,0.0,0,3719_512_0,False
1605,site6_743.png,256,512,0.0,0,1605_256_512,False
2159,site14_208.png,0,0,0.264892578125,1,2159_0_0,True
3686,site11_422.png,256,128,0.0,0,3686_256_128,False
3034,site13_32.png,384,256,0.64288330078125,2,3034_384_256,True
3070,site13_75.png,256,384,0.83746337890625,2,3070_256_384,True
2647,site17_62.png,384,0,0.0,0,2647_384_0,False
1925,site9_30.png,256,0,1.0,2,1925_256_0,True
1925,site9_30.png,384,384,0.00616455078125,0,1925_384_384,True
4591,site16_537.png,512,0,0.0,0,4591_512_0,False
3078,site13_85.png,512,256,0.0,0,3078_512_256,False
1931,site9_39.png,128,0,0.997802734375,2,1931_128_0,True
2753,site1_71.png,128,0,0.0,0,2753_128_0,False
3141,site13_159.png,384,256,0.0,0,3141_384_256,False
2423,site12_19.png,128,256,0.0,0,2423_128_256,False
932,site5_85.png,0,512,0.0,0,932_0_512,False
1543,site6_656.png,512,384,0.18524169921875,1,1543_512_384,True
2914,site8_134.png,512,0,0.0,0,2914_512_0,False
2539,site12_143.png,384,0,0.0,0,2539_384_0,False
2204,site14_258.png,384,128,0.0,0,2204_384_128,False
2613,site17_22.png,128,0,1.0,2,2613_128_0,True
2786,site1_110.png,128,0,0.0,0,2786_128_0,False
2629,site17_42.png,256,256,0.51171875,2,2629_256_256,True
793,site4_116.png,512,256,0.0006103515625,0,793_512_256,True
2484,site12_85.png,384,0,0.3876953125,1,2484_384_0,True
2970,site8_196.png,384,384,0.0,0,2970_384_384,False
2335,site15_85.png,128,384,0.65185546875,2,2335_128_384,True
3116,site13_132.png,0,512,1.0,2,3116_0_512,True
2935,site8_157.png,256,256,0.0,0,2935_256_256,False
2161,site14_210.png,0,384,0.0,0,2161_0_384,False
2886,site8_103.png,384,256,0.0,0,2886_384_256,False
583,site3_641.png,384,128,0.0,0,583_384_128,False
3286,site2_130.png,512,256,0.0,0,3286_512_256,False
3219,site2_51.png,384,384,0.00225830078125,0,3219_384_384,True
2354,site15_106.png,512,512,0.08447265625,1,2354_512_512,True
961,site5_118.png,0,128,0.0,0,961_0_128,False
3169,site13_195.png,256,256,0.0,0,3169_256_256,False
3661,site11_396.png,256,384,0.0,0,3661_256_384,False
3118,site13_134.png,384,128,0.9732666015625,2,3118_384_128,True
3266,site2_107.png,256,0,0.0,0,3266_256_0,False
1520,site6_624.png,384,256,0.0,0,1520_384_256,False
3120,site13_136.png,0,512,0.0,0,3120_0_512,False
2236,site14_297.png,384,128,0.394287109375,1,2236_384_128,True
1812,site6_1023.png,256,256,0.0,0,1812_256_256,False
1075,site5_244.png,0,128,0.3704833984375,1,1075_0_128,True
832,site4_158.png,256,0,0.0,0,832_256_0,False
3069,site13_74.png,256,512,1.0,2,3069_256_512,True
2220,site14_277.png,256,384,0.5379638671875,2,2220_256_384,True
1068,site5_237.png,0,512,0.0821533203125,1,1068_0_512,True
350,site3_383.png,512,128,0.29595947265625,1,350_512_128,True
3042,site13_42.png,128,128,0.0,0,3042_128_128,False
902,site5_47.png,256,384,0.0,0,902_256_384,False
2485,site12_86.png,128,0,0.0,0,2485_128_0,False
2539,site12_143.png,0,384,0.0,0,2539_0_384,False
2692,site10_51.png,512,512,0.9757080078125,2,2692_512_512,True
2838,site8_46.png,384,384,0.0,0,2838_384_384,False
2610,site17_19.png,384,128,0.7308349609375,2,2610_384_128,True
1940,site9_51.png,384,0,1.0,2,1940_384_0,True
2478,site12_78.png,128,128,1.0,2,2478_128_128,True
2604,site17_11.png,0,256,1.0,2,2604_0_256,True
2831,site8_36.png,512,384,1.0,2,2831_512_384,True
2235,site14_296.png,512,512,0.0,0,2235_512_512,False
996,site5_157.png,384,128,0.0,0,996_384_128,False
387,site3_422.png,384,512,0.06158447265625,1,387_384_512,True
1129,site6_84.png,128,0,0.0,0,1129_128_0,False
1238,site6_242.png,512,0,0.0,0,1238_512_0,False
3130,site13_147.png,256,0,1.0,2,3130_256_0,True
632,site3_699.png,384,128,0.0,0,632_384_128,False
326,site3_358.png,384,0,0.0,0,326_384_0,False
3106,site13_119.png,256,512,0.0,0,3106_256_512,False
2272,site14_356.png,384,512,0.0,0,2272_384_512,False
3722,site11_459.png,0,0,0.0,0,3722_0_0,False
2640,site17_55.png,384,256,0.48114013671875,2,2640_384_256,True
950,site5_105.png,0,0,0.0,0,950_0_0,False
777,site4_99.png,0,256,0.0,0,777_0_256,False
2346,site15_97.png,0,512,0.0,0,2346_0_512,False
2191,site14_245.png,128,256,0.92999267578125,2,2191_128_256,True
850,site4_177.png,128,128,0.0,0,850_128_128,False
2143,site14_189.png,512,128,0.0994873046875,1,2143_512_128,True
3157,site13_179.png,512,256,0.0,0,3157_512_256,False
2886,site8_103.png,512,128,0.068115234375,1,2886_512_128,True
927,site5_80.png,128,512,0.0,0,927_128_512,False
4493,site16_433.png,128,0,1.0,2,4493_128_0,True
2943,site8_166.png,512,128,1.0,2,2943_512_128,True
2490,site12_91.png,128,512,1.0,2,2490_128_512,True
3726,site11_463.png,512,256,0.0,0,3726_512_256,False
293,site3_323.png,0,128,0.630126953125,2,293_0_128,True
2726,site1_41.png,512,512,0.0,0,2726_512_512,False
1763,site6_952.png,256,0,0.18798828125,1,1763_256_0,True
2160,site14_209.png,128,128,0.0,0,2160_128_128,False
3163,site13_187.png,384,128,0.55096435546875,2,3163_384_128,True
4768,site16_745.png,0,128,0.0,0,4768_0_128,False
2402,site15_163.png,0,512,0.0,0,2402_0_512,False
3126,site13_143.png,0,384,0.0,0,3126_0_384,False
1020,site5_183.png,128,128,0.0,0,1020_128_128,False
936,site5_91.png,0,256,0.0,0,936_0_256,False
993,site5_154.png,256,256,0.0,0,993_256_256,False
3145,site13_165.png,256,256,1.0,2,3145_256_256,True
2518,site12_121.png,384,512,0.52435302734375,2,2518_384_512,True
1938,site9_49.png,256,384,0.0,0,1938_256_384,False
2478,site12_78.png,0,0,1.0,2,2478_0_0,True
2498,site12_100.png,384,512,0.0,0,2498_384_512,False
2074,site14_113.png,0,512,0.0,0,2074_0_512,False
997,site5_158.png,256,128,0.0,0,997_256_128,False
2493,site12_94.png,128,0,1.0,2,2493_128_0,True
790,site4_113.png,128,0,1.0,2,790_128_0,True
4542,site16_484.png,256,0,0.0,0,4542_256_0,False
1271,site6_297.png,128,128,0.0,0,1271_128_128,False
2646,site17_61.png,0,256,0.99383544921875,2,2646_0_256,True
2924,site8_145.png,128,0,0.0,0,2924_128_0,False
1053,site5_220.png,256,256,0.9552001953125,2,1053_256_256,True
3118,site13_134.png,256,256,1.0,2,3118_256_256,True
1940,site9_51.png,128,384,1.0,2,1940_128_384,True
1058,site5_225.png,256,512,0.04937744140625,0,1058_256_512,True
2886,site8_103.png,256,384,0.0,0,2886_256_384,False
1947,site9_61.png,384,0,1.0,2,1947_384_0,True
3133,site13_151.png,512,384,0.946044921875,2,3133_512_384,True
965,site5_122.png,512,512,0.0,0,965_512_512,False
3061,site13_65.png,0,512,0.989501953125,2,3061_0_512,True
3289,site2_133.png,256,512,0.0,0,3289_256_512,False
269,site3_298.png,512,128,0.107177734375,1,269_512_128,True
2904,site8_123.png,384,128,0.0,0,2904_384_128,False
1075,site5_244.png,256,256,0.0,0,1075_256_256,False
2490,site12_91.png,512,512,0.0,0,2490_512_512,False
2530,site12_134.png,0,256,0.0,0,2530_0_256,False
526,site3_576.png,128,256,0.0,0,526_128_256,False
1926,site9_31.png,128,256,1.0,2,1926_128_256,True
4808,site16_793.png,128,512,0.0,0,4808_128_512,False
968,site5_127.png,256,256,1.0,2,968_256_256,True
292,site3_322.png,128,384,0.13751220703125,1,292_128_384,True
3133,site13_151.png,512,512,0.92742919921875,2,3133_512_512,True
2599,site17_6.png,128,384,0.0,0,2599_128_384,False
3140,site13_158.png,128,0,1.0,2,3140_128_0,True
1950,site9_64.png,512,384,0.95025634765625,2,1950_512_384,True
997,site5_158.png,512,512,0.96978759765625,2,997_512_512,True
3052,site13_54.png,0,0,0.1488037109375,1,3052_0_0,True
3623,site11_357.png,256,512,0.0,0,3623_256_512,False
1546,site6_659.png,384,128,0.0,0,1546_384_128,False
2830,site8_35.png,256,384,0.0,0,2830_256_384,False
3069,site13_74.png,512,0,1.0,2,3069_512_0,True
2362,site15_115.png,512,256,0.14715576171875,1,2362_512_256,True
1738,site6_917.png,512,0,0.0,0,1738_512_0,False
2665,site17_85.png,0,512,0.0,0,2665_0_512,False
3274,site2_116.png,384,0,0.0,0,3274_384_0,False
2207,site14_264.png,512,128,0.85211181640625,2,2207_512_128,True
823,site4_149.png,384,256,0.0,0,823_384_256,False
298,site3_328.png,384,128,0.0,0,298_384_128,False
1785,site6_984.png,512,0,1.0,2,1785_512_0,True
1605,site6_743.png,512,384,0.2142333984375,1,1605_512_384,True
350,site3_383.png,512,256,0.64886474609375,2,350_512_256,True
2629,site17_42.png,512,256,0.0133056640625,0,2629_512_256,True
914,site5_63.png,512,512,0.98077392578125,2,914_512_512,True
1939,site9_50.png,512,128,1.0,2,1939_512_128,True
389,site3_424.png,128,0,0.17193603515625,1,389_128_0,True
1440,site6_518.png,384,256,0.08306884765625,1,1440_384_256,True
850,site4_177.png,128,0,0.0,0,850_128_0,False
963,site5_120.png,384,384,0.0,0,963_384_384,False
792,site4_115.png,256,0,0.63861083984375,2,792_256_0,True
2053,site14_89.png,0,0,0.0,0,2053_0_0,False
2640,site17_55.png,512,384,0.27001953125,1,2640_512_384,True
1051,site5_218.png,256,512,0.74407958984375,2,1051_256_512,True
3720,site11_457.png,0,512,0.41650390625,2,3720_0_512,True
3033,site13_31.png,384,0,0.0,0,3033_384_0,False
2067,site14_106.png,512,384,1.0,2,2067_512_384,True
2190,site14_244.png,0,384,0.0,0,2190_0_384,False
3231,site2_66.png,128,128,0.00018310546875,0,3231_128_128,True
2105,site14_149.png,0,256,0.63543701171875,2,2105_0_256,True
4729,site16_697.png,384,128,0.14117431640625,1,4729_384_128,True
2272,site14_356.png,256,128,0.0,0,2272_256_128,False
2611,site17_20.png,512,256,0.988525390625,2,2611_512_256,True
1023,site5_186.png,384,0,0.0,0,1023_384_0,False
2341,site15_92.png,0,0,0.0,0,2341_0_0,False
3130,site13_147.png,128,384,1.0,2,3130_128_384,True
1325,site6_369.png,512,256,0.0,0,1325_512_256,False
2033,site14_67.png,256,128,0.0,0,2033_256_128,False
4589,site16_535.png,384,512,0.44549560546875,2,4589_384_512,True
239,site3_267.png,0,256,0.70111083984375,2,239_0_256,True
2745,site1_61.png,384,512,0.0,0,2745_384_512,False
1168,site6_137.png,512,0,0.0,0,1168_512_0,False
1728,site6_899.png,384,0,0.0,0,1728_384_0,False
1299,site6_334.png,256,384,0.0,0,1299_256_384,False
3724,site11_461.png,128,512,0.0,0,3724_128_512,False
1260,site6_275.png,0,512,0.0,0,1260_0_512,False
822,site4_148.png,384,384,0.26287841796875,1,822_384_384,True
1325,site6_369.png,256,384,0.24560546875,1,1325_256_384,True
1380,site6_441.png,512,128,0.0,0,1380_512_128,False
2659,site17_76.png,128,384,0.09149169921875,1,2659_128_384,True
1271,site6_297.png,128,256,0.0,0,1271_128_256,False
2220,site14_277.png,256,256,0.99609375,2,2220_256_256,True
2033,site14_67.png,256,0,0.0,0,2033_256_0,False
1779,site6_968.png,0,128,0.0,0,1779_0_128,False
2101,site14_145.png,512,512,1.0,2,2101_512_512,True
1096,site5_277.png,256,256,0.02996826171875,0,1096_256_256,True
2519,site12_122.png,384,384,1.0,2,2519_384_384,True
3026,site13_17.png,384,384,0.0,0,3026_384_384,False
45,site3_56.png,512,256,0.0,0,45_512_256,False
1956,site9_73.png,256,128,0.61309814453125,2,1956_256_128,True
2056,site14_92.png,384,384,0.0,0,2056_384_384,False
2438,site12_35.png,256,128,0.3197021484375,1,2438_256_128,True
2775,site1_97.png,256,384,0.2398681640625,1,2775_256_384,True
3753,site11_491.png,384,384,0.0,0,3753_384_384,False
4743,site16_715.png,512,256,0.01934814453125,0,4743_512_256,True
4543,site16_485.png,256,384,0.37115478515625,1,4543_256_384,True
3106,site13_119.png,256,384,0.0,0,3106_256_384,False
1086,site5_259.png,128,128,0.0,0,1086_128_128,False
3122,site13_138.png,0,384,1.0,2,3122_0_384,True
759,site4_80.png,256,384,0.99468994140625,2,759_256_384,True
2945,site8_168.png,256,0,0.0,0,2945_256_0,False
832,site4_158.png,512,384,0.8646240234375,2,832_512_384,True
790,site4_113.png,256,128,1.0,2,790_256_128,True
2745,site1_61.png,256,512,0.0,0,2745_256_512,False
964,site5_121.png,512,128,0.13311767578125,1,964_512_128,True
927,site5_80.png,128,0,1.0,2,927_128_0,True
1273,site6_299.png,384,384,0.2640380859375,1,1273_384_384,True
1053,site5_220.png,0,128,0.0,0,1053_0_128,False
813,site4_137.png,384,512,0.0,0,813_384_512,False
3756,site11_494.png,256,0,0.16119384765625,1,3756_256_0,True
2658,site17_75.png,384,256,0.7576904296875,2,2658_384_256,True
2471,site12_71.png,0,512,1.0,2,2471_0_512,True
4750,site16_722.png,512,0,0.0,0,4750_512_0,False
3218,site2_50.png,256,128,0.0,0,3218_256_128,False
1025,site5_188.png,0,256,0.039306640625,0,1025_0_256,True
2733,site1_48.png,128,512,0.0,0,2733_128_512,False
1039,site5_204.png,256,384,0.7078857421875,2,1039_256_384,True
1025,site5_188.png,128,384,0.0,0,1025_128_384,False
1051,site5_218.png,128,256,0.6031494140625,2,1051_128_256,True
1041,site5_206.png,256,128,1.0,2,1041_256_128,True
3592,site11_325.png,384,128,0.0,0,3592_384_128,False
1273,site6_299.png,128,384,0.0,0,1273_128_384,False
1024,site5_187.png,256,128,0.5577392578125,2,1024_256_128,True
2354,site15_106.png,128,512,1.0,2,2354_128_512,True
2620,site17_31.png,0,384,0.58935546875,2,2620_0_384,True
1037,site5_202.png,0,128,0.0,0,1037_0_128,False
577,site3_635.png,384,384,0.0,0,577_384_384,False
3030,site13_26.png,512,128,0.0,0,3030_512_128,False
2620,site17_31.png,384,256,0.63580322265625,2,2620_384_256,True
1786,site6_985.png,0,128,1.0,2,1786_0_128,True
609,site3_671.png,0,0,0.0,0,609_0_0,False
2775,site1_97.png,256,256,0.2283935546875,1,2775_256_256,True
924,site5_77.png,512,384,0.0,0,924_512_384,False
2550,site12_155.png,128,512,0.0,0,2550_128_512,False
2924,site8_145.png,384,512,0.0479736328125,0,2924_384_512,True
2641,site17_56.png,128,256,1.0,2,2641_128_256,True
2646,site17_61.png,256,256,0.0810546875,1,2646_256_256,True
991,site5_152.png,512,512,1.0,2,991_512_512,True
584,site3_642.png,256,512,0.0,0,584_256_512,False
1638,site6_784.png,384,512,0.0,0,1638_384_512,False
2258,site14_335.png,512,512,0.0,0,2258_512_512,False
2036,site14_70.png,256,384,0.0,0,2036_256_384,False
2447,site12_44.png,512,512,0.0,0,2447_512_512,False
2437,site12_34.png,384,384,0.47900390625,2,2437_384_384,True
269,site3_298.png,256,128,0.0,0,269_256_128,False
4748,site16_720.png,128,384,0.0,0,4748_128_384,False
1791,site6_990.png,128,512,0.0018310546875,0,1791_128_512,True
2445,site12_42.png,384,512,0.897216796875,2,2445_384_512,True
926,site5_79.png,128,384,1.0,2,926_128_384,True
1959,site9_79.png,384,128,1.0,2,1959_384_128,True
4786,site16_767.png,256,0,0.192138671875,1,4786_256_0,True
887,site5_27.png,0,128,0.0,0,887_0_128,False
2233,site14_294.png,384,512,0.0,0,2233_384_512,False
3162,site13_186.png,256,128,0.0,0,3162_256_128,False
2490,site12_91.png,512,256,0.0,0,2490_512_256,False
1025,site5_188.png,0,384,0.619873046875,2,1025_0_384,True
2087,site14_129.png,256,128,0.0,0,2087_256_128,False
1073,site5_242.png,128,0,0.55523681640625,2,1073_128_0,True
3823,site11_563.png,256,128,0.0,0,3823_256_128,False
1525,site6_638.png,512,384,0.14349365234375,1,1525_512_384,True
1086,site5_259.png,512,384,1.0,2,1086_512_384,True
581,site3_639.png,128,256,0.20062255859375,1,581_128_256,True
2604,site17_11.png,0,512,1.0,2,2604_0_512,True
3753,site11_491.png,256,384,0.0,0,3753_256_384,False
2658,site17_75.png,0,384,0.26318359375,1,2658_0_384,True
848,site4_175.png,512,0,0.0,0,848_512_0,False
740,site4_60.png,0,384,0.0,0,740_0_384,False
3143,site13_163.png,384,256,0.23944091796875,1,3143_384_256,True
1524,site6_637.png,256,256,0.35675048828125,1,1524_256_256,True
4568,site16_512.png,256,512,0.02227783203125,0,4568_256_512,True
1191,site6_173.png,384,256,0.39794921875,1,1191_384_256,True
269,site3_298.png,512,0,0.7430419921875,2,269_512_0,True
3286,site2_130.png,384,128,0.06268310546875,1,3286_384_128,True
3241,site2_78.png,384,0,0.82464599609375,2,3241_384_0,True
915,site5_64.png,384,256,0.685791015625,2,915_384_256,True
1309,site6_344.png,512,256,0.0,0,1309_512_256,False
2478,site12_78.png,256,256,1.0,2,2478_256_256,True
2233,site14_294.png,512,256,0.0,0,2233_512_256,False
1638,site6_784.png,256,0,0.0,0,1638_256_0,False
3052,site13_54.png,128,384,0.1307373046875,1,3052_128_384,True
2445,site12_42.png,0,128,0.8861083984375,2,2445_0_128,True
1085,site5_258.png,0,512,0.0,0,1085_0_512,False
2962,site8_187.png,512,0,0.0,0,2962_512_0,False
2365,site15_118.png,128,384,0.0,0,2365_128_384,False
1086,site5_259.png,256,256,0.005126953125,0,1086_256_256,True
1010,site5_172.png,512,256,1.0,2,1010_512_256,True
2336,site15_86.png,512,512,0.0,0,2336_512_512,False
2331,site15_81.png,128,128,0.0,0,2331_128_128,False
2033,site14_67.png,512,0,0.0283203125,0,2033_512_0,True
3756,site11_494.png,0,256,0.0,0,3756_0_256,False
3076,site13_83.png,128,512,1.0,2,3076_128_512,True
415,site3_453.png,128,512,0.0,0,415_128_512,False
1936,site9_47.png,384,256,1.0,2,1936_384_256,True
4808,site16_793.png,512,512,0.0,0,4808_512_512,False
580,site3_638.png,384,384,0.0,0,580_384_384,False
1763,site6_952.png,512,256,1.0,2,1763_512_256,True
1060,site5_227.png,0,128,0.0,0,1060_0_128,False
2672,site7_3.png,384,128,0.0,0,2672_384_128,False
2456,site12_54.png,512,256,0.4500732421875,2,2456_512_256,True
950,site5_105.png,256,128,0.0,0,950_256_128,False
2341,site15_92.png,512,384,0.56829833984375,2,2341_512_384,True
1742,site6_921.png,128,256,0.0,0,1742_128_256,False
3029,site13_25.png,128,128,0.0,0,3029_128_128,False
3157,site13_179.png,128,256,0.0,0,3157_128_256,False
1061,site5_228.png,256,0,0.0,0,1061_256_0,False
2191,site14_245.png,384,256,0.7056884765625,2,2191_384_256,True
1649,site6_795.png,384,128,0.015869140625,0,1649_384_128,True
1926,site9_31.png,256,384,0.45361328125,2,1926_256_384,True
3058,site13_62.png,128,128,0.72943115234375,2,3058_128_128,True
1039,site5_204.png,0,128,0.83209228515625,2,1039_0_128,True
2968,site8_194.png,512,384,0.0,0,2968_512_384,False
2117,site14_162.png,256,512,0.0,0,2117_256_512,False
3069,site13_74.png,256,384,1.0,2,3069_256_384,True
4699,site16_664.png,256,384,0.0,0,4699_256_384,False
2935,site8_157.png,0,0,0.71282958984375,2,2935_0_0,True
2904,site8_123.png,512,128,0.06817626953125,1,2904_512_128,True
2970,site8_196.png,512,512,0.0,0,2970_512_512,False
656,site3_731.png,512,128,0.0,0,656_512_128,False
3157,site13_179.png,512,512,0.0,0,3157_512_512,False
3158,site13_182.png,128,256,0.54937744140625,2,3158_128_256,True
3151,site13_173.png,0,128,0.0,0,3151_0_128,False
350,site3_383.png,128,384,0.0,0,350_128_384,False
1273,site6_299.png,512,0,0.17236328125,1,1273_512_0,True
972,site5_131.png,512,256,0.0,0,972_512_256,False
4469,site16_407.png,256,512,0.39990234375,1,4469_256_512,True
773,site4_95.png,128,256,1.0,2,773_128_256,True
270,site3_299.png,0,256,0.0,0,270_0_256,False
3058,site13_62.png,384,0,0.15716552734375,1,3058_384_0,True
1191,site6_173.png,256,512,0.0,0,1191_256_512,False
263,site3_292.png,128,384,0.0,0,263_128_384,False
2689,site10_28.png,384,512,0.0,0,2689_384_512,False
793,site4_116.png,256,512,0.0,0,793_256_512,False
964,site5_121.png,128,384,0.0,0,964_128_384,False
2485,site12_86.png,0,384,0.46295166015625,2,2485_0_384,True
1944,site9_58.png,128,128,0.39007568359375,1,1944_128_128,True
3083,site13_92.png,0,384,0.77899169921875,2,3083_0_384,True
3022,site13_6.png,384,512,0.13958740234375,1,3022_384_512,True
2963,site8_188.png,0,128,0.0,0,2963_0_128,False
3096,site13_107.png,256,512,1.0,2,3096_256_512,True
2564,site12_170.png,128,384,1.0,2,2564_128_384,True
3788,site11_527.png,256,384,0.0177001953125,0,3788_256_384,True
1002,site5_164.png,0,512,0.0,0,1002_0_512,False
814,site4_138.png,256,384,0.0,0,814_256_384,False
3072,site13_77.png,0,512,0.87359619140625,2,3072_0_512,True
2970,site8_196.png,384,256,0.0,0,2970_384_256,False
1812,site6_1023.png,256,512,0.1412353515625,1,1812_256_512,True
2324,site15_73.png,512,512,0.6640625,2,2324_512_512,True
3077,site13_84.png,512,384,1.0,2,3077_512_384,True
938,site5_93.png,512,384,0.0,0,938_512_384,False
4590,site16_536.png,256,512,1.0,2,4590_256_512,True
1638,site6_784.png,384,384,0.0,0,1638_384_384,False
2272,site14_356.png,0,0,0.0,0,2272_0_0,False
2530,site12_134.png,128,384,0.0,0,2530_128_384,False
3071,site13_76.png,512,128,1.0,2,3071_512_128,True
2538,site12_142.png,128,0,0.60931396484375,2,2538_128_0,True
94,site3_112.png,256,512,0.5570068359375,2,94_256_512,True
2191,site14_245.png,512,384,0.59234619140625,2,2191_512_384,True
2371,site15_126.png,384,128,0.0489501953125,0,2371_384_128,True
210,site3_237.png,256,128,0.31689453125,1,210_256_128,True
1543,site6_656.png,512,256,0.0,0,1543_512_256,False
928,site5_81.png,128,0,1.0,2,928_128_0,True
3067,site13_72.png,512,384,1.0,2,3067_512_384,True
3218,site2_50.png,0,256,0.024169921875,0,3218_0_256,True
3134,site13_152.png,128,512,0.67498779296875,2,3134_128_512,True
3045,site13_45.png,128,0,0.0989990234375,1,3045_128_0,True
914,site5_63.png,256,0,0.0,0,914_256_0,False
1938,site9_49.png,256,0,0.0,0,1938_256_0,False
2083,site14_125.png,384,128,0.07830810546875,1,2083_384_128,True
1958,site9_75.png,512,128,0.2830810546875,1,1958_512_128,True
1029,site5_192.png,384,0,0.99334716796875,2,1029_384_0,True
292,site3_322.png,256,512,0.0069580078125,0,292_256_512,True
632,site3_699.png,256,0,0.0,0,632_256_0,False
4770,site16_747.png,0,256,0.0,0,4770_0_256,False
2086,site14_128.png,128,256,0.767822265625,2,2086_128_256,True
2641,site17_56.png,384,512,0.89886474609375,2,2641_384_512,True
290,site3_320.png,384,256,0.11566162109375,1,290_384_256,True
1057,site5_224.png,512,256,0.0,0,1057_512_256,False
823,site4_149.png,128,0,0.0,0,823_128_0,False
2493,site12_94.png,0,384,1.0,2,2493_0_384,True
2499,site12_101.png,256,0,0.4825439453125,2,2499_256_0,True
2515,site12_118.png,384,256,0.43658447265625,2,2515_384_256,True
2979,site8_206.png,384,256,0.0,0,2979_384_256,False
4722,site16_690.png,0,256,0.47308349609375,2,4722_0_256,True
3026,site13_17.png,384,512,0.0,0,3026_384_512,False
2105,site14_149.png,0,128,0.16876220703125,1,2105_0_128,True
2469,site12_69.png,128,0,0.0,0,2469_128_0,False
2442,site12_39.png,384,0,0.16925048828125,1,2442_384_0,True
2478,site12_78.png,512,512,1.0,2,2478_512_512,True
3060,site13_64.png,128,128,0.0,0,3060_128_128,False
291,site3_321.png,384,384,0.0,0,291_384_384,False
497,site3_544.png,256,512,0.0,0,497_256_512,False
2647,site17_62.png,512,512,0.0,0,2647_512_512,False
756,site4_77.png,0,256,1.0,2,756_0_256,True
3219,site2_51.png,128,512,0.2357177734375,1,3219_128_512,True
2248,site14_316.png,256,256,0.2230224609375,1,2248_256_256,True
3219,site2_51.png,384,256,0.020263671875,0,3219_384_256,True
2344,site15_95.png,0,384,0.0,0,2344_0_384,False
2612,site17_21.png,384,128,0.89697265625,2,2612_384_128,True
2225,site14_286.png,512,512,0.9967041015625,2,2225_512_512,True
1944,site9_58.png,384,128,0.12554931640625,1,1944_384_128,True
3314,site2_165.png,512,256,0.0,0,3314_512_256,False
2509,site12_111.png,384,256,0.0,0,2509_384_256,False
1088,site5_261.png,128,384,1.0,2,1088_128_384,True
962,site5_119.png,512,384,0.52935791015625,2,962_512_384,True
603,site3_665.png,256,384,0.334228515625,1,603_256_384,True
3077,site13_84.png,384,256,1.0,2,3077_384_256,True
1035,site5_200.png,384,128,1.0,2,1035_384_128,True
1741,site6_920.png,512,0,0.731689453125,2,1741_512_0,True
1016,site5_178.png,128,384,0.0,0,1016_128_384,False
1059,site5_226.png,384,384,0.0,0,1059_384_384,False
4855,site16_850.png,128,256,0.13848876953125,1,4855_128_256,True
961,site5_118.png,128,512,0.57373046875,2,961_128_512,True
3140,site13_158.png,512,128,0.13409423828125,1,3140_512_128,True
2613,site17_22.png,512,0,1.0,2,2613_512_0,True
2362,site15_115.png,512,128,0.96466064453125,2,2362_512_128,True
1959,site9_79.png,384,384,0.968505859375,2,1959_384_384,True
3122,site13_138.png,256,512,1.0,2,3122_256_512,True
2551,site12_156.png,0,128,0.0,0,2551_0_128,False
2521,site12_124.png,384,128,0.50341796875,2,2521_384_128,True
1015,site5_177.png,384,256,0.55352783203125,2,1015_384_256,True
1654,site6_808.png,128,256,0.0,0,1654_128_256,False
240,site3_268.png,512,256,0.0,0,240_512_256,False
2455,site12_53.png,512,128,0.04010009765625,0,2455_512_128,True
1923,site9_28.png,512,384,1.0,2,1923_512_384,True
998,site5_159.png,256,256,0.0,0,998_256_256,False
1168,site6_137.png,384,256,0.06915283203125,1,1168_384_256,True
23,site3_26.png,384,384,0.0,0,23_384_384,False
4751,site16_723.png,128,256,0.0,0,4751_128_256,False
2686,site10_21.png,512,512,0.0,0,2686_512_512,False
3042,site13_42.png,512,0,0.724365234375,2,3042_512_0,True
3756,site11_494.png,384,256,0.982421875,2,3756_384_256,True
992,site5_153.png,256,512,1.0,2,992_256_512,True
1041,site5_206.png,384,512,0.61309814453125,2,1041_384_512,True
2083,site14_125.png,256,256,1.0,2,2083_256_256,True
3627,site11_361.png,384,128,0.0,0,3627_384_128,False
3148,site13_168.png,384,256,0.83392333984375,2,3148_384_256,True
2446,site12_43.png,0,512,1.0,2,2446_0_512,True
2462,site12_60.png,0,384,0.575927734375,2,2462_0_384,True
1737,site6_916.png,0,384,0.100341796875,1,1737_0_384,True
497,site3_544.png,0,384,0.0,0,497_0_384,False
328,site3_360.png,512,0,0.48651123046875,2,328_512_0,True
1128,site6_83.png,512,512,0.277587890625,1,1128_512_512,True
632,site3_699.png,128,384,0.0,0,632_128_384,False
473,site3_517.png,0,512,0.0,0,473_0_512,False
2186,site14_237.png,128,512,0.0,0,2186_128_512,False
2159,site14_208.png,256,0,0.551025390625,2,2159_256_0,True
1040,site5_205.png,512,256,1.0,2,1040_512_256,True
1763,site6_952.png,0,0,0.8328857421875,2,1763_0_0,True
558,site3_611.png,128,256,0.0,0,558_128_256,False
1025,site5_188.png,512,256,1.0,2,1025_512_256,True
2471,site12_71.png,256,128,1.0,2,2471_256_128,True
2657,site17_74.png,128,0,0.09844970703125,1,2657_128_0,True
740,site4_60.png,512,512,0.0,0,740_512_512,False
2118,site14_163.png,384,0,0.0,0,2118_384_0,False
822,site4_148.png,128,512,0.30572509765625,1,822_128_512,True
2963,site8_188.png,0,256,0.0,0,2963_0_256,False
2226,site14_287.png,0,384,0.32293701171875,1,2226_0_384,True
1054,site5_221.png,256,384,0.4710693359375,2,1054_256_384,True
773,site4_95.png,256,0,1.0,2,773_256_0,True
319,site3_351.png,128,384,0.00616455078125,0,319_128_384,True
2036,site14_70.png,384,128,0.0,0,2036_384_128,False
772,site4_94.png,128,256,0.0,0,772_128_256,False
2721,site1_35.png,256,0,0.0,0,2721_256_0,False
3623,site11_357.png,384,512,0.1700439453125,1,3623_384_512,True
1189,site6_171.png,384,384,0.04425048828125,0,1189_384_384,True
3228,site2_63.png,128,0,0.1612548828125,1,3228_128_0,True
2550,site12_155.png,384,512,0.0,0,2550_384_512,False
4786,site16_767.png,384,0,0.0,0,4786_384_0,False
3623,site11_357.png,384,256,0.29510498046875,1,3623_384_256,True
930,site5_83.png,512,128,0.0,0,930_512_128,False
989,site5_150.png,256,0,0.38983154296875,1,989_256_0,True
1572,site6_693.png,256,0,0.0,0,1572_256_0,False
558,site3_611.png,384,0,0.0,0,558_384_0,False
2665,site17_85.png,128,0,0.3258056640625,1,2665_128_0,True
3028,site13_24.png,128,384,0.0,0,3028_128_384,False
2733,site1_48.png,0,128,0.0,0,2733_0_128,False
891,site5_31.png,384,256,0.0,0,891_384_256,False
2934,site8_156.png,512,512,1.0,2,2934_512_512,True
293,site3_323.png,256,256,0.06036376953125,1,293_256_256,True
3166,site13_192.png,256,384,0.0,0,3166_256_384,False
2923,site8_144.png,128,384,0.67779541015625,2,2923_128_384,True
2961,site8_186.png,256,512,0.0,0,2961_256_512,False
556,site3_609.png,384,512,0.0,0,556_384_512,False
609,site3_671.png,256,384,0.0,0,609_256_384,False
2191,site14_245.png,0,256,0.82135009765625,2,2191_0_256,True
2237,site14_298.png,0,512,0.36346435546875,1,2237_0_512,True
122,site3_143.png,512,384,0.0,0,122_512_384,False
3181,site13_209.png,256,512,0.0,0,3181_256_512,False
2492,site12_93.png,512,384,1.0,2,2492_512_384,True
3106,site13_119.png,384,0,0.0,0,3106_384_0,False
927,site5_80.png,512,384,0.0,0,927_512_384,False
1572,site6_693.png,512,512,0.0,0,1572_512_512,False
1273,site6_299.png,384,256,0.19537353515625,1,1273_384_256,True
2272,site14_356.png,128,384,0.0,0,2272_128_384,False
2529,site12_133.png,512,384,0.0,0,2529_512_384,False
2642,site17_57.png,512,256,0.22760009765625,1,2642_512_256,True
832,site4_158.png,0,384,0.0,0,832_0_384,False
2335,site15_85.png,128,256,0.89605712890625,2,2335_128_256,True
3209,site2_37.png,0,0,0.0,0,3209_0_0,False
2163,site14_212.png,128,384,0.723388671875,2,2163_128_384,True
2498,site12_100.png,384,128,0.307861328125,1,2498_384_128,True
3314,site2_165.png,384,128,0.13214111328125,1,3314_384_128,True
352,site3_385.png,0,512,0.05157470703125,1,352_0_512,True
1715,site6_886.png,128,256,0.0,0,1715_128_256,False
3105,site13_118.png,128,0,0.00018310546875,0,3105_128_0,True
1943,site9_57.png,512,384,0.98736572265625,2,1943_512_384,True
4565,site16_509.png,256,512,0.0,0,4565_256_512,False
1088,site5_261.png,512,128,0.24981689453125,1,1088_512_128,True
2394,site15_153.png,256,0,0.0,0,2394_256_0,False
2657,site17_74.png,0,256,0.0,0,2657_0_256,False
2101,site14_145.png,128,128,0.98822021484375,2,2101_128_128,True
936,site5_91.png,128,128,0.0,0,936_128_128,False
3790,site11_529.png,384,0,0.0,0,3790_384_0,False
2073,site14_112.png,0,256,0.02606201171875,0,2073_0_256,True
497,site3_544.png,256,256,0.0,0,497_256_256,False
3025,site13_16.png,128,512,0.63134765625,2,3025_128_512,True
263,site3_292.png,0,128,0.0,0,263_0_128,False
2960,site8_185.png,512,128,0.81146240234375,2,2960_512_128,True
3266,site2_107.png,0,384,0.0,0,3266_0_384,False
2913,site8_133.png,384,0,0.01171875,0,2913_384_0,True
2463,site12_61.png,128,384,1.0,2,2463_128_384,True
2082,site14_124.png,512,384,0.657470703125,2,2082_512_384,True
3096,site13_107.png,512,128,0.12322998046875,1,3096_512_128,True
2977,site8_204.png,0,512,0.0,0,2977_0_512,False
4493,site16_433.png,256,384,0.0,0,4493_256_384,False
263,site3_292.png,256,128,0.0,0,263_256_128,False
3174,site13_202.png,512,512,0.0,0,3174_512_512,False
2945,site8_168.png,512,256,0.0,0,2945_512_256,False
2336,site15_86.png,256,256,0.86114501953125,2,2336_256_256,True
4613,site16_561.png,384,128,0.0,0,4613_384_128,False
2521,site12_124.png,512,512,1.0,2,2521_512_512,True
4728,site16_696.png,256,384,0.02288818359375,0,4728_256_384,True
2460,site12_58.png,0,512,0.8741455078125,2,2460_0_512,True
793,site4_116.png,128,512,0.0,0,793_128_512,False
1503,site6_607.png,0,0,0.0,0,1503_0_0,False
2915,site8_135.png,256,0,0.0,0,2915_256_0,False
2123,site14_168.png,0,384,0.0,0,2123_0_384,False
475,site3_519.png,128,256,0.089599609375,1,475_128_256,True
3116,site13_132.png,384,384,1.0,2,3116_384_384,True
3658,site11_393.png,512,512,0.3480224609375,1,3658_512_512,True
2101,site14_145.png,384,384,1.0,2,2101_384_384,True
1084,site5_257.png,512,256,0.0,0,1084_512_256,False
1741,site6_920.png,384,384,0.0,0,1741_384_384,False
3314,site2_165.png,384,384,0.0,0,3314_384_384,False
502,site3_549.png,256,256,0.23187255859375,1,502_256_256,True
2067,site14_106.png,0,512,0.5103759765625,2,2067_0_512,True
526,site3_576.png,0,128,0.0,0,526_0_128,False
1237,site6_241.png,256,0,0.0,0,1237_256_0,False
2539,site12_143.png,128,384,0.0,0,2539_128_384,False
1786,site6_985.png,512,512,0.0,0,1786_512_512,False
473,site3_517.png,128,128,0.01824951171875,0,473_128_128,True
2494,site12_95.png,128,0,1.0,2,2494_128_0,True
2394,site15_153.png,384,128,0.0,0,2394_384_128,False
2524,site12_127.png,128,512,0.0,0,2524_128_512,False
2654,site17_71.png,256,128,0.0,0,2654_256_128,False
1073,site5_242.png,384,128,0.0,0,1073_384_128,False
3105,site13_118.png,384,512,0.9632568359375,2,3105_384_512,True
2469,site12_69.png,384,0,0.05059814453125,1,2469_384_0,True
2083,site14_125.png,256,512,0.91143798828125,2,2083_256_512,True
991,site5_152.png,512,0,0.0,0,991_512_0,False
1029,site5_192.png,128,0,1.0,2,1029_128_0,True
2323,site15_72.png,0,256,0.0,0,2323_0_256,False
2050,site14_86.png,384,512,0.0,0,2050_384_512,False
1649,site6_795.png,0,128,0.0,0,1649_0_128,False
4770,site16_747.png,128,128,0.0,0,4770_128_128,False
2493,site12_94.png,384,256,1.0,2,2493_384_256,True
4568,site16_512.png,256,256,0.2298583984375,1,4568_256_256,True
3069,site13_74.png,0,128,1.0,2,3069_0_128,True
792,site4_115.png,128,512,0.0,0,792_128_512,False
924,site5_77.png,384,384,0.0,0,924_384_384,False
1624,site6_762.png,512,0,0.0,0,1624_512_0,False
991,site5_152.png,256,512,0.00469970703125,0,991_256_512,True
2057,site14_93.png,0,384,0.0,0,2057_0_384,False
1738,site6_917.png,256,128,0.0,0,1738_256_128,False
2221,site14_278.png,256,0,0.0,0,2221_256_0,False
3067,site13_72.png,0,0,0.61724853515625,2,3067_0_0,True
4638,site16_588.png,384,256,0.0,0,4638_384_256,False
1776,site6_965.png,384,0,0.0,0,1776_384_0,False
3660,site11_395.png,256,256,1.0,2,3660_256_256,True
3627,site11_361.png,256,512,0.0,0,3627_256_512,False
2763,site1_83.png,512,128,0.0,0,2763_512_128,False
4677,site16_638.png,512,0,0.0,0,4677_512_0,False
4518,site16_459.png,256,0,0.0,0,4518_256_0,False
2797,site1_123.png,512,128,0.3118896484375,1,2797_512_128,True
3125,site13_142.png,0,256,0.0,0,3125_0_256,False
609,site3_671.png,128,0,0.0,0,609_128_0,False
524,site3_574.png,128,128,0.0,0,524_128_128,False
923,site5_76.png,512,128,0.0,0,923_512_128,False
2334,site15_84.png,256,128,0.41094970703125,2,2334_256_128,True
584,site3_642.png,128,0,0.0,0,584_128_0,False
1020,site5_183.png,512,512,0.0,0,1020_512_512,False
1597,site6_726.png,512,128,0.2476806640625,1,1597_512_128,True
2042,site14_76.png,128,384,0.79913330078125,2,2042_128_384,True
989,site5_150.png,384,0,0.4775390625,2,989_384_0,True
2208,site14_265.png,512,0,0.0,0,2208_512_0,False
832,site4_158.png,512,512,0.92572021484375,2,832_512_512,True
2154,site14_203.png,0,0,0.0,0,2154_0_0,False
2611,site17_20.png,0,0,0.71112060546875,2,2611_0_0,True
1260,site6_275.png,128,384,0.0,0,1260_128_384,False
2471,site12_71.png,512,384,1.0,2,2471_512_384,True
1944,site9_58.png,0,256,0.88775634765625,2,1944_0_256,True
2362,site15_115.png,128,384,0.17999267578125,1,2362_128_384,True
3071,site13_76.png,128,384,0.0,0,3071_128_384,False
603,site3_665.png,128,384,0.0,0,603_128_384,False
4543,site16_485.png,0,0,0.951904296875,2,4543_0_0,True
4566,site16_510.png,512,128,0.0,0,4566_512_128,False
791,site4_114.png,384,128,0.95648193359375,2,791_384_128,True
1912,site9_6.png,384,384,6.103515625e-05,0,1912_384_384,True
1016,site5_178.png,128,128,0.0,0,1016_128_128,False
2335,site15_85.png,512,512,0.46661376953125,2,2335_512_512,True
2091,site14_133.png,384,384,0.0,0,2091_384_384,False
3132,site13_149.png,384,128,0.0,0,3132_384_128,False
3037,site13_35.png,256,256,0.0,0,3037_256_256,False
2258,site14_335.png,512,0,0.508544921875,2,2258_512_0,True
1598,site6_727.png,256,384,0.509521484375,2,1598_256_384,True
3105,site13_118.png,128,384,1.0,2,3105_128_384,True
2123,site14_168.png,256,128,0.0,0,2123_256_128,False
2124,site14_169.png,256,0,0.25390625,1,2124_256_0,True
2692,site10_51.png,256,128,0.0,0,2692_256_128,False
263,site3_292.png,128,128,0.0,0,263_128_128,False
3660,site11_395.png,128,512,1.0,2,3660_128_512,True
1947,site9_61.png,256,384,1.0,2,1947_256_384,True
997,site5_158.png,0,512,0.11273193359375,1,997_0_512,True
1057,site5_224.png,256,512,0.4278564453125,2,1057_256_512,True
2366,site15_119.png,0,128,0.71942138671875,2,2366_0_128,True
3756,site11_494.png,256,256,1.0,2,3756_256_256,True
2484,site12_85.png,512,512,0.85162353515625,2,2484_512_512,True
2551,site12_156.png,256,128,0.0,0,2551_256_128,False
1728,site6_899.png,128,256,0.0,0,1728_128_256,False
887,site5_27.png,384,384,0.0,0,887_384_384,False
2926,site8_147.png,512,256,0.4752197265625,2,2926_512_256,True
2970,site8_196.png,128,0,0.0,0,2970_128_0,False
386,site3_421.png,512,384,0.0,0,386_512_384,False
4877,site16_877.png,384,256,0.0,0,4877_384_256,False
1787,site6_986.png,256,256,1.0,2,1787_256_256,True
2611,site17_20.png,128,256,1.0,2,2611_128_256,True
1715,site6_886.png,512,512,0.0389404296875,0,1715_512_512,True
533,site3_583.png,384,256,0.0,0,533_384_256,False
3790,site11_529.png,256,0,0.0,0,3790_256_0,False
2124,site14_169.png,256,256,0.47454833984375,2,2124_256_256,True
4703,site16_668.png,384,128,0.0,0,4703_384_128,False
2198,site14_252.png,0,256,0.00299072265625,0,2198_0_256,True
2504,site12_106.png,0,128,0.0,0,2504_0_128,False
912,site5_61.png,128,0,0.0,0,912_128_0,False
2208,site14_265.png,128,512,0.2900390625,1,2208_128_512,True
3061,site13_65.png,0,384,0.40020751953125,2,3061_0_384,True
1913,site9_7.png,0,512,0.38037109375,1,1913_0_512,True
2972,site8_198.png,512,512,0.0,0,2972_512_512,False
4677,site16_638.png,0,512,0.0,0,4677_0_512,False
1075,site5_244.png,384,384,0.0,0,1075_384_384,False
3031,site13_27.png,256,384,0.498046875,2,3031_256_384,True
557,site3_610.png,512,128,0.0,0,557_512_128,False
2233,site14_294.png,384,0,0.2952880859375,1,2233_384_0,True
2643,site17_58.png,384,512,1.0,2,2643_384_512,True
3724,site11_461.png,256,512,0.17559814453125,1,3724_256_512,True
3134,site13_152.png,128,128,0.509033203125,2,3134_128_128,True
3061,site13_65.png,384,128,0.0,0,3061_384_128,False
2160,site14_209.png,256,512,0.34197998046875,1,2160_256_512,True
4614,site16_562.png,384,256,0.0,0,4614_384_256,False
2421,site12_17.png,256,0,0.0,0,2421_256_0,False
1791,site6_990.png,0,128,1.0,2,1791_0_128,True
2099,site14_143.png,0,512,0.276123046875,1,2099_0_512,True
2421,site12_17.png,384,256,0.0,0,2421_384_256,False
2689,site10_28.png,256,0,0.74871826171875,2,2689_256_0,True
2618,site17_29.png,256,0,0.0,0,2618_256_0,False
3100,site13_113.png,0,256,1.0,2,3100_0_256,True
1954,site9_71.png,512,256,0.0733642578125,1,1954_512_256,True
502,site3_549.png,128,0,0.0,0,502_128_0,False
3151,site13_173.png,128,0,0.0,0,3151_128_0,False
2220,site14_277.png,384,256,0.57720947265625,2,2220_384_256,True
3126,site13_143.png,256,384,0.0,0,3126_256_384,False
1544,site6_657.png,512,128,0.0,0,1544_512_128,False
2970,site8_196.png,0,0,0.0,0,2970_0_0,False
3163,site13_187.png,256,384,0.0,0,3163_256_384,False
3723,site11_460.png,128,0,0.0,0,3723_128_0,False
1083,site5_256.png,512,512,0.0,0,1083_512_512,False
4969,site16_1004.png,128,512,0.0,0,4969_128_512,False
2331,site15_81.png,256,512,0.0,0,2331_256_512,False
3726,site11_463.png,0,0,0.0,0,3726_0_0,False
902,site5_47.png,0,0,0.0,0,902_0_0,False
210,site3_237.png,128,384,0.0,0,210_128_384,False
2740,site1_56.png,0,512,0.997314453125,2,2740_0_512,True
3158,site13_182.png,128,128,0.52191162109375,2,3158_128_128,True
1073,site5_242.png,256,512,0.0,0,1073_256_512,False
4613,site16_561.png,512,128,0.461181640625,2,4613_512_128,True
1943,site9_57.png,384,256,1.0,2,1943_384_256,True
4591,site16_537.png,384,256,0.0,0,4591_384_256,False
2175,site14_226.png,512,512,0.0,0,2175_512_512,False
2675,site7_7.png,512,256,0.0,0,2675_512_256,False
2611,site17_20.png,256,0,1.0,2,2611_256_0,True
2036,site14_70.png,0,512,0.0,0,2036_0_512,False
963,site5_120.png,256,512,0.0,0,963_256_512,False
3083,site13_92.png,384,128,1.0,2,3083_384_128,True
4614,site16_562.png,0,384,1.0,2,4614_0_384,True
2476,site12_76.png,384,384,0.0,0,2476_384_384,False
760,site4_81.png,512,256,0.0,0,760_512_256,False
918,site5_67.png,512,256,0.0,0,918_512_256,False
759,site4_80.png,128,512,1.0,2,759_128_512,True
1880,site6_1140.png,0,384,0.0,0,1880_0_384,False
989,site5_150.png,512,512,0.654296875,2,989_512_512,True
2913,site8_133.png,512,128,0.7679443359375,2,2913_512_128,True
3660,site11_395.png,0,128,0.0,0,3660_0_128,False
524,site3_574.png,128,256,0.0,0,524_128_256,False
1404,site6_474.png,512,256,0.0,0,1404_512_256,False
2518,site12_121.png,512,128,0.0,0,2518_512_128,False
2687,site10_22.png,256,512,0.0,0,2687_256_512,False
1571,site6_692.png,512,0,0.0,0,1571_512_0,False
3100,site13_113.png,128,128,1.0,2,3100_128_128,True
2324,site15_73.png,0,0,0.0,0,2324_0_0,False
3721,site11_458.png,0,0,0.18572998046875,1,3721_0_0,True
1649,site6_795.png,256,384,0.0,0,1649_256_384,False
2423,site12_19.png,512,128,0.0,0,2423_512_128,False
2654,site17_71.png,0,256,1.0,2,2654_0_256,True
2056,site14_92.png,384,128,0.0,0,2056_384_128,False
1947,site9_61.png,384,256,1.0,2,1947_384_256,True
3086,site13_95.png,384,128,0.0,0,3086_384_128,False
2123,site14_168.png,384,0,0.0,0,2123_384_0,False
2351,site15_103.png,0,384,0.0,0,2351_0_384,False
1058,site5_225.png,384,384,0.63128662109375,2,1058_384_384,True
2923,site8_144.png,384,512,0.38909912109375,1,2923_384_512,True
1763,site6_952.png,384,0,0.11944580078125,1,1763_384_0,True
3026,site13_17.png,0,128,0.00323486328125,0,3026_0_128,True
4542,site16_484.png,384,0,0.61822509765625,2,4542_384_0,True
755,site4_76.png,256,0,0.0,0,755_256_0,False
2423,site12_19.png,512,0,0.0,0,2423_512_0,False
4469,site16_407.png,384,0,0.0,0,4469_384_0,False
2119,site14_164.png,512,256,0.181640625,1,2119_512_256,True
2524,site12_127.png,384,128,0.3319091796875,1,2524_384_128,True
2059,site14_95.png,512,384,0.0,0,2059_512_384,False
1129,site6_84.png,384,384,0.0,0,1129_384_384,False
1060,site5_227.png,0,512,0.0,0,1060_0_512,False
2753,site1_71.png,128,512,0.0,0,2753_128_512,False
3753,site11_491.png,256,128,0.024658203125,0,3753_256_128,True
358,site3_391.png,256,512,0.05926513671875,1,358_256_512,True
360,site3_393.png,128,384,0.0,0,360_128_384,False
3107,site13_122.png,128,128,0.95556640625,2,3107_128_128,True
3687,site11_423.png,256,128,0.0,0,3687_256_128,False
2091,site14_133.png,128,256,0.0,0,2091_128_256,False
777,site4_99.png,384,0,0.0,0,777_384_0,False
2175,site14_226.png,256,512,0.0882568359375,1,2175_256_512,True
3138,site13_156.png,512,0,1.0,2,3138_512_0,True
2640,site17_55.png,384,384,0.86285400390625,2,2640_384_384,True
2218,site14_275.png,512,256,0.0,0,2218_512_256,False
3100,site13_113.png,128,384,1.0,2,3100_128_384,True
2324,site15_73.png,384,512,0.87200927734375,2,2324_384_512,True
2072,site14_111.png,128,384,0.0,0,2072_128_384,False
3076,site13_83.png,256,512,1.0,2,3076_256_512,True
3037,site13_35.png,0,256,0.0,0,3037_0_256,False
95,site3_113.png,0,256,0.2327880859375,1,95_0_256,True
3252,site2_91.png,256,0,0.0,0,3252_256_0,False
1016,site5_178.png,512,512,0.0,0,1016_512_512,False
3820,site11_560.png,384,0,0.58563232421875,2,3820_384_0,True
1128,site6_83.png,0,0,0.0,0,1128_0_0,False
739,site4_59.png,256,0,0.0,0,739_256_0,False
2403,site15_164.png,256,0,0.0,0,2403_256_0,False
865,site4_194.png,0,0,0.0,0,865_0_0,False
3105,site13_118.png,0,256,0.7061767578125,2,3105_0_256,True
813,site4_137.png,512,512,0.0,0,813_512_512,False
3163,site13_187.png,128,0,0.0,0,3163_128_0,False
3287,site2_131.png,128,256,0.0,0,3287_128_256,False
1380,site6_441.png,256,128,0.0,0,1380_256_128,False
739,site4_59.png,128,0,0.0,0,739_128_0,False
993,site5_154.png,512,128,0.0,0,993_512_128,False
4637,site16_587.png,256,512,0.0,0,4637_256_512,False
2272,site14_356.png,0,128,0.0,0,2272_0_128,False
3209,site2_37.png,256,0,0.0,0,3209_256_0,False
2335,site15_85.png,256,0,0.0,0,2335_256_0,False
1649,site6_795.png,128,384,0.0,0,1649_128_384,False
987,site5_148.png,128,128,0.11553955078125,1,987_128_128,True
2105,site14_149.png,128,0,0.01806640625,0,2105_128_0,True
2675,site7_7.png,128,128,0.88458251953125,2,2675_128_128,True
2520,site12_123.png,512,256,0.0,0,2520_512_256,False
3251,site2_90.png,256,256,0.0,0,3251_256_256,False
2973,site8_199.png,256,512,0.0,0,2973_256_512,False
990,site5_151.png,256,384,0.0,0,990_256_384,False
4773,site16_750.png,384,0,0.0,0,4773_384_0,False
2087,site14_129.png,0,128,0.0,0,2087_0_128,False
2723,site1_37.png,128,0,0.0,0,2723_128_0,False
1812,site6_1023.png,384,0,0.0,0,1812_384_0,False
2176,site14_227.png,384,512,0.0,0,2176_384_512,False
326,site3_358.png,0,128,0.0,0,326_0_128,False
1692,site6_855.png,384,0,0.004150390625,0,1692_384_0,True
2493,site12_94.png,384,128,1.0,2,2493_384_128,True
2478,site12_78.png,384,384,1.0,2,2478_384_384,True
3657,site11_392.png,128,128,0.05950927734375,1,3657_128_128,True
2237,site14_298.png,128,256,0.85760498046875,2,2237_128_256,True
952,site5_109.png,512,128,0.7130126953125,2,952_512_128,True
2494,site12_95.png,0,256,1.0,2,2494_0_256,True
3094,site13_105.png,128,128,0.7626953125,2,3094_128_128,True
849,site4_176.png,256,128,0.40252685546875,2,849_256_128,True
3054,site13_56.png,256,512,0.24444580078125,1,3054_256_512,True
1059,site5_226.png,128,384,0.0,0,1059_128_384,False
1948,site9_62.png,384,128,1.0,2,1948_384_128,True
1925,site9_30.png,384,0,1.0,2,1925_384_0,True
2438,site12_35.png,0,128,0.45074462890625,2,2438_0_128,True
3060,site13_64.png,0,0,0.59246826171875,2,3060_0_0,True
3242,site2_79.png,384,0,0.0,0,3242_384_0,False
3030,site13_26.png,128,256,0.0,0,3030_128_256,False
2441,site12_38.png,512,384,0.26983642578125,1,2441_512_384,True
924,site5_77.png,384,0,0.0,0,924_384_0,False
4969,site16_1004.png,256,0,0.0,0,4969_256_0,False
1947,site9_61.png,256,512,1.0,2,1947_256_512,True
1736,site6_915.png,256,384,0.5931396484375,2,1736_256_384,True
2961,site8_186.png,0,128,0.89019775390625,2,2961_0_128,True
2342,site15_93.png,384,384,0.11444091796875,1,2342_384_384,True
2740,site1_56.png,128,128,0.0,0,2740_128_128,False
4773,site16_750.png,128,128,0.0,0,4773_128_128,False
416,site3_454.png,128,0,0.0,0,416_128_0,False
3824,site11_564.png,512,384,0.0,0,3824_512_384,False
816,site4_140.png,0,512,0.0,0,816_0_512,False
2100,site14_144.png,512,256,0.96148681640625,2,2100_512_256,True
2457,site12_55.png,384,128,1.0,2,2457_384_128,True
2362,site15_115.png,0,256,0.2725830078125,1,2362_0_256,True
3241,site2_78.png,128,512,0.0,0,3241_128_512,False
4743,site16_715.png,128,128,0.0,0,4743_128_128,False
1027,site5_190.png,0,128,1.0,2,1027_0_128,True
2056,site14_92.png,384,0,0.0,0,2056_384_0,False
4424,site16_355.png,512,128,0.11834716796875,1,4424_512_128,True
2612,site17_21.png,128,0,1.0,2,2612_128_0,True
2101,site14_145.png,512,384,1.0,2,2101_512_384,True
1229,site6_233.png,256,0,0.0,0,1229_256_0,False
1939,site9_50.png,256,0,0.40362548828125,2,1939_256_0,True
1597,site6_726.png,512,0,0.806396484375,2,1597_512_0,True
1003,site5_165.png,256,0,0.0,0,1003_256_0,False
4786,site16_767.png,128,0,0.56939697265625,2,4786_128_0,True
822,site4_148.png,128,256,0.07452392578125,1,822_128_256,True
848,site4_175.png,0,256,0.0,0,848_0_256,False
3138,site13_156.png,128,256,0.485107421875,2,3138_128_256,True
2066,site14_105.png,256,0,0.0,0,2066_256_0,False
2469,site12_69.png,0,256,0.0,0,2469_0_256,False
2341,site15_92.png,256,128,0.0216064453125,0,2341_256_128,True
1086,site5_259.png,512,256,0.4451904296875,2,1086_512_256,True
584,site3_642.png,0,384,0.0,0,584_0_384,False
2895,site8_113.png,384,512,0.0,0,2895_384_512,False
1525,site6_638.png,384,384,0.01043701171875,0,1525_384_384,True
3034,site13_32.png,128,128,0.0,0,3034_128_128,False
3107,site13_122.png,256,128,0.35284423828125,1,3107_256_128,True
1057,site5_224.png,512,384,0.0828857421875,1,1057_512_384,True
3252,site2_91.png,128,0,0.0,0,3252_128_0,False
2457,site12_55.png,256,128,1.0,2,2457_256_128,True
792,site4_115.png,384,256,0.0,0,792_384_256,False
1736,site6_915.png,384,256,0.0,0,1736_384_256,False
1041,site5_206.png,512,0,1.0,2,1041_512_0,True
3286,site2_130.png,0,0,0.0,0,3286_0_0,False
292,site3_322.png,256,384,0.0,0,292_256_384,False
2729,site1_44.png,256,512,0.0,0,2729_256_512,False
2648,site17_63.png,128,512,0.96917724609375,2,2648_128_512,True
1032,site5_195.png,0,384,0.32415771484375,1,1032_0_384,True
2838,site8_46.png,256,384,0.0,0,2838_256_384,False
2100,site14_144.png,128,128,0.948974609375,2,2100_128_128,True
2059,site14_95.png,128,512,0.0,0,2059_128_512,False
2176,site14_227.png,384,256,0.0,0,2176_384_256,False
3161,site13_185.png,384,0,1.0,2,3161_384_0,True
3660,site11_395.png,512,384,0.827880859375,2,3660_512_384,True
2225,site14_286.png,256,512,0.0,0,2225_256_512,False
1067,site5_236.png,256,256,0.7694091796875,2,1067_256_256,True
2374,site15_129.png,256,384,0.2821044921875,1,2374_256_384,True
998,site5_159.png,384,512,0.0,0,998_384_512,False
1068,site5_237.png,0,384,0.98187255859375,2,1068_0_384,True
4722,site16_690.png,512,0,0.0,0,4722_512_0,False
4518,site16_459.png,256,384,0.0,0,4518_256_384,False
3106,site13_119.png,512,0,0.0,0,3106_512_0,False
916,site5_65.png,384,512,0.0,0,916_384_512,False
1308,site6_343.png,384,0,0.23883056640625,1,1308_384_0,True
1301,site6_336.png,0,128,0.0045166015625,0,1301_0_128,True
2354,site15_106.png,384,256,0.7110595703125,2,2354_384_256,True
2101,site14_145.png,256,0,0.99786376953125,2,2101_256_0,True
2479,site12_79.png,0,384,1.0,2,2479_0_384,True
964,site5_121.png,512,256,0.0,0,964_512_256,False
581,site3_639.png,256,256,0.0,0,581_256_256,False
760,site4_81.png,384,0,0.0,0,760_384_0,False
1760,site6_949.png,256,256,0.22802734375,1,1760_256_256,True
2442,site12_39.png,256,128,0.5516357421875,2,2442_256_128,True
2832,site8_37.png,128,384,1.0,2,2832_128_384,True
2218,site14_275.png,0,384,0.0,0,2218_0_384,False
3107,site13_122.png,384,512,0.0,0,3107_384_512,False
2685,site10_20.png,512,256,0.1568603515625,1,2685_512_256,True
1309,site6_344.png,512,128,0.0,0,1309_512_128,False
3047,site13_47.png,128,256,1.0,2,3047_128_256,True
4702,site16_667.png,256,384,0.3804931640625,1,4702_256_384,True
3314,site2_165.png,0,384,0.0,0,3314_0_384,False
1039,site5_204.png,128,128,0.58349609375,2,1039_128_128,True
557,site3_610.png,0,0,0.0,0,557_0_0,False
1026,site5_189.png,256,128,1.0,2,1026_256_128,True
2923,site8_144.png,512,128,0.78900146484375,2,2923_512_128,True
2605,site17_12.png,256,384,0.0,0,2605_256_384,False
1926,site9_31.png,512,0,0.938232421875,2,1926_512_0,True
1016,site5_178.png,512,128,0.0,0,1016_512_128,False
2848,site8_58.png,0,128,0.11688232421875,1,2848_0_128,True
1128,site6_83.png,256,0,0.0,0,1128_256_0,False
3240,site2_77.png,0,384,0.0,0,3240_0_384,False
4786,site16_767.png,256,384,0.0,0,4786_256_384,False
2972,site8_198.png,384,256,0.26641845703125,1,2972_384_256,True
3154,site13_176.png,0,384,0.33343505859375,1,3154_0_384,True
2963,site8_188.png,256,512,0.26727294921875,1,2963_256_512,True
3241,site2_78.png,0,384,0.0,0,3241_0_384,False
2598,site17_5.png,0,256,0.42181396484375,2,2598_0_256,True
3314,site2_165.png,384,0,0.0,0,3314_384_0,False
3022,site13_6.png,256,0,0.43121337890625,2,3022_256_0,True
773,site4_95.png,128,384,1.0,2,773_128_384,True
4750,site16_722.png,512,512,0.0477294921875,0,4750_512_512,True
2207,site14_264.png,384,256,0.024658203125,0,2207_384_256,True
240,site3_268.png,0,384,0.0,0,240_0_384,False
387,site3_422.png,384,0,0.40008544921875,2,387_384_0,True
2334,site15_84.png,384,384,0.97210693359375,2,2334_384_384,True
3070,site13_75.png,128,0,0.92828369140625,2,3070_128_0,True
3148,site13_168.png,128,0,1.0,2,3148_128_0,True
270,site3_299.png,384,0,0.0,0,270_384_0,False
1228,site6_232.png,256,0,0.73370361328125,2,1228_256_0,True
3072,site13_77.png,384,512,0.83551025390625,2,3072_384_512,True
1737,site6_916.png,256,256,0.0,0,1737_256_256,False
2371,site15_126.png,128,128,0.0,0,2371_128_128,False
3821,site11_561.png,256,256,0.0,0,3821_256_256,False
3047,site13_47.png,384,128,0.0009765625,0,3047_384_128,True
2955,site8_179.png,384,256,0.0,0,2955_384_256,False
270,site3_299.png,0,512,0.0,0,270_0_512,False
1736,site6_915.png,512,384,0.23388671875,1,1736_512_384,True
3289,site2_133.png,384,384,0.0,0,3289_384_384,False
352,site3_385.png,256,256,0.0,0,352_256_256,False
950,site5_105.png,384,256,0.0,0,950_384_256,False
2832,site8_37.png,384,256,1.0,2,2832_384_256,True
2492,site12_93.png,512,0,1.0,2,2492_512_0,True
2943,site8_166.png,256,512,1.0,2,2943_256_512,True
2979,site8_206.png,128,512,0.0,0,2979_128_512,False
2934,site8_156.png,384,128,1.0,2,2934_384_128,True
1932,site9_40.png,384,384,0.93939208984375,2,1932_384_384,True
2518,site12_121.png,256,384,1.0,2,2518_256_384,True
4569,site16_513.png,0,0,0.61224365234375,2,4569_0_0,True
983,site5_142.png,128,256,0.0,0,983_128_256,False
3033,site13_31.png,512,0,0.0,0,3033_512_0,False
1638,site6_784.png,128,512,0.0,0,1638_128_512,False
2895,site8_113.png,0,384,0.0,0,2895_0_384,False
3240,site2_77.png,512,512,0.0,0,3240_512_512,False
1812,site6_1023.png,128,512,0.11395263671875,1,1812_128_512,True
3045,site13_45.png,384,384,0.1427001953125,1,3045_384_384,True
3161,site13_185.png,384,512,0.0,0,3161_384_512,False
816,site4_140.png,0,384,0.0,0,816_0_384,False
3072,site13_77.png,0,256,0.97381591796875,2,3072_0_256,True
1826,site6_1037.png,512,0,0.0,0,1826_512_0,False
2083,site14_125.png,256,128,0.91326904296875,2,2083_256_128,True
1084,site5_257.png,384,0,0.4222412109375,2,1084_384_0,True
1779,site6_968.png,0,0,0.0,0,1779_0_0,False
3158,site13_182.png,0,256,1.0,2,3158_0_256,True
1229,site6_233.png,0,384,0.0,0,1229_0_384,False
2639,site17_54.png,512,256,1.0,2,2639_512_256,True
1931,site9_39.png,256,384,0.0,0,1931_256_384,False
3138,site13_156.png,256,384,0.9512939453125,2,3138_256_384,True
2528,site12_132.png,384,512,0.0,0,2528_384_512,False
2605,site17_12.png,0,256,0.8961181640625,2,2605_0_256,True
3045,site13_45.png,128,128,0.3175048828125,1,3045_128_128,True
813,site4_137.png,512,384,0.0,0,813_512_384,False
2995,site8_224.png,0,0,0.0,0,2995_0_0,False
3130,site13_147.png,0,512,1.0,2,3130_0_512,True
2838,site8_46.png,512,0,1.0,2,2838_512_0,True
3209,site2_37.png,0,512,0.18218994140625,1,3209_0_512,True
1005,site5_167.png,512,128,0.47943115234375,2,1005_512_128,True
2970,site8_196.png,128,128,0.0,0,2970_128_128,False
3120,site13_136.png,256,512,1.0,2,3120_256_512,True
1492,site6_588.png,384,0,0.0,0,1492_384_0,False
889,site5_29.png,512,128,0.0,0,889_512_128,False
3097,site13_108.png,128,384,0.0074462890625,0,3097_128_384,True
295,site3_325.png,512,0,0.0523681640625,1,295_512_0,True
3135,site13_153.png,256,512,0.0,0,3135_256_512,False
583,site3_641.png,256,128,0.0,0,583_256_128,False
1042,site5_207.png,0,512,0.7099609375,2,1042_0_512,True
2612,site17_21.png,384,512,0.0,0,2612_384_512,False
4768,site16_745.png,0,384,0.0,0,4768_0_384,False
2972,site8_198.png,512,256,0.0,0,2972_512_256,False
1016,site5_178.png,256,0,0.0,0,1016_256_0,False
3105,site13_118.png,512,256,0.54168701171875,2,3105_512_256,True
2721,site1_35.png,512,256,0.0,0,2721_512_256,False
656,site3_731.png,384,128,0.0,0,656_384_128,False
524,site3_574.png,0,0,0.0,0,524_0_0,False
2394,site15_153.png,128,256,0.0,0,2394_128_256,False
3692,site11_428.png,0,0,0.89849853515625,2,3692_0_0,True
2955,site8_179.png,128,256,0.0,0,2955_128_256,False
1041,site5_206.png,256,256,1.0,2,1041_256_256,True
1949,site9_63.png,384,128,0.71441650390625,2,1949_384_128,True
755,site4_76.png,512,256,1.0,2,755_512_256,True
2943,site8_166.png,256,384,1.0,2,2943_256_384,True
3314,site2_165.png,0,512,0.0,0,3314_0_512,False
1042,site5_207.png,512,384,1.0,2,1042_512_384,True
3657,site11_392.png,512,512,0.87469482421875,2,3657_512_512,True
1947,site9_61.png,0,256,0.5985107421875,2,1947_0_256,True
1525,site6_638.png,128,384,0.0,0,1525_128_384,False
1880,site6_1140.png,384,0,0.0,0,1880_384_0,False
2923,site8_144.png,512,512,0.2542724609375,1,2923_512_512,True
2372,site15_127.png,384,256,0.9569091796875,2,2372_384_256,True
2518,site12_121.png,128,384,1.0,2,2518_128_384,True
4543,site16_485.png,256,128,0.0,0,4543_256_128,False
1007,site5_169.png,128,0,0.97869873046875,2,1007_128_0,True
1958,site9_75.png,128,256,0.0723876953125,1,1958_128_256,True
3025,site13_16.png,512,384,0.0,0,3025_512_384,False
3721,site11_458.png,256,256,0.0,0,3721_256_256,False
1597,site6_726.png,384,512,0.0,0,1597_384_512,False
937,site5_92.png,128,0,0.0,0,937_128_0,False
1036,site5_201.png,0,256,1.0,2,1036_0_256,True
3079,site13_86.png,512,512,0.99273681640625,2,3079_512_512,True
3592,site11_325.png,256,384,0.0211181640625,0,3592_256_384,True
4569,site16_513.png,384,256,0.0042724609375,0,4569_384_256,True
3720,site11_457.png,0,384,0.04913330078125,0,3720_0_384,True
4638,site16_588.png,512,256,0.001953125,0,4638_512_256,True
3106,site13_119.png,256,0,0.0,0,3106_256_0,False
2476,site12_76.png,384,0,0.0,0,2476_384_0,False
2648,site17_63.png,256,512,1.0,2,2648_256_512,True
2914,site8_134.png,0,128,0.65130615234375,2,2914_0_128,True
3821,site11_561.png,512,512,0.0,0,3821_512_512,False
2654,site17_71.png,128,256,0.893310546875,2,2654_128_256,True
1571,site6_692.png,0,128,0.9971923828125,2,1571_0_128,True
989,site5_150.png,128,256,0.0,0,989_128_256,False
1524,site6_637.png,128,256,0.469970703125,2,1524_128_256,True
2726,site1_41.png,512,256,0.8717041015625,2,2726_512_256,True
4773,site16_750.png,256,256,0.0,0,4773_256_256,False
329,site3_361.png,256,384,0.993408203125,2,329_256_384,True
1738,site6_917.png,128,384,0.0,0,1738_128_384,False
4702,site16_667.png,256,512,0.23291015625,1,4702_256_512,True
2225,site14_286.png,128,256,0.04412841796875,0,2225_128_256,True
2161,site14_210.png,128,0,0.9698486328125,2,2161_128_0,True
3656,site11_391.png,256,256,0.0,0,3656_256_256,False
1026,site5_189.png,0,256,1.0,2,1026_0_256,True
1359,site6_412.png,256,512,0.0,0,1359_256_512,False
2837,site8_45.png,128,512,0.0,0,2837_128_512,False
3660,site11_395.png,128,384,0.9188232421875,2,3660_128_384,True
2620,site17_31.png,128,256,0.91937255859375,2,2620_128_256,True
2602,site17_9.png,0,128,0.8157958984375,2,2602_0_128,True
1282,site6_308.png,128,384,0.0,0,1282_128_384,False
3169,site13_195.png,512,512,0.0,0,3169_512_512,False
2083,site14_125.png,256,384,1.0,2,2083_256_384,True
2640,site17_55.png,512,0,0.0,0,2640_512_0,False
1925,site9_30.png,256,512,0.0,0,1925_256_512,False
585,site3_643.png,128,384,0.0,0,585_128_384,False
1786,site6_985.png,128,384,0.0,0,1786_128_384,False
2524,site12_127.png,0,256,0.0,0,2524_0_256,False
2539,site12_143.png,512,384,0.0,0,2539_512_384,False
1737,site6_916.png,384,512,0.15032958984375,1,1737_384_512,True
4764,site16_741.png,256,512,0.11431884765625,1,4764_256_512,True
2839,site8_47.png,0,384,0.0,0,2839_0_384,False
2459,site12_57.png,0,128,0.91802978515625,2,2459_0_128,True
3151,site13_173.png,384,384,0.0,0,3151_384_384,False
2658,site17_75.png,256,0,0.0,0,2658_256_0,False
3190,site13_219.png,128,512,0.0,0,3190_128_512,False
950,site5_105.png,512,384,0.0,0,950_512_384,False
95,site3_113.png,128,128,0.23199462890625,1,95_128_128,True
2143,site14_189.png,256,256,0.7615966796875,2,2143_256_256,True
984,site5_145.png,384,128,1.0,2,984_384_128,True
1957,site9_74.png,128,512,0.0,0,1957_128_512,False
3024,site13_8.png,256,384,0.0,0,3024_256_384,False
122,site3_143.png,128,384,0.0,0,122_128_384,False
1299,site6_334.png,0,256,0.0,0,1299_0_256,False
1638,site6_784.png,128,256,0.0,0,1638_128_256,False
1949,site9_63.png,256,512,0.99530029296875,2,1949_256_512,True
603,site3_665.png,0,256,0.0,0,603_0_256,False
3719,site11_456.png,128,512,0.36083984375,1,3719_128_512,True
3657,site11_392.png,256,384,0.0,0,3657_256_384,False
3690,site11_426.png,512,0,0.82244873046875,2,3690_512_0,True
1271,site6_297.png,128,0,0.0,0,1271_128_0,False
2446,site12_43.png,256,256,1.0,2,2446_256_256,True
533,site3_583.png,256,384,0.0,0,533_256_384,False
833,site4_159.png,0,256,0.76580810546875,2,833_0_256,True
2394,site15_153.png,0,128,0.0,0,2394_0_128,False
549,site3_602.png,0,384,0.0,0,549_0_384,False
3071,site13_76.png,128,128,0.00341796875,0,3071_128_128,True
1005,site5_167.png,384,128,0.6878662109375,2,1005_384_128,True
1299,site6_334.png,384,0,0.00604248046875,0,1299_384_0,True
475,site3_519.png,128,128,0.05999755859375,1,475_128_128,True
1880,site6_1140.png,0,256,0.0,0,1880_0_256,False
3025,site13_16.png,128,128,0.58404541015625,2,3025_128_128,True
1958,site9_75.png,384,256,0.06158447265625,1,1958_384_256,True
2220,site14_277.png,256,128,0.69256591796875,2,2220_256_128,True
2355,site15_107.png,256,384,0.77752685546875,2,2355_256_384,True
2524,site12_127.png,256,0,0.9840087890625,2,2524_256_0,True
2973,site8_199.png,0,0,0.0628662109375,1,2973_0_0,True
1254,site6_269.png,512,256,0.0,0,1254_512_256,False
2445,site12_42.png,256,0,0.19921875,1,2445_256_0,True
2498,site12_100.png,256,0,0.0,0,2498_256_0,False
992,site5_153.png,384,0,0.3359375,1,992_384_0,True
1944,site9_58.png,0,384,0.79327392578125,2,1944_0_384,True
2323,site15_72.png,128,0,0.0,0,2323_128_0,False
2726,site1_41.png,128,256,0.0,0,2726_128_256,False
3161,site13_185.png,0,256,0.0,0,3161_0_256,False
3820,site11_560.png,128,128,0.14910888671875,1,3820_128_128,True
1714,site6_885.png,128,128,0.0,0,1714_128_128,False
941,site5_96.png,512,0,0.0,0,941_512_0,False
1917,site9_18.png,512,384,0.3538818359375,1,1917_512_384,True
3158,site13_182.png,384,128,0.0,0,3158_384_128,False
4492,site16_432.png,384,128,1.0,2,4492_384_128,True
2365,site15_118.png,256,0,0.86968994140625,2,2365_256_0,True
1788,site6_987.png,0,128,1.0,2,1788_0_128,True
4730,site16_698.png,0,128,0.0733642578125,1,4730_0_128,True
3145,site13_165.png,0,384,0.00726318359375,0,3145_0_384,True
291,site3_321.png,512,0,0.07861328125,1,291_512_0,True
1096,site5_277.png,128,0,0.43951416015625,2,1096_128_0,True
502,site3_549.png,0,128,0.0,0,502_0_128,False
2074,site14_113.png,0,128,0.00177001953125,0,2074_0_128,True
2460,site12_58.png,256,0,1.0,2,2460_256_0,True
2509,site12_111.png,256,128,0.0,0,2509_256_128,False
1205,site6_198.png,384,384,0.0,0,1205_384_384,False
1948,site9_62.png,512,512,1.0,2,1948_512_512,True
2066,site14_105.png,256,512,0.0,0,2066_256_512,False
1812,site6_1023.png,0,128,0.0,0,1812_0_128,False
923,site5_76.png,256,0,0.0,0,923_256_0,False
2517,site12_120.png,0,0,0.71746826171875,2,2517_0_0,True
2334,site15_84.png,512,512,0.63946533203125,2,2334_512_512,True
3046,site13_46.png,384,128,1.0,2,3046_384_128,True
2190,site14_244.png,384,256,0.12005615234375,1,2190_384_256,True
2336,site15_86.png,0,0,0.68499755859375,2,2336_0_0,True
3102,site13_115.png,128,384,0.83978271484375,2,3102_128_384,True
2972,site8_198.png,512,384,0.0,0,2972_512_384,False
1228,site6_232.png,0,0,0.0889892578125,1,1228_0_0,True
930,site5_83.png,512,512,0.0,0,930_512_512,False
350,site3_383.png,0,512,0.0,0,350_0_512,False
4613,site16_561.png,128,384,0.0,0,4613_128_384,False
2176,site14_227.png,256,384,0.0,0,2176_256_384,False
2692,site10_51.png,512,0,0.0,0,2692_512_0,False
3228,site2_63.png,512,128,0.1710205078125,1,3228_512_128,True
3241,site2_78.png,0,128,0.0,0,3241_0_128,False
4702,site16_667.png,512,128,0.59539794921875,2,4702_512_128,True
3158,site13_182.png,128,512,0.5947265625,2,3158_128_512,True
3133,site13_151.png,384,256,0.74627685546875,2,3133_384_256,True
3011,site8_244.png,128,0,0.13006591796875,1,3011_128_0,True
2565,site12_171.png,128,0,0.0,0,2565_128_0,False
2520,site12_123.png,0,384,1.0,2,2520_0_384,True
2374,site15_129.png,512,512,0.0,0,2374_512_512,False
927,site5_80.png,0,384,0.8607177734375,2,927_0_384,True
775,site4_97.png,256,0,0.507080078125,2,775_256_0,True
928,site5_81.png,512,256,0.0,0,928_512_256,False
1000,site5_161.png,0,0,0.54937744140625,2,1000_0_0,True
950,site5_105.png,128,384,0.0,0,950_128_384,False
4377,site16_304.png,128,0,0.30682373046875,1,4377_128_0,True
2447,site12_44.png,384,0,0.0,0,2447_384_0,False
2973,site8_199.png,0,512,0.0,0,2973_0_512,False
3096,site13_107.png,384,256,0.02490234375,0,3096_384_256,True
2204,site14_258.png,512,128,0.0,0,2204_512_128,False
2119,site14_164.png,128,384,0.0,0,2119_128_384,False
604,site3_666.png,512,384,0.0,0,604_512_384,False
2092,site14_134.png,0,0,0.205078125,1,2092_0_0,True
2219,site14_276.png,512,128,0.2869873046875,1,2219_512_128,True
1059,site5_226.png,0,512,0.43853759765625,2,1059_0_512,True
1715,site6_886.png,384,384,0.0,0,1715_384_384,False
1073,site5_242.png,512,384,0.0,0,1073_512_384,False
992,site5_153.png,128,256,0.58734130859375,2,992_128_256,True
2083,site14_125.png,0,0,0.0057373046875,0,2083_0_0,True
3060,site13_64.png,256,384,1.0,2,3060_256_384,True
1000,site5_161.png,512,384,0.0,0,1000_512_384,False
2248,site14_316.png,128,256,0.91522216796875,2,2248_128_256,True
2995,site8_224.png,384,0,0.0,0,2995_384_0,False
2764,site1_84.png,256,0,0.0,0,2764_256_0,False
1939,site9_50.png,128,0,0.13153076171875,1,1939_128_0,True
1380,site6_441.png,0,128,0.0,0,1380_0_128,False
1020,site5_183.png,0,512,0.99591064453125,2,1020_0_512,True
1925,site9_30.png,512,0,1.0,2,1925_512_0,True
2904,site8_123.png,256,256,0.0,0,2904_256_256,False
1949,site9_63.png,0,384,1.0,2,1949_0_384,True
996,site5_157.png,0,512,0.0,0,996_0_512,False
2564,site12_170.png,0,0,0.0,0,2564_0_0,False
938,site5_93.png,384,512,0.0,0,938_384_512,False
1586,site6_715.png,0,384,0.8076171875,2,1586_0_384,True
987,site5_148.png,0,0,0.0,0,987_0_0,False
2336,site15_86.png,128,384,0.4788818359375,2,2336_128_384,True
1524,site6_637.png,384,384,0.0,0,1524_384_384,False
2085,site14_127.png,256,128,0.0,0,2085_256_128,False
2764,site1_84.png,128,256,0.0,0,2764_128_256,False
916,site5_65.png,0,256,0.0,0,916_0_256,False
3219,site2_51.png,512,0,0.0,0,3219_512_0,False
2615,site17_24.png,0,0,1.0,2,2615_0_0,True
3101,site13_114.png,384,384,1.0,2,3101_384_384,True
2447,site12_44.png,256,256,0.0,0,2447_256_256,False
1051,site5_218.png,384,128,1.0,2,1051_384_128,True
298,site3_328.png,256,128,0.0,0,298_256_128,False
932,site5_85.png,128,512,0.0,0,932_128_512,False
3037,site13_35.png,128,0,0.0,0,3037_128_0,False
558,site3_611.png,0,384,0.31353759765625,1,558_0_384,True
292,site3_322.png,128,512,0.00439453125,0,292_128_512,True
2351,site15_103.png,384,384,0.0,0,2351_384_384,False
2521,site12_124.png,256,0,0.0,0,2521_256_0,False
585,site3_643.png,512,256,1.0,2,585_512_256,True
2740,site1_56.png,384,256,0.0,0,2740_384_256,False
1129,site6_84.png,512,256,0.0,0,1129_512_256,False
2564,site12_170.png,384,384,0.79437255859375,2,2564_384_384,True
792,site4_115.png,0,384,0.0,0,792_0_384,False
1068,site5_237.png,384,512,0.0,0,1068_384_512,False
1029,site5_192.png,0,512,1.0,2,1029_0_512,True
551,site3_604.png,256,512,0.0,0,551_256_512,False
947,site5_102.png,128,256,0.04486083984375,0,947_128_256,True
528,site3_578.png,128,512,0.0,0,528_128_512,False
2786,site1_110.png,256,256,0.9764404296875,2,2786_256_256,True
2602,site17_9.png,512,512,1.0,2,2602_512_512,True
2970,site8_196.png,128,384,0.0,0,2970_128_384,False
3251,site2_90.png,0,256,0.0,0,3251_0_256,False
1227,site6_231.png,384,128,0.9112548828125,2,1227_384_128,True
1786,site6_985.png,128,256,0.65106201171875,2,1786_128_256,True
2101,site14_145.png,128,0,0.96160888671875,2,2101_128_0,True
290,site3_320.png,128,0,0.0,0,290_128_0,False
1301,site6_336.png,0,0,0.0,0,1301_0_0,False
3006,site8_236.png,256,0,0.0,0,3006_256_0,False
2335,site15_85.png,256,128,0.06573486328125,1,2335_256_128,True
991,site5_152.png,384,0,0.0,0,991_384_0,False
1227,site6_231.png,384,256,1.0,2,1227_384_256,True
950,site5_105.png,512,128,0.0,0,950_512_128,False
2446,site12_43.png,512,256,0.75799560546875,2,2446_512_256,True
1736,site6_915.png,512,256,0.0,0,1736_512_256,False
1791,site6_990.png,256,256,1.0,2,1791_256_256,True
3190,site13_219.png,256,0,0.0,0,3190_256_0,False
3053,site13_55.png,384,384,0.0001220703125,0,3053_384_384,True
914,site5_63.png,256,128,0.05560302734375,1,914_256_128,True
3117,site13_133.png,128,256,1.0,2,3117_128_256,True
548,site3_601.png,128,384,0.0,0,548_128_384,False
4750,site16_722.png,0,256,0.08282470703125,1,4750_0_256,True
983,site5_142.png,384,0,0.0,0,983_384_0,False
3686,site11_422.png,0,0,0.0,0,3686_0_0,False
2923,site8_144.png,0,128,0.13818359375,1,2923_0_128,True
1598,site6_727.png,256,256,0.59295654296875,2,1598_256_256,True
1598,site6_727.png,384,128,0.19537353515625,1,1598_384_128,True
3101,site13_114.png,0,512,1.0,2,3101_0_512,True
2437,site12_34.png,256,0,0.5689697265625,2,2437_256_0,True
2470,site12_70.png,0,384,0.977783203125,2,2470_0_384,True
938,site5_93.png,0,128,0.2384033203125,1,938_0_128,True
3068,site13_73.png,128,0,1.0,2,3068_128_0,True
1763,site6_952.png,384,384,1.0,2,1763_384_384,True
2050,site14_86.png,512,384,0.0,0,2050_512_384,False
3026,site13_17.png,512,512,0.0,0,3026_512_512,False
2498,site12_100.png,0,0,0.0,0,2498_0_0,False
3100,site13_113.png,384,128,1.0,2,3100_384_128,True
2485,site12_86.png,384,384,0.2392578125,1,2485_384_384,True
3726,site11_463.png,0,256,0.9993896484375,2,3726_0_256,True
1191,site6_173.png,256,0,0.0,0,1191_256_0,False
4376,site16_303.png,256,0,0.0,0,4376_256_0,False
2689,site10_28.png,512,0,0.0,0,2689_512_0,False
2509,site12_111.png,256,512,0.86297607421875,2,2509_256_512,True
3061,site13_65.png,512,384,0.2979736328125,1,3061_512_384,True
2221,site14_278.png,256,384,0.0,0,2221_256_384,False
756,site4_77.png,128,0,0.845947265625,2,756_128_0,True
2160,site14_209.png,384,0,0.07769775390625,1,2160_384_0,True
2117,site14_162.png,128,256,0.0,0,2117_128_256,False
916,site5_65.png,256,512,0.0,0,916_256_512,False
4855,site16_850.png,128,0,0.0,0,4855_128_0,False
962,site5_119.png,512,128,0.0,0,962_512_128,False
2462,site12_60.png,384,128,0.0,0,2462_384_128,False
2934,site8_156.png,512,256,1.0,2,2934_512_256,True
972,site5_131.png,512,512,0.88067626953125,2,972_512_512,True
924,site5_77.png,0,256,0.0,0,924_0_256,False
1714,site6_885.png,0,256,0.0,0,1714_0_256,False
2236,site14_297.png,256,128,0.6883544921875,2,2236_256_128,True
1191,site6_173.png,384,512,0.0,0,1191_384_512,False
940,site5_95.png,256,128,0.6610107421875,2,940_256_128,True
3083,site13_92.png,256,0,1.0,2,3083_256_0,True
4773,site16_750.png,512,384,0.0,0,4773_512_384,False
1087,site5_260.png,384,256,1.0,2,1087_384_256,True
849,site4_176.png,128,384,0.0,0,849_128_384,False
4591,site16_537.png,512,512,0.0,0,4591_512_512,False
2324,site15_73.png,0,128,0.0,0,2324_0_128,False
1944,site9_58.png,512,384,0.0,0,1944_512_384,False
3289,site2_133.png,256,0,0.0,0,3289_256_0,False
1301,site6_336.png,384,256,0.30438232421875,1,1301_384_256,True
939,site5_94.png,512,0,0.05352783203125,1,939_512_0,True
3756,site11_494.png,512,0,0.0430908203125,0,3756_512_0,True
4638,site16_588.png,384,0,0.0,0,4638_384_0,False
3158,site13_182.png,512,128,0.0,0,3158_512_128,False
3824,site11_564.png,0,512,0.0,0,3824_0_512,False
1931,site9_39.png,0,0,0.1875,1,1931_0_0,True
2915,site8_135.png,384,0,0.0,0,2915_384_0,False
2604,site17_11.png,128,256,1.0,2,2604_128_256,True
1083,site5_256.png,384,128,0.0,0,1083_384_128,False
3099,site13_112.png,128,128,1.0,2,3099_128_128,True
497,site3_544.png,384,128,0.0,0,497_384_128,False
94,site3_112.png,512,0,0.3958740234375,1,94_512_0,True
1282,site6_308.png,0,0,0.0,0,1282_0_0,False
4590,site16_536.png,384,128,0.02215576171875,0,4590_384_128,True
3100,site13_113.png,0,0,1.0,2,3100_0_0,True
2143,site14_189.png,0,256,0.1329345703125,1,2143_0_256,True
2935,site8_157.png,256,128,0.0,0,2935_256_128,False
2484,site12_85.png,0,384,0.0,0,2484_0_384,False
1051,site5_218.png,384,384,1.0,2,1051_384_384,True
992,site5_153.png,256,256,0.41485595703125,2,992_256_256,True
2187,site14_238.png,256,384,0.0,0,2187_256_384,False
558,site3_611.png,0,512,0.28900146484375,1,558_0_512,True
1440,site6_518.png,512,384,0.05078125,1,1440_512_384,True
2074,site14_113.png,384,512,0.45721435546875,2,2074_384_512,True
2646,site17_61.png,0,0,0.23565673828125,1,2646_0_0,True
3134,site13_152.png,256,512,0.0074462890625,0,3134_256_512,True
2101,site14_145.png,512,128,0.63043212890625,2,2101_512_128,True
1741,site6_920.png,512,128,0.19171142578125,1,1741_512_128,True
1035,site5_200.png,128,128,1.0,2,1035_128_128,True
3823,site11_563.png,0,384,0.0,0,3823_0_384,False
3161,site13_185.png,0,128,0.0,0,3161_0_128,False
4969,site16_1004.png,0,384,0.0,0,4969_0_384,False
2102,site14_146.png,0,128,0.27655029296875,1,2102_0_128,True
969,site5_128.png,384,512,0.0,0,969_384_512,False
3229,site2_64.png,0,512,0.0,0,3229_0_512,False
2438,site12_35.png,0,0,0.59521484375,2,2438_0_0,True
1097,site5_278.png,256,512,0.0,0,1097_256_512,False
2362,site15_115.png,256,512,0.0,0,2362_256_512,False
2179,site14_230.png,256,384,0.05291748046875,1,2179_256_384,True
1938,site9_49.png,384,512,0.57720947265625,2,1938_384_512,True
2979,site8_206.png,0,512,0.0,0,2979_0_512,False
991,site5_152.png,384,384,0.4493408203125,2,991_384_384,True
2968,site8_194.png,512,512,0.0,0,2968_512_512,False
1086,site5_259.png,128,512,0.3642578125,1,1086_128_512,True
3687,site11_423.png,256,512,0.6741943359375,2,3687_256_512,True
327,site3_359.png,128,0,0.0,0,327_128_0,False
3123,site13_139.png,384,256,0.0,0,3123_384_256,False
1227,site6_231.png,0,0,0.0,0,1227_0_0,False
3142,site13_162.png,0,512,1.0,2,3142_0_512,True
2469,site12_69.png,384,128,0.09417724609375,1,2469_384_128,True
45,site3_56.png,256,128,0.0,0,45_256_128,False
2514,site12_117.png,384,256,1.0,2,2514_384_256,True
1254,site6_269.png,384,256,0.0,0,1254_384_256,False
2765,site1_85.png,0,512,0.9632568359375,2,2765_0_512,True
532,site3_582.png,256,256,0.0,0,532_256_256,False
962,site5_119.png,384,128,0.0,0,962_384_128,False
1088,site5_261.png,256,384,1.0,2,1088_256_384,True
1762,site6_951.png,0,384,1.0,2,1762_0_384,True
965,site5_122.png,256,128,0.0,0,965_256_128,False
2437,site12_34.png,128,0,0.54925537109375,2,2437_128_0,True
3076,site13_83.png,384,256,1.0,2,3076_384_256,True
3688,site11_424.png,256,512,0.0,0,3688_256_512,False
849,site4_176.png,0,256,0.0,0,849_0_256,False
1956,site9_73.png,512,384,0.0,0,1956_512_384,False
603,site3_665.png,128,128,0.04193115234375,0,603_128_128,True
1051,site5_218.png,512,128,1.0,2,1051_512_128,True
240,site3_268.png,384,512,0.0,0,240_384_512,False
580,site3_638.png,0,0,0.0,0,580_0_0,False
549,site3_602.png,512,256,0.0,0,549_512_256,False
2124,site14_169.png,384,512,0.0,0,2124_384_512,False
3086,site13_95.png,512,512,0.0,0,3086_512_512,False
4468,site16_406.png,384,384,0.57843017578125,2,4468_384_384,True
2689,site10_28.png,256,512,0.0,0,2689_256_512,False
4729,site16_697.png,256,0,0.0,0,4729_256_0,False
4730,site16_698.png,256,0,0.0,0,4730_256_0,False
2332,site15_82.png,0,128,0.0,0,2332_0_128,False
1572,site6_693.png,384,0,0.0,0,1572_384_0,False
1692,site6_855.png,0,128,0.0,0,1692_0_128,False
1088,site5_261.png,256,0,0.319091796875,1,1088_256_0,True
1918,site9_19.png,384,0,1.0,2,1918_384_0,True
351,site3_384.png,0,256,0.2451171875,1,351_0_256,True
2550,site12_155.png,0,512,0.0,0,2550_0_512,False
2344,site15_95.png,384,0,0.5059814453125,2,2344_384_0,True
2629,site17_42.png,512,128,0.81378173828125,2,2629_512_128,True
3018,site8_254.png,256,128,0.95751953125,2,3018_256_128,True
2476,site12_76.png,256,384,0.0,0,2476_256_384,False
1940,site9_51.png,384,384,1.0,2,1940_384_384,True
4699,site16_664.png,256,128,0.11370849609375,1,4699_256_128,True
2174,site14_225.png,384,384,0.0,0,2174_384_384,False
548,site3_601.png,0,256,0.14752197265625,1,548_0_256,True
2335,site15_85.png,384,128,0.448486328125,2,2335_384_128,True
940,site5_95.png,384,256,0.829345703125,2,940_384_256,True
4589,site16_535.png,128,512,0.0,0,4589_128_512,False
1068,site5_237.png,256,384,0.57452392578125,2,1068_256_384,True
3231,site2_66.png,128,0,0.0,0,3231_128_0,False
4769,site16_746.png,0,0,0.0,0,4769_0_0,False
1059,site5_226.png,128,512,0.0,0,1059_128_512,False
1016,site5_178.png,384,256,0.0,0,1016_384_256,False
961,site5_118.png,384,384,0.13165283203125,1,961_384_384,True
2733,site1_48.png,384,128,0.11968994140625,1,2733_384_128,True
1189,site6_171.png,0,384,0.0,0,1189_0_384,False
3135,site13_153.png,0,128,0.20306396484375,1,3135_0_128,True
2672,site7_3.png,256,0,0.0,0,2672_256_0,False
2960,site8_185.png,384,0,0.74993896484375,2,2960_384_0,True
1880,site6_1140.png,128,0,0.0,0,1880_128_0,False
1254,site6_269.png,128,512,0.0,0,1254_128_512,False
3099,site13_112.png,128,384,1.0,2,3099_128_384,True
2057,site14_93.png,384,512,0.22320556640625,1,2057_384_512,True
298,site3_328.png,256,256,0.0,0,298_256_256,False
2402,site15_163.png,512,384,0.0,0,2402_512_384,False
2499,site12_101.png,512,512,0.48876953125,2,2499_512_512,True
2124,site14_169.png,128,128,0.44207763671875,2,2124_128_128,True
351,site3_384.png,512,512,0.0,0,351_512_512,False
3067,site13_72.png,512,0,0.8250732421875,2,3067_512_0,True
386,site3_421.png,256,512,0.0,0,386_256_512,False
3045,site13_45.png,384,128,0.29351806640625,1,3045_384_128,True
2119,site14_164.png,384,128,0.0977783203125,1,2119_384_128,True
1031,site5_194.png,128,0,0.0,0,1031_128_0,False
2647,site17_62.png,0,0,0.0,0,2647_0_0,False
2970,site8_196.png,384,0,0.0,0,2970_384_0,False
4722,site16_690.png,0,0,0.0,0,4722_0_0,False
889,site5_29.png,0,384,0.0,0,889_0_384,False
1000,site5_161.png,128,128,0.0,0,1000_128_128,False
2374,site15_129.png,384,256,0.0,0,2374_384_256,False
865,site4_194.png,384,384,0.0,0,865_384_384,False
389,site3_424.png,384,512,0.0,0,389_384_512,False
2219,site14_276.png,256,128,0.24078369140625,1,2219_256_128,True
3693,site11_429.png,384,384,0.0,0,3693_384_384,False
2226,site14_287.png,512,128,0.0,0,2226_512_128,False
1025,site5_188.png,512,0,1.0,2,1025_512_0,True
2613,site17_22.png,512,128,0.05828857421875,1,2613_512_128,True
4518,site16_459.png,256,256,0.0,0,4518_256_256,False
2961,site8_186.png,0,256,0.16314697265625,1,2961_0_256,True
2233,site14_294.png,512,512,0.0,0,2233_512_512,False
2923,site8_144.png,256,128,0.3038330078125,1,2923_256_128,True
2073,site14_112.png,256,512,0.4288330078125,2,2073_256_512,True
329,site3_361.png,384,128,0.00189208984375,0,329_384_128,True
3240,site2_77.png,0,0,0.0,0,3240_0_0,False
817,site4_141.png,512,512,0.0,0,817_512_512,False
2052,site14_88.png,384,384,0.0,0,2052_384_384,False
926,site5_79.png,256,256,1.0,2,926_256_256,True
793,site4_116.png,384,256,0.0,0,793_384_256,False
2602,site17_9.png,0,512,1.0,2,2602_0_512,True
1736,site6_915.png,256,0,0.0,0,1736_256_0,False
1078,site5_247.png,384,128,0.25946044921875,1,1078_384_128,True
1938,site9_49.png,0,384,0.0,0,1938_0_384,False
2394,site15_153.png,384,384,0.0,0,2394_384_384,False
2775,site1_97.png,512,128,0.3345947265625,1,2775_512_128,True
2423,site12_19.png,0,128,0.0,0,2423_0_128,False
1229,site6_233.png,0,0,0.42132568359375,2,1229_0_0,True
1078,site5_247.png,256,512,0.0,0,1078_256_512,False
1654,site6_808.png,128,128,0.0,0,1654_128_128,False
2515,site12_118.png,256,512,0.37347412109375,1,2515_256_512,True
2612,site17_21.png,512,128,0.83819580078125,2,2612_512_128,True
2504,site12_106.png,512,512,1.0,2,2504_512_512,True
993,site5_154.png,0,256,0.07427978515625,1,993_0_256,True
475,site3_519.png,384,512,0.0,0,475_384_512,False
980,site5_139.png,128,512,0.0,0,980_128_512,False
1023,site5_186.png,128,256,0.5609130859375,2,1023_128_256,True
1544,site6_657.png,256,0,0.0,0,1544_256_0,False
1778,site6_967.png,0,0,0.0,0,1778_0_0,False
2537,site12_141.png,128,0,0.96258544921875,2,2537_128_0,True
3117,site13_133.png,384,384,1.0,2,3117_384_384,True
2960,site8_185.png,256,128,0.30902099609375,1,2960_256_128,True
3314,site2_165.png,0,256,0.0,0,3314_0_256,False
1032,site5_195.png,512,128,0.55230712890625,2,1032_512_128,True
2726,site1_41.png,384,384,0.12835693359375,1,2726_384_384,True
3289,site2_133.png,256,384,0.0,0,3289_256_384,False
1948,site9_62.png,0,128,1.0,2,1948_0_128,True
3166,site13_192.png,512,0,0.0,0,3166_512_0,False
2613,site17_22.png,384,256,0.0,0,2613_384_256,False
3756,site11_494.png,512,128,0.536865234375,2,3756_512_128,True
2655,site17_72.png,128,0,0.0,0,2655_128_0,False
4568,site16_512.png,256,384,0.20074462890625,1,4568_256_384,True
2476,site12_76.png,512,128,0.74737548828125,2,2476_512_128,True
2740,site1_56.png,512,128,0.0,0,2740_512_128,False
580,site3_638.png,512,128,0.0,0,580_512_128,False
3111,site13_126.png,384,128,0.8564453125,2,3111_384_128,True
2915,site8_135.png,512,512,0.0,0,2915_512_512,False
930,site5_83.png,384,384,0.0,0,930_384_384,False
2248,site14_316.png,384,384,0.41473388671875,2,2248_384_384,True
1760,site6_949.png,384,384,1.0,2,1760_384_384,True
3660,site11_395.png,384,384,1.0,2,3660_384_384,True
2436,site12_33.png,384,128,0.472900390625,2,2436_384_128,True
3030,site13_26.png,128,128,0.0,0,3030_128_128,False
4589,site16_535.png,0,0,0.0,0,4589_0_0,False
755,site4_76.png,256,256,0.0,0,755_256_256,False
1788,site6_987.png,0,384,1.0,2,1788_0_384,True
994,site5_155.png,256,512,0.93402099609375,2,994_256_512,True
1301,site6_336.png,384,128,0.0089111328125,0,1301_384_128,True
350,site3_383.png,256,256,0.02301025390625,0,350_256_256,True
2551,site12_156.png,256,0,0.0,0,2551_256_0,False
2091,site14_133.png,512,384,0.0,0,2091_512_384,False
2830,site8_35.png,384,128,0.44818115234375,2,2830_384_128,True
903,site5_48.png,128,256,0.3970947265625,1,903_128_256,True
972,site5_131.png,256,256,0.0,0,972_256_256,False
1035,site5_200.png,0,256,0.486083984375,2,1035_0_256,True
1088,site5_261.png,128,128,0.9869384765625,2,1088_128_128,True
2248,site14_316.png,256,512,1.0,2,2248_256_512,True
4743,site16_715.png,128,512,0.0,0,4743_128_512,False
4726,site16_694.png,0,384,0.79083251953125,2,4726_0_384,True
605,site3_667.png,384,128,0.168212890625,1,605_384_128,True
823,site4_149.png,512,0,0.0,0,823_512_0,False
2084,site14_126.png,512,512,0.0,0,2084_512_512,False
4764,site16_741.png,512,512,0.0,0,4764_512_512,False
1741,site6_920.png,0,384,0.0,0,1741_0_384,False
3070,site13_75.png,0,0,1.0,2,3070_0_0,True
2515,site12_118.png,0,128,0.0,0,2515_0_128,False
3099,site13_112.png,384,512,0.997314453125,2,3099_384_512,True
1128,site6_83.png,384,128,0.0,0,1128_384_128,False
1032,site5_195.png,128,0,1.0,2,1032_128_0,True
549,site3_602.png,512,128,0.3265380859375,1,549_512_128,True
3688,site11_424.png,0,512,0.68572998046875,2,3688_0_512,True
1083,site5_256.png,256,384,0.0,0,1083_256_384,False
2203,site14_257.png,512,512,0.0,0,2203_512_512,False
865,site4_194.png,128,0,0.0054931640625,0,865_128_0,True
2494,site12_95.png,384,128,1.0,2,2494_384_128,True
606,site3_668.png,512,256,0.0,0,606_512_256,False
3820,site11_560.png,512,128,0.0,0,3820_512_128,False
2180,site14_231.png,512,512,0.63360595703125,2,2180_512_512,True
2687,site10_22.png,0,512,0.0,0,2687_0_512,False
2346,site15_97.png,512,384,0.0,0,2346_512_384,False
3157,site13_179.png,128,512,0.1768798828125,1,3157_128_512,True
4591,site16_537.png,256,0,0.20843505859375,1,4591_256_0,True
2221,site14_278.png,128,512,0.0,0,2221_128_512,False
2159,site14_208.png,512,0,0.0,0,2159_512_0,False
4589,site16_535.png,0,256,0.0,0,4589_0_256,False
1024,site5_187.png,512,384,0.9364013671875,2,1024_512_384,True
814,site4_138.png,0,0,0.203125,1,814_0_0,True
1035,site5_200.png,512,512,1.0,2,1035_512_512,True
3022,site13_6.png,0,384,0.0,0,3022_0_384,False
2469,site12_69.png,128,512,0.0,0,2469_128_512,False
2643,site17_58.png,384,384,0.7822265625,2,2643_384_384,True
2192,site14_246.png,384,256,0.0,0,2192_384_256,False
3288,site2_132.png,0,512,0.0,0,3288_0_512,False
3723,site11_460.png,384,512,0.0,0,3723_384_512,False
1237,site6_241.png,256,128,0.0,0,1237_256_128,False
1923,site9_28.png,384,128,0.00152587890625,0,1923_384_128,True
1952,site9_69.png,0,384,0.0,0,1952_0_384,False
2955,site8_179.png,384,512,0.0,0,2955_384_512,False
2692,site10_51.png,0,256,0.75457763671875,2,2692_0_256,True
2086,site14_128.png,256,256,0.70416259765625,2,2086_256_256,True
2123,site14_168.png,384,384,0.0,0,2123_384_384,False
2926,site8_147.png,512,128,0.33074951171875,1,2926_512_128,True
3753,site11_491.png,0,256,0.0,0,3753_0_256,False
210,site3_237.png,128,256,0.0,0,210_128_256,False
1128,site6_83.png,512,256,0.0,0,1128_512_256,False
4569,site16_513.png,256,384,0.0,0,4569_256_384,False
319,site3_351.png,384,0,0.0,0,319_384_0,False
181,site3_206.png,256,384,0.9249267578125,2,181_256_384,True
526,site3_576.png,0,512,0.0,0,526_0_512,False
3790,site11_529.png,384,128,0.0,0,3790_384_128,False
965,site5_122.png,128,384,0.0,0,965_128_384,False
181,site3_206.png,0,0,0.0,0,181_0_0,False
2161,site14_210.png,128,512,0.0,0,2161_128_512,False
3118,site13_134.png,384,256,1.0,2,3118_384_256,True
1952,site9_69.png,512,384,0.0,0,1952_512_384,False
2207,site14_264.png,256,0,0.0,0,2207_256_0,False
1597,site6_726.png,0,512,0.0,0,1597_0_512,False
95,site3_113.png,384,128,0.0,0,95_384_128,False
1941,site9_52.png,512,256,1.0,2,1941_512_256,True
2372,site15_127.png,384,512,0.0,0,2372_384_512,False
2721,site1_35.png,384,0,0.0,0,2721_384_0,False
3089,site13_98.png,384,384,0.0,0,3089_384_384,False
2913,site8_133.png,0,512,0.0,0,2913_0_512,False
3157,site13_179.png,0,512,0.44073486328125,2,3157_0_512,True
2161,site14_210.png,0,512,0.0,0,2161_0_512,False
2198,site14_252.png,0,384,0.0,0,2198_0_384,False
3053,site13_55.png,512,512,0.0,0,3053_512_512,False
3218,site2_50.png,0,0,0.2706298828125,1,3218_0_0,True
3151,site13_173.png,256,512,0.0,0,3151_256_512,False
2402,site15_163.png,0,384,0.0,0,2402_0_384,False
2638,site17_53.png,128,0,0.80096435546875,2,2638_128_0,True
2904,site8_123.png,384,0,0.0,0,2904_384_0,False
4614,site16_562.png,0,128,0.930908203125,2,4614_0_128,True
2718,site1_32.png,128,512,0.375732421875,1,2718_128_512,True
2672,site7_3.png,128,256,0.0,0,2672_128_256,False
528,site3_578.png,512,0,0.0,0,528_512_0,False
4543,site16_485.png,128,512,0.0599365234375,1,4543_128_512,True
2403,site15_164.png,512,256,0.0,0,2403_512_256,False
2442,site12_39.png,384,512,1.0,2,2442_384_512,True
1228,site6_232.png,384,512,0.15771484375,1,1228_384_512,True
577,site3_635.png,128,128,0.0,0,577_128_128,False
3824,site11_564.png,256,256,0.0,0,3824_256_256,False
1492,site6_588.png,128,512,0.0,0,1492_128_512,False
3135,site13_153.png,256,384,0.18701171875,1,3135_256_384,True
678,site3_766.png,256,128,0.074951171875,1,678_256_128,True
2085,site14_127.png,512,0,0.0,0,2085_512_0,False
2272,site14_356.png,128,256,0.0,0,2272_128_256,False
2659,site17_76.png,384,384,0.0,0,2659_384_384,False
1229,site6_233.png,512,0,0.0,0,1229_512_0,False
2124,site14_169.png,0,128,0.0,0,2124_0_128,False
3054,site13_56.png,256,0,0.5228271484375,2,3054_256_0,True
2915,site8_135.png,0,256,0.11883544921875,1,2915_0_256,True
965,site5_122.png,256,0,0.0,0,965_256_0,False
2087,site14_129.png,256,384,0.0,0,2087_256_384,False
2499,site12_101.png,384,0,0.8594970703125,2,2499_384_0,True
1938,site9_49.png,512,512,1.0,2,1938_512_512,True
292,site3_322.png,512,512,0.0203857421875,0,292_512_512,True
1926,site9_31.png,512,256,0.99554443359375,2,1926_512_256,True
3107,site13_122.png,0,0,0.01348876953125,0,3107_0_0,True
1026,site5_189.png,128,128,1.0,2,1026_128_128,True
2233,site14_294.png,128,384,0.20196533203125,1,2233_128_384,True
3721,site11_458.png,256,384,0.0,0,3721_256_384,False
2324,site15_73.png,256,256,0.0,0,2324_256_256,False
3072,site13_77.png,512,512,0.10504150390625,1,3072_512_512,True
3286,site2_130.png,0,128,0.0,0,3286_0_128,False
2519,site12_122.png,384,256,1.0,2,2519_384_256,True
813,site4_137.png,384,128,0.0,0,813_384_128,False
992,site5_153.png,512,0,0.24853515625,1,992_512_0,True
3824,site11_564.png,512,256,0.0,0,3824_512_256,False
3627,site11_361.png,512,384,0.645751953125,2,3627_512_384,True
1075,site5_244.png,0,0,0.15814208984375,1,1075_0_0,True
2218,site14_275.png,0,512,0.0,0,2218_0_512,False
2610,site17_19.png,256,0,0.0,0,2610_256_0,False
2504,site12_106.png,384,384,1.0,2,2504_384_384,True
3722,site11_459.png,128,512,0.64239501953125,2,3722_128_512,True
756,site4_77.png,384,384,1.0,2,756_384_384,True
3051,site13_53.png,512,384,0.0673828125,1,3051_512_384,True
352,site3_385.png,0,384,0.0,0,352_0_384,False
793,site4_116.png,128,384,0.0,0,793_128_384,False
948,site5_103.png,0,128,0.00799560546875,0,948_0_128,True
2469,site12_69.png,128,128,0.0,0,2469_128_128,False
739,site4_59.png,128,128,0.0,0,739_128_128,False
3075,site13_82.png,256,128,1.0,2,3075_256_128,True
2500,site12_102.png,256,256,0.35821533203125,1,2500_256_256,True
3623,site11_357.png,384,0,0.38861083984375,1,3623_384_0,True
3025,site13_16.png,128,0,0.1473388671875,1,3025_128_0,True
3042,site13_42.png,256,384,0.29547119140625,1,3042_256_384,True
756,site4_77.png,0,0,0.00311279296875,0,756_0_0,True
3104,site13_117.png,0,128,0.98797607421875,2,3104_0_128,True
947,site5_102.png,384,128,0.0,0,947_384_128,False
2723,site1_37.png,256,512,0.0,0,2723_256_512,False
972,site5_131.png,0,512,0.0,0,972_0_512,False
1128,site6_83.png,128,384,0.0,0,1128_128_384,False
2336,site15_86.png,0,256,0.462890625,2,2336_0_256,True
3105,site13_118.png,384,0,0.0,0,3105_384_0,False
3054,site13_56.png,512,0,0.81536865234375,2,3054_512_0,True
585,site3_643.png,256,384,0.0,0,585_256_384,False
524,site3_574.png,512,256,0.0,0,524_512_256,False
3071,site13_76.png,384,384,0.3896484375,1,3071_384_384,True
2159,site14_208.png,384,512,0.0,0,2159_384_512,False
1228,site6_232.png,384,256,0.852783203125,2,1228_384_256,True
4518,site16_459.png,384,512,0.0,0,4518_384_512,False
293,site3_323.png,0,384,0.323486328125,1,293_0_384,True
3025,site13_16.png,512,128,0.0,0,3025_512_128,False
210,site3_237.png,512,384,0.0,0,210_512_384,False
2494,site12_95.png,512,128,1.0,2,2494_512_128,True
984,site5_145.png,512,128,1.0,2,984_512_128,True
3045,site13_45.png,512,128,0.123779296875,1,3045_512_128,True
2075,site14_114.png,512,512,0.0,0,2075_512_512,False
889,site5_29.png,0,0,0.0,0,889_0_0,False
930,site5_83.png,512,256,0.0,0,930_512_256,False
4722,site16_690.png,0,128,0.6826171875,2,4722_0_128,True
2986,site8_214.png,128,128,0.0,0,2986_128_128,False
1057,site5_224.png,0,512,0.73876953125,2,1057_0_512,True
3116,site13_132.png,0,256,0.8433837890625,2,3116_0_256,True
1812,site6_1023.png,512,512,0.0,0,1812_512_512,False
3077,site13_84.png,384,0,1.0,2,3077_384_0,True
1271,site6_297.png,512,512,0.0,0,1271_512_512,False
4722,site16_690.png,512,512,0.0,0,4722_512_512,False
1779,site6_968.png,0,512,0.0809326171875,1,1779_0_512,True
3148,site13_168.png,384,0,0.8603515625,2,3148_384_0,True
2620,site17_31.png,512,0,0.0,0,2620_512_0,False
123,site3_144.png,256,512,0.0,0,123_256_512,False
3079,site13_86.png,512,0,0.69091796875,2,3079_512_0,True
1075,site5_244.png,256,384,0.0,0,1075_256_384,False
2050,site14_86.png,128,128,0.0,0,2050_128_128,False
1060,site5_227.png,128,256,0.33636474609375,1,1060_128_256,True
4969,site16_1004.png,512,384,0.0,0,4969_512_384,False
3102,site13_115.png,384,256,0.0,0,3102_384_256,False
1054,site5_221.png,0,0,0.0,0,1054_0_0,False
1059,site5_226.png,384,128,0.0,0,1059_384_128,False
2336,site15_86.png,128,256,0.4176025390625,2,2336_128_256,True
3069,site13_74.png,256,128,1.0,2,3069_256_128,True
2140,site14_186.png,512,384,0.89453125,2,2140_512_384,True
3174,site13_202.png,0,384,0.0,0,3174_0_384,False
990,site5_151.png,256,256,0.0,0,990_256_256,False
964,site5_121.png,128,0,0.0,0,964_128_0,False
789,site4_112.png,384,256,0.8370361328125,2,789_384_256,True
351,site3_384.png,384,384,0.0,0,351_384_384,False
3286,site2_130.png,128,0,0.0,0,3286_128_0,False
580,site3_638.png,384,128,0.0,0,580_384_128,False
3028,site13_24.png,0,128,0.0,0,3028_0_128,False
1967,site9_90.png,128,0,0.76416015625,2,1967_128_0,True
3095,site13_106.png,384,128,0.0,0,3095_384_128,False
983,site5_142.png,256,256,0.0,0,983_256_256,False
850,site4_177.png,512,256,0.0,0,850_512_256,False
295,site3_325.png,384,512,0.0,0,295_384_512,False
577,site3_635.png,512,512,0.0,0,577_512_512,False
464,site3_508.png,384,256,0.062255859375,1,464_384_256,True
2968,site8_194.png,128,256,0.0,0,2968_128_256,False
3028,site13_24.png,128,128,0.0,0,3028_128_128,False
3117,site13_133.png,0,256,1.0,2,3117_0_256,True
2961,site8_186.png,128,384,0.0,0,2961_128_384,False
1520,site6_624.png,0,384,0.0,0,1520_0_384,False
814,site4_138.png,128,256,0.0,0,814_128_256,False
2342,site15_93.png,0,384,0.13970947265625,1,2342_0_384,True
551,site3_604.png,512,256,0.0,0,551_512_256,False
772,site4_94.png,0,384,0.0,0,772_0_384,False
3068,site13_73.png,256,128,1.0,2,3068_256_128,True
1128,site6_83.png,512,0,0.0,0,1128_512_0,False
3029,site13_25.png,384,256,0.0,0,3029_384_256,False
2236,site14_297.png,128,512,0.01190185546875,0,2236_128_512,True
2915,site8_135.png,0,0,0.0,0,2915_0_0,False
2539,site12_143.png,256,512,0.0,0,2539_256_512,False
1040,site5_205.png,256,0,0.71868896484375,2,1040_256_0,True
1261,site6_276.png,256,256,0.0,0,1261_256_256,False
939,site5_94.png,384,384,0.08856201171875,1,939_384_384,True
2159,site14_208.png,384,384,0.0,0,2159_384_384,False
3286,site2_130.png,512,0,0.13507080078125,1,3286_512_0,True
2471,site12_71.png,512,256,1.0,2,2471_512_256,True
816,site4_140.png,512,512,0.51416015625,2,816_512_512,True
2207,site14_264.png,512,0,1.0,2,2207_512_0,True
2641,site17_56.png,0,0,0.6827392578125,2,2641_0_0,True
2648,site17_63.png,256,128,0.0,0,2648_256_128,False
2204,site14_258.png,0,128,0.0,0,2204_0_128,False
2654,site17_71.png,384,384,0.91766357421875,2,2654_384_384,True
3164,site13_188.png,128,0,0.36505126953125,1,3164_128_0,True
2187,site14_238.png,128,384,0.0,0,2187_128_384,False
2332,site15_82.png,512,128,0.0,0,2332_512_128,False
1926,site9_31.png,384,128,1.0,2,1926_384_128,True
3022,site13_6.png,128,128,0.4088134765625,2,3022_128_128,True
497,site3_544.png,512,0,0.0,0,497_512_0,False
3088,site13_97.png,512,512,0.3016357421875,1,3088_512_512,True
2753,site1_71.png,256,128,0.0,0,2753_256_128,False
3156,site13_178.png,384,128,0.85040283203125,2,3156_384_128,True
1763,site6_952.png,128,384,1.0,2,1763_128_384,True
3026,site13_17.png,128,0,0.0,0,3026_128_0,False
2235,site14_296.png,128,384,0.04278564453125,0,2235_128_384,True
832,site4_158.png,384,256,0.6151123046875,2,832_384_256,True
790,site4_113.png,256,384,1.0,2,790_256_384,True
3158,site13_182.png,256,512,0.1597900390625,1,3158_256_512,True
4492,site16_432.png,128,128,0.0,0,4492_128_128,False
2086,site14_128.png,128,384,0.02777099609375,0,2086_128_384,True
1227,site6_231.png,0,256,0.0,0,1227_0_256,False
947,site5_102.png,0,0,0.0,0,947_0_0,False
3101,site13_114.png,128,512,1.0,2,3101_128_512,True
2445,site12_42.png,0,512,0.901123046875,2,2445_0_512,True
1097,site5_278.png,512,384,0.11212158203125,1,1097_512_384,True
493,site3_540.png,0,128,0.37103271484375,1,493_0_128,True
416,site3_454.png,512,256,0.073974609375,1,416_512_256,True
2110,site14_154.png,256,0,0.0,0,2110_256_0,False
1520,site6_624.png,384,384,0.0,0,1520_384_384,False
2605,site17_12.png,0,128,0.60833740234375,2,2605_0_128,True
1949,site9_63.png,256,0,1.0,2,1949_256_0,True
3252,site2_91.png,512,256,0.0,0,3252_512_256,False
2182,site14_233.png,128,384,0.16058349609375,1,2182_128_384,True
4970,site16_1005.png,384,256,0.0,0,4970_384_256,False
2653,site17_70.png,128,256,0.1412353515625,1,2653_128_256,True
1762,site6_951.png,384,384,1.0,2,1762_384_384,True
3046,site13_46.png,384,0,1.0,2,3046_384_0,True
4770,site16_747.png,0,0,0.3148193359375,1,4770_0_0,True
2513,site12_116.png,384,384,0.01177978515625,0,2513_384_384,True
2613,site17_22.png,256,128,0.48590087890625,2,2613_256_128,True
3107,site13_122.png,512,128,0.4066162109375,2,3107_512_128,True
2235,site14_296.png,256,512,0.0,0,2235_256_512,False
2824,site8_25.png,128,256,0.0,0,2824_128_256,False
1944,site9_58.png,256,384,0.0,0,1944_256_384,False
2729,site1_44.png,512,128,0.6624755859375,2,2729_512_128,True
758,site4_79.png,128,384,0.50128173828125,2,758_128_384,True
1924,site9_29.png,512,256,1.0,2,1924_512_256,True
4773,site16_750.png,0,128,0.09552001953125,1,4773_0_128,True
94,site3_112.png,128,128,0.0736083984375,1,94_128_128,True
4969,site16_1004.png,512,0,0.0,0,4969_512_0,False
3076,site13_83.png,384,512,1.0,2,3076_384_512,True
2050,site14_86.png,256,512,0.0,0,2050_256_512,False
1000,site5_161.png,0,384,0.0,0,1000_0_384,False
760,site4_81.png,384,256,0.0,0,760_384_256,False
2831,site8_36.png,384,256,1.0,2,2831_384_256,True
1791,site6_990.png,384,512,0.3458251953125,1,1791_384_512,True
3113,site13_128.png,512,256,0.3544921875,1,3113_512_256,True
2258,site14_335.png,128,256,0.0,0,2258_128_256,False
2692,site10_51.png,384,0,0.0,0,2692_384_0,False
1762,site6_951.png,256,128,1.0,2,1762_256_128,True
2191,site14_245.png,0,0,0.0,0,2191_0_0,False
1042,site5_207.png,384,128,1.0,2,1042_384_128,True
3228,site2_63.png,256,0,0.58941650390625,2,3228_256_0,True
2837,site8_45.png,128,256,0.0,0,2837_128_256,False
1525,site6_638.png,128,512,0.0,0,1525_128_512,False
2374,site15_129.png,128,0,0.18524169921875,1,2374_128_0,True
3011,site8_244.png,128,384,0.014404296875,0,3011_128_384,True
328,site3_360.png,384,512,0.0,0,328_384_512,False
3787,site11_526.png,0,256,0.0,0,3787_0_256,False
3165,site13_189.png,512,128,0.00701904296875,0,3165_512_128,True
2344,site15_95.png,256,0,0.022216796875,0,2344_256_0,True
2042,site14_76.png,0,0,0.0,0,2042_0_0,False
3118,site13_134.png,0,512,0.51092529296875,2,3118_0_512,True
2042,site14_76.png,128,0,0.0,0,2042_128_0,False
3720,site11_457.png,128,384,0.6015625,2,3720_128_384,True
912,site5_61.png,384,512,0.70269775390625,2,912_384_512,True
2763,site1_83.png,512,0,0.0,0,2763_512_0,False
1067,site5_236.png,384,128,1.0,2,1067_384_128,True
4677,site16_638.png,128,256,0.0,0,4677_128_256,False
3094,site13_105.png,0,384,1.0,2,3094_0_384,True
2935,site8_157.png,384,512,0.12451171875,1,2935_384_512,True
1525,site6_638.png,256,384,0.0,0,1525_256_384,False
3162,site13_186.png,0,256,0.0,0,3162_0_256,False
1778,site6_967.png,512,512,0.0809326171875,1,1778_512_512,True
2160,site14_209.png,512,384,0.0,0,2160_512_384,False
2629,site17_42.png,0,256,0.4791259765625,2,2629_0_256,True
1952,site9_69.png,128,512,0.0,0,1952_128_512,False
2366,site15_119.png,256,0,0.0,0,2366_256_0,False
792,site4_115.png,256,384,0.0,0,792_256_384,False
1061,site5_228.png,0,0,0.2303466796875,1,1061_0_0,True
790,site4_113.png,0,384,1.0,2,790_0_384,True
2514,site12_117.png,512,128,0.5133056640625,2,2514_512_128,True
2729,site1_44.png,128,128,0.18011474609375,1,2729_128_128,True
4807,site16_792.png,384,512,0.52294921875,2,4807_384_512,True
3166,site13_192.png,512,512,0.0,0,3166_512_512,False
3033,site13_31.png,0,256,0.0,0,3033_0_256,False
3656,site11_391.png,0,512,0.0,0,3656_0_512,False
2323,site15_72.png,256,384,0.1298828125,1,2323_256_384,True
2564,site12_170.png,128,128,0.0,0,2564_128_128,False
269,site3_298.png,128,512,0.00946044921875,0,269_128_512,True
3134,site13_152.png,256,384,0.087890625,1,3134_256_384,True
2075,site14_114.png,128,0,0.20111083984375,1,2075_128_0,True
1040,site5_205.png,384,256,0.5430908203125,2,1040_384_256,True
2655,site17_72.png,384,384,0.0,0,2655_384_384,False
2220,site14_277.png,0,512,0.46881103515625,2,2220_0_512,True
3274,site2_116.png,384,128,0.0,0,3274_384_128,False
2973,site8_199.png,384,128,0.0,0,2973_384_128,False
1039,site5_204.png,256,0,0.44390869140625,2,1039_256_0,True
4786,site16_767.png,0,0,0.0,0,4786_0_0,False
2500,site12_102.png,384,128,0.15972900390625,1,2500_384_128,True
585,site3_643.png,256,512,0.0,0,585_256_512,False
3240,site2_77.png,256,384,0.0,0,3240_256_384,False
3099,site13_112.png,384,128,1.0,2,3099_384_128,True
1524,site6_637.png,512,128,0.93011474609375,2,1524_512_128,True
3148,site13_168.png,512,0,1.0,2,3148_512_0,True
3058,site13_62.png,512,256,0.17626953125,1,3058_512_256,True
3718,site11_455.png,128,256,0.000244140625,0,3718_128_256,True
775,site4_97.png,128,512,0.931640625,2,775_128_512,True
2421,site12_17.png,256,128,0.0,0,2421_256_128,False
2421,site12_17.png,512,128,0.0,0,2421_512_128,False
2067,site14_106.png,256,128,0.6876220703125,2,2067_256_128,True
790,site4_113.png,256,0,1.0,2,790_256_0,True
3102,site13_115.png,0,0,1.0,2,3102_0_0,True
2198,site14_252.png,512,0,0.0,0,2198_512_0,False
4614,site16_562.png,0,0,0.20751953125,1,4614_0_0,True
3288,site2_132.png,256,384,0.01239013671875,0,3288_256_384,True
3069,site13_74.png,256,256,1.0,2,3069_256_256,True
2618,site17_29.png,384,256,0.0,0,2618_384_256,False
3289,site2_133.png,0,0,0.0,0,3289_0_0,False
3692,site11_428.png,512,256,0.0,0,3692_512_256,False
2331,site15_81.png,512,128,0.0,0,2331_512_128,False
3031,site13_27.png,256,512,0.689453125,2,3031_256_512,True
2723,site1_37.png,512,384,0.0,0,2723_512_384,False
1227,site6_231.png,128,384,0.2867431640625,1,1227_128_384,True
526,site3_576.png,128,384,0.0,0,526_128_384,False
4807,site16_792.png,512,256,0.60302734375,2,4807_512_256,True
1067,site5_236.png,512,256,0.99713134765625,2,1067_512_256,True
2233,site14_294.png,128,256,0.01116943359375,0,2233_128_256,True
533,site3_583.png,384,0,0.0,0,533_384_0,False
2198,site14_252.png,512,128,0.0,0,2198_512_128,False
1787,site6_986.png,512,0,1.0,2,1787_512_0,True
2460,site12_58.png,512,0,1.0,2,2460_512_0,True
2730,site1_45.png,384,256,1.0,2,2730_384_256,True
3068,site13_73.png,384,384,1.0,2,3068_384_384,True
2174,site14_225.png,512,0,0.0,0,2174_512_0,False
938,site5_93.png,384,0,0.0,0,938_384_0,False
939,site5_94.png,256,512,0.0,0,939_256_512,False
3161,site13_185.png,128,512,0.0,0,3161_128_512,False
2331,site15_81.png,512,0,0.0,0,2331_512_0,False
2721,site1_35.png,256,128,0.0,0,2721_256_128,False
2447,site12_44.png,384,384,0.0,0,2447_384_384,False
2838,site8_46.png,0,128,0.4566650390625,2,2838_0_128,True
994,site5_155.png,128,128,0.53485107421875,2,994_128_128,True
4702,site16_667.png,256,128,0.84429931640625,2,4702_256_128,True
932,site5_85.png,384,512,0.0,0,932_384_512,False
2529,site12_133.png,0,256,0.0,0,2529_0_256,False
2366,site15_119.png,256,512,0.0,0,2366_256_512,False
581,site3_639.png,384,0,0.0,0,581_384_0,False
1605,site6_743.png,384,512,0.0,0,1605_384_512,False
2198,site14_252.png,256,256,0.0,0,2198_256_256,False
927,site5_80.png,128,128,1.0,2,927_128_128,True
1763,site6_952.png,128,128,1.0,2,1763_128_128,True
4424,site16_355.png,512,256,0.0,0,4424_512_256,False
1936,site9_47.png,512,256,0.650390625,2,1936_512_256,True
1404,site6_474.png,0,0,0.0,0,1404_0_0,False
2675,site7_7.png,384,128,0.12030029296875,1,2675_384_128,True
2423,site12_19.png,512,256,0.0,0,2423_512_256,False
503,site3_550.png,128,0,0.0,0,503_128_0,False
789,site4_112.png,384,0,0.7716064453125,2,789_384_0,True
352,site3_385.png,256,384,0.03985595703125,0,352_256_384,True
4637,site16_587.png,512,0,0.231201171875,1,4637_512_0,True
2647,site17_62.png,256,128,0.0,0,2647_256_128,False
1301,site6_336.png,256,384,0.4593505859375,2,1301_256_384,True
2056,site14_92.png,256,256,0.0,0,2056_256_256,False
3286,site2_130.png,0,512,0.0,0,3286_0_512,False
936,site5_91.png,512,512,0.1934814453125,1,936_512_512,True
791,site4_114.png,128,256,1.0,2,791_128_256,True
2620,site17_31.png,384,384,0.0,0,2620_384_384,False
528,site3_578.png,0,512,0.0,0,528_0_512,False
1237,site6_241.png,512,512,0.07440185546875,1,1237_512_512,True
298,site3_328.png,128,512,0.0015869140625,0,298_128_512,True
2613,site17_22.png,0,128,0.9110107421875,2,2613_0_128,True
2689,site10_28.png,0,384,0.0,0,2689_0_384,False
630,site3_697.png,384,384,0.0,0,630_384_384,False
524,site3_574.png,384,256,0.0,0,524_384_256,False
2517,site12_120.png,512,512,0.786865234375,2,2517_512_512,True
1299,site6_334.png,128,384,0.0,0,1299_128_384,False
1029,site5_192.png,0,256,1.0,2,1029_0_256,True
3122,site13_138.png,512,384,1.0,2,3122_512_384,True
632,site3_699.png,0,0,0.0,0,632_0_0,False
4424,site16_355.png,128,512,0.84698486328125,2,4424_128_512,True
4469,site16_407.png,128,512,1.0,2,4469_128_512,True
2462,site12_60.png,0,128,0.69000244140625,2,2462_0_128,True
3719,site11_456.png,384,256,0.14410400390625,1,3719_384_256,True
3718,site11_455.png,0,256,0.0,0,3718_0_256,False
816,site4_140.png,0,128,0.0,0,816_0_128,False
389,site3_424.png,512,512,0.0,0,389_512_512,False
265,site3_294.png,128,256,0.0,0,265_128_256,False
2144,site14_190.png,256,512,0.80877685546875,2,2144_256_512,True
789,site4_112.png,128,384,0.0,0,789_128_384,False
577,site3_635.png,512,0,0.0,0,577_512_0,False
533,site3_583.png,128,384,0.0,0,533_128_384,False
3687,site11_423.png,384,512,0.6680908203125,2,3687_384_512,True
2140,site14_186.png,256,0,0.9239501953125,2,2140_256_0,True
3266,site2_107.png,0,0,0.0,0,3266_0_0,False
2221,site14_278.png,128,384,0.0,0,2221_128_384,False
3076,site13_83.png,128,384,1.0,2,3076_128_384,True
2639,site17_54.png,0,512,0.0,0,2639_0_512,False
1524,site6_637.png,0,384,0.000244140625,0,1524_0_384,True
2524,site12_127.png,0,128,0.0,0,2524_0_128,False
519,site3_569.png,384,0,0.0,0,519_384_0,False
4728,site16_696.png,256,512,0.04876708984375,0,4728_256_512,True
2615,site17_24.png,384,256,0.38604736328125,1,2615_384_256,True
2538,site12_142.png,512,256,0.0,0,2538_512_256,False
1032,site5_195.png,384,0,1.0,2,1032_384_0,True
2563,site12_169.png,512,128,0.0,0,2563_512_128,False
3130,site13_147.png,128,0,1.0,2,3130_128_0,True
1931,site9_39.png,512,0,0.46075439453125,2,1931_512_0,True
1097,site5_278.png,128,512,0.00213623046875,0,1097_128_512,True
2630,site17_43.png,384,0,0.0,0,2630_384_0,False
2362,site15_115.png,256,128,0.9954833984375,2,2362_256_128,True
1944,site9_58.png,256,0,0.17919921875,1,1944_256_0,True
3076,site13_83.png,512,128,1.0,2,3076_512_128,True
1237,site6_241.png,0,512,0.0,0,1237_0_512,False
903,site5_48.png,512,256,0.0,0,903_512_256,False
4722,site16_690.png,0,512,0.0,0,4722_0_512,False
1525,site6_638.png,0,0,0.2088623046875,1,1525_0_0,True
1804,site6_1003.png,512,0,0.0,0,1804_512_0,False
936,site5_91.png,512,0,0.0,0,936_512_0,False
2848,site8_58.png,128,256,0.83428955078125,2,2848_128_256,True
848,site4_175.png,128,128,0.0,0,848_128_128,False
2175,site14_226.png,384,128,0.8077392578125,2,2175_384_128,True
1605,site6_743.png,384,0,0.0,0,1605_384_0,False
1598,site6_727.png,128,256,0.81011962890625,2,1598_128_256,True
2519,site12_122.png,0,384,0.0,0,2519_0_384,False
3031,site13_27.png,0,128,0.0,0,3031_0_128,False
823,site4_149.png,128,256,0.0,0,823_128_256,False
1301,site6_336.png,256,256,0.59881591796875,2,1301_256_256,True
1254,site6_269.png,0,128,0.0,0,1254_0_128,False
1015,site5_177.png,128,0,1.0,2,1015_128_0,True
2403,site15_164.png,128,512,0.0,0,2403_128_512,False
928,site5_81.png,384,256,0.0,0,928_384_256,False
295,site3_325.png,0,256,0.0,0,295_0_256,False
1073,site5_242.png,128,512,0.0,0,1073_128_512,False
4773,site16_750.png,128,0,0.0,0,4773_128_0,False
968,site5_127.png,256,0,1.0,2,968_256_0,True
4565,site16_509.png,256,384,0.0,0,4565_256_384,False
2763,site1_83.png,512,512,0.0,0,2763_512_512,False
816,site4_140.png,128,384,0.0,0,816_128_384,False
1948,site9_62.png,0,384,1.0,2,1948_0_384,True
493,site3_540.png,128,0,0.0,0,493_128_0,False
1053,site5_220.png,256,384,0.6573486328125,2,1053_256_384,True
1572,site6_693.png,512,384,0.0,0,1572_512_384,False
994,site5_155.png,384,0,1.0,2,994_384_0,True
2528,site12_132.png,384,384,0.0,0,2528_384_384,False
2519,site12_122.png,0,128,0.0,0,2519_0_128,False
3067,site13_72.png,512,256,1.0,2,3067_512_256,True
3141,site13_159.png,128,128,0.0,0,3141_128_128,False
2765,site1_85.png,512,128,0.018310546875,0,2765_512_128,True
3072,site13_77.png,384,128,0.0,0,3072_384_128,False
2036,site14_70.png,512,0,0.0,0,2036_512_0,False
926,site5_79.png,512,512,0.0697021484375,1,926_512_512,True
387,site3_422.png,128,384,0.0,0,387_128_384,False
2640,site17_55.png,128,128,0.04754638671875,0,2640_128_128,True
2730,site1_45.png,512,256,0.2130126953125,1,2730_512_256,True
774,site4_96.png,0,256,1.0,2,774_0_256,True
4877,site16_877.png,512,512,0.0,0,4877_512_512,False
3094,site13_105.png,512,512,0.0,0,3094_512_512,False
1952,site9_69.png,384,256,0.0,0,1952_384_256,False
3072,site13_77.png,0,384,0.97076416015625,2,3072_0_384,True
3132,site13_149.png,128,512,0.0,0,3132_128_512,False
2157,site14_206.png,256,0,0.99908447265625,2,2157_256_0,True
3724,site11_461.png,512,384,0.0,0,3724_512_384,False
4569,site16_513.png,128,384,0.0,0,4569_128_384,False
2066,site14_105.png,512,0,0.0,0,2066_512_0,False
1022,site5_185.png,128,256,0.0,0,1022_128_256,False
2630,site17_43.png,384,384,0.0,0,2630_384_384,False
2394,site15_153.png,512,512,0.0,0,2394_512_512,False
918,site5_67.png,256,0,0.0,0,918_256_0,False
493,site3_540.png,256,128,0.0,0,493_256_128,False
2372,site15_127.png,128,128,0.92694091796875,2,2372_128_128,True
1007,site5_169.png,384,0,0.0,0,1007_384_0,False
3102,site13_115.png,0,512,0.7008056640625,2,3102_0_512,True
3120,site13_136.png,128,384,0.9573974609375,2,3120_128_384,True
526,site3_576.png,128,512,0.0,0,526_128_512,False
2203,site14_257.png,128,0,0.1749267578125,1,2203_128_0,True
2204,site14_258.png,512,0,0.0,0,2204_512_0,False
823,site4_149.png,512,256,0.0,0,823_512_256,False
1925,site9_30.png,0,0,1.0,2,1925_0_0,True
2421,site12_17.png,512,256,0.0,0,2421_512_256,False
94,site3_112.png,128,512,0.0,0,94_128_512,False
2042,site14_76.png,384,384,0.0,0,2042_384_384,False
2620,site17_31.png,0,256,0.707763671875,2,2620_0_256,True
983,site5_142.png,384,512,0.01373291015625,0,983_384_512,True
503,site3_550.png,256,0,0.0,0,503_256_0,False
3018,site8_254.png,512,128,0.26922607421875,1,3018_512_128,True
2258,site14_335.png,0,384,0.0,0,2258_0_384,False
416,site3_454.png,0,256,0.0,0,416_0_256,False
2611,site17_20.png,0,256,1.0,2,2611_0_256,True
1308,site6_343.png,512,256,1.0,2,1308_512_256,True
2765,site1_85.png,384,0,0.0,0,2765_384_0,False
4638,site16_588.png,128,128,0.01220703125,0,4638_128_128,True
4969,site16_1004.png,384,0,0.0,0,4969_384_0,False
3252,site2_91.png,0,512,0.2320556640625,1,3252_0_512,True
360,site3_393.png,128,128,0.4715576171875,2,360_128_128,True
964,site5_121.png,384,128,0.18695068359375,1,964_384_128,True
1227,site6_231.png,384,0,0.0035400390625,0,1227_384_0,True
4729,site16_697.png,512,384,0.0,0,4729_512_384,False
2654,site17_71.png,128,512,1.0,2,2654_128_512,True
993,site5_154.png,384,256,0.0,0,993_384_256,False
1598,site6_727.png,128,512,0.26904296875,1,1598_128_512,True
833,site4_159.png,0,512,0.43487548828125,2,833_0_512,True
990,site5_151.png,128,384,0.53863525390625,2,990_128_384,True
3655,site11_390.png,384,128,0.38360595703125,1,3655_384_128,True
3126,site13_143.png,384,256,0.0,0,3126_384_256,False
2175,site14_226.png,384,512,0.0,0,2175_384_512,False
2641,site17_56.png,256,0,0.97882080078125,2,2641_256_0,True
4637,site16_587.png,0,384,0.01873779296875,0,4637_0_384,True
1073,site5_242.png,0,0,0.56195068359375,2,1073_0_0,True
3033,site13_31.png,384,128,0.0,0,3033_384_128,False
1936,site9_47.png,0,128,1.0,2,1936_0_128,True
3720,site11_457.png,128,256,0.41656494140625,2,3720_128_256,True
3753,site11_491.png,512,0,0.68743896484375,2,3753_512_0,True
2176,site14_227.png,0,128,0.5733642578125,2,2176_0_128,True
968,site5_127.png,128,512,0.74359130859375,2,968_128_512,True
3790,site11_529.png,128,512,0.0,0,3790_128_512,False
2943,site8_166.png,0,384,0.0,0,2943_0_384,False
2221,site14_278.png,384,512,0.0,0,2221_384_512,False
2509,site12_111.png,0,384,0.0,0,2509_0_384,False
1936,site9_47.png,0,512,1.0,2,1936_0_512,True
2494,site12_95.png,256,512,0.0,0,2494_256_512,False
1961,site9_81.png,384,0,0.515380859375,2,1961_384_0,True
1924,site9_29.png,128,128,1.0,2,1924_128_128,True
2641,site17_56.png,512,512,0.17901611328125,1,2641_512_512,True
1597,site6_726.png,256,128,0.3900146484375,1,1597_256_128,True
3070,site13_75.png,384,512,0.0,0,3070_384_512,False
2143,site14_189.png,128,384,0.0,0,2143_128_384,False
3078,site13_85.png,0,384,1.0,2,3078_0_384,True
2372,site15_127.png,256,384,0.19757080078125,1,2372_256_384,True
1029,site5_192.png,256,128,0.9998779296875,2,1029_256_128,True
4751,site16_723.png,384,384,0.0,0,4751_384_384,False
1923,site9_28.png,384,0,0.10467529296875,1,1923_384_0,True
1087,site5_260.png,0,128,0.0,0,1087_0_128,False
4750,site16_722.png,128,128,0.7366943359375,2,4750_128_128,True
2837,site8_45.png,0,256,0.0,0,2837_0_256,False
4722,site16_690.png,384,0,0.0,0,4722_384_0,False
2848,site8_58.png,512,512,0.0,0,2848_512_512,False
756,site4_77.png,256,128,1.0,2,756_256_128,True
2518,site12_121.png,512,0,0.0,0,2518_512_0,False
2551,site12_156.png,0,512,0.0,0,2551_0_512,False
3034,site13_32.png,256,384,0.76513671875,2,3034_256_384,True
755,site4_76.png,128,256,0.0,0,755_128_256,False
2242,site14_310.png,128,512,0.103515625,1,2242_128_512,True
3314,site2_165.png,256,256,0.44287109375,2,3314_256_256,True
2053,site14_89.png,0,384,0.0,0,2053_0_384,False
3068,site13_73.png,256,256,1.0,2,3068_256_256,True
2056,site14_92.png,128,0,0.0,0,2056_128_0,False
3231,site2_66.png,0,128,0.0831298828125,1,3231_0_128,True
1238,site6_242.png,256,256,0.0,0,1238_256_256,False
3067,site13_72.png,512,128,1.0,2,3067_512_128,True
3025,site13_16.png,256,0,0.03424072265625,0,3025_256_0,True
1913,site9_7.png,256,256,0.94537353515625,2,1913_256_256,True
95,site3_113.png,256,0,0.21527099609375,1,95_256_0,True
1404,site6_474.png,384,128,0.3179931640625,1,1404_384_128,True
1053,site5_220.png,512,384,0.24749755859375,1,1053_512_384,True
2620,site17_31.png,0,0,0.0,0,2620_0_0,False
3623,site11_357.png,0,384,0.0,0,3623_0_384,False
2630,site17_43.png,0,384,0.0,0,2630_0_384,False
1026,site5_189.png,0,128,1.0,2,1026_0_128,True
1060,site5_227.png,256,512,0.57550048828125,2,1060_256_512,True
359,site3_392.png,512,0,0.0,0,359_512_0,False
2323,site15_72.png,256,512,0.8450927734375,2,2323_256_512,True
2995,site8_224.png,0,384,0.0,0,2995_0_384,False
887,site5_27.png,384,0,0.0,0,887_384_0,False
2456,site12_54.png,256,0,0.65631103515625,2,2456_256_0,True
2442,site12_39.png,256,384,1.0,2,2442_256_384,True
950,site5_105.png,0,256,0.0,0,950_0_256,False
2124,site14_169.png,384,384,0.0,0,2124_384_384,False
989,site5_150.png,256,512,0.0,0,989_256_512,False
3099,site13_112.png,128,512,0.8736572265625,2,3099_128_512,True
2493,site12_94.png,512,256,1.0,2,2493_512_256,True
239,site3_267.png,384,384,0.0,0,239_384_384,False
2190,site14_244.png,512,256,0.6492919921875,2,2190_512_256,True
4729,site16_697.png,128,0,0.0,0,4729_128_0,False
3138,site13_156.png,128,0,0.90753173828125,2,3138_128_0,True
2110,site14_154.png,128,0,0.0,0,2110_128_0,False
1260,site6_275.png,128,0,0.0,0,1260_128_0,False
2848,site8_58.png,256,0,0.0,0,2848_256_0,False
1520,site6_624.png,256,512,0.0,0,1520_256_512,False
2154,site14_203.png,128,0,0.0,0,2154_128_0,False
3047,site13_47.png,512,384,0.0,0,3047_512_384,False
2498,site12_100.png,256,512,0.0,0,2498_256_512,False
295,site3_325.png,128,128,0.0,0,295_128_128,False
792,site4_115.png,512,0,0.88189697265625,2,792_512_0,True
3075,site13_82.png,384,384,1.0,2,3075_384_384,True
3719,site11_456.png,256,128,0.01055908203125,0,3719_256_128,True
2085,site14_127.png,512,384,0.0,0,2085_512_384,False
903,site5_48.png,384,0,0.0,0,903_384_0,False
3158,site13_182.png,0,512,1.0,2,3158_0_512,True
3790,site11_529.png,256,512,0.0,0,3790_256_512,False
3042,site13_42.png,0,256,0.0,0,3042_0_256,False
4424,site16_355.png,256,0,1.0,2,4424_256_0,True
1067,site5_236.png,0,128,0.0,0,1067_0_128,False
524,site3_574.png,256,0,0.0,0,524_256_0,False
2578,site12_186.png,256,0,1.0,2,2578_256_0,True
2528,site12_132.png,512,128,0.0,0,2528_512_128,False
1776,site6_965.png,0,512,0.0,0,1776_0_512,False
2675,site7_7.png,128,0,1.0,2,2675_128_0,True
3028,site13_24.png,384,512,0.0,0,3028_384_512,False
2355,site15_107.png,256,256,0.0,0,2355_256_256,False
4730,site16_698.png,128,512,0.0,0,4730_128_512,False
3140,site13_158.png,384,128,0.8797607421875,2,3140_384_128,True
1597,site6_726.png,384,128,0.46832275390625,2,1597_384_128,True
832,site4_158.png,384,128,0.2174072265625,1,832_384_128,True
4568,site16_512.png,384,256,0.0,0,4568_384_256,False
2335,site15_85.png,384,0,0.0,0,2335_384_0,False
1913,site9_7.png,384,256,0.240234375,1,1913_384_256,True
2272,site14_356.png,128,0,0.0,0,2272_128_0,False
2730,site1_45.png,0,512,0.0,0,2730_0_512,False
949,site5_104.png,256,384,0.0,0,949_256_384,False
3156,site13_178.png,384,0,0.84393310546875,2,3156_384_0,True
3068,site13_73.png,0,0,0.96978759765625,2,3068_0_0,True
2604,site17_11.png,512,512,1.0,2,2604_512_512,True
3026,site13_17.png,128,384,0.83087158203125,2,3026_128_384,True
2494,site12_95.png,512,256,1.0,2,2494_512_256,True
2943,site8_166.png,128,256,0.86407470703125,2,2943_128_256,True
1059,site5_226.png,512,0,0.0,0,1059_512_0,False
1880,site6_1140.png,0,128,0.0,0,1880_0_128,False
3722,site11_459.png,256,512,0.3173828125,1,3722_256_512,True
2056,site14_92.png,512,512,0.0,0,2056_512_512,False
3094,site13_105.png,512,256,0.0,0,3094_512_256,False
773,site4_95.png,0,384,1.0,2,773_0_384,True
3142,site13_162.png,384,384,0.0,0,3142_384_384,False
3060,site13_64.png,512,0,0.0,0,3060_512_0,False
4969,site16_1004.png,512,512,0.0,0,4969_512_512,False
2394,site15_153.png,0,512,0.8843994140625,2,2394_0_512,True
45,site3_56.png,384,0,0.0,0,45_384_0,False
2565,site12_171.png,384,128,0.0,0,2565_384_128,False
912,site5_61.png,256,512,0.48443603515625,2,912_256_512,True
978,site5_137.png,128,128,0.0,0,978_128_128,False
2099,site14_143.png,384,128,0.0,0,2099_384_128,False
2847,site8_57.png,512,128,0.0989990234375,1,2847_512_128,True
3031,site13_27.png,512,512,0.15582275390625,1,3031_512_512,True
2180,site14_231.png,0,384,0.0,0,2180_0_384,False
2272,site14_356.png,384,0,0.40155029296875,2,2272_384_0,True
1649,site6_795.png,512,128,0.58856201171875,2,1649_512_128,True
2529,site12_133.png,256,512,0.0,0,2529_256_512,False
850,site4_177.png,256,512,0.0,0,850_256_512,False
2462,site12_60.png,0,256,0.63299560546875,2,2462_0_256,True
930,site5_83.png,0,128,0.0,0,930_0_128,False
3079,site13_86.png,0,512,0.0,0,3079_0_512,False
3135,site13_153.png,512,0,0.0,0,3135_512_0,False
497,site3_544.png,0,128,0.0,0,497_0_128,False
1440,site6_518.png,384,0,0.0,0,1440_384_0,False
1085,site5_258.png,512,0,0.0,0,1085_512_0,False
3134,site13_152.png,128,256,0.513427734375,2,3134_128_256,True
1087,site5_260.png,128,256,0.83642578125,2,1087_128_256,True
740,site4_60.png,512,0,0.0,0,740_512_0,False
2085,site14_127.png,128,512,0.0,0,2085_128_512,False
1023,site5_186.png,384,256,0.0,0,1023_384_256,False
2225,site14_286.png,256,0,0.0,0,2225_256_0,False
1787,site6_986.png,512,384,0.98382568359375,2,1787_512_384,True
1804,site6_1003.png,384,512,0.0,0,1804_384_512,False
2341,site15_92.png,384,0,0.43975830078125,2,2341_384_0,True
295,site3_325.png,512,128,0.0,0,295_512_128,False
1007,site5_169.png,256,256,0.49835205078125,2,1007_256_256,True
3693,site11_429.png,256,128,0.0257568359375,0,3693_256_128,True
912,site5_61.png,128,128,0.0,0,912_128_128,False
3089,site13_98.png,0,384,0.76556396484375,2,3089_0_384,True
2612,site17_21.png,128,512,0.0,0,2612_128_512,False
239,site3_267.png,256,384,0.0,0,239_256_384,False
2733,site1_48.png,256,0,0.687255859375,2,2733_256_0,True
1786,site6_985.png,512,384,0.0,0,1786_512_384,False
1309,site6_344.png,384,128,0.0,0,1309_384_128,False
2657,site17_74.png,512,512,0.0,0,2657_512_512,False
94,site3_112.png,0,256,0.0,0,94_0_256,False
3219,site2_51.png,256,0,0.0,0,3219_256_0,False
3135,site13_153.png,384,512,0.0,0,3135_384_512,False
181,site3_206.png,0,128,0.0,0,181_0_128,False
965,site5_122.png,512,0,0.0,0,965_512_0,False
847,site4_174.png,0,0,0.0,0,847_0_0,False
2786,site1_110.png,512,512,1.0,2,2786_512_512,True
2674,site7_6.png,384,128,1.0,2,2674_384_128,True
1524,site6_637.png,128,0,0.0,0,1524_128_0,False
2492,site12_93.png,256,256,1.0,2,2492_256_256,True
4769,site16_746.png,256,0,0.0,0,4769_256_0,False
577,site3_635.png,256,512,0.33209228515625,1,577_256_512,True
2504,site12_106.png,0,512,0.0,0,2504_0_512,False
1924,site9_29.png,256,512,0.0,0,1924_256_512,False
3094,site13_105.png,384,128,0.0,0,3094_384_128,False
2521,site12_124.png,0,256,0.0,0,2521_0_256,False
293,site3_323.png,128,128,0.61663818359375,2,293_128_128,True
1057,site5_224.png,128,128,0.00457763671875,0,1057_128_128,True
2675,site7_7.png,384,512,0.0,0,2675_384_512,False
4856,site16_851.png,512,384,0.0,0,4856_512_384,False
3790,site11_529.png,0,0,0.56732177734375,2,3790_0_0,True
4808,site16_793.png,256,128,0.0,0,4808_256_128,False
2753,site1_71.png,512,0,0.0,0,2753_512_0,False
4543,site16_485.png,512,384,0.8548583984375,2,4543_512_384,True
2174,site14_225.png,0,0,0.13970947265625,1,2174_0_0,True
2618,site17_29.png,0,256,0.0,0,2618_0_256,False
2225,site14_286.png,128,128,0.0,0,2225_128_128,False
2102,site14_146.png,128,512,1.0,2,2102_128_512,True
2604,site17_11.png,384,512,1.0,2,2604_384_512,True
2402,site15_163.png,0,256,0.0,0,2402_0_256,False
2839,site8_47.png,512,384,0.0,0,2839_512_384,False
3066,site13_71.png,128,256,0.43841552734375,2,3066_128_256,True
1016,site5_178.png,0,256,0.0,0,1016_0_256,False
1880,site6_1140.png,0,512,0.0,0,1880_0_512,False
3287,site2_131.png,128,512,0.0,0,3287_128_512,False
2362,site15_115.png,384,256,0.63031005859375,2,2362_384_256,True
2960,site8_185.png,0,256,0.0,0,2960_0_256,False
4770,site16_747.png,256,256,0.00115966796875,0,4770_256_256,True
265,site3_294.png,512,512,0.05889892578125,1,265_512_512,True
3145,site13_165.png,512,384,0.70550537109375,2,3145_512_384,True
1742,site6_921.png,512,0,0.03924560546875,0,1742_512_0,True
3135,site13_153.png,384,384,0.0,0,3135_384_384,False
2924,site8_145.png,384,128,0.0,0,2924_384_128,False
1359,site6_412.png,512,256,0.0,0,1359_512_256,False
2689,site10_28.png,512,512,0.0,0,2689_512_512,False
2186,site14_237.png,256,128,0.0,0,2186_256_128,False
1000,site5_161.png,0,128,0.0,0,1000_0_128,False
3686,site11_422.png,384,384,0.79827880859375,2,3686_384_384,True
502,site3_549.png,512,0,0.0,0,502_512_0,False
1762,site6_951.png,256,256,1.0,2,1762_256_256,True
4875,site16_875.png,384,128,0.1807861328125,1,4875_384_128,True
1237,site6_241.png,128,0,0.0,0,1237_128_0,False
2354,site15_106.png,256,384,0.9501953125,2,2354_256_384,True
2904,site8_123.png,128,512,0.0,0,2904_128_512,False
3163,site13_187.png,512,0,0.52398681640625,2,3163_512_0,True
2515,site12_118.png,0,384,0.0,0,2515_0_384,False
822,site4_148.png,0,0,0.0,0,822_0_0,False
2219,site14_276.png,512,256,0.303955078125,1,2219_512_256,True
2986,site8_214.png,128,384,0.0,0,2986_128_384,False
3068,site13_73.png,0,128,1.0,2,3068_0_128,True
2050,site14_86.png,0,256,0.0,0,2050_0_256,False
603,site3_665.png,128,512,0.04351806640625,0,603_128_512,True
2085,site14_127.png,0,0,0.680908203125,2,2085_0_0,True
94,site3_112.png,384,384,0.12249755859375,1,94_384_384,True
2456,site12_54.png,512,384,0.50439453125,2,2456_512_384,True
1939,site9_50.png,384,256,1.0,2,1939_384_256,True
3209,site2_37.png,512,384,0.0,0,3209_512_384,False
3058,site13_62.png,256,128,0.39105224609375,1,3058_256_128,True
1546,site6_659.png,512,128,0.0,0,1546_512_128,False
2176,site14_227.png,0,256,0.00482177734375,0,2176_0_256,True
1493,site6_589.png,512,384,0.0,0,1493_512_384,False
389,site3_424.png,384,128,0.0,0,389_384_128,False
3657,site11_392.png,0,128,0.0426025390625,0,3657_0_128,True
2550,site12_155.png,384,384,0.32647705078125,1,2550_384_384,True
789,site4_112.png,384,512,0.392822265625,1,789_384_512,True
2915,site8_135.png,128,512,0.0,0,2915_128_512,False
3162,site13_186.png,256,512,0.0,0,3162_256_512,False
2647,site17_62.png,256,256,0.0,0,2647_256_256,False
2961,site8_186.png,512,256,0.21099853515625,1,2961_512_256,True
1605,site6_743.png,0,384,0.0,0,1605_0_384,False
4725,site16_693.png,512,128,0.9920654296875,2,4725_512_128,True
887,site5_27.png,512,0,0.0,0,887_512_0,False
464,site3_508.png,0,0,0.0,0,464_0_0,False
3018,site8_254.png,384,0,1.0,2,3018_384_0,True
1786,site6_985.png,512,256,0.868896484375,2,1786_512_256,True
3042,site13_42.png,512,128,0.56243896484375,2,3042_512_128,True
2537,site12_141.png,384,0,1.0,2,2537_384_0,True
609,site3_671.png,384,512,0.0,0,609_384_512,False
902,site5_47.png,256,0,0.0,0,902_256_0,False
2498,site12_100.png,512,128,0.2159423828125,1,2498_512_128,True
497,site3_544.png,128,384,0.0,0,497_128_384,False
2687,site10_22.png,0,128,0.0,0,2687_0_128,False
298,site3_328.png,256,512,0.0645751953125,1,298_256_512,True
475,site3_519.png,512,512,0.0,0,475_512_512,False
473,site3_517.png,0,384,0.0,0,473_0_384,False
1742,site6_921.png,0,256,0.0,0,1742_0_256,False
3655,site11_390.png,256,256,0.88226318359375,2,3655_256_256,True
1238,site6_242.png,256,384,0.0,0,1238_256_384,False
1325,site6_369.png,256,128,0.0,0,1325_256_128,False
3072,site13_77.png,256,384,0.2685546875,1,3072_256_384,True
678,site3_766.png,256,0,0.0,0,678_256_0,False
1692,site6_855.png,0,512,0.0,0,1692_0_512,False
2831,site8_36.png,512,128,1.0,2,2831_512_128,True
3038,site13_36.png,128,0,1.0,2,3038_128_0,True
4726,site16_694.png,384,512,0.060302734375,1,4726_384_512,True
3788,site11_527.png,512,128,6.103515625e-05,0,3788_512_128,True
3117,site13_133.png,0,384,1.0,2,3117_0_384,True
2237,site14_298.png,512,128,0.0,0,2237_512_128,False
4493,site16_433.png,0,384,0.67242431640625,2,4493_0_384,True
2550,site12_155.png,384,256,0.7396240234375,2,2550_384_256,True
1763,site6_952.png,128,0,0.33294677734375,1,1763_128_0,True
3096,site13_107.png,384,512,0.9906005859375,2,3096_384_512,True
4637,site16_587.png,256,128,0.9544677734375,2,4637_256_128,True
2486,site12_87.png,128,384,1.0,2,2486_128_384,True
888,site5_28.png,0,256,0.0,0,888_0_256,False
2237,site14_298.png,128,128,0.59075927734375,2,2237_128_128,True
4808,site16_793.png,128,384,0.0,0,4808_128_384,False
3054,site13_56.png,0,0,0.01202392578125,0,3054_0_0,True
1023,site5_186.png,256,256,0.0,0,1023_256_256,False
1041,site5_206.png,0,128,1.0,2,1041_0_128,True
2033,site14_67.png,128,384,0.0,0,2033_128_384,False
2618,site17_29.png,256,256,0.0,0,2618_256_256,False
1359,site6_412.png,256,0,0.54571533203125,2,1359_256_0,True
903,site5_48.png,256,128,0.23907470703125,1,903_256_128,True
2924,site8_145.png,256,512,0.33233642578125,1,2924_256_512,True
4613,site16_561.png,512,384,1.0,2,4613_512_384,True
2403,site15_164.png,256,384,0.0,0,2403_256_384,False
4591,site16_537.png,128,256,0.559326171875,2,4591_128_256,True
2117,site14_162.png,256,256,0.0374755859375,0,2117_256_256,True
2491,site12_92.png,384,512,0.17547607421875,1,2491_384_512,True
2529,site12_133.png,256,384,0.0,0,2529_256_384,False
937,site5_92.png,0,0,0.0,0,937_0_0,False
583,site3_641.png,0,256,0.0,0,583_0_256,False
2110,site14_154.png,128,384,0.09185791015625,1,2110_128_384,True
972,site5_131.png,128,0,0.0,0,972_128_0,False
1027,site5_190.png,256,128,1.0,2,1027_256_128,True
1026,site5_189.png,128,256,1.0,2,1026_128_256,True
1404,site6_474.png,128,512,0.0,0,1404_128_512,False
3131,site13_148.png,512,0,0.6143798828125,2,3131_512_0,True
2923,site8_144.png,384,128,0.81768798828125,2,2923_384_128,True
1051,site5_218.png,384,512,1.0,2,1051_384_512,True
2068,site14_107.png,384,256,0.0,0,2068_384_256,False
3130,site13_147.png,384,128,1.0,2,3130_384_128,True
580,site3_638.png,0,128,0.0,0,580_0_128,False
3076,site13_83.png,384,384,1.0,2,3076_384_384,True
2494,site12_95.png,512,512,0.0,0,2494_512_512,False
1404,site6_474.png,384,512,0.0,0,1404_384_512,False
2355,site15_107.png,0,0,0.0,0,2355_0_0,False
994,site5_155.png,128,384,0.49200439453125,2,994_128_384,True
2733,site1_48.png,384,384,0.0029296875,0,2733_384_384,True
1380,site6_441.png,384,512,0.0,0,1380_384_512,False
2972,site8_198.png,512,128,0.0,0,2972_512_128,False
2685,site10_20.png,128,128,0.0,0,2685_128_128,False
2638,site17_53.png,256,128,0.736083984375,2,2638_256_128,True
1005,site5_167.png,256,512,0.0,0,1005_256_512,False
2646,site17_61.png,384,512,1.0,2,2646_384_512,True
1778,site6_967.png,128,512,0.0,0,1778_128_512,False
832,site4_158.png,384,384,0.3734130859375,1,832_384_384,True
2242,site14_310.png,256,512,0.0,0,2242_256_512,False
3095,site13_106.png,512,128,0.1590576171875,1,3095_512_128,True
609,site3_671.png,512,384,0.0,0,609_512_384,False
3083,site13_92.png,256,512,1.0,2,3083_256_512,True
386,site3_421.png,256,256,0.0,0,386_256_256,False
3157,site13_179.png,128,384,0.02484130859375,0,3157_128_384,True
1086,site5_259.png,256,0,0.0,0,1086_256_0,False
3101,site13_114.png,256,0,1.0,2,3101_256_0,True
2056,site14_92.png,256,384,0.0,0,2056_256_384,False
1943,site9_57.png,128,0,0.0,0,1943_128_0,False
2551,site12_156.png,256,384,0.0,0,2551_256_384,False
2470,site12_70.png,512,512,0.80279541015625,2,2470_512_512,True
1572,site6_693.png,384,384,0.0,0,1572_384_384,False
1097,site5_278.png,0,128,1.0,2,1097_0_128,True
2323,site15_72.png,0,0,0.0,0,2323_0_0,False
3024,site13_8.png,0,384,0.0,0,3024_0_384,False
1917,site9_18.png,384,512,0.39263916015625,1,1917_384_512,True
3026,site13_17.png,256,384,0.1541748046875,1,3026_256_384,True
2053,site14_89.png,384,256,0.50958251953125,2,2053_384_256,True
2943,site8_166.png,256,0,1.0,2,2943_256_0,True
1227,site6_231.png,0,128,0.0,0,1227_0_128,False
926,site5_79.png,256,0,0.9581298828125,2,926_256_0,True
772,site4_94.png,256,128,0.0,0,772_256_128,False
3105,site13_118.png,384,128,0.0,0,3105_384_128,False
2655,site17_72.png,512,256,0.0,0,2655_512_256,False
265,site3_294.png,384,128,0.0,0,265_384_128,False
270,site3_299.png,512,256,0.0,0,270_512_256,False
4725,site16_693.png,256,384,0.08416748046875,1,4725_256_384,True
1938,site9_49.png,128,256,0.0,0,1938_128_256,False
3288,site2_132.png,512,128,0.10333251953125,1,3288_512_128,True
2073,site14_112.png,256,256,0.0,0,2073_256_256,False
3163,site13_187.png,0,128,0.0,0,3163_0_128,False
3156,site13_178.png,256,256,0.96630859375,2,3156_256_256,True
1959,site9_79.png,0,256,0.96575927734375,2,1959_0_256,True
1923,site9_28.png,384,256,0.5118408203125,2,1923_384_256,True
2935,site8_157.png,0,512,1.0,2,2935_0_512,True
969,site5_128.png,128,384,0.86431884765625,2,969_128_384,True
3140,site13_158.png,256,512,1.0,2,3140_256_512,True
1228,site6_232.png,128,384,1.0,2,1228_128_384,True
1923,site9_28.png,512,256,0.630126953125,2,1923_512_256,True
2455,site12_53.png,256,384,0.0,0,2455_256_384,False
319,site3_351.png,0,256,0.0,0,319_0_256,False
2604,site17_11.png,0,0,0.984375,2,2604_0_0,True
3242,site2_79.png,256,128,0.0,0,3242_256_128,False
3018,site8_254.png,512,512,0.3170166015625,1,3018_512_512,True
2599,site17_6.png,256,384,0.0,0,2599_256_384,False
2460,site12_58.png,384,0,0.8902587890625,2,2460_384_0,True
2066,site14_105.png,384,512,0.0,0,2066_384_512,False
2955,site8_179.png,128,0,0.0,0,2955_128_0,False
2914,site8_134.png,256,512,0.37811279296875,1,2914_256_512,True
408,site3_446.png,512,384,0.0,0,408_512_384,False
3047,site13_47.png,128,384,1.0,2,3047_128_384,True
3022,site13_6.png,256,128,0.32958984375,1,3022_256_128,True
3626,site11_360.png,0,512,0.31378173828125,1,3626_0_512,True
1961,site9_81.png,256,0,0.4012451171875,2,1961_256_0,True
3106,site13_119.png,0,0,0.0,0,3106_0_0,False
1238,site6_242.png,384,128,0.0,0,1238_384_128,False
3111,site13_126.png,512,256,1.0,2,3111_512_256,True
4590,site16_536.png,256,384,1.0,2,4590_256_384,True
2226,site14_287.png,384,512,0.0,0,2226_384_512,False
1191,site6_173.png,512,512,0.0,0,1191_512_512,False
1129,site6_84.png,0,0,0.0,0,1129_0_0,False
2342,site15_93.png,384,512,0.0,0,2342_384_512,False
558,site3_611.png,128,128,0.0,0,558_128_128,False
2075,site14_114.png,256,0,0.489990234375,2,2075_256_0,True
2100,site14_144.png,0,256,0.0,0,2100_0_256,False
4638,site16_588.png,128,512,0.0,0,4638_128_512,False
2659,site17_76.png,256,512,0.0,0,2659_256_512,False
2332,site15_82.png,0,256,0.0,0,2332_0_256,False
740,site4_60.png,512,128,0.0,0,740_512_128,False
1087,site5_260.png,0,256,0.5760498046875,2,1087_0_256,True
2831,site8_36.png,0,384,1.0,2,2831_0_384,True
2484,site12_85.png,0,128,0.0,0,2484_0_128,False
3231,site2_66.png,512,256,0.0,0,3231_512_256,False
2331,site15_81.png,128,512,0.0,0,2331_128_512,False
775,site4_97.png,0,128,0.16357421875,1,775_0_128,True
3094,site13_105.png,256,256,0.0,0,3094_256_256,False
1325,site6_369.png,384,256,0.0,0,1325_384_256,False
605,site3_667.png,0,128,0.0,0,605_0_128,False
2730,site1_45.png,256,384,0.440185546875,2,2730_256_384,True
2484,site12_85.png,512,128,0.938232421875,2,2484_512_128,True
3066,site13_71.png,0,512,0.0,0,3066_0_512,False
2371,site15_126.png,256,128,0.0,0,2371_256_128,False
1031,site5_194.png,512,0,0.96954345703125,2,1031_512_0,True
360,site3_393.png,512,256,0.0,0,360_512_256,False
2478,site12_78.png,256,512,1.0,2,2478_256_512,True
2124,site14_169.png,0,512,0.0,0,2124_0_512,False
1058,site5_225.png,128,256,0.41522216796875,2,1058_128_256,True
2042,site14_76.png,384,512,0.0,0,2042_384_512,False
891,site5_31.png,384,384,0.0,0,891_384_384,False
290,site3_320.png,128,256,0.0,0,290_128_256,False
45,site3_56.png,128,128,0.0,0,45_128_128,False
3030,site13_26.png,512,384,0.9273681640625,2,3030_512_384,True
1918,site9_19.png,256,0,0.47955322265625,2,1918_256_0,True
760,site4_81.png,512,384,0.0,0,760_512_384,False
549,site3_602.png,256,128,0.4981689453125,2,549_256_128,True
1791,site6_990.png,512,0,1.0,2,1791_512_0,True
2161,site14_210.png,512,128,0.0,0,2161_512_128,False
918,site5_67.png,128,384,0.0,0,918_128_384,False
2943,site8_166.png,384,128,1.0,2,2943_384_128,True
2494,site12_95.png,256,128,1.0,2,2494_256_128,True
2242,site14_310.png,128,384,0.10699462890625,1,2242_128_384,True
605,site3_667.png,384,256,0.0,0,605_384_256,False
1947,site9_61.png,0,384,0.26312255859375,1,1947_0_384,True
740,site4_60.png,128,384,0.0,0,740_128_384,False
987,site5_148.png,0,128,0.0,0,987_0_128,False
1944,site9_58.png,256,256,0.0,0,1944_256_256,False
964,site5_121.png,256,128,0.61114501953125,2,964_256_128,True
2658,site17_75.png,0,256,1.0,2,2658_0_256,True
2602,site17_9.png,384,0,0.74322509765625,2,2602_384_0,True
240,site3_268.png,384,256,0.0,0,240_384_256,False
2578,site12_186.png,384,256,0.0,0,2578_384_256,False
3154,site13_176.png,512,256,0.2618408203125,1,3154_512_256,True
3096,site13_107.png,512,512,1.0,2,3096_512_512,True
2439,site12_36.png,128,256,0.5093994140625,2,2439_128_256,True
293,site3_323.png,256,128,0.5135498046875,2,293_256_128,True
493,site3_540.png,0,256,0.29473876953125,1,493_0_256,True
887,site5_27.png,256,256,0.0,0,887_256_256,False
350,site3_383.png,0,0,0.0,0,350_0_0,False
4402,site16_330.png,128,384,0.0,0,4402_128_384,False
2234,site14_295.png,128,0,0.0,0,2234_128_0,False
930,site5_83.png,128,384,0.0,0,930_128_384,False
2524,site12_127.png,512,128,0.0,0,2524_512_128,False
3116,site13_132.png,256,384,0.41876220703125,2,3116_256_384,True
2484,site12_85.png,384,512,0.6949462890625,2,2484_384_512,True
3686,site11_422.png,384,256,0.2489013671875,1,3686_384_256,True
387,site3_422.png,384,128,0.0018310546875,0,387_384_128,True
2729,site1_44.png,128,384,0.0,0,2729_128_384,False
3111,site13_126.png,0,128,0.0,0,3111_0_128,False
3154,site13_176.png,512,384,0.00408935546875,0,3154_512_384,True
1325,site6_369.png,384,384,0.0,0,1325_384_384,False
2490,site12_91.png,512,0,0.0,0,2490_512_0,False
2110,site14_154.png,256,256,0.0,0,2110_256_256,False
2068,site14_107.png,384,0,0.330078125,1,2068_384_0,True
263,site3_292.png,0,384,0.0,0,263_0_384,False
2618,site17_29.png,0,512,0.0,0,2618_0_512,False
791,site4_114.png,256,256,0.989990234375,2,791_256_256,True
3118,site13_134.png,0,256,1.0,2,3118_0_256,True
1917,site9_18.png,256,512,0.06048583984375,1,1917_256_512,True
1939,site9_50.png,128,128,0.9501953125,2,1939_128_128,True
526,site3_576.png,0,256,0.0,0,526_0_256,False
3087,site13_96.png,384,128,0.0,0,3087_384_128,False
2514,site12_117.png,0,128,0.0,0,2514_0_128,False
2665,site17_85.png,256,256,0.0,0,2665_256_256,False
1254,site6_269.png,256,0,0.0,0,1254_256_0,False
4751,site16_723.png,512,0,0.0,0,4751_512_0,False
3022,site13_6.png,512,256,0.0,0,3022_512_256,False
3286,site2_130.png,0,256,0.0,0,3286_0_256,False
2765,site1_85.png,512,256,0.0,0,2765_512_256,False
2457,site12_55.png,0,128,0.896240234375,2,2457_0_128,True
2674,site7_6.png,384,384,0.0,0,2674_384_384,False
2726,site1_41.png,128,512,0.0,0,2726_128_512,False
2346,site15_97.png,256,0,0.14093017578125,1,2346_256_0,True
2226,site14_287.png,128,0,0.0,0,2226_128_0,False
2033,site14_67.png,0,384,0.0,0,2033_0_384,False
1948,site9_62.png,256,512,0.7913818359375,2,1948_256_512,True
1812,site6_1023.png,0,0,0.0,0,1812_0_0,False
2513,site12_116.png,384,128,0.0,0,2513_384_128,False
1237,site6_241.png,256,512,0.0,0,1237_256_512,False
2160,site14_209.png,384,256,0.0,0,2160_384_256,False
3660,site11_395.png,0,384,0.01068115234375,0,3660_0_384,True
4729,site16_697.png,384,384,0.0,0,4729_384_384,False
3274,site2_116.png,256,256,0.0,0,3274_256_256,False
2491,site12_92.png,384,0,0.0,0,2491_384_0,False
2504,site12_106.png,128,0,0.0,0,2504_128_0,False
2469,site12_69.png,256,512,0.0,0,2469_256_512,False
2041,site14_75.png,0,384,0.0,0,2041_0_384,False
1061,site5_228.png,384,256,0.69671630859375,2,1061_384_256,True
3657,site11_392.png,512,384,0.23748779296875,1,3657_512_384,True
2366,site15_119.png,384,384,0.0,0,2366_384_384,False
2459,site12_57.png,512,512,0.8741455078125,2,2459_512_512,True
3105,site13_118.png,256,128,0.0,0,3105_256_128,False
1917,site9_18.png,256,0,1.0,2,1917_256_0,True
4748,site16_720.png,0,256,0.0,0,4748_0_256,False
3287,site2_131.png,384,512,0.0,0,3287_384_512,False
2237,site14_298.png,0,0,0.916015625,2,2237_0_0,True
4468,site16_406.png,256,128,0.0,0,4468_256_128,False
1078,site5_247.png,512,384,0.34539794921875,1,1078_512_384,True
848,site4_175.png,0,0,0.06488037109375,1,848_0_0,True
2904,site8_123.png,128,256,0.0,0,2904_128_256,False
1544,site6_657.png,512,256,0.0,0,1544_512_256,False
2652,site17_69.png,128,0,1.0,2,2652_128_0,True
4729,site16_697.png,512,512,0.0,0,4729_512_512,False
2765,site1_85.png,256,256,0.03179931640625,0,2765_256_256,True
263,site3_292.png,128,512,0.72503662109375,2,263_128_512,True
4590,site16_536.png,384,384,1.0,2,4590_384_384,True
3126,site13_143.png,512,512,0.0,0,3126_512_512,False
2964,site8_189.png,0,0,0.0,0,2964_0_0,False
912,site5_61.png,384,384,0.0,0,912_384_384,False
2640,site17_55.png,256,384,1.0,2,2640_256_384,True
3116,site13_132.png,128,256,0.195068359375,1,3116_128_256,True
1586,site6_715.png,256,512,0.0,0,1586_256_512,False
2160,site14_209.png,0,512,0.0,0,2160_0_512,False
990,site5_151.png,0,512,0.366455078125,1,990_0_512,True
1007,site5_169.png,128,128,0.8603515625,2,1007_128_128,True
3037,site13_35.png,512,128,0.0,0,3037_512_128,False
2955,site8_179.png,384,384,0.0,0,2955_384_384,False
1786,site6_985.png,384,128,1.0,2,1786_384_128,True
1129,site6_84.png,128,512,0.0,0,1129_128_512,False
2630,site17_43.png,384,256,0.0,0,2630_384_256,False
932,site5_85.png,128,384,0.0,0,932_128_384,False
3100,site13_113.png,512,384,1.0,2,3100_512_384,True
2599,site17_6.png,0,0,0.0,0,2599_0_0,False
3117,site13_133.png,256,0,0.7530517578125,2,3117_256_0,True
1128,site6_83.png,0,128,0.0,0,1128_0_128,False
3656,site11_391.png,128,128,0.0,0,3656_128_128,False
475,site3_519.png,384,0,0.0,0,475_384_0,False
2471,site12_71.png,384,128,1.0,2,2471_384_128,True
1024,site5_187.png,512,256,0.19964599609375,1,1024_512_256,True
891,site5_31.png,128,256,0.0,0,891_128_256,False
2092,site14_134.png,128,256,0.0,0,2092_128_256,False
577,site3_635.png,256,384,0.0,0,577_256_384,False
1084,site5_257.png,128,256,0.0,0,1084_128_256,False
3103,site13_116.png,384,256,0.50604248046875,2,3103_384_256,True
987,site5_148.png,128,0,0.15240478515625,1,987_128_0,True
1057,site5_224.png,384,384,0.0,0,1057_384_384,False
1738,site6_917.png,256,0,0.0,0,1738_256_0,False
522,site3_572.png,128,128,0.0,0,522_128_128,False
2221,site14_278.png,384,0,0.0,0,2221_384_0,False
3274,site2_116.png,384,512,0.11456298828125,1,3274_384_512,True
3756,site11_494.png,256,384,1.0,2,3756_256_384,True
952,site5_109.png,512,512,1.0,2,952_512_512,True
2610,site17_19.png,256,256,0.0,0,2610_256_256,False
1950,site9_64.png,256,384,0.67193603515625,2,1950_256_384,True
3133,site13_151.png,0,384,0.0,0,3133_0_384,False
2529,site12_133.png,0,128,0.0,0,2529_0_128,False
791,site4_114.png,0,256,1.0,2,791_0_256,True
3095,site13_106.png,0,0,0.0,0,3095_0_0,False
1007,site5_169.png,128,384,0.625,2,1007_128_384,True
2083,site14_125.png,128,512,0.759765625,2,2083_128_512,True
758,site4_79.png,384,512,0.99755859375,2,758_384_512,True
2498,site12_100.png,256,384,0.0,0,2498_256_384,False
3718,site11_455.png,0,512,0.0,0,3718_0_512,False
2083,site14_125.png,384,0,0.0,0,2083_384_0,False
2057,site14_93.png,384,128,0.04150390625,0,2057_384_128,True
2615,site17_24.png,128,128,1.0,2,2615_128_128,True
558,site3_611.png,256,384,0.0,0,558_256_384,False
3135,site13_153.png,0,512,0.6378173828125,2,3135_0_512,True
2102,site14_146.png,384,512,0.89947509765625,2,2102_384_512,True
3209,site2_37.png,128,512,0.010009765625,0,3209_128_512,True
2235,site14_296.png,384,0,6.103515625e-05,0,2235_384_0,True
3104,site13_117.png,0,512,0.91656494140625,2,3104_0_512,True
3118,site13_134.png,512,0,0.05816650390625,1,3118_512_0,True
1736,site6_915.png,128,0,0.0,0,1736_128_0,False
556,site3_609.png,128,128,0.0,0,556_128_128,False
1022,site5_185.png,512,384,0.54229736328125,2,1022_512_384,True
3263,site2_104.png,128,0,0.0,0,3263_128_0,False
2100,site14_144.png,256,256,1.0,2,2100_256_256,True
978,site5_137.png,512,512,0.99969482421875,2,978_512_512,True
2537,site12_141.png,0,512,1.0,2,2537_0_512,True
3242,site2_79.png,256,256,0.0,0,3242_256_256,False
95,site3_113.png,512,128,0.0,0,95_512_128,False
3626,site11_360.png,128,256,0.0,0,3626_128_256,False
2934,site8_156.png,256,512,1.0,2,2934_256_512,True
2923,site8_144.png,0,512,0.0,0,2923_0_512,False
962,site5_119.png,256,0,0.0,0,962_256_0,False
950,site5_105.png,384,128,0.0,0,950_384_128,False
2500,site12_102.png,0,0,0.31964111328125,1,2500_0_0,True
2072,site14_111.png,256,0,0.0330810546875,0,2072_256_0,True
817,site4_141.png,128,0,0.0,0,817_128_0,False
3288,site2_132.png,128,128,0.0,0,3288_128_128,False
3122,site13_138.png,0,512,1.0,2,3122_0_512,True
1015,site5_177.png,128,512,1.0,2,1015_128_512,True
3229,site2_64.png,512,256,1.0,2,3229_512_256,True
3068,site13_73.png,256,384,1.0,2,3068_256_384,True
1205,site6_198.png,128,0,0.0,0,1205_128_0,False
2500,site12_102.png,0,512,0.0,0,2500_0_512,False
2786,site1_110.png,512,128,0.906005859375,2,2786_512_128,True
2658,site17_75.png,512,512,0.406005859375,2,2658_512_512,True
1624,site6_762.png,256,256,0.0,0,1624_256_256,False
3787,site11_526.png,256,384,0.0,0,3787_256_384,False
1078,site5_247.png,512,0,0.20111083984375,1,1078_512_0,True
4565,site16_509.png,0,384,0.0,0,4565_0_384,False
2437,site12_34.png,256,512,0.0,0,2437_256_512,False
2652,site17_69.png,0,384,1.0,2,2652_0_384,True
2509,site12_111.png,256,256,0.0,0,2509_256_256,False
2629,site17_42.png,256,0,0.740234375,2,2629_256_0,True
3078,site13_85.png,0,128,1.0,2,3078_0_128,True
3169,site13_195.png,384,0,0.0,0,3169_384_0,False
4808,site16_793.png,0,0,0.52862548828125,2,4808_0_0,True
1787,site6_986.png,256,0,1.0,2,1787_256_0,True
1168,site6_137.png,384,128,0.0,0,1168_384_128,False
2221,site14_278.png,0,512,0.673095703125,2,2221_0_512,True
3141,site13_159.png,128,384,0.3045654296875,1,3141_128_384,True
1273,site6_299.png,256,256,0.0,0,1273_256_256,False
551,site3_604.png,128,512,0.0,0,551_128_512,False
1015,site5_177.png,0,128,1.0,2,1015_0_128,True
389,site3_424.png,128,512,0.0,0,389_128_512,False
2485,site12_86.png,0,0,0.27008056640625,1,2485_0_0,True
3006,site8_236.png,384,512,0.0,0,3006_384_512,False
1571,site6_692.png,0,384,0.98974609375,2,1571_0_384,True
3117,site13_133.png,512,128,1.0,2,3117_512_128,True
630,site3_697.png,128,384,0.0,0,630_128_384,False
3123,site13_139.png,128,384,0.0,0,3123_128_384,False
473,site3_517.png,128,512,0.0,0,473_128_512,False
833,site4_159.png,512,384,0.0,0,833_512_384,False
3111,site13_126.png,128,0,0.0,0,3111_128_0,False
2083,site14_125.png,512,128,0.0,0,2083_512_128,False
2632,site17_45.png,0,512,0.0,0,2632_0_512,False
1764,site6_953.png,128,384,0.0,0,1764_128_384,False
3126,site13_143.png,512,0,0.577880859375,2,3126_512_0,True
3045,site13_45.png,0,512,0.0,0,3045_0_512,False
3132,site13_149.png,512,512,0.0,0,3132_512_512,False
2977,site8_204.png,0,384,0.0,0,2977_0_384,False
2190,site14_244.png,128,512,0.0,0,2190_128_512,False
3722,site11_459.png,256,128,0.0,0,3722_256_128,False
3157,site13_179.png,128,128,0.07574462890625,1,3157_128_128,True
952,site5_109.png,0,0,0.07220458984375,1,952_0_0,True
3038,site13_36.png,128,128,1.0,2,3038_128_128,True
2598,site17_5.png,0,0,0.3748779296875,1,2598_0_0,True
3720,site11_457.png,512,256,0.0,0,3720_512_256,False
292,site3_322.png,384,512,0.62994384765625,2,292_384_512,True
1546,site6_659.png,0,256,0.0,0,1546_0_256,False
352,site3_385.png,512,512,0.0,0,352_512_512,False
3025,site13_16.png,384,512,0.0,0,3025_384_512,False
947,site5_102.png,256,384,0.0,0,947_256_384,False
2119,site14_164.png,0,512,0.0,0,2119_0_512,False
3131,site13_148.png,256,256,0.88262939453125,2,3131_256_256,True
3096,site13_107.png,256,384,1.0,2,3096_256_384,True
2654,site17_71.png,256,256,0.40533447265625,2,2654_256_256,True
2685,site10_20.png,256,128,0.0,0,2685_256_128,False
3726,site11_463.png,0,512,0.0,0,3726_0_512,False
2479,site12_79.png,256,512,1.0,2,2479_256_512,True
1950,site9_64.png,256,128,0.0,0,1950_256_128,False
606,site3_668.png,384,128,0.31268310546875,1,606_384_128,True
2323,site15_72.png,128,256,0.0,0,2323_128_256,False
2447,site12_44.png,256,384,0.0,0,2447_256_384,False
814,site4_138.png,384,128,0.0,0,814_384_128,False
792,site4_115.png,256,256,0.0,0,792_256_256,False
961,site5_118.png,384,256,0.0,0,961_384_256,False
849,site4_176.png,0,384,0.0,0,849_0_384,False
3028,site13_24.png,256,256,0.0,0,3028_256_256,False
2050,site14_86.png,384,128,0.0,0,2050_384_128,False
1024,site5_187.png,0,512,0.0,0,1024_0_512,False
2197,site14_251.png,0,128,0.0,0,2197_0_128,False
2979,site8_206.png,512,256,0.0,0,2979_512_256,False
2355,site15_107.png,0,256,0.0,0,2355_0_256,False
2484,site12_85.png,256,0,0.0,0,2484_256_0,False
2086,site14_128.png,0,0,0.0,0,2086_0_0,False
2478,site12_78.png,0,384,1.0,2,2478_0_384,True
2654,site17_71.png,256,512,1.0,2,2654_256_512,True
94,site3_112.png,128,256,0.1068115234375,1,94_128_256,True
2520,site12_123.png,384,256,0.00567626953125,0,2520_384_256,True
994,site5_155.png,384,256,1.0,2,994_384_256,True
3061,site13_65.png,128,0,0.0,0,3061_128_0,False
833,site4_159.png,256,128,0.0,0,833_256_128,False
1953,site9_70.png,256,0,0.35235595703125,1,1953_256_0,True
3083,site13_92.png,0,128,0.888427734375,2,3083_0_128,True
2915,site8_135.png,384,512,0.0,0,2915_384_512,False
3066,site13_71.png,384,128,0.08203125,1,3066_384_128,True
1741,site6_920.png,128,0,0.0,0,1741_128_0,False
1301,site6_336.png,512,384,0.0,0,1301_512_384,False
1967,site9_90.png,0,0,0.9237060546875,2,1967_0_0,True
3072,site13_77.png,256,128,0.0,0,3072_256_128,False
609,site3_671.png,0,128,0.0,0,609_0_128,False
3148,site13_168.png,512,512,0.86578369140625,2,3148_512_512,True
3078,site13_85.png,256,384,0.0,0,3078_256_384,False
3138,site13_156.png,512,128,1.0,2,3138_512_128,True
3045,site13_45.png,512,512,0.0,0,3045_512_512,False
606,site3_668.png,512,0,0.0,0,606_512_0,False
4469,site16_407.png,512,256,0.0,0,4469_512_256,False
290,site3_320.png,384,512,0.0,0,290_384_512,False
2050,site14_86.png,256,128,0.0,0,2050_256_128,False
1029,site5_192.png,128,512,0.6905517578125,2,1029_128_512,True
2665,site17_85.png,512,384,0.0,0,2665_512_384,False
1953,site9_70.png,256,384,0.9208984375,2,1953_256_384,True
123,site3_144.png,256,256,0.0,0,123_256_256,False
1543,site6_656.png,256,384,0.0,0,1543_256_384,False
1189,site6_171.png,256,384,0.0,0,1189_256_384,False
972,site5_131.png,512,0,0.0,0,972_512_0,False
1261,site6_276.png,384,256,0.0,0,1261_384_256,False
772,site4_94.png,0,128,0.0,0,772_0_128,False
3218,site2_50.png,512,0,0.158935546875,1,3218_512_0,True
2242,site14_310.png,0,512,0.00469970703125,0,2242_0_512,True
1947,site9_61.png,256,0,1.0,2,1947_256_0,True
4726,site16_694.png,384,128,0.0,0,4726_384_128,False
756,site4_77.png,384,256,1.0,2,756_384_256,True
962,site5_119.png,384,256,0.0,0,962_384_256,False
3061,site13_65.png,128,128,0.0,0,3061_128_128,False
1025,site5_188.png,0,512,0.986328125,2,1025_0_512,True
2236,site14_297.png,512,512,0.05535888671875,1,2236_512_512,True
3163,site13_187.png,128,384,0.0,0,3163_128_384,False
1026,site5_189.png,256,384,1.0,2,1026_256_384,True
298,site3_328.png,512,512,0.0,0,298_512_512,False
962,site5_119.png,0,512,0.5960693359375,2,962_0_512,True
4518,site16_459.png,0,512,0.9786376953125,2,4518_0_512,True
2191,site14_245.png,256,256,0.9998779296875,2,2191_256_256,True
2444,site12_41.png,512,512,0.9141845703125,2,2444_512_512,True
2915,site8_135.png,128,384,0.0,0,2915_128_384,False
1057,site5_224.png,0,128,0.39239501953125,1,1057_0_128,True
351,site3_384.png,128,384,0.0,0,351_128_384,False
2083,site14_125.png,0,384,0.35223388671875,1,2083_0_384,True
2721,site1_35.png,128,128,0.0,0,2721_128_128,False
3029,site13_25.png,256,128,0.0,0,3029_256_128,False
2904,site8_123.png,384,384,0.0,0,2904_384_384,False
759,site4_80.png,128,384,1.0,2,759_128_384,True
2100,site14_144.png,384,384,0.855712890625,2,2100_384_384,True
2336,site15_86.png,128,128,0.21795654296875,1,2336_128_128,True
2117,site14_162.png,128,128,0.0,0,2117_128_128,False
2440,site12_37.png,512,0,0.0,0,2440_512_0,False
1057,site5_224.png,512,0,0.0,0,1057_512_0,False
2652,site17_69.png,0,512,1.0,2,2652_0_512,True
4590,site16_536.png,512,512,0.7275390625,2,4590_512_512,True
4768,site16_745.png,256,384,0.0,0,4768_256_384,False
2925,site8_146.png,128,384,0.00732421875,0,2925_128_384,True
326,site3_358.png,0,0,0.0,0,326_0_0,False
4970,site16_1005.png,0,256,0.32293701171875,1,4970_0_256,True
847,site4_174.png,256,256,0.03802490234375,0,847_256_256,True
2640,site17_55.png,128,512,0.8973388671875,2,2640_128_512,True
1002,site5_164.png,512,128,0.0,0,1002_512_128,False
2110,site14_154.png,0,384,0.072265625,1,2110_0_384,True
4875,site16_875.png,384,384,0.0440673828125,0,4875_384_384,True
949,site5_104.png,384,0,0.0,0,949_384_0,False
3024,site13_8.png,384,384,0.0,0,3024_384_384,False
2441,site12_38.png,0,512,0.0,0,2441_0_512,False
2144,site14_190.png,384,384,0.0,0,2144_384_384,False
3164,site13_188.png,384,512,0.0,0,3164_384_512,False
3241,site2_78.png,256,128,0.0,0,3241_256_128,False
2647,site17_62.png,384,512,0.0,0,2647_384_512,False
2602,site17_9.png,256,384,1.0,2,2602_256_384,True
2484,site12_85.png,384,384,0.55584716796875,2,2484_384_384,True
95,site3_113.png,384,256,0.0,0,95_384_256,False
952,site5_109.png,384,512,1.0,2,952_384_512,True
577,site3_635.png,384,0,0.0,0,577_384_0,False
2686,site10_21.png,512,384,0.0,0,2686_512_384,False
965,site5_122.png,0,128,0.0,0,965_0_128,False
2640,site17_55.png,384,128,0.0,0,2640_384_128,False
4424,site16_355.png,256,256,0.6964111328125,2,4424_256_256,True
980,site5_139.png,128,128,0.0,0,980_128_128,False
3067,site13_72.png,0,384,1.0,2,3067_0_384,True
2539,site12_143.png,256,0,0.0,0,2539_256_0,False
3047,site13_47.png,128,128,1.0,2,3047_128_128,True
1205,site6_198.png,0,128,0.0,0,1205_0_128,False
2654,site17_71.png,128,128,0.25341796875,1,2654_128_128,True
240,site3_268.png,0,256,0.0,0,240_0_256,False
997,site5_158.png,256,512,0.4483642578125,2,997_256_512,True
4808,site16_793.png,384,512,0.0,0,4808_384_512,False
3096,site13_107.png,256,128,0.0,0,3096_256_128,False
2336,site15_86.png,256,512,0.0,0,2336_256_512,False
3718,site11_455.png,384,128,0.48223876953125,2,3718_384_128,True
3118,site13_134.png,512,128,0.997802734375,2,3118_512_128,True
4699,site16_664.png,384,384,0.0,0,4699_384_384,False
963,site5_120.png,512,384,0.0,0,963_512_384,False
891,site5_31.png,128,512,0.0,0,891_128_512,False
990,site5_151.png,256,128,0.0,0,990_256_128,False
352,site3_385.png,384,128,0.0,0,352_384_128,False
3162,site13_186.png,0,0,0.6480712890625,2,3162_0_0,True
2486,site12_87.png,0,128,1.0,2,2486_0_128,True
928,site5_81.png,0,128,0.9111328125,2,928_0_128,True
740,site4_60.png,0,128,0.0,0,740_0_128,False
1229,site6_233.png,128,0,0.05352783203125,1,1229_128_0,True
298,site3_328.png,128,256,0.0,0,298_128_256,False
2935,site8_157.png,256,0,0.18536376953125,1,2935_256_0,True
3095,site13_106.png,512,256,0.89794921875,2,3095_512_256,True
3069,site13_74.png,256,0,1.0,2,3069_256_0,True
793,site4_116.png,384,512,0.0,0,793_384_512,False
2563,site12_169.png,128,384,0.0,0,2563_128_384,False
3726,site11_463.png,0,128,0.2789306640625,1,3726_0_128,True
2612,site17_21.png,256,512,0.0,0,2612_256_512,False
2101,site14_145.png,0,384,1.0,2,2101_0_384,True
3099,site13_112.png,256,256,1.0,2,3099_256_256,True
3102,site13_115.png,256,128,0.0621337890625,1,3102_256_128,True
3314,site2_165.png,256,128,0.15032958984375,1,3314_256_128,True
1261,site6_276.png,384,512,0.0,0,1261_384_512,False
889,site5_29.png,128,384,0.0,0,889_128_384,False
924,site5_77.png,0,0,0.0,0,924_0_0,False
3690,site11_426.png,512,256,0.33392333984375,1,3690_512_256,True
833,site4_159.png,384,128,0.0,0,833_384_128,False
416,site3_454.png,128,256,0.0,0,416_128_256,False
2442,site12_39.png,256,0,0.0,0,2442_256_0,False
755,site4_76.png,128,0,0.0,0,755_128_0,False
1007,site5_169.png,256,0,0.0732421875,1,1007_256_0,True
1762,site6_951.png,256,512,1.0,2,1762_256_512,True
1943,site9_57.png,512,128,1.0,2,1943_512_128,True
3721,site11_458.png,128,128,0.0,0,3721_128_128,False
2494,site12_95.png,128,384,0.8233642578125,2,2494_128_384,True
3106,site13_119.png,128,0,0.0,0,3106_128_0,False
1005,site5_167.png,256,256,0.3046875,1,1005_256_256,True
1736,site6_915.png,256,256,0.0,0,1736_256_256,False
969,site5_128.png,384,128,0.0,0,969_384_128,False
3134,site13_152.png,256,256,0.031494140625,0,3134_256_256,True
2647,site17_62.png,128,512,0.0059814453125,0,2647_128_512,True
996,site5_157.png,128,384,0.0,0,996_128_384,False
3592,site11_325.png,512,256,0.0,0,3592_512_256,False
2463,site12_61.png,256,0,0.75762939453125,2,2463_256_0,True
978,site5_137.png,384,128,0.11163330078125,1,978_384_128,True
3067,site13_72.png,0,512,1.0,2,3067_0_512,True
678,site3_766.png,256,384,0.0,0,678_256_384,False
493,site3_540.png,512,0,0.23590087890625,1,493_512_0,True
3241,site2_78.png,128,256,0.0,0,3241_128_256,False
4770,site16_747.png,0,128,0.0,0,4770_0_128,False
952,site5_109.png,0,128,0.54132080078125,2,952_0_128,True
2066,site14_105.png,0,384,0.0,0,2066_0_384,False
2372,site15_127.png,0,0,0.75714111328125,2,2372_0_0,True
1227,site6_231.png,256,384,0.99090576171875,2,1227_256_384,True
3824,site11_564.png,512,0,0.0,0,3824_512_0,False
1010,site5_172.png,256,384,1.0,2,1010_256_384,True
790,site4_113.png,512,512,1.0,2,790_512_512,True
2753,site1_71.png,256,0,0.0,0,2753_256_0,False
1061,site5_228.png,0,512,0.20355224609375,1,1061_0_512,True
1026,site5_189.png,512,384,1.0,2,1026_512_384,True
1654,site6_808.png,128,384,0.31134033203125,1,1654_128_384,True
2612,site17_21.png,0,512,0.0,0,2612_0_512,False
1254,site6_269.png,256,256,0.0,0,1254_256_256,False
2192,site14_246.png,128,128,0.0772705078125,1,2192_128_128,True
3141,site13_159.png,256,0,0.0,0,3141_256_0,False
4402,site16_330.png,256,0,0.0,0,4402_256_0,False
3051,site13_53.png,0,512,0.11492919921875,1,3051_0_512,True
1040,site5_205.png,0,512,0.0,0,1040_0_512,False
3045,site13_45.png,384,256,0.698486328125,2,3045_384_256,True
2083,site14_125.png,0,512,0.76507568359375,2,2083_0_512,True
2085,site14_127.png,128,0,0.1751708984375,1,2085_128_0,True
2764,site1_84.png,256,384,0.0,0,2764_256_384,False
3047,site13_47.png,384,384,0.082275390625,1,3047_384_384,True
3140,site13_158.png,128,128,1.0,2,3140_128_128,True
775,site4_97.png,512,512,0.6866455078125,2,775_512_512,True
4566,site16_510.png,0,384,0.0,0,4566_0_384,False
3104,site13_117.png,256,0,1.0,2,3104_256_0,True
3148,site13_168.png,256,512,1.0,2,3148_256_512,True
4402,site16_330.png,256,512,0.0,0,4402_256_512,False
3068,site13_73.png,512,128,1.0,2,3068_512_128,True
3249,site2_88.png,128,512,0.0,0,3249_128_512,False
984,site5_145.png,0,384,0.0,0,984_0_384,False
793,site4_116.png,512,512,0.0,0,793_512_512,False
632,site3_699.png,128,512,0.0,0,632_128_512,False
3018,site8_254.png,512,384,0.30731201171875,1,3018_512_384,True
2926,site8_147.png,256,384,0.5850830078125,2,2926_256_384,True
328,site3_360.png,128,256,0.0,0,328_128_256,False
3240,site2_77.png,128,512,0.0,0,3240_128_512,False
473,site3_517.png,256,0,0.1634521484375,1,473_256_0,True
791,site4_114.png,512,128,0.006103515625,0,791_512_128,True
983,site5_142.png,384,256,0.0,0,983_384_256,False
2068,site14_107.png,128,0,0.92437744140625,2,2068_128_0,True
2174,site14_225.png,384,512,0.05352783203125,1,2174_384_512,True
3077,site13_84.png,256,384,1.0,2,3077_256_384,True
240,site3_268.png,256,256,0.0,0,240_256_256,False
3142,site13_162.png,0,384,0.63092041015625,2,3142_0_384,True
1000,site5_161.png,384,128,0.0,0,1000_384_128,False
1085,site5_258.png,256,128,0.0,0,1085_256_128,False
3089,site13_98.png,128,256,0.0,0,3089_128_256,False
2831,site8_36.png,0,256,1.0,2,2831_0_256,True
1380,site6_441.png,0,256,0.0,0,1380_0_256,False
2471,site12_71.png,128,128,1.0,2,2471_128_128,True
2830,site8_35.png,128,128,0.0,0,2830_128_128,False
1544,site6_657.png,256,256,0.9747314453125,2,1544_256_256,True
2960,site8_185.png,0,0,0.0,0,2960_0_0,False
3161,site13_185.png,128,128,0.0,0,3161_128_128,False
1525,site6_638.png,0,384,0.0,0,1525_0_384,False
359,site3_392.png,384,384,0.0,0,359_384_384,False
2100,site14_144.png,256,0,0.98443603515625,2,2100_256_0,True
817,site4_141.png,256,512,0.0,0,817_256_512,False
2335,site15_85.png,512,256,0.91998291015625,2,2335_512_256,True
991,site5_152.png,0,128,0.0,0,991_0_128,False
916,site5_65.png,512,512,0.0,0,916_512_512,False
1762,site6_951.png,128,256,1.0,2,1762_128_256,True
2499,site12_101.png,128,128,0.33636474609375,1,2499_128_128,True
94,site3_112.png,512,256,0.5347900390625,2,94_512_256,True
3790,site11_529.png,512,512,0.0,0,3790_512_512,False
3086,site13_95.png,256,384,0.0,0,3086_256_384,False
1039,site5_204.png,128,384,0.60418701171875,2,1039_128_384,True
1787,site6_986.png,384,128,1.0,2,1787_384_128,True
2504,site12_106.png,256,512,0.1219482421875,1,2504_256_512,True
1086,site5_259.png,256,128,0.0,0,1086_256_128,False
965,site5_122.png,384,256,0.0,0,965_384_256,False
1692,site6_855.png,384,256,0.0,0,1692_384_256,False
581,site3_639.png,384,512,0.057861328125,1,581_384_512,True
2331,site15_81.png,0,256,0.0,0,2331_0_256,False
3083,site13_92.png,128,256,1.0,2,3083_128_256,True
773,site4_95.png,512,384,1.0,2,773_512_384,True
2745,site1_61.png,256,256,0.0,0,2745_256_256,False
3053,site13_55.png,0,512,0.0,0,3053_0_512,False
2197,site14_251.png,128,512,0.0,0,2197_128_512,False
3126,site13_143.png,0,128,0.37628173828125,1,3126_0_128,True
3788,site11_527.png,0,128,0.0,0,3788_0_128,False
2203,site14_257.png,256,128,0.8612060546875,2,2203_256_128,True
980,site5_139.png,384,0,0.0,0,980_384_0,False
1785,site6_984.png,128,384,0.0,0,1785_128_384,False
4637,site16_587.png,256,384,0.0072021484375,0,4637_256_384,True
1959,site9_79.png,512,0,0.61212158203125,2,1959_512_0,True
2119,site14_164.png,256,256,0.0,0,2119_256_256,False
773,site4_95.png,384,512,1.0,2,773_384_512,True
2237,site14_298.png,128,0,0.0826416015625,1,2237_128_0,True
1776,site6_965.png,128,384,0.0,0,1776_128_384,False
2518,site12_121.png,256,512,0.904296875,2,2518_256_512,True
3820,site11_560.png,512,384,0.0,0,3820_512_384,False
1503,site6_607.png,512,512,0.0,0,1503_512_512,False
1026,site5_189.png,384,512,1.0,2,1026_384_512,True
2675,site7_7.png,0,512,0.0,0,2675_0_512,False
2187,site14_238.png,256,256,0.0,0,2187_256_256,False
4568,site16_512.png,384,512,0.0,0,4568_384_512,False
3169,site13_195.png,128,384,0.0,0,3169_128_384,False
2180,site14_231.png,512,0,0.0,0,2180_512_0,False
2403,site15_164.png,128,384,0.0,0,2403_128_384,False
1624,site6_762.png,128,256,0.0,0,1624_128_256,False
2163,site14_212.png,256,0,0.0,0,2163_256_0,False
2175,site14_226.png,512,384,0.0,0,2175_512_384,False
2895,site8_113.png,512,512,0.38787841796875,1,2895_512_512,True
2186,site14_237.png,384,0,0.0,0,2186_384_0,False
3099,site13_112.png,0,128,0.367919921875,1,3099_0_128,True
2517,site12_120.png,0,128,0.687255859375,2,2517_0_128,True
1060,site5_227.png,256,128,0.40093994140625,2,1060_256_128,True
3107,site13_122.png,512,384,0.0,0,3107_512_384,False
948,site5_103.png,128,384,0.26776123046875,1,948_128_384,True
3104,site13_117.png,128,512,0.97906494140625,2,3104_128_512,True
2163,site14_212.png,128,512,0.0562744140625,1,2163_128_512,True
1492,site6_588.png,0,128,0.0,0,1492_0_128,False
990,site5_151.png,256,0,0.0,0,990_256_0,False
1260,site6_275.png,384,128,0.0,0,1260_384_128,False
3289,site2_133.png,0,384,0.0,0,3289_0_384,False
1440,site6_518.png,512,512,0.40618896484375,2,1440_512_512,True
2685,site10_20.png,512,0,0.0,0,2685_512_0,False
980,site5_139.png,0,128,0.0,0,980_0_128,False
295,site3_325.png,384,0,0.2894287109375,1,295_384_0,True
3138,site13_156.png,384,0,1.0,2,3138_384_0,True
630,site3_697.png,256,512,0.0,0,630_256_512,False
3287,site2_131.png,0,128,0.0,0,3287_0_128,False
888,site5_28.png,128,512,0.0,0,888_128_512,False
557,site3_610.png,384,256,0.08721923828125,1,557_384_256,True
3105,site13_118.png,256,0,0.0,0,3105_256_0,False
3046,site13_46.png,384,384,1.0,2,3046_384_384,True
3066,site13_71.png,384,384,0.21307373046875,1,3066_384_384,True
918,site5_67.png,384,384,0.0,0,918_384_384,False
630,site3_697.png,512,128,0.0,0,630_512_128,False
2968,site8_194.png,128,0,0.0,0,2968_128_0,False
3123,site13_139.png,384,512,0.0,0,3123_384_512,False
528,site3_578.png,256,0,0.0,0,528_256_0,False
1956,site9_73.png,0,384,0.4254150390625,2,1956_0_384,True
2218,site14_275.png,384,0,0.0,0,2218_384_0,False
2504,site12_106.png,512,256,1.0,2,2504_512_256,True
814,site4_138.png,128,0,0.37158203125,1,814_128_0,True
3142,site13_162.png,256,0,0.00830078125,0,3142_256_0,True
584,site3_642.png,384,0,0.0,0,584_384_0,False
2226,site14_287.png,0,512,0.54736328125,2,2226_0_512,True
4726,site16_694.png,512,0,0.384521484375,1,4726_512_0,True
524,site3_574.png,128,512,0.18719482421875,1,524_128_512,True
2203,site14_257.png,512,384,0.0,0,2203_512_384,False
2529,site12_133.png,0,0,0.592041015625,2,2529_0_0,True
1786,site6_985.png,384,384,0.0009765625,0,1786_384_384,True
2986,site8_214.png,256,512,0.0,0,2986_256_512,False
2830,site8_35.png,128,256,0.0,0,2830_128_256,False
1215,site6_208.png,512,128,0.102294921875,1,1215_512_128,True
1493,site6_589.png,256,0,0.0,0,1493_256_0,False
2161,site14_210.png,256,0,0.3699951171875,1,2161_256_0,True
1282,site6_308.png,384,256,0.0,0,1282_384_256,False
2220,site14_277.png,384,128,0.036865234375,0,2220_384_128,True
295,site3_325.png,0,512,0.0,0,295_0_512,False
1010,site5_172.png,512,128,0.85906982421875,2,1010_512_128,True
1880,site6_1140.png,512,384,0.0,0,1880_512_384,False
1041,site5_206.png,128,384,1.0,2,1041_128_384,True
1543,site6_656.png,128,256,0.0,0,1543_128_256,False
122,site3_143.png,256,512,0.0,0,122_256_512,False
3102,site13_115.png,256,256,0.0,0,3102_256_256,False
3163,site13_187.png,512,128,0.00823974609375,0,3163_512_128,True
4722,site16_690.png,256,512,0.0,0,4722_256_512,False
2444,site12_41.png,512,384,0.97650146484375,2,2444_512_384,True
2657,site17_74.png,256,512,0.0,0,2657_256_512,False
4613,site16_561.png,384,256,0.13116455078125,1,4613_384_256,True
2602,site17_9.png,256,256,1.0,2,2602_256_256,True
3231,site2_66.png,0,0,0.188720703125,1,3231_0_0,True
773,site4_95.png,384,128,1.0,2,773_384_128,True
928,site5_81.png,0,256,0.00030517578125,0,928_0_256,True
23,site3_26.png,128,384,0.0,0,23_128_384,False
95,site3_113.png,128,0,0.6611328125,2,95_128_0,True
580,site3_638.png,256,128,0.0,0,580_256_128,False
936,site5_91.png,0,0,0.0,0,936_0_0,False
930,site5_83.png,256,128,0.01959228515625,0,930_256_128,True
352,site3_385.png,256,512,0.3341064453125,1,352_256_512,True
2530,site12_134.png,384,512,0.0,0,2530_384_512,False
756,site4_77.png,256,384,1.0,2,756_256_384,True
551,site3_604.png,128,384,0.0,0,551_128_384,False
1804,site6_1003.png,256,128,0.171875,1,1804_256_128,True
2598,site17_5.png,0,384,0.0,0,2598_0_384,False
2056,site14_92.png,512,256,0.0,0,2056_512_256,False
122,site3_143.png,0,256,0.0,0,122_0_256,False
759,site4_80.png,128,128,0.0,0,759_128_128,False
2157,site14_206.png,128,0,0.88983154296875,2,2157_128_0,True
1440,site6_518.png,512,0,0.0,0,1440_512_0,False
2355,site15_107.png,384,512,0.3377685546875,1,2355_384_512,True
2692,site10_51.png,512,384,0.82537841796875,2,2692_512_384,True
2963,site8_188.png,512,0,0.0,0,2963_512_0,False
774,site4_96.png,128,512,1.0,2,774_128_512,True
293,site3_323.png,384,512,0.0,0,293_384_512,False
2729,site1_44.png,256,384,0.0,0,2729_256_384,False
2075,site14_114.png,128,256,0.1763916015625,1,2075_128_256,True
3130,site13_147.png,384,384,1.0,2,3130_384_384,True
1359,site6_412.png,128,384,0.76226806640625,2,1359_128_384,True
1205,site6_198.png,0,512,0.33154296875,1,1205_0_512,True
791,site4_114.png,0,384,1.0,2,791_0_384,True
3046,site13_46.png,256,512,0.9993896484375,2,3046_256_512,True
887,site5_27.png,512,512,0.0,0,887_512_512,False
327,site3_359.png,384,256,0.0,0,327_384_256,False
1029,site5_192.png,384,512,0.0,0,1029_384_512,False
3116,site13_132.png,256,0,0.0,0,3116_256_0,False
848,site4_175.png,384,384,0.0,0,848_384_384,False
3006,site8_236.png,128,0,0.0,0,3006_128_0,False
270,site3_299.png,256,512,0.79156494140625,2,270_256_512,True
2057,site14_93.png,512,128,0.3458251953125,1,2057_512_128,True
4768,site16_745.png,128,512,0.0,0,4768_128_512,False
4613,site16_561.png,0,384,0.0,0,4613_0_384,False
1060,site5_227.png,384,0,0.00030517578125,0,1060_384_0,True
269,site3_298.png,256,256,0.08905029296875,1,269_256_256,True
3138,site13_156.png,512,256,1.0,2,3138_512_256,True
980,site5_139.png,0,512,0.0,0,980_0_512,False
2083,site14_125.png,128,384,0.9814453125,2,2083_128_384,True
939,site5_94.png,512,128,0.7325439453125,2,939_512_128,True
4590,site16_536.png,256,0,0.03564453125,0,4590_256_0,True
3113,site13_128.png,256,0,1.0,2,3113_256_0,True
1228,site6_232.png,384,0,0.7310791015625,2,1228_384_0,True
3263,site2_104.png,0,128,0.0,0,3263_0_128,False
2050,site14_86.png,512,128,0.0,0,2050_512_128,False
3075,site13_82.png,0,128,1.0,2,3075_0_128,True
23,site3_26.png,384,256,0.00555419921875,0,23_384_256,True
4750,site16_722.png,0,128,0.1246337890625,1,4750_0_128,True
3249,site2_88.png,384,128,0.0,0,3249_384_128,False
3045,site13_45.png,256,128,0.96185302734375,2,3045_256_128,True
3720,site11_457.png,0,256,0.0,0,3720_0_256,False
3592,site11_325.png,384,384,0.0,0,3592_384_384,False
1941,site9_52.png,128,256,1.0,2,1941_128_256,True
2225,site14_286.png,0,256,0.0,0,2225_0_256,False
3025,site13_16.png,512,0,0.0,0,3025_512_0,False
522,site3_572.png,256,0,0.0,0,522_256_0,False
558,site3_611.png,384,512,0.0,0,558_384_512,False
2074,site14_113.png,384,0,0.43585205078125,2,2074_384_0,True
1031,site5_194.png,0,0,0.0,0,1031_0_0,False
4773,site16_750.png,512,128,0.0,0,4773_512_128,False
4877,site16_877.png,128,512,0.0,0,4877_128_512,False
2977,site8_204.png,384,128,0.0,0,2977_384_128,False
2599,site17_6.png,128,0,0.0,0,2599_128_0,False
2324,site15_73.png,128,512,0.97247314453125,2,2324_128_512,True
358,site3_391.png,0,512,0.688232421875,2,358_0_512,True
912,site5_61.png,0,512,0.06536865234375,1,912_0_512,True
3242,site2_79.png,512,512,0.0,0,3242_512_512,False
2179,site14_230.png,384,0,0.25091552734375,1,2179_384_0,True
3157,site13_179.png,512,128,0.0,0,3157_512_128,False
1325,site6_369.png,256,512,0.00616455078125,0,1325_256_512,True
581,site3_639.png,128,512,0.0,0,581_128_512,False
2729,site1_44.png,512,256,0.03155517578125,0,2729_512_256,True
3054,site13_56.png,512,256,0.6588134765625,2,3054_512_256,True
2440,site12_37.png,256,256,0.0,0,2440_256_256,False
4518,site16_459.png,384,0,0.0,0,4518_384_0,False
2341,site15_92.png,128,256,0.0,0,2341_128_256,False
3142,site13_162.png,0,256,0.0,0,3142_0_256,False
656,site3_731.png,0,256,0.0,0,656_0_256,False
4590,site16_536.png,0,512,0.0,0,4590_0_512,False
2970,site8_196.png,0,384,0.0,0,2970_0_384,False
772,site4_94.png,128,128,0.0,0,772_128_128,False
3726,site11_463.png,256,512,0.0,0,3726_256_512,False
2551,site12_156.png,256,512,0.0,0,2551_256_512,False
2447,site12_44.png,0,256,0.76715087890625,2,2447_0_256,True
2366,site15_119.png,128,512,0.0,0,2366_128_512,False
2334,site15_84.png,0,256,1.0,2,2334_0_256,True
1666,site6_820.png,384,128,0.0,0,1666_384_128,False
2977,site8_204.png,0,128,0.0,0,2977_0_128,False
789,site4_112.png,256,128,0.0166015625,0,789_256_128,True
3024,site13_8.png,384,512,0.0,0,3024_384_512,False
1054,site5_221.png,128,384,0.0,0,1054_128_384,False
291,site3_321.png,384,128,0.27984619140625,1,291_384_128,True
3102,site13_115.png,128,512,0.08502197265625,1,3102_128_512,True
940,site5_95.png,0,384,0.0,0,940_0_384,False
2394,site15_153.png,512,256,0.0,0,2394_512_256,False
2041,site14_75.png,0,0,0.0,0,2041_0_0,False
3266,site2_107.png,384,0,0.0,0,3266_384_0,False
2186,site14_237.png,0,128,0.0,0,2186_0_128,False
1068,site5_237.png,384,0,0.52447509765625,2,1068_384_0,True
1096,site5_277.png,512,256,1.0,2,1096_512_256,True
2723,site1_37.png,384,128,0.0,0,2723_384_128,False
4855,site16_850.png,512,256,0.0,0,4855_512_256,False
2118,site14_163.png,128,384,0.0,0,2118_128_384,False
3132,site13_149.png,384,512,0.0,0,3132_384_512,False
2100,site14_144.png,128,256,0.47509765625,2,2100_128_256,True
773,site4_95.png,0,512,1.0,2,773_0_512,True
4469,site16_407.png,256,0,0.0838623046875,1,4469_256_0,True
1958,site9_75.png,128,128,0.49884033203125,2,1958_128_128,True
2486,site12_87.png,384,128,1.0,2,2486_384_128,True
475,site3_519.png,512,128,0.0,0,475_512_128,False
2914,site8_134.png,128,512,0.69207763671875,2,2914_128_512,True
295,site3_325.png,128,0,0.0,0,295_128_0,False
3045,site13_45.png,384,512,0.3154296875,1,3045_384_512,True
948,site5_103.png,384,512,0.19769287109375,1,948_384_512,True
3132,site13_149.png,256,256,0.0,0,3132_256_256,False
3071,site13_76.png,384,256,0.9970703125,2,3071_384_256,True
2220,site14_277.png,128,0,0.93902587890625,2,2220_128_0,True
969,site5_128.png,128,512,1.0,2,969_128_512,True
1624,site6_762.png,0,512,0.0,0,1624_0_512,False
502,site3_549.png,0,384,0.0,0,502_0_384,False
2144,site14_190.png,128,384,1.0,2,2144_128_384,True
2233,site14_294.png,384,384,0.22186279296875,1,2233_384_384,True
2943,site8_166.png,128,0,0.9658203125,2,2943_128_0,True
2610,site17_19.png,128,256,0.0,0,2610_128_256,False
3099,site13_112.png,0,384,0.250244140625,1,3099_0_384,True
2648,site17_63.png,128,384,0.05694580078125,1,2648_128_384,True
1044,site5_209.png,384,256,1.0,2,1044_384_256,True
2208,site14_265.png,384,0,0.04437255859375,0,2208_384_0,True
1546,site6_659.png,128,128,0.0,0,1546_128_128,False
3102,site13_115.png,256,0,0.05633544921875,1,3102_256_0,True
3251,site2_90.png,384,0,0.0,0,3251_384_0,False
2198,site14_252.png,384,0,0.0,0,2198_384_0,False
914,site5_63.png,384,256,1.0,2,914_384_256,True
2207,site14_264.png,0,0,0.0,0,2207_0_0,False
2066,site14_105.png,512,384,0.65826416015625,2,2066_512_384,True
2499,site12_101.png,128,512,0.0,0,2499_128_512,False
1261,site6_276.png,512,0,0.07440185546875,1,1261_512_0,True
3169,site13_195.png,128,256,0.0,0,3169_128_256,False
2203,site14_257.png,256,384,0.09613037109375,1,2203_256_384,True
940,site5_95.png,128,256,0.33172607421875,1,940_128_256,True
3138,site13_156.png,0,512,0.0,0,3138_0_512,False
3693,site11_429.png,384,512,0.0,0,3693_384_512,False
3660,site11_395.png,384,256,1.0,2,3660_384_256,True
2848,site8_58.png,0,384,0.26788330078125,1,2848_0_384,True
3135,site13_153.png,512,512,0.0,0,3135_512_512,False
1058,site5_225.png,384,0,1.0,2,1058_384_0,True
2455,site12_53.png,512,384,0.10595703125,1,2455_512_384,True
2565,site12_171.png,256,128,0.0,0,2565_256_128,False
4703,site16_668.png,256,384,0.0,0,4703_256_384,False
3078,site13_85.png,128,384,0.25347900390625,1,3078_128_384,True
2445,site12_42.png,128,0,0.245849609375,1,2445_128_0,True
961,site5_118.png,256,384,0.01031494140625,0,961_256_384,True
2848,site8_58.png,128,0,0.0,0,2848_128_0,False
1952,site9_69.png,512,256,0.0,0,1952_512_256,False
1954,site9_71.png,0,384,1.0,2,1954_0_384,True
2332,site15_82.png,256,512,0.136962890625,1,2332_256_512,True
2914,site8_134.png,512,512,0.38629150390625,1,2914_512_512,True
2686,site10_21.png,384,128,0.0,0,2686_384_128,False
2068,site14_107.png,256,384,0.2921142578125,1,2068_256_384,True
2082,site14_124.png,384,384,0.85736083984375,2,2082_384_384,True
2204,site14_258.png,256,0,0.0,0,2204_256_0,False
2092,site14_134.png,512,128,0.0,0,2092_512_128,False
1520,site6_624.png,384,128,0.0,0,1520_384_128,False
1087,site5_260.png,256,128,0.10198974609375,1,1087_256_128,True
2913,site8_133.png,128,512,0.0,0,2913_128_512,False
984,site5_145.png,384,512,0.8179931640625,2,984_384_512,True
2830,site8_35.png,128,0,0.0,0,2830_128_0,False
1950,site9_64.png,384,0,0.2071533203125,1,1950_384_0,True
902,site5_47.png,128,256,0.0,0,902_128_256,False
2140,site14_186.png,384,256,0.937744140625,2,2140_384_256,True
181,site3_206.png,256,256,0.4422607421875,2,181_256_256,True
3096,site13_107.png,0,384,1.0,2,3096_0_384,True
1952,site9_69.png,128,0,0.0,0,1952_128_0,False
2059,site14_95.png,128,128,0.0,0,2059_128_128,False
2143,site14_189.png,0,128,0.38037109375,1,2143_0_128,True
3018,site8_254.png,128,128,0.0,0,3018_128_128,False
2144,site14_190.png,0,0,0.0,0,2144_0_0,False
577,site3_635.png,128,384,0.0,0,577_128_384,False
3132,site13_149.png,0,0,0.0,0,3132_0_0,False
493,site3_540.png,128,512,0.0,0,493_128_512,False
3033,site13_31.png,256,512,0.0,0,3033_256_512,False
3106,site13_119.png,384,384,0.0,0,3106_384_384,False
987,site5_148.png,384,512,0.0,0,987_384_512,False
4568,site16_512.png,512,256,0.157470703125,1,4568_512_256,True
2659,site17_76.png,512,384,0.0,0,2659_512_384,False
2740,site1_56.png,0,256,0.0,0,2740_0_256,False
2056,site14_92.png,512,384,0.0,0,2056_512_384,False
3126,site13_143.png,256,256,0.0,0,3126_256_256,False
3688,site11_424.png,512,0,0.0,0,3688_512_0,False
1804,site6_1003.png,0,128,0.3753662109375,1,1804_0_128,True
2620,site17_31.png,512,384,0.07122802734375,1,2620_512_384,True
2675,site7_7.png,256,128,0.99578857421875,2,2675_256_128,True
3181,site13_209.png,256,256,0.0,0,3181_256_256,False
2056,site14_92.png,384,256,0.0,0,2056_384_256,False
2537,site12_141.png,128,384,1.0,2,2537_128_384,True
2963,site8_188.png,384,0,0.0,0,2963_384_0,False
832,site4_158.png,512,128,0.48504638671875,2,832_512_128,True
2537,site12_141.png,512,0,1.0,2,2537_512_0,True
3661,site11_396.png,128,0,0.36981201171875,1,3661_128_0,True
1786,site6_985.png,256,256,0.656005859375,2,1786_256_256,True
3072,site13_77.png,128,256,0.43695068359375,2,3072_128_256,True
1301,site6_336.png,128,0,0.0,0,1301_128_0,False
2494,site12_95.png,0,0,1.0,2,2494_0_0,True
2179,site14_230.png,384,256,0.0,0,2179_384_256,False
1943,site9_57.png,256,512,1.0,2,1943_256_512,True
1084,site5_257.png,512,384,0.0,0,1084_512_384,False
4769,site16_746.png,128,256,0.0501708984375,1,4769_128_256,True
326,site3_358.png,0,512,0.0,0,326_0_512,False
968,site5_127.png,512,512,1.0,2,968_512_512,True
3072,site13_77.png,512,128,0.0,0,3072_512_128,False
3692,site11_428.png,0,384,0.07293701171875,1,3692_0_384,True
1010,site5_172.png,384,128,1.0,2,1010_384_128,True
3289,site2_133.png,512,256,0.0,0,3289_512_256,False
1493,site6_589.png,128,256,0.0,0,1493_128_256,False
3142,site13_162.png,0,128,0.35552978515625,1,3142_0_128,True
3053,site13_55.png,0,256,0.0,0,3053_0_256,False
475,site3_519.png,256,128,0.1368408203125,1,475_256_128,True
2639,site17_54.png,256,256,0.0079345703125,0,2639_256_256,True
295,site3_325.png,0,0,0.0,0,295_0_0,False
293,site3_323.png,128,512,0.0,0,293_128_512,False
1788,site6_987.png,384,0,1.0,2,1788_384_0,True
775,site4_97.png,0,512,0.2578125,1,775_0_512,True
1029,site5_192.png,0,384,1.0,2,1029_0_384,True
4728,site16_696.png,128,256,0.0,0,4728_128_256,False
4469,site16_407.png,512,512,0.0,0,4469_512_512,False
2421,site12_17.png,384,128,0.0,0,2421_384_128,False
2675,site7_7.png,0,384,0.32391357421875,1,2675_0_384,True
1666,site6_820.png,256,384,0.0,0,1666_256_384,False
1015,site5_177.png,512,256,0.0,0,1015_512_256,False
2186,site14_237.png,0,0,0.0,0,2186_0_0,False
2733,site1_48.png,256,256,0.86224365234375,2,2733_256_256,True
963,site5_120.png,0,512,1.0,2,963_0_512,True
989,site5_150.png,0,512,0.0,0,989_0_512,False
2492,site12_93.png,512,512,1.0,2,2492_512_512,True
415,site3_453.png,256,128,0.0,0,415_256_128,False
2837,site8_45.png,384,256,0.0,0,2837_384_256,False
416,site3_454.png,256,384,0.0,0,416_256_384,False
1404,site6_474.png,512,0,0.26800537109375,1,1404_512_0,True
583,site3_641.png,256,512,0.0,0,583_256_512,False
992,site5_153.png,256,0,0.1856689453125,1,992_256_0,True
990,site5_151.png,384,512,0.0,0,990_384_512,False
2615,site17_24.png,128,384,0.0,0,2615_128_384,False
916,site5_65.png,512,384,0.0,0,916_512_384,False
2675,site7_7.png,384,0,0.0682373046875,1,2675_384_0,True
2436,site12_33.png,128,384,0.0,0,2436_128_384,False
503,site3_550.png,256,256,0.042724609375,0,503_256_256,True
503,site3_550.png,512,0,0.0,0,503_512_0,False
1778,site6_967.png,0,128,0.0,0,1778_0_128,False
2648,site17_63.png,512,128,0.0,0,2648_512_128,False
1957,site9_74.png,128,384,0.0,0,1957_128_384,False
1788,site6_987.png,512,512,0.0167236328125,0,1788_512_512,True
3047,site13_47.png,512,128,0.0,0,3047_512_128,False
2436,site12_33.png,128,0,0.60498046875,2,2436_128_0,True
3135,site13_153.png,128,0,0.0,0,3135_128_0,False
2248,site14_316.png,384,512,1.0,2,2248_384_512,True
352,site3_385.png,0,0,0.0,0,352_0_0,False
359,site3_392.png,128,384,0.0,0,359_128_384,False
1941,site9_52.png,0,256,1.0,2,1941_0_256,True
772,site4_94.png,256,512,0.0,0,772_256_512,False
4376,site16_303.png,384,512,0.0,0,4376_384_512,False
2642,site17_57.png,384,512,1.0,2,2642_384_512,True
1948,site9_62.png,384,256,1.0,2,1948_384_256,True
3123,site13_139.png,128,256,0.0,0,3123_128_256,False
775,site4_97.png,128,0,0.027587890625,0,775_128_0,True
4750,site16_722.png,128,512,0.0,0,4750_128_512,False
2537,site12_141.png,0,0,0.6954345703125,2,2537_0_0,True
1913,site9_7.png,128,512,0.8511962890625,2,1913_128_512,True
2248,site14_316.png,0,512,1.0,2,2248_0_512,True
2462,site12_60.png,512,256,0.5528564453125,2,2462_512_256,True
2605,site17_12.png,128,256,0.0,0,2605_128_256,False
678,site3_766.png,256,512,0.0,0,678_256_512,False
2848,site8_58.png,384,384,0.0,0,2848_384_384,False
1926,site9_31.png,128,512,0.09796142578125,1,1926_128_512,True
577,site3_635.png,256,256,0.11090087890625,1,577_256_256,True
3131,site13_148.png,0,0,1.0,2,3131_0_0,True
1059,site5_226.png,128,0,0.4569091796875,2,1059_128_0,True
1571,site6_692.png,256,384,0.0604248046875,1,1571_256_384,True
2101,site14_145.png,0,128,1.0,2,2101_0_128,True
1788,site6_987.png,512,0,0.5147705078125,2,1788_512_0,True
3249,site2_88.png,512,384,0.03204345703125,0,3249_512_384,True
2463,site12_61.png,0,512,1.0,2,2463_0_512,True
2119,site14_164.png,128,0,0.0,0,2119_128_0,False
1022,site5_185.png,512,128,0.56024169921875,2,1022_512_128,True
2163,site14_212.png,384,0,0.0,0,2163_384_0,False
557,site3_610.png,0,512,0.0,0,557_0_512,False
2362,site15_115.png,512,384,0.56951904296875,2,2362_512_384,True
3059,site13_63.png,0,128,0.1903076171875,1,3059_0_128,True
3156,site13_178.png,0,384,0.0,0,3156_0_384,False
1042,site5_207.png,256,512,1.0,2,1042_256_512,True
2191,site14_245.png,256,0,0.0,0,2191_256_0,False
2099,site14_143.png,128,0,0.0,0,2099_128_0,False
1597,site6_726.png,256,256,0.00048828125,0,1597_256_256,True
1788,site6_987.png,256,384,0.85626220703125,2,1788_256_384,True
528,site3_578.png,128,256,0.137939453125,1,528_128_256,True
475,site3_519.png,0,128,0.0,0,475_0_128,False
4613,site16_561.png,256,256,0.0,0,4613_256_256,False
2654,site17_71.png,128,0,0.5284423828125,2,2654_128_0,True
1524,site6_637.png,384,512,0.0,0,1524_384_512,False
2632,site17_45.png,384,0,0.1258544921875,1,2632_384_0,True
2439,site12_36.png,0,256,0.28265380859375,1,2439_0_256,True
3658,site11_393.png,0,0,0.0,0,3658_0_0,False
2052,site14_88.png,512,128,0.59466552734375,2,2052_512_128,True
2226,site14_287.png,128,256,0.0,0,2226_128_256,False
1492,site6_588.png,512,128,0.0,0,1492_512_128,False
4726,site16_694.png,512,256,0.0,0,4726_512_256,False
2105,site14_149.png,384,256,0.0,0,2105_384_256,False
2598,site17_5.png,512,384,0.0,0,2598_512_384,False
630,site3_697.png,512,256,0.0,0,630_512_256,False
2659,site17_76.png,384,0,1.0,2,2659_384_0,True
2374,site15_129.png,128,128,0.3221435546875,1,2374_128_128,True
2689,site10_28.png,256,128,0.1409912109375,1,2689_256_128,True
2445,site12_42.png,384,384,0.958740234375,2,2445_384_384,True
952,site5_109.png,128,256,1.0,2,952_128_256,True
3229,site2_64.png,256,512,1.0,2,3229_256_512,True
3656,site11_391.png,384,384,0.0,0,3656_384_384,False
948,site5_103.png,384,256,0.19622802734375,1,948_384_256,True
997,site5_158.png,512,0,0.0,0,997_512_0,False
2437,site12_34.png,256,256,0.0,0,2437_256_256,False
3028,site13_24.png,0,0,0.0,0,3028_0_0,False
965,site5_122.png,256,256,0.0,0,965_256_256,False
1778,site6_967.png,256,128,0.0,0,1778_256_128,False
4751,site16_723.png,256,512,0.0,0,4751_256_512,False
2084,site14_126.png,512,128,0.0,0,2084_512_128,False
2144,site14_190.png,512,256,0.0,0,2144_512_256,False
2615,site17_24.png,256,256,0.506591796875,2,2615_256_256,True
3228,site2_63.png,0,128,0.0,0,3228_0_128,False
2647,site17_62.png,0,128,0.0,0,2647_0_128,False
3266,site2_107.png,256,128,0.0,0,3266_256_128,False
3692,site11_428.png,384,256,0.62939453125,2,3692_384_256,True
3753,site11_491.png,512,512,0.0,0,3753_512_512,False
1053,site5_220.png,128,0,0.48455810546875,2,1053_128_0,True
1015,site5_177.png,0,256,1.0,2,1015_0_256,True
3162,site13_186.png,384,256,0.0,0,3162_384_256,False
1026,site5_189.png,512,128,1.0,2,1026_512_128,True
1227,site6_231.png,512,128,0.788330078125,2,1227_512_128,True
2514,site12_117.png,512,384,0.071044921875,1,2514_512_384,True
4764,site16_741.png,0,0,0.0,0,4764_0_0,False
632,site3_699.png,384,512,0.0,0,632_384_512,False
3023,site13_7.png,384,256,0.0,0,3023_384_256,False
928,site5_81.png,128,128,0.84405517578125,2,928_128_128,True
3229,site2_64.png,256,384,0.75970458984375,2,3229_256_384,True
2578,site12_186.png,384,0,1.0,2,2578_384_0,True
1068,site5_237.png,128,512,0.0,0,1068_128_512,False
4637,site16_587.png,128,512,0.6092529296875,2,4637_128_512,True
493,site3_540.png,128,128,0.0,0,493_128_128,False
1215,site6_208.png,0,128,0.0,0,1215_0_128,False
2565,site12_171.png,128,256,0.0,0,2565_128_256,False
2945,site8_168.png,512,512,0.0,0,2945_512_512,False
3820,site11_560.png,128,256,0.0,0,3820_128_256,False
3687,site11_423.png,512,128,0.0,0,3687_512_128,False
1913,site9_7.png,384,384,0.51873779296875,2,1913_384_384,True
3820,site11_560.png,128,0,0.043212890625,0,3820_128_0,True
1666,site6_820.png,512,0,0.0,0,1666_512_0,False
475,site3_519.png,384,256,0.0,0,475_384_256,False
1520,site6_624.png,512,512,0.0,0,1520_512_512,False
1189,site6_171.png,512,256,0.7276611328125,2,1189_512_256,True
4518,site16_459.png,0,128,0.0,0,4518_0_128,False
1692,site6_855.png,512,384,0.0,0,1692_512_384,False
3821,site11_561.png,256,512,0.0,0,3821_256_512,False
1943,site9_57.png,512,0,1.0,2,1943_512_0,True
850,site4_177.png,0,0,0.26776123046875,1,850_0_0,True
3174,site13_202.png,128,0,0.6353759765625,2,3174_128_0,True
2848,site8_58.png,256,384,0.0,0,2848_256_384,False
1078,site5_247.png,128,0,0.31048583984375,1,1078_128_0,True
2341,site15_92.png,384,256,0.54486083984375,2,2341_384_256,True
1572,site6_693.png,128,256,0.0,0,1572_128_256,False
3076,site13_83.png,512,256,1.0,2,3076_512_256,True
3154,site13_176.png,256,384,0.0,0,3154_256_384,False
2539,site12_143.png,512,512,0.0,0,2539_512_512,False
940,site5_95.png,512,256,0.4781494140625,2,940_512_256,True
1760,site6_949.png,384,512,1.0,2,1760_384_512,True
915,site5_64.png,256,512,0.06951904296875,1,915_256_512,True
3241,site2_78.png,0,0,0.0,0,3241_0_0,False
3228,site2_63.png,384,384,0.3505859375,1,3228_384_384,True
2056,site14_92.png,384,512,0.0,0,2056_384_512,False
1026,site5_189.png,384,384,1.0,2,1026_384_384,True
2191,site14_245.png,512,512,0.04473876953125,0,2191_512_512,True
993,site5_154.png,128,256,0.0,0,993_128_256,False
2730,site1_45.png,0,256,0.343994140625,1,2730_0_256,True
4589,site16_535.png,384,384,0.14691162109375,1,4589_384_384,True
1764,site6_953.png,384,384,0.0,0,1764_384_384,False
2924,site8_145.png,256,384,0.2838134765625,1,2924_256_384,True
519,site3_569.png,384,128,0.0,0,519_384_128,False
4614,site16_562.png,384,0,0.88177490234375,2,4614_384_0,True
1096,site5_277.png,128,128,0.61871337890625,2,1096_128_128,True
3164,site13_188.png,384,256,0.0,0,3164_384_256,False
4402,site16_330.png,256,128,0.0,0,4402_256_128,False
3288,site2_132.png,0,0,0.0,0,3288_0_0,False
3289,site2_133.png,512,384,0.0,0,3289_512_384,False
3692,site11_428.png,384,128,0.11090087890625,1,3692_384_128,True
2123,site14_168.png,0,128,0.0,0,2123_0_128,False
915,site5_64.png,384,0,1.0,2,915_384_0,True
2537,site12_141.png,0,256,1.0,2,2537_0_256,True
2221,site14_278.png,384,256,0.0,0,2221_384_256,False
739,site4_59.png,0,512,0.0,0,739_0_512,False
521,site3_571.png,512,128,0.0,0,521_512_128,False
3623,site11_357.png,128,512,0.0,0,3623_128_512,False
350,site3_383.png,0,256,0.0,0,350_0_256,False
1282,site6_308.png,512,0,0.0,0,1282_512_0,False
2962,site8_187.png,384,0,0.0,0,2962_384_0,False
3693,site11_429.png,256,384,0.33392333984375,1,3693_256_384,True
4752,site16_724.png,384,128,0.62738037109375,2,4752_384_128,True
2490,site12_91.png,0,128,1.0,2,2490_0_128,True
1936,site9_47.png,128,0,0.0283203125,0,1936_128_0,True
522,site3_572.png,256,128,0.0,0,522_256_128,False
949,site5_104.png,0,256,0.0,0,949_0_256,False
759,site4_80.png,512,0,0.0,0,759_512_0,False
4590,site16_536.png,128,0,0.4423828125,2,4590_128_0,True
2478,site12_78.png,512,0,1.0,2,2478_512_0,True
293,site3_323.png,384,0,0.03985595703125,0,293_384_0,True
3083,site13_92.png,128,0,1.0,2,3083_128_0,True
1309,site6_344.png,128,256,0.11846923828125,1,1309_128_256,True
889,site5_29.png,384,0,0.0,0,889_384_0,False
993,site5_154.png,256,512,0.84735107421875,2,993_256_512,True
2972,site8_198.png,256,512,0.0,0,2972_256_512,False
1359,site6_412.png,512,128,0.19769287109375,1,1359_512_128,True
2324,site15_73.png,384,384,0.030517578125,0,2324_384_384,True
2161,site14_210.png,384,0,0.0,0,2161_384_0,False
2563,site12_169.png,128,512,0.0,0,2563_128_512,False
2484,site12_85.png,512,0,0.3865966796875,1,2484_512_0,True
2161,site14_210.png,256,128,0.24835205078125,1,2161_256_128,True
1404,site6_474.png,128,256,0.0,0,1404_128_256,False
4748,site16_720.png,512,0,0.0,0,4748_512_0,False
3143,site13_163.png,128,256,0.0849609375,1,3143_128_256,True
2471,site12_71.png,128,256,1.0,2,2471_128_256,True
2421,site12_17.png,0,256,0.0,0,2421_0_256,False
580,site3_638.png,512,0,0.0,0,580_512_0,False
1068,site5_237.png,384,256,0.8680419921875,2,1068_384_256,True
2180,site14_231.png,256,256,0.0882568359375,1,2180_256_256,True
473,site3_517.png,256,128,0.1932373046875,1,473_256_128,True
656,site3_731.png,384,512,0.0,0,656_384_512,False
3051,site13_53.png,256,128,0.0,0,3051_256_128,False
327,site3_359.png,256,512,0.0,0,327_256_512,False
389,site3_424.png,256,0,0.0,0,389_256_0,False
2366,site15_119.png,128,256,0.0,0,2366_128_256,False
1309,site6_344.png,0,256,0.92742919921875,2,1309_0_256,True
1191,site6_173.png,128,0,0.0,0,1191_128_0,False
2675,site7_7.png,512,0,0.0,0,2675_512_0,False
2053,site14_89.png,512,0,0.0,0,2053_512_0,False
2914,site8_134.png,384,0,0.0,0,2914_384_0,False
521,site3_571.png,384,384,0.0,0,521_384_384,False
2335,site15_85.png,0,256,0.50927734375,2,2335_0_256,True
1007,site5_169.png,384,384,0.0,0,1007_384_384,False
293,site3_323.png,0,256,0.0,0,293_0_256,False
2085,site14_127.png,256,256,0.0,0,2085_256_256,False
2226,site14_287.png,256,384,0.0,0,2226_256_384,False
3053,site13_55.png,128,512,0.0,0,3053_128_512,False
2470,site12_70.png,128,512,0.08807373046875,1,2470_128_512,True
2163,site14_212.png,384,128,0.0,0,2163_384_128,False
774,site4_96.png,512,256,0.32763671875,1,774_512_256,True
2101,site14_145.png,256,128,0.9677734375,2,2101_256_128,True
656,site3_731.png,128,512,0.0,0,656_128_512,False
2248,site14_316.png,384,0,0.0,0,2248_384_0,False
4855,site16_850.png,384,384,0.0,0,4855_384_384,False
3218,site2_50.png,384,0,0.0,0,3218_384_0,False
2160,site14_209.png,384,128,0.0,0,2160_384_128,False
2642,site17_57.png,128,0,0.0,0,2642_128_0,False
1598,site6_727.png,512,128,0.0,0,1598_512_128,False
2059,site14_95.png,384,0,0.0,0,2059_384_0,False
3722,site11_459.png,128,256,0.608642578125,2,3722_128_256,True
939,site5_94.png,384,256,0.593994140625,2,939_384_256,True
1023,site5_186.png,512,512,0.0,0,1023_512_512,False
4699,site16_664.png,256,256,0.0,0,4699_256_256,False
3102,site13_115.png,128,256,0.962890625,2,3102_128_256,True
1738,site6_917.png,128,256,0.0,0,1738_128_256,False
4402,site16_330.png,0,384,0.13232421875,1,4402_0_384,True
3033,site13_31.png,0,512,0.0,0,3033_0_512,False
3174,site13_202.png,256,0,0.0,0,3174_256_0,False
3156,site13_178.png,128,0,1.0,2,3156_128_0,True
2460,site12_58.png,256,512,1.0,2,2460_256_512,True
1961,site9_81.png,384,256,0.67822265625,2,1961_384_256,True
678,site3_766.png,384,128,0.0,0,678_384_128,False
292,site3_322.png,256,128,0.03912353515625,0,292_256_128,True
4402,site16_330.png,256,256,0.0,0,4402_256_256,False
4726,site16_694.png,0,128,1.0,2,4726_0_128,True
1939,site9_50.png,384,128,1.0,2,1939_384_128,True
3156,site13_178.png,384,256,0.79901123046875,2,3156_384_256,True
2100,site14_144.png,512,128,1.0,2,2100_512_128,True
2647,site17_62.png,384,384,0.0,0,2647_384_384,False
4402,site16_330.png,0,256,0.32098388671875,1,4402_0_256,True
2718,site1_32.png,256,384,0.50018310546875,2,2718_256_384,True
790,site4_113.png,512,384,1.0,2,790_512_384,True
2529,site12_133.png,384,384,0.0,0,2529_384_384,False
1032,site5_195.png,384,512,0.1036376953125,1,1032_384_512,True
2490,site12_91.png,384,128,0.576171875,2,2490_384_128,True
2057,site14_93.png,256,256,0.02557373046875,0,2057_256_256,True
4764,site16_741.png,128,128,0.0,0,4764_128_128,False
1791,site6_990.png,0,384,0.506103515625,2,1791_0_384,True
2639,site17_54.png,384,256,0.60430908203125,2,2639_384_256,True
2110,site14_154.png,128,512,0.10076904296875,1,2110_128_512,True
3113,site13_128.png,256,128,1.0,2,3113_256_128,True
1036,site5_201.png,128,384,0.9559326171875,2,1036_128_384,True
1045,site5_210.png,384,128,0.0,0,1045_384_128,False
1022,site5_185.png,0,0,0.0,0,1022_0_0,False
1039,site5_204.png,0,256,0.78948974609375,2,1039_0_256,True
1039,site5_204.png,384,128,0.0,0,1039_384_128,False
847,site4_174.png,256,512,0.0,0,847_256_512,False
2459,site12_57.png,128,0,1.0,2,2459_128_0,True
4377,site16_304.png,128,128,0.802734375,2,4377_128_128,True
1037,site5_202.png,512,512,0.0,0,1037_512_512,False
2479,site12_79.png,128,512,1.0,2,2479_128_512,True
1075,site5_244.png,384,512,0.0,0,1075_384_512,False
603,site3_665.png,384,384,0.36920166015625,1,603_384_384,True
2613,site17_22.png,128,384,0.0,0,2613_128_384,False
813,site4_137.png,0,512,0.0,0,813_0_512,False
3154,site13_176.png,0,512,0.59991455078125,2,3154_0_512,True
3023,site13_7.png,128,128,0.0677490234375,1,3023_128_128,True
265,site3_294.png,512,256,0.0,0,265_512_256,False
2036,site14_70.png,384,512,0.0,0,2036_384_512,False
2537,site12_141.png,128,256,1.0,2,2537_128_256,True
2235,site14_296.png,128,0,0.0,0,2235_128_0,False
961,site5_118.png,384,128,0.0,0,961_384_128,False
889,site5_29.png,128,512,0.0,0,889_128_512,False
772,site4_94.png,256,256,0.0,0,772_256_256,False
2059,site14_95.png,128,256,0.0,0,2059_128_256,False
4751,site16_723.png,512,128,0.042724609375,0,4751_512_128,True
2221,site14_278.png,0,0,0.0,0,2221_0_0,False
2421,site12_17.png,512,512,0.00787353515625,0,2421_512_512,True
3022,site13_6.png,512,0,0.0,0,3022_512_0,False
2509,site12_111.png,384,128,0.0,0,2509_384_128,False
352,site3_385.png,384,512,0.0,0,352_384_512,False
2075,site14_114.png,256,256,0.0,0,2075_256_256,False
3101,site13_114.png,128,0,1.0,2,3101_128_0,True
2672,site7_3.png,256,512,0.61138916015625,2,2672_256_512,True
581,site3_639.png,512,128,0.0,0,581_512_128,False
3154,site13_176.png,512,0,0.6104736328125,2,3154_512_0,True
1791,site6_990.png,256,384,1.0,2,1791_256_384,True
2839,site8_47.png,384,128,0.248046875,1,2839_384_128,True
1067,site5_236.png,512,128,1.0,2,1067_512_128,True
1503,site6_607.png,256,128,0.0,0,1503_256_128,False
2190,site14_244.png,512,128,0.0,0,2190_512_128,False
4768,site16_745.png,256,256,0.0,0,4768_256_256,False
3106,site13_119.png,512,512,0.0,0,3106_512_512,False
549,site3_602.png,0,128,0.00286865234375,0,549_0_128,True
3286,site2_130.png,128,256,0.0,0,3286_128_256,False
4568,site16_512.png,0,0,0.0,0,4568_0_0,False
1024,site5_187.png,256,256,0.56109619140625,2,1024_256_256,True
2529,site12_133.png,512,512,0.0,0,2529_512_512,False
4726,site16_694.png,512,128,0.0059814453125,0,4726_512_128,True
2050,site14_86.png,0,384,0.0,0,2050_0_384,False
1075,site5_244.png,256,0,0.0,0,1075_256_0,False
2220,site14_277.png,128,256,0.29608154296875,1,2220_128_256,True
548,site3_601.png,384,128,0.56103515625,2,548_384_128,True
2515,site12_118.png,0,512,0.0,0,2515_0_512,False
2042,site14_76.png,0,128,0.59002685546875,2,2042_0_128,True
3133,site13_151.png,512,128,1.0,2,3133_512_128,True
2444,site12_41.png,0,0,0.19183349609375,1,2444_0_0,True
4699,site16_664.png,0,256,0.0,0,4699_0_256,False
4493,site16_433.png,512,512,0.0,0,4493_512_512,False
1776,site6_965.png,512,384,0.14971923828125,1,1776_512_384,True
3104,site13_117.png,384,256,0.83447265625,2,3104_384_256,True
3138,site13_156.png,384,128,1.0,2,3138_384_128,True
2456,site12_54.png,128,384,0.47882080078125,2,2456_128_384,True
2191,site14_245.png,384,128,0.99560546875,2,2191_384_128,True
3249,site2_88.png,0,384,0.0,0,3249_0_384,False
2961,site8_186.png,384,512,0.0,0,2961_384_512,False
2456,site12_54.png,256,512,0.10992431640625,1,2456_256_512,True
817,site4_141.png,256,128,0.0,0,817_256_128,False
1029,site5_192.png,256,512,0.0,0,1029_256_512,False
3252,site2_91.png,256,128,0.0,0,3252_256_128,False
4773,site16_750.png,0,384,0.0,0,4773_0_384,False
240,site3_268.png,128,384,0.0,0,240_128_384,False
3061,site13_65.png,128,384,0.0,0,3061_128_384,False
3059,site13_63.png,256,128,0.0076904296875,0,3059_256_128,True
1051,site5_218.png,512,512,1.0,2,1051_512_512,True
2995,site8_224.png,384,256,0.0,0,2995_384_256,False
239,site3_267.png,128,128,0.0323486328125,0,239_128_128,True
1007,site5_169.png,0,128,0.5360107421875,2,1007_0_128,True
2935,site8_157.png,0,128,0.9959716796875,2,2935_0_128,True
2642,site17_57.png,256,128,0.052490234375,1,2642_256_128,True
1786,site6_985.png,256,0,1.0,2,1786_256_0,True
1544,site6_657.png,128,512,1.0,2,1544_128_512,True
1039,site5_204.png,0,384,0.00225830078125,0,1039_0_384,True
3756,site11_494.png,128,256,0.29034423828125,1,3756_128_256,True
293,site3_323.png,384,256,0.4346923828125,2,293_384_256,True
758,site4_79.png,256,512,0.835205078125,2,758_256_512,True
3052,site13_54.png,128,0,0.35821533203125,1,3052_128_0,True
1189,site6_171.png,512,0,0.0,0,1189_512_0,False
3824,site11_564.png,0,256,0.20855712890625,1,3824_0_256,True
3148,site13_168.png,384,128,0.84796142578125,2,3148_384_128,True
2513,site12_116.png,512,256,0.0,0,2513_512_256,False
1068,site5_237.png,256,0,1.0,2,1068_256_0,True
2847,site8_57.png,512,512,0.0,0,2847_512_512,False
4468,site16_406.png,512,128,0.99359130859375,2,4468_512_128,True
1003,site5_165.png,256,512,0.0,0,1003_256_512,False
936,site5_91.png,0,384,0.0,0,936_0_384,False
3690,site11_426.png,512,512,1.0,2,3690_512_512,True
3060,site13_64.png,256,512,1.0,2,3060_256_512,True
3658,site11_393.png,0,256,0.0,0,3658_0_256,False
2564,site12_170.png,512,256,0.46417236328125,2,2564_512_256,True
1941,site9_52.png,256,0,1.0,2,1941_256_0,True
3116,site13_132.png,384,256,1.0,2,3116_384_256,True
2446,site12_43.png,0,256,1.0,2,2446_0_256,True
1022,site5_185.png,0,384,0.0,0,1022_0_384,False
1024,site5_187.png,256,0,0.85992431640625,2,1024_256_0,True
1961,site9_81.png,0,0,0.0,0,1961_0_0,False
888,site5_28.png,128,0,0.0,0,888_128_0,False
1692,site6_855.png,128,0,0.0,0,1692_128_0,False
2764,site1_84.png,0,128,0.0,0,2764_0_128,False
3289,site2_133.png,512,128,0.0,0,3289_512_128,False
4769,site16_746.png,128,512,0.0,0,4769_128_512,False
968,site5_127.png,0,512,0.0,0,968_0_512,False
987,site5_148.png,0,256,0.0,0,987_0_256,False
2341,site15_92.png,256,512,0.53564453125,2,2341_256_512,True
606,site3_668.png,128,384,0.0,0,606_128_384,False
2445,site12_42.png,512,128,0.8974609375,2,2445_512_128,True
3142,site13_162.png,512,128,0.0,0,3142_512_128,False
1238,site6_242.png,128,128,0.0,0,1238_128_128,False
937,site5_92.png,384,128,0.0,0,937_384_128,False
2528,site12_132.png,128,128,0.45037841796875,2,2528_128_128,True
1953,site9_70.png,128,128,0.7135009765625,2,1953_128_128,True
3249,site2_88.png,384,384,0.0,0,3249_384_384,False
1026,site5_189.png,0,384,1.0,2,1026_0_384,True
3026,site13_17.png,256,128,0.033203125,0,3026_256_128,True
2067,site14_106.png,256,256,0.824462890625,2,2067_256_256,True
122,site3_143.png,128,512,0.0,0,122_128_512,False
605,site3_667.png,128,384,0.0,0,605_128_384,False
2219,site14_276.png,384,128,0.0244140625,0,2219_384_128,True
1045,site5_210.png,512,0,0.0,0,1045_512_0,False
927,site5_80.png,384,512,0.0,0,927_384_512,False
993,site5_154.png,0,128,0.0,0,993_0_128,False
2052,site14_88.png,256,384,0.16986083984375,1,2052_256_384,True
1959,site9_79.png,0,384,0.96722412109375,2,1959_0_384,True
850,site4_177.png,512,128,0.0,0,850_512_128,False
813,site4_137.png,256,0,0.0,0,813_256_0,False
950,site5_105.png,128,512,0.0,0,950_128_512,False
4702,site16_667.png,384,384,0.0,0,4702_384_384,False
3053,site13_55.png,256,256,0.5888671875,2,3053_256_256,True
2630,site17_43.png,256,384,0.0,0,2630_256_384,False
3209,site2_37.png,384,256,0.0,0,3209_384_256,False
2460,site12_58.png,256,128,1.0,2,2460_256_128,True
902,site5_47.png,384,128,0.0,0,902_384_128,False
792,site4_115.png,384,0,0.8369140625,2,792_384_0,True
912,site5_61.png,256,128,0.0,0,912_256_128,False
1492,site6_588.png,128,128,0.55938720703125,2,1492_128_128,True
4768,site16_745.png,0,512,0.0,0,4768_0_512,False
549,site3_602.png,384,128,0.34747314453125,1,549_384_128,True
4750,site16_722.png,512,384,0.27301025390625,1,4750_512_384,True
1051,site5_218.png,256,0,1.0,2,1051_256_0,True
1215,site6_208.png,384,384,0.0,0,1215_384_384,False
2763,site1_83.png,0,128,0.0,0,2763_0_128,False
3156,site13_178.png,256,384,0.2242431640625,1,3156_256_384,True
2945,site8_168.png,128,128,0.27581787109375,1,2945_128_128,True
3164,site13_188.png,256,0,0.3154296875,1,3164_256_0,True
3097,site13_108.png,512,128,0.0,0,3097_512_128,False
328,site3_360.png,384,128,0.0,0,328_384_128,False
2765,site1_85.png,256,384,0.27349853515625,1,2765_256_384,True
3287,site2_131.png,512,128,0.0,0,3287_512_128,False
2530,site12_134.png,512,128,0.0,0,2530_512_128,False
2979,site8_206.png,512,128,0.0,0,2979_512_128,False
2161,site14_210.png,0,256,0.0,0,2161_0_256,False
263,site3_292.png,384,512,6.103515625e-05,0,263_384_512,True
1023,site5_186.png,256,128,0.0,0,1023_256_128,False
891,site5_31.png,512,0,0.0,0,891_512_0,False
3820,site11_560.png,0,384,0.0,0,3820_0_384,False
1440,site6_518.png,256,256,0.0,0,1440_256_256,False
3181,site13_209.png,256,384,0.0,0,3181_256_384,False
3132,site13_149.png,128,256,0.0,0,3132_128_256,False
1005,site5_167.png,128,512,0.0,0,1005_128_512,False
1359,site6_412.png,0,256,0.00238037109375,0,1359_0_256,True
1924,site9_29.png,0,0,0.4912109375,2,1924_0_0,True
1015,site5_177.png,256,512,1.0,2,1015_256_512,True
3011,site8_244.png,384,256,1.0,2,3011_384_256,True
3626,site11_360.png,128,0,0.24188232421875,1,3626_128_0,True
965,site5_122.png,512,128,0.0,0,965_512_128,False
1016,site5_178.png,0,512,0.123046875,1,1016_0_512,True
386,site3_421.png,0,512,0.0,0,386_0_512,False
816,site4_140.png,0,0,0.0,0,816_0_0,False
1926,site9_31.png,128,384,0.99566650390625,2,1926_128_384,True
2977,site8_204.png,512,384,0.0,0,2977_512_384,False
1925,site9_30.png,0,256,1.0,2,1925_0_256,True
4565,site16_509.png,0,256,0.0,0,4565_0_256,False
2084,site14_126.png,512,0,0.46343994140625,2,2084_512_0,True
2402,site15_163.png,384,512,0.0,0,2402_384_512,False
1944,site9_58.png,128,384,0.00787353515625,0,1944_128_384,True
2539,site12_143.png,512,128,0.1024169921875,1,2539_512_128,True
2457,site12_55.png,256,384,1.0,2,2457_256_384,True
3718,site11_455.png,512,0,0.0,0,3718_512_0,False
1544,site6_657.png,384,0,0.48638916015625,2,1544_384_0,True
1939,site9_50.png,0,512,1.0,2,1939_0_512,True
3721,site11_458.png,0,384,0.0,0,3721_0_384,False
948,site5_103.png,512,512,0.0,0,948_512_512,False
2578,site12_186.png,384,512,0.0,0,2578_384_512,False
1026,site5_189.png,128,384,1.0,2,1026_128_384,True
990,site5_151.png,384,128,0.0,0,990_384_128,False
1254,site6_269.png,384,0,0.0,0,1254_384_0,False
792,site4_115.png,0,512,0.0,0,792_0_512,False
923,site5_76.png,256,256,0.0,0,923_256_256,False
3145,site13_165.png,512,256,0.87420654296875,2,3145_512_256,True
2248,site14_316.png,384,128,0.0,0,2248_384_128,False
3823,site11_563.png,0,0,0.0,0,3823_0_0,False
4468,site16_406.png,128,384,0.0,0,4468_128_384,False
1010,site5_172.png,256,512,1.0,2,1010_256_512,True
887,site5_27.png,256,0,0.0,0,887_256_0,False
915,site5_64.png,128,0,0.96197509765625,2,915_128_0,True
1041,site5_206.png,128,256,1.0,2,1041_128_256,True
2528,site12_132.png,384,128,0.0,0,2528_384_128,False
2336,site15_86.png,128,512,0.0,0,2336_128_512,False
2493,site12_94.png,256,512,0.9361572265625,2,2493_256_512,True
1736,site6_915.png,0,0,0.0,0,1736_0_0,False
2995,site8_224.png,512,0,0.0,0,2995_512_0,False
2551,site12_156.png,512,0,0.9813232421875,2,2551_512_0,True
2203,site14_257.png,256,256,0.33447265625,1,2203_256_256,True
3042,site13_42.png,384,128,0.712158203125,2,3042_384_128,True
3122,site13_138.png,384,0,1.0,2,3122_384_0,True
900,site5_45.png,0,128,0.0,0,900_0_128,False
1325,site6_369.png,512,0,0.0,0,1325_512_0,False
2455,site12_53.png,128,384,0.02032470703125,0,2455_128_384,True
1020,site5_183.png,128,512,0.09259033203125,1,1020_128_512,True
2895,site8_113.png,256,384,0.0,0,2895_256_384,False
2824,site8_25.png,0,512,0.0,0,2824_0_512,False
2163,site14_212.png,384,384,0.68798828125,2,2163_384_384,True
2236,site14_297.png,256,0,0.74163818359375,2,2236_256_0,True
2459,site12_57.png,128,256,1.0,2,2459_128_256,True
2033,site14_67.png,0,256,0.0,0,2033_0_256,False
1649,site6_795.png,512,256,0.3262939453125,1,1649_512_256,True
1060,site5_227.png,128,512,0.0,0,1060_128_512,False
2479,site12_79.png,128,384,1.0,2,2479_128_384,True
3054,site13_56.png,0,256,0.22723388671875,1,3054_0_256,True
2334,site15_84.png,512,128,0.0,0,2334_512_128,False
941,site5_96.png,0,512,0.60882568359375,2,941_0_512,True
915,site5_64.png,0,512,0.88775634765625,2,915_0_512,True
2615,site17_24.png,128,0,1.0,2,2615_128_0,True
3101,site13_114.png,512,0,1.0,2,3101_512_0,True
3132,site13_149.png,128,128,0.0,0,3132_128_128,False
2599,site17_6.png,512,384,0.0,0,2599_512_384,False
2847,site8_57.png,128,512,0.0889892578125,1,2847_128_512,True
2493,site12_94.png,384,0,1.0,2,2493_384_0,True
2439,site12_36.png,512,512,0.0,0,2439_512_512,False
1923,site9_28.png,256,512,1.0,2,1923_256_512,True
2955,site8_179.png,128,384,0.0,0,2955_128_384,False
493,site3_540.png,256,384,0.0,0,493_256_384,False
2652,site17_69.png,512,384,0.24603271484375,1,2652_512_384,True
962,site5_119.png,128,0,0.0,0,962_128_0,False
991,site5_152.png,0,256,0.0,0,991_0_256,False
45,site3_56.png,384,512,0.0,0,45_384_512,False
2059,site14_95.png,0,0,0.04998779296875,0,2059_0_0,True
2233,site14_294.png,256,384,0.6126708984375,2,2233_256_384,True
4542,site16_484.png,384,512,0.65325927734375,2,4542_384_512,True
3181,site13_209.png,512,384,0.49658203125,2,3181_512_384,True
3111,site13_126.png,128,384,0.3668212890625,1,3111_128_384,True
2117,site14_162.png,384,128,0.29632568359375,1,2117_384_128,True
2119,site14_164.png,512,0,1.0,2,2119_512_0,True
3190,site13_219.png,512,128,0.20135498046875,1,3190_512_128,True
3164,site13_188.png,512,384,0.0,0,3164_512_384,False
2550,site12_155.png,0,256,0.0,0,2550_0_256,False
556,site3_609.png,512,128,0.0,0,556_512_128,False
2726,site1_41.png,256,0,0.0,0,2726_256_0,False
1950,site9_64.png,128,384,0.0,0,1950_128_384,False
3029,site13_25.png,0,512,0.10394287109375,1,3029_0_512,True
1654,site6_808.png,0,0,0.0,0,1654_0_0,False
1638,site6_784.png,384,0,0.0,0,1638_384_0,False
918,site5_67.png,0,512,0.6048583984375,2,918_0_512,True
263,site3_292.png,128,0,0.0,0,263_128_0,False
2174,site14_225.png,0,256,0.2127685546875,1,2174_0_256,True
2123,site14_168.png,512,0,0.0,0,2123_512_0,False
2225,site14_286.png,512,128,0.0,0,2225_512_128,False
3788,site11_527.png,128,384,0.09326171875,1,3788_128_384,True
210,site3_237.png,384,384,0.044677734375,0,210_384_384,True
813,site4_137.png,128,128,0.0,0,813_128_128,False
497,site3_544.png,384,512,0.0,0,497_384_512,False
2163,site14_212.png,256,384,1.0,2,2163_256_384,True
3069,site13_74.png,384,256,1.0,2,3069_384_256,True
2050,site14_86.png,128,384,0.0,0,2050_128_384,False
1035,site5_200.png,384,256,1.0,2,1035_384_256,True
2578,site12_186.png,0,0,0.885498046875,2,2578_0_0,True
1059,site5_226.png,256,128,0.0,0,1059_256_128,False
4750,site16_722.png,384,256,0.0635986328125,1,4750_384_256,True
630,site3_697.png,256,384,0.0,0,630_256_384,False
2140,site14_186.png,128,128,0.9266357421875,2,2140_128_128,True
3038,site13_36.png,0,256,0.45947265625,2,3038_0_256,True
2604,site17_11.png,512,128,0.94219970703125,2,2604_512_128,True
2110,site14_154.png,512,128,0.0,0,2110_512_128,False
2945,site8_168.png,0,256,0.25628662109375,1,2945_0_256,True
3286,site2_130.png,384,512,0.0,0,3286_384_512,False
1271,site6_297.png,256,0,0.0,0,1271_256_0,False
4748,site16_720.png,0,512,0.0,0,4748_0_512,False
2639,site17_54.png,512,128,0.65289306640625,2,2639_512_128,True
3103,site13_116.png,256,0,0.001220703125,0,3103_256_0,True
2610,site17_19.png,256,384,0.0,0,2610_256_384,False
2563,site12_169.png,256,384,0.0,0,2563_256_384,False
2786,site1_110.png,512,0,0.75482177734375,2,2786_512_0,True
903,site5_48.png,384,128,0.152099609375,1,903_384_128,True
1404,site6_474.png,256,128,0.1998291015625,1,1404_256_128,True
3688,site11_424.png,256,384,0.0,0,3688_256_384,False
319,site3_351.png,512,512,0.0,0,319_512_512,False
3242,site2_79.png,128,256,0.28680419921875,1,3242_128_256,True
1325,site6_369.png,384,0,0.0,0,1325_384_0,False
2672,site7_3.png,256,384,0.0,0,2672_256_384,False
2492,site12_93.png,0,128,1.0,2,2492_0_128,True
2272,site14_356.png,0,384,0.0,0,2272_0_384,False
4702,site16_667.png,0,512,0.0,0,4702_0_512,False
1941,site9_52.png,384,128,1.0,2,1941_384_128,True
1493,site6_589.png,128,0,0.18865966796875,1,1493_128_0,True
3023,site13_7.png,512,256,0.0,0,3023_512_256,False
2615,site17_24.png,384,512,0.0,0,2615_384_512,False
948,site5_103.png,384,128,0.00408935546875,0,948_384_128,True
4752,site16_724.png,0,256,0.592041015625,2,4752_0_256,True
1917,site9_18.png,512,128,0.09326171875,1,1917_512_128,True
3181,site13_209.png,0,384,0.0,0,3181_0_384,False
2692,site10_51.png,128,0,0.0,0,2692_128_0,False
2402,site15_163.png,512,512,0.0,0,2402_512_512,False
1067,site5_236.png,512,512,0.20220947265625,1,1067_512_512,True
2740,site1_56.png,256,512,0.0,0,2740_256_512,False
2479,site12_79.png,384,256,1.0,2,2479_384_256,True
3107,site13_122.png,384,0,0.69207763671875,2,3107_384_0,True
914,site5_63.png,0,0,0.0,0,914_0_0,False
888,site5_28.png,256,256,0.0,0,888_256_256,False
2648,site17_63.png,512,384,0.50811767578125,2,2648_512_384,True
932,site5_85.png,256,128,0.0,0,932_256_128,False
2236,site14_297.png,512,128,0.52593994140625,2,2236_512_128,True
2459,site12_57.png,256,256,1.0,2,2459_256_256,True
832,site4_158.png,512,256,0.72515869140625,2,832_512_256,True
2161,site14_210.png,256,256,0.2076416015625,1,2161_256_256,True
1944,site9_58.png,384,256,0.0,0,1944_384_256,False
2605,site17_12.png,128,128,0.001220703125,0,2605_128_128,True
952,site5_109.png,384,0,0.84930419921875,2,952_384_0,True
938,site5_93.png,128,256,0.0,0,938_128_256,False
1128,site6_83.png,384,256,0.0,0,1128_384_256,False
4376,site16_303.png,256,256,0.0,0,4376_256_256,False
1941,site9_52.png,512,0,0.67376708984375,2,1941_512_0,True
2520,site12_123.png,0,256,1.0,2,2520_0_256,True
2687,site10_22.png,512,256,0.0,0,2687_512_256,False
2904,site8_123.png,128,128,0.0,0,2904_128_128,False
3061,site13_65.png,384,0,0.0,0,3061_384_0,False
3070,site13_75.png,0,128,1.0,2,3070_0_128,True
3088,site13_97.png,256,512,0.0,0,3088_256_512,False
3031,site13_27.png,128,512,1.0,2,3031_128_512,True
2197,site14_251.png,256,0,0.04339599609375,0,2197_256_0,True
758,site4_79.png,384,0,0.0,0,758_384_0,False
2659,site17_76.png,256,128,0.999755859375,2,2659_256_128,True
1273,site6_299.png,512,128,0.15850830078125,1,1273_512_128,True
3788,site11_527.png,256,512,0.0,0,3788_256_512,False
3592,site11_325.png,0,128,0.0,0,3592_0_128,False
998,site5_159.png,128,512,1.0,2,998_128_512,True
3059,site13_63.png,256,256,0.0,0,3059_256_256,False
2914,site8_134.png,512,128,0.0,0,2914_512_128,False
2611,site17_20.png,0,384,0.59991455078125,2,2611_0_384,True
849,site4_176.png,128,0,0.0,0,849_128_0,False
1543,site6_656.png,0,384,0.0,0,1543_0_384,False
3117,site13_133.png,0,128,1.0,2,3117_0_128,True
2203,site14_257.png,128,512,0.82867431640625,2,2203_128_512,True
3083,site13_92.png,512,512,1.0,2,3083_512_512,True
3787,site11_526.png,0,512,0.0,0,3787_0_512,False
2830,site8_35.png,0,384,0.0,0,2830_0_384,False
2718,site1_32.png,384,256,0.0,0,2718_384_256,False
4768,site16_745.png,128,0,0.67919921875,2,4768_128_0,True
1586,site6_715.png,384,128,0.0,0,1586_384_128,False
4725,site16_693.png,384,512,0.1451416015625,1,4725_384_512,True
4566,site16_510.png,384,512,0.0,0,4566_384_512,False
1051,site5_218.png,128,128,0.7432861328125,2,1051_128_128,True
774,site4_96.png,0,128,1.0,2,774_0_128,True
1967,site9_90.png,256,512,0.0,0,1967_256_512,False
4748,site16_720.png,256,512,0.0,0,4748_256_512,False
4725,site16_693.png,0,512,0.5494384765625,2,4725_0_512,True
1654,site6_808.png,256,0,0.0,0,1654_256_0,False
2457,site12_55.png,128,128,1.0,2,2457_128_128,True
3079,site13_86.png,256,256,0.98797607421875,2,3079_256_256,True
2180,site14_231.png,128,128,0.931640625,2,2180_128_128,True
3209,site2_37.png,256,128,0.0,0,3209_256_128,False
2476,site12_76.png,0,512,0.0,0,2476_0_512,False
3148,site13_168.png,512,384,0.99359130859375,2,3148_512_384,True
3162,site13_186.png,384,128,0.0,0,3162_384_128,False
1940,site9_51.png,512,512,1.0,2,1940_512_512,True
4751,site16_723.png,128,0,0.0,0,4751_128_0,False
2620,site17_31.png,0,128,0.0947265625,1,2620_0_128,True
3094,site13_105.png,128,0,0.6771240234375,2,3094_128_0,True
2514,site12_117.png,512,0,0.5870361328125,2,2514_512_0,True
2438,site12_35.png,128,0,0.6627197265625,2,2438_128_0,True
1088,site5_261.png,0,384,1.0,2,1088_0_384,True
1804,site6_1003.png,512,384,0.0,0,1804_512_384,False
1953,site9_70.png,384,256,1.0,2,1953_384_256,True
2052,site14_88.png,128,512,0.30401611328125,1,2052_128_512,True
2204,site14_258.png,256,256,0.0,0,2204_256_256,False
1053,site5_220.png,384,128,0.23834228515625,1,1053_384_128,True
2160,site14_209.png,512,128,0.12042236328125,1,2160_512_128,True
2175,site14_226.png,512,256,0.19659423828125,1,2175_512_256,True
3787,site11_526.png,384,128,0.0,0,3787_384_128,False
2258,site14_335.png,256,512,0.0,0,2258_256_512,False
1075,site5_244.png,0,512,0.34295654296875,1,1075_0_512,True
2462,site12_60.png,384,384,0.0,0,2462_384_384,False
2334,site15_84.png,512,384,0.80096435546875,2,2334_512_384,True
2143,site14_189.png,512,384,0.3905029296875,1,2143_512_384,True
3023,site13_7.png,256,256,0.0,0,3023_256_256,False
2050,site14_86.png,512,0,0.0,0,2050_512_0,False
3165,site13_189.png,384,384,0.009033203125,0,3165_384_384,True
3135,site13_153.png,384,256,0.0,0,3135_384_256,False
2641,site17_56.png,128,0,0.96661376953125,2,2641_128_0,True
3038,site13_36.png,384,384,1.0,2,3038_384_384,True
3089,site13_98.png,512,256,0.0,0,3089_512_256,False
2687,site10_22.png,384,512,0.0,0,2687_384_512,False
991,site5_152.png,128,256,0.0,0,991_128_256,False
2824,site8_25.png,512,384,0.0,0,2824_512_384,False
292,site3_322.png,128,0,0.0040283203125,0,292_128_0,True
3030,site13_26.png,128,384,0.73907470703125,2,3030_128_384,True
2346,site15_97.png,256,128,0.28460693359375,1,2346_256_128,True
3060,site13_64.png,0,128,0.0,0,3060_0_128,False
4729,site16_697.png,384,512,0.0,0,4729_384_512,False
2485,site12_86.png,512,128,0.88470458984375,2,2485_512_128,True
3156,site13_178.png,512,512,0.49676513671875,2,3156_512_512,True
2187,site14_238.png,128,0,0.2138671875,1,2187_128_0,True
792,site4_115.png,128,256,0.0,0,792_128_256,False
916,site5_65.png,512,0,0.62957763671875,2,916_512_0,True
2564,site12_170.png,256,128,0.0,0,2564_256_128,False
4543,site16_485.png,256,512,0.077392578125,1,4543_256_512,True
952,site5_109.png,128,512,1.0,2,952_128_512,True
181,site3_206.png,512,128,0.0,0,181_512_128,False
2638,site17_53.png,512,512,0.0,0,2638_512_512,False
4543,site16_485.png,512,256,0.05792236328125,1,4543_512_256,True
3132,site13_149.png,128,384,0.0,0,3132_128_384,False
1624,site6_762.png,384,256,0.0,0,1624_384_256,False
1826,site6_1037.png,0,128,0.4390869140625,2,1826_0_128,True
2517,site12_120.png,256,384,0.0,0,2517_256_384,False
849,site4_176.png,0,512,0.0,0,849_0_512,False
551,site3_604.png,512,0,0.0054931640625,0,551_512_0,True
915,site5_64.png,128,256,1.0,2,915_128_256,True
3058,site13_62.png,512,128,0.08050537109375,1,3058_512_128,True
2154,site14_203.png,256,128,0.0,0,2154_256_128,False
4751,site16_723.png,128,384,0.0,0,4751_128_384,False
4808,site16_793.png,384,128,0.0,0,4808_384_128,False
2775,site1_97.png,128,0,0.0,0,2775_128_0,False
918,site5_67.png,0,256,0.0,0,918_0_256,False
1666,site6_820.png,384,256,0.0,0,1666_384_256,False
240,site3_268.png,256,512,0.0,0,240_256_512,False
2943,site8_166.png,512,0,1.0,2,2943_512_0,True
1544,site6_657.png,128,384,1.0,2,1544_128_384,True
4703,site16_668.png,512,384,0.0,0,4703_512_384,False
914,site5_63.png,0,384,1.0,2,914_0_384,True
526,site3_576.png,512,512,0.0,0,526_512_512,False
3126,site13_143.png,384,128,0.1605224609375,1,3126_384_128,True
1939,site9_50.png,0,384,1.0,2,1939_0_384,True
269,site3_298.png,256,384,0.00628662109375,0,269_256_384,True
2457,site12_55.png,512,384,1.0,2,2457_512_384,True
2323,site15_72.png,512,512,1.0,2,2323_512_512,True
1954,site9_71.png,0,256,1.0,2,1954_0_256,True
1787,site6_986.png,512,256,1.0,2,1787_512_256,True
3823,site11_563.png,0,256,0.0,0,3823_0_256,False
2686,site10_21.png,256,256,0.0,0,2686_256_256,False
2455,site12_53.png,512,0,0.0,0,2455_512_0,False
2100,site14_144.png,128,384,0.01422119140625,0,2100_128_384,True
1168,site6_137.png,128,256,0.0,0,1168_128_256,False
4591,site16_537.png,0,512,0.46484375,2,4591_0_512,True
3072,site13_77.png,128,512,0.79400634765625,2,3072_128_512,True
1031,site5_194.png,384,512,0.0,0,1031_384_512,False
1913,site9_7.png,384,0,0.0,0,1913_384_0,False
3231,site2_66.png,0,256,0.0,0,3231_0_256,False
3274,site2_116.png,512,256,6.103515625e-05,0,3274_512_256,True
3038,site13_36.png,256,512,1.0,2,3038_256_512,True
839,site4_166.png,512,384,0.0,0,839_512_384,False
1057,site5_224.png,512,128,0.0,0,1057_512_128,False
2110,site14_154.png,384,128,0.0,0,2110_384_128,False
1096,site5_277.png,384,0,0.91412353515625,2,1096_384_0,True
2895,site8_113.png,0,0,0.0,0,2895_0_0,False
2499,site12_101.png,512,384,0.45263671875,2,2499_512_384,True
2610,site17_19.png,0,512,0.0,0,2610_0_512,False
1936,site9_47.png,128,384,0.9693603515625,2,1936_128_384,True
1742,site6_921.png,0,0,0.84039306640625,2,1742_0_0,True
2692,site10_51.png,0,128,0.00640869140625,0,2692_0_128,True
1785,site6_984.png,256,256,0.18359375,1,1785_256_256,True
948,site5_103.png,256,128,0.00445556640625,0,948_256_128,True
1736,site6_915.png,0,256,0.0,0,1736_0_256,False
990,site5_151.png,128,128,0.194580078125,1,990_128_128,True
2207,site14_264.png,256,128,0.0,0,2207_256_128,False
1654,site6_808.png,128,512,0.01654052734375,0,1654_128_512,True
656,site3_731.png,128,128,0.275390625,1,656_128_128,True
939,site5_94.png,256,384,0.150146484375,1,939_256_384,True
521,site3_571.png,384,128,0.0,0,521_384_128,False
558,site3_611.png,384,384,0.0,0,558_384_384,False
2258,site14_335.png,256,0,0.0,0,2258_256_0,False
2726,site1_41.png,384,256,0.78839111328125,2,2726_384_256,True
2943,site8_166.png,128,384,0.816162109375,2,2943_128_384,True
2934,site8_156.png,256,256,1.0,2,2934_256_256,True
3821,site11_561.png,0,128,0.0098876953125,0,3821_0_128,True
2832,site8_37.png,512,128,0.84649658203125,2,2832_512_128,True
4970,site16_1005.png,256,384,0.00848388671875,0,4970_256_384,True
998,site5_159.png,128,384,0.487060546875,2,998_128_384,True
2504,site12_106.png,128,512,0.0,0,2504_128_512,False
1764,site6_953.png,512,0,0.0,0,1764_512_0,False
2935,site8_157.png,128,256,0.68359375,2,2935_128_256,True
2687,site10_22.png,256,0,0.0,0,2687_256_0,False
1237,site6_241.png,384,256,0.0250244140625,0,1237_384_256,True
3164,site13_188.png,256,512,0.0,0,3164_256_512,False
2437,site12_34.png,512,384,0.42156982421875,2,2437_512_384,True
2610,site17_19.png,128,384,0.0,0,2610_128_384,False
2235,site14_296.png,128,256,0.40167236328125,2,2235_128_256,True
2033,site14_67.png,512,256,0.0,0,2033_512_256,False
1282,site6_308.png,512,384,0.439208984375,2,1282_512_384,True
2439,site12_36.png,0,0,0.254150390625,1,2439_0_0,True
604,site3_666.png,128,256,0.0,0,604_128_256,False
1254,site6_269.png,512,512,0.0,0,1254_512_512,False
1007,site5_169.png,0,384,0.82708740234375,2,1007_0_384,True
1638,site6_784.png,256,128,0.3121337890625,1,1638_256_128,True
1941,site9_52.png,384,0,1.0,2,1941_384_0,True
937,site5_92.png,384,384,0.0,0,937_384_384,False
1624,site6_762.png,384,0,0.576171875,2,1624_384_0,True
2514,site12_117.png,512,256,0.24871826171875,1,2514_512_256,True
2642,site17_57.png,0,384,0.97039794921875,2,2642_0_384,True
3034,site13_32.png,512,0,0.2041015625,1,3034_512_0,True
3099,site13_112.png,256,128,1.0,2,3099_256_128,True
4566,site16_510.png,512,512,0.1077880859375,1,4566_512_512,True
1741,site6_920.png,512,512,0.0,0,1741_512_512,False
3131,site13_148.png,512,384,0.5950927734375,2,3131_512_384,True
2657,site17_74.png,128,384,0.0,0,2657_128_384,False
2099,site14_143.png,384,384,0.0,0,2099_384_384,False
2068,site14_107.png,384,384,0.0,0,2068_384_384,False
3089,site13_98.png,0,0,0.0,0,3089_0_0,False
760,site4_81.png,256,0,0.0,0,760_256_0,False
2970,site8_196.png,512,0,0.0,0,2970_512_0,False
1571,site6_692.png,384,256,0.01556396484375,0,1571_384_256,True
978,site5_137.png,256,384,0.02685546875,0,978_256_384,True
772,site4_94.png,0,0,0.0,0,772_0_0,False
790,site4_113.png,0,128,1.0,2,790_0_128,True
2457,site12_55.png,128,512,1.0,2,2457_128_512,True
938,site5_93.png,0,512,0.0,0,938_0_512,False
3723,site11_460.png,384,256,0.22174072265625,1,3723_384_256,True
265,site3_294.png,384,512,0.3548583984375,1,265_384_512,True
3720,site11_457.png,384,256,0.06646728515625,1,3720_384_256,True
1954,site9_71.png,256,384,0.9725341796875,2,1954_256_384,True
2647,site17_62.png,128,0,0.0,0,2647_128_0,False
2538,site12_142.png,0,0,1.0,2,2538_0_0,True
3266,site2_107.png,384,128,0.0,0,3266_384_128,False
947,site5_102.png,0,384,0.0,0,947_0_384,False
295,site3_325.png,256,384,0.0,0,295_256_384,False
3077,site13_84.png,0,0,1.0,2,3077_0_0,True
2642,site17_57.png,384,0,0.0,0,2642_384_0,False
1068,site5_237.png,256,512,0.0,0,1068_256_512,False
3287,site2_131.png,256,128,0.0,0,3287_256_128,False
4729,site16_697.png,256,256,0.12890625,1,4729_256_256,True
2765,site1_85.png,512,0,0.24261474609375,1,2765_512_0,True
3028,site13_24.png,128,512,0.03076171875,0,3028_128_512,True
1598,site6_727.png,512,256,0.0,0,1598_512_256,False
2613,site17_22.png,0,384,0.0,0,2613_0_384,False
2157,site14_206.png,384,0,0.96435546875,2,2157_384_0,True
2729,site1_44.png,384,128,0.01019287109375,0,2729_384_128,True
1924,site9_29.png,512,384,0.72479248046875,2,1924_512_384,True
416,site3_454.png,0,384,0.0,0,416_0_384,False
2092,site14_134.png,384,128,0.0,0,2092_384_128,False
1936,site9_47.png,128,128,0.71435546875,2,1936_128_128,True
2655,site17_72.png,0,128,0.145263671875,1,2655_0_128,True
2186,site14_237.png,512,512,0.32861328125,1,2186_512_512,True
1325,site6_369.png,384,128,0.0,0,1325_384_128,False
1168,site6_137.png,256,384,0.17840576171875,1,1168_256_384,True
889,site5_29.png,128,0,0.0,0,889_128_0,False
3821,site11_561.png,384,384,0.0,0,3821_384_384,False
387,site3_422.png,512,0,0.6239013671875,2,387_512_0,True
3252,site2_91.png,256,256,0.0,0,3252_256_256,False
2972,site8_198.png,0,384,0.0,0,2972_0_384,False
1044,site5_209.png,0,256,1.0,2,1044_0_256,True
4726,site16_694.png,128,256,0.55035400390625,2,4726_128_256,True
1237,site6_241.png,384,512,0.0,0,1237_384_512,False
2186,site14_237.png,512,0,0.0,0,2186_512_0,False
2176,site14_227.png,128,128,0.01849365234375,0,2176_128_128,True
2033,site14_67.png,128,512,0.0,0,2033_128_512,False
2187,site14_238.png,384,512,0.0,0,2187_384_512,False
3228,site2_63.png,128,256,0.0,0,3228_128_256,False
1273,site6_299.png,512,384,0.58123779296875,2,1273_512_384,True
1949,site9_63.png,512,0,0.4453125,2,1949_512_0,True
983,site5_142.png,0,384,0.0,0,983_0_384,False
2123,site14_168.png,128,384,0.0,0,2123_128_384,False
2499,site12_101.png,0,0,0.0,0,2499_0_0,False
1024,site5_187.png,384,256,0.90216064453125,2,1024_384_256,True
1059,site5_226.png,512,512,0.0,0,1059_512_512,False
1045,site5_210.png,128,128,0.05133056640625,1,1045_128_128,True
2208,site14_265.png,512,128,0.0,0,2208_512_128,False
2658,site17_75.png,256,384,0.00421142578125,0,2658_256_384,True
1380,site6_441.png,256,384,0.410888671875,2,1380_256_384,True
4492,site16_432.png,0,256,0.0,0,4492_0_256,False
1728,site6_899.png,384,384,0.40863037109375,2,1728_384_384,True
3102,site13_115.png,384,0,0.0,0,3102_384_0,False
3042,site13_42.png,384,256,0.09979248046875,1,3042_384_256,True
464,site3_508.png,256,128,0.084716796875,1,464_256_128,True
1237,site6_241.png,384,128,0.0,0,1237_384_128,False
2056,site14_92.png,0,128,0.0,0,2056_0_128,False
2630,site17_43.png,512,512,0.0,0,2630_512_512,False
1227,site6_231.png,512,0,0.0,0,1227_512_0,False
2258,site14_335.png,512,128,0.30963134765625,1,2258_512_128,True
2144,site14_190.png,128,0,0.0,0,2144_128_0,False
1308,site6_343.png,384,384,0.99932861328125,2,1308_384_384,True
3134,site13_152.png,0,512,0.7867431640625,2,3134_0_512,True
2459,site12_57.png,384,0,1.0,2,2459_384_0,True
1191,site6_173.png,384,128,0.24700927734375,1,1191_384_128,True
1087,site5_260.png,256,256,0.998291015625,2,1087_256_256,True
2192,site14_246.png,384,512,0.0,0,2192_384_512,False
2640,site17_55.png,384,0,0.0,0,2640_384_0,False
2323,site15_72.png,384,0,0.0,0,2323_384_0,False
3066,site13_71.png,512,256,0.77374267578125,2,3066_512_256,True
359,site3_392.png,512,384,0.0,0,359_512_384,False
2723,site1_37.png,384,512,0.0,0,2723_384_512,False
3068,site13_73.png,128,384,1.0,2,3068_128_384,True
2457,site12_55.png,256,0,1.0,2,2457_256_0,True
2332,site15_82.png,512,512,0.0,0,2332_512_512,False
359,site3_392.png,0,512,0.3294677734375,1,359_0_512,True
1624,site6_762.png,384,384,0.0,0,1624_384_384,False
1520,site6_624.png,384,512,0.0,0,1520_384_512,False
2498,site12_100.png,128,512,0.0,0,2498_128_512,False
1128,site6_83.png,384,384,0.0,0,1128_384_384,False
3083,site13_92.png,384,0,1.0,2,3083_384_0,True
4769,site16_746.png,256,256,0.0,0,4769_256_256,False
2436,site12_33.png,512,512,0.0,0,2436_512_512,False
1737,site6_916.png,384,0,0.0,0,1737_384_0,False
2638,site17_53.png,256,512,0.0,0,2638_256_512,False
3022,site13_6.png,384,128,0.0,0,3022_384_128,False
926,site5_79.png,384,0,1.0,2,926_384_0,True
2462,site12_60.png,0,512,0.51904296875,2,2462_0_512,True
2832,site8_37.png,256,0,1.0,2,2832_256_0,True
656,site3_731.png,0,128,0.0,0,656_0_128,False
2904,site8_123.png,384,256,0.0,0,2904_384_256,False
351,site3_384.png,256,384,0.0,0,351_256_384,False
1924,site9_29.png,0,256,0.97265625,2,1924_0_256,True
1045,site5_210.png,256,128,0.0,0,1045_256_128,False
4377,site16_304.png,0,512,0.0,0,4377_0_512,False
291,site3_321.png,512,128,0.6236572265625,2,291_512_128,True
181,site3_206.png,128,128,0.0,0,181_128_128,False
3030,site13_26.png,384,512,1.0,2,3030_384_512,True
2764,site1_84.png,128,0,0.0,0,2764_128_0,False
2403,site15_164.png,0,384,0.0,0,2403_0_384,False
493,site3_540.png,512,384,0.0,0,493_512_384,False
2924,site8_145.png,128,256,0.0,0,2924_128_256,False
3692,site11_428.png,256,256,1.0,2,3692_256_256,True
94,site3_112.png,256,0,0.55621337890625,2,94_256_0,True
2675,site7_7.png,256,0,1.0,2,2675_256_0,True
3823,site11_563.png,384,0,0.0,0,3823_384_0,False
1692,site6_855.png,128,512,0.0,0,1692_128_512,False
2469,site12_69.png,384,512,0.521484375,2,2469_384_512,True
978,site5_137.png,512,256,0.9923095703125,2,978_512_256,True
1926,site9_31.png,256,128,1.0,2,1926_256_128,True
2234,site14_295.png,256,256,0.0,0,2234_256_256,False
326,site3_358.png,384,256,0.0,0,326_384_256,False
3162,site13_186.png,384,0,0.0,0,3162_384_0,False
2072,site14_111.png,0,256,0.0,0,2072_0_256,False
2248,site14_316.png,256,384,0.9857177734375,2,2248_256_384,True
2848,site8_58.png,512,256,0.0,0,2848_512_256,False
2886,site8_103.png,256,256,0.0,0,2886_256_256,False
2182,site14_233.png,0,128,0.6519775390625,2,2182_0_128,True
3134,site13_152.png,384,384,1.0,2,3134_384_384,True
2102,site14_146.png,384,128,0.0,0,2102_384_128,False
941,site5_96.png,128,384,0.0,0,941_128_384,False
3116,site13_132.png,512,256,1.0,2,3116_512_256,True
2848,site8_58.png,128,128,0.13116455078125,1,2848_128_128,True
1044,site5_209.png,128,256,1.0,2,1044_128_256,True
1061,site5_228.png,128,256,0.41729736328125,2,1061_128_256,True
2979,site8_206.png,256,0,0.0,0,2979_256_0,False
2374,site15_129.png,384,0,0.0,0,2374_384_0,False
3289,site2_133.png,384,128,0.0,0,3289_384_128,False
2332,site15_82.png,384,256,0.0,0,2332_384_256,False
581,site3_639.png,256,128,0.0,0,581_256_128,False
2335,site15_85.png,256,256,0.88385009765625,2,2335_256_256,True
3241,site2_78.png,128,384,0.0,0,3241_128_384,False
464,site3_508.png,512,256,0.0,0,464_512_256,False
3626,site11_360.png,256,512,0.0,0,3626_256_512,False
352,site3_385.png,512,0,0.0,0,352_512_0,False
1309,site6_344.png,128,0,0.0,0,1309_128_0,False
1068,site5_237.png,128,0,1.0,2,1068_128_0,True
2723,site1_37.png,128,512,0.0341796875,0,2723_128_512,True
1943,site9_57.png,384,128,1.0,2,1943_384_128,True
2515,site12_118.png,0,0,0.0,0,2515_0_0,False
1961,site9_81.png,128,256,0.0,0,1961_128_256,False
1913,site9_7.png,512,512,0.73748779296875,2,1913_512_512,True
3113,site13_128.png,384,128,1.0,2,3113_384_128,True
3126,site13_143.png,128,0,1.0,2,3126_128_0,True
1714,site6_885.png,384,0,0.0,0,1714_384_0,False
4703,site16_668.png,128,384,0.12396240234375,1,4703_128_384,True
991,site5_152.png,128,0,0.0,0,991_128_0,False
1913,site9_7.png,512,128,0.0,0,1913_512_128,False
1085,site5_258.png,0,384,0.0,0,1085_0_384,False
2457,site12_55.png,0,0,0.84442138671875,2,2457_0_0,True
3075,site13_82.png,384,128,1.0,2,3075_384_128,True
4743,site16_715.png,128,256,0.0,0,4743_128_256,False
1543,site6_656.png,0,128,0.0,0,1543_0_128,False
1029,site5_192.png,512,512,0.0,0,1029_512_512,False
386,site3_421.png,512,0,0.4134521484375,2,386_512_0,True
3154,site13_176.png,128,128,0.0,0,3154_128_128,False
3722,site11_459.png,0,128,0.01837158203125,0,3722_0_128,True
2613,site17_22.png,512,384,0.0,0,2613_512_384,False
3058,site13_62.png,128,256,0.48065185546875,2,3058_128_256,True
1440,site6_518.png,256,128,0.0,0,1440_256_128,False
2203,site14_257.png,0,384,0.01519775390625,0,2203_0_384,True
3068,site13_73.png,128,512,1.0,2,3068_128_512,True
2500,site12_102.png,384,384,0.82720947265625,2,2500_384_384,True
292,site3_322.png,0,0,0.05133056640625,1,292_0_0,True
3788,site11_527.png,512,256,0.45526123046875,2,3788_512_256,True
3066,site13_71.png,512,128,0.771240234375,2,3066_512_128,True
3157,site13_179.png,384,0,0.0,0,3157_384_0,False
1015,site5_177.png,256,384,1.0,2,1015_256_384,True
1238,site6_242.png,512,256,0.0086669921875,0,1238_512_256,True
1952,site9_69.png,0,0,0.0,0,1952_0_0,False
1779,site6_968.png,128,512,0.0,0,1779_128_512,False
2675,site7_7.png,512,128,0.0,0,2675_512_128,False
940,site5_95.png,128,512,0.0,0,940_128_512,False
2934,site8_156.png,0,512,0.006103515625,0,2934_0_512,True
556,site3_609.png,256,256,0.0,0,556_256_256,False
577,site3_635.png,128,512,0.0,0,577_128_512,False
2068,site14_107.png,256,128,0.57879638671875,2,2068_256_128,True
3787,site11_526.png,512,256,0.0,0,3787_512_256,False
3125,site13_142.png,384,0,0.97540283203125,2,3125_384_0,True
2962,site8_187.png,256,0,0.0,0,2962_256_0,False
3824,site11_564.png,128,128,0.4451904296875,2,3824_128_128,True
2140,site14_186.png,128,384,0.99249267578125,2,2140_128_384,True
558,site3_611.png,256,512,0.0,0,558_256_512,False
2197,site14_251.png,512,512,0.0,0,2197_512_512,False
3011,site8_244.png,512,0,0.05279541015625,1,3011_512_0,True
3088,site13_97.png,256,0,0.08721923828125,1,3088_256_0,True
1948,site9_62.png,256,0,1.0,2,1948_256_0,True
939,site5_94.png,128,256,0.07635498046875,1,939_128_256,True
1053,site5_220.png,128,256,0.53009033203125,2,1053_128_256,True
2641,site17_56.png,512,256,1.0,2,2641_512_256,True
2641,site17_56.png,384,384,0.8826904296875,2,2641_384_384,True
240,site3_268.png,256,384,0.0,0,240_256_384,False
1638,site6_784.png,0,128,0.0,0,1638_0_128,False
2945,site8_168.png,512,384,0.0,0,2945_512_384,False
2500,site12_102.png,0,128,0.59991455078125,2,2500_0_128,True
3118,site13_134.png,128,128,1.0,2,3118_128_128,True
577,site3_635.png,512,256,0.0025634765625,0,577_512_256,True
1737,site6_916.png,0,256,0.0,0,1737_0_256,False
1552,site6_673.png,384,0,0.0413818359375,0,1552_384_0,True
389,site3_424.png,128,256,0.0,0,389_128_256,False
493,site3_540.png,512,512,0.0,0,493_512_512,False
632,site3_699.png,384,0,0.0,0,632_384_0,False
916,site5_65.png,128,256,0.0,0,916_128_256,False
2052,site14_88.png,0,0,0.0,0,2052_0_0,False
210,site3_237.png,128,512,0.07513427734375,1,210_128_512,True
791,site4_114.png,0,512,1.0,2,791_0_512,True
522,site3_572.png,128,512,0.0040283203125,0,522_128_512,True
1714,site6_885.png,0,128,0.0,0,1714_0_128,False
2960,site8_185.png,256,256,0.03961181640625,0,2960_256_256,True
1010,site5_172.png,512,384,1.0,2,1010_512_384,True
2100,site14_144.png,0,384,0.0,0,2100_0_384,False
2763,site1_83.png,0,256,0.0,0,2763_0_256,False
475,site3_519.png,384,128,0.0,0,475_384_128,False
4376,site16_303.png,128,0,0.0,0,4376_128_0,False
3106,site13_119.png,128,512,0.0,0,3106_128_512,False
2479,site12_79.png,384,512,1.0,2,2479_384_512,True
2220,site14_277.png,128,384,0.475341796875,2,2220_128_384,True
2446,site12_43.png,384,0,0.25,1,2446_384_0,True
1953,site9_70.png,256,512,0.87384033203125,2,1953_256_512,True
1742,site6_921.png,0,384,0.0,0,1742_0_384,False
3086,site13_95.png,0,128,1.0,2,3086_0_128,True
3209,site2_37.png,512,512,0.0,0,3209_512_512,False
1880,site6_1140.png,512,128,0.0,0,1880_512_128,False
3123,site13_139.png,384,384,0.0,0,3123_384_384,False
2654,site17_71.png,512,128,0.2091064453125,1,2654_512_128,True
4722,site16_690.png,512,384,0.0,0,4722_512_384,False
2723,site1_37.png,384,256,0.0,0,2723_384_256,False
3131,site13_148.png,384,256,0.5885009765625,2,3131_384_256,True
3218,site2_50.png,0,384,0.0374755859375,0,3218_0_384,True
3132,site13_149.png,256,128,0.0,0,3132_256_128,False
1503,site6_607.png,0,256,0.0,0,1503_0_256,False
3022,site13_6.png,256,256,0.0,0,3022_256_256,False
3141,site13_159.png,512,512,0.0,0,3141_512_512,False
1926,site9_31.png,0,256,1.0,2,1926_0_256,True
1938,site9_49.png,128,128,0.0,0,1938_128_128,False
1788,site6_987.png,512,256,0.04693603515625,0,1788_512_256,True
773,site4_95.png,256,384,1.0,2,773_256_384,True
3075,site13_82.png,384,256,1.0,2,3075_384_256,True
3251,site2_90.png,384,384,0.0,0,3251_384_384,False
3134,site13_152.png,384,256,0.48712158203125,2,3134_384_256,True
839,site4_166.png,384,256,0.0,0,839_384_256,False
3104,site13_117.png,384,512,0.83270263671875,2,3104_384_512,True
2354,site15_106.png,0,512,0.9207763671875,2,2354_0_512,True
924,site5_77.png,256,384,0.0,0,924_256_384,False
822,site4_148.png,0,128,0.0,0,822_0_128,False
2837,site8_45.png,512,128,0.11712646484375,1,2837_512_128,True
2336,site15_86.png,384,512,0.0,0,2336_384_512,False
4725,site16_693.png,512,0,0.81597900390625,2,4725_512_0,True
3723,site11_460.png,256,0,0.35528564453125,1,3723_256_0,True
961,site5_118.png,0,0,0.0,0,961_0_0,False
3116,site13_132.png,512,512,1.0,2,3116_512_512,True
2674,site7_6.png,512,512,0.0,0,2674_512_512,False
95,site3_113.png,512,0,0.0,0,95_512_0,False
817,site4_141.png,0,256,0.296630859375,1,817_0_256,True
2456,site12_54.png,256,128,0.42218017578125,2,2456_256_128,True
816,site4_140.png,384,384,0.1810302734375,1,816_384_384,True
2102,site14_146.png,128,384,1.0,2,2102_128_384,True
1097,site5_278.png,384,128,1.0,2,1097_384_128,True
1952,site9_69.png,384,128,0.0,0,1952_384_128,False
4589,site16_535.png,128,0,0.0,0,4589_128_0,False
3111,site13_126.png,0,384,0.0,0,3111_0_384,False
2087,site14_129.png,0,384,0.0,0,2087_0_384,False
2075,site14_114.png,256,512,0.0,0,2075_256_512,False
3088,site13_97.png,384,256,0.0,0,3088_384_256,False
4377,site16_304.png,0,256,0.79302978515625,2,4377_0_256,True
3042,site13_42.png,256,0,0.23992919921875,1,3042_256_0,True
3097,site13_108.png,256,0,0.0,0,3097_256_0,False
3047,site13_47.png,256,128,0.98321533203125,2,3047_256_128,True
3066,site13_71.png,128,512,0.26788330078125,1,3066_128_512,True
3289,site2_133.png,0,256,0.245361328125,1,3289_0_256,True
4589,site16_535.png,512,512,0.133056640625,1,4589_512_512,True
902,site5_47.png,384,384,0.56890869140625,2,902_384_384,True
3067,site13_72.png,256,256,1.0,2,3067_256_256,True
1168,site6_137.png,256,256,0.1483154296875,1,1168_256_256,True
989,site5_150.png,0,0,0.0,0,989_0_0,False
557,site3_610.png,0,128,0.0,0,557_0_128,False
95,site3_113.png,256,512,0.0,0,95_256_512,False
2335,site15_85.png,384,384,1.0,2,2335_384_384,True
3068,site13_73.png,256,0,1.0,2,3068_256_0,True
2463,site12_61.png,512,128,1.0,2,2463_512_128,True
2832,site8_37.png,128,256,1.0,2,2832_128_256,True
1129,site6_84.png,0,128,0.0,0,1129_0_128,False
4703,site16_668.png,0,256,0.10211181640625,1,4703_0_256,True
2154,site14_203.png,256,512,0.0,0,2154_256_512,False
2446,site12_43.png,512,512,0.76263427734375,2,2446_512_512,True
2036,site14_70.png,256,128,0.0,0,2036_256_128,False
3031,site13_27.png,0,384,0.9676513671875,2,3031_0_384,True
2198,site14_252.png,0,0,0.73382568359375,2,2198_0_0,True
1949,site9_63.png,256,256,0.9827880859375,2,1949_256_256,True
2740,site1_56.png,0,384,0.8199462890625,2,2740_0_384,True
2175,site14_226.png,512,128,0.94342041015625,2,2175_512_128,True
3070,site13_75.png,128,384,1.0,2,3070_128_384,True
292,site3_322.png,512,384,0.31964111328125,1,292_512_384,True
3140,site13_158.png,0,512,1.0,2,3140_0_512,True
2602,site17_9.png,0,0,0.2012939453125,1,2602_0_0,True
1598,site6_727.png,256,512,0.7314453125,2,1598_256_512,True
900,site5_45.png,0,384,0.0,0,900_0_384,False
4469,site16_407.png,128,256,0.994140625,2,4469_128_256,True
2083,site14_125.png,512,384,0.04461669921875,0,2083_512_384,True
2564,site12_170.png,0,384,1.0,2,2564_0_384,True
2500,site12_102.png,512,512,1.0,2,2500_512_512,True
2641,site17_56.png,256,128,0.98663330078125,2,2641_256_128,True
777,site4_99.png,0,384,0.0,0,777_0_384,False
3788,site11_527.png,128,512,0.54473876953125,2,3788_128_512,True
2460,site12_58.png,0,128,0.90374755859375,2,2460_0_128,True
3249,site2_88.png,384,256,0.0,0,3249_384_256,False
1024,site5_187.png,0,0,0.6015625,2,1024_0_0,True
358,site3_391.png,256,128,0.0,0,358_256_128,False
1020,site5_183.png,512,384,0.0,0,1020_512_384,False
2190,site14_244.png,256,0,0.0,0,2190_256_0,False
3138,site13_156.png,0,0,0.07684326171875,1,3138_0_0,True
891,site5_31.png,384,0,0.0,0,891_384_0,False
3131,site13_148.png,256,384,0.111328125,1,3131_256_384,True
4730,site16_698.png,0,256,0.19781494140625,1,4730_0_256,True
3066,site13_71.png,512,512,0.696044921875,2,3066_512_512,True
2529,site12_133.png,0,384,0.0,0,2529_0_384,False
2925,site8_146.png,0,128,0.0,0,2925_0_128,False
3125,site13_142.png,256,0,0.06988525390625,1,3125_256_0,True
3726,site11_463.png,128,384,0.0,0,3726_128_384,False
2033,site14_67.png,0,512,0.0,0,2033_0_512,False
2492,site12_93.png,128,256,1.0,2,2492_128_256,True
2355,site15_107.png,384,0,0.0,0,2355_384_0,False
2514,site12_117.png,256,384,0.7928466796875,2,2514_256_384,True
4750,site16_722.png,0,512,0.0,0,4750_0_512,False
3135,site13_153.png,128,256,0.3648681640625,1,3135_128_256,True
1007,site5_169.png,0,512,0.40313720703125,2,1007_0_512,True
755,site4_76.png,0,0,0.0,0,755_0_0,False
2144,site14_190.png,384,128,0.1494140625,1,2144_384_128,True
1948,site9_62.png,512,384,1.0,2,1948_512_384,True
2518,site12_121.png,128,128,1.0,2,2518_128_128,True
3096,site13_107.png,512,384,0.937744140625,2,3096_512_384,True
927,site5_80.png,512,256,0.0,0,927_512_256,False
2564,site12_170.png,512,384,0.66424560546875,2,2564_512_384,True
4637,site16_587.png,256,256,0.28314208984375,1,4637_256_256,True
360,site3_393.png,128,512,0.0,0,360_128_512,False
865,site4_194.png,0,128,0.0,0,865_0_128,False
3823,site11_563.png,128,128,0.0,0,3823_128_128,False
980,site5_139.png,512,384,0.188720703125,1,980_512_384,True
3753,site11_491.png,256,256,0.0,0,3753_256_256,False
2471,site12_71.png,384,256,1.0,2,2471_384_256,True
2685,site10_20.png,256,0,0.0,0,2685_256_0,False
903,site5_48.png,0,256,0.89739990234375,2,903_0_256,True
2733,site1_48.png,0,0,0.0,0,2733_0_0,False
2491,site12_92.png,256,256,0.0,0,2491_256_256,False
1778,site6_967.png,384,128,0.0,0,1778_384_128,False
408,site3_446.png,128,256,0.767822265625,2,408_128_256,True
3116,site13_132.png,0,0,0.0,0,3116_0_0,False
2198,site14_252.png,384,256,0.0,0,2198_384_256,False
3218,site2_50.png,512,256,0.72833251953125,2,3218_512_256,True
3095,site13_106.png,128,256,0.0,0,3095_128_256,False
2160,site14_209.png,256,256,0.136474609375,1,2160_256_256,True
2235,site14_296.png,512,384,0.0,0,2235_512_384,False
2118,site14_163.png,384,512,0.0,0,2118_384_512,False
45,site3_56.png,0,256,0.0,0,45_0_256,False
2611,site17_20.png,256,512,0.01177978515625,0,2611_256_512,True
2493,site12_94.png,0,0,1.0,2,2493_0_0,True
2832,site8_37.png,256,128,1.0,2,2832_256_128,True
4702,site16_667.png,512,512,0.701416015625,2,4702_512_512,True
848,site4_175.png,256,512,0.40814208984375,2,848_256_512,True
1086,site5_259.png,512,128,0.0,0,1086_512_128,False
2091,site14_133.png,0,128,0.0,0,2091_0_128,False
1359,site6_412.png,256,128,0.98590087890625,2,1359_256_128,True
3034,site13_32.png,512,384,0.74078369140625,2,3034_512_384,True
3100,site13_113.png,256,384,1.0,2,3100_256_384,True
3218,site2_50.png,128,512,0.06005859375,1,3218_128_512,True
3661,site11_396.png,512,0,0.0,0,3661_512_0,False
2455,site12_53.png,384,384,0.135009765625,1,2455_384_384,True
2537,site12_141.png,512,256,1.0,2,2537_512_256,True
1083,site5_256.png,0,384,0.0,0,1083_0_384,False
3053,site13_55.png,256,512,0.0,0,3053_256_512,False
3156,site13_178.png,128,384,0.00799560546875,0,3156_128_384,True
3165,site13_189.png,128,0,0.002197265625,0,3165_128_0,True
1032,site5_195.png,512,256,0.22210693359375,1,1032_512_256,True
1097,site5_278.png,384,512,0.0,0,1097_384_512,False
3034,site13_32.png,128,256,0.19287109375,1,3034_128_256,True
2968,site8_194.png,256,512,0.0,0,2968_256_512,False
833,site4_159.png,512,256,0.0,0,833_512_256,False
1299,site6_334.png,512,0,0.57421875,2,1299_512_0,True
2672,site7_3.png,384,256,0.0,0,2672_384_256,False
4376,site16_303.png,128,384,0.0,0,4376_128_384,False
1031,site5_194.png,384,384,0.0,0,1031_384_384,False
972,site5_131.png,0,256,0.0,0,972_0_256,False
604,site3_666.png,256,512,0.50372314453125,2,604_256_512,True
585,site3_643.png,512,384,0.6231689453125,2,585_512_384,True
3726,site11_463.png,512,512,0.0,0,3726_512_512,False
1037,site5_202.png,0,0,0.0,0,1037_0_0,False
949,site5_104.png,384,256,0.0,0,949_384_256,False
1051,site5_218.png,128,384,0.2490234375,1,1051_128_384,True
2118,site14_163.png,0,512,0.0,0,2118_0_512,False
3097,site13_108.png,256,256,0.0,0,3097_256_256,False
2528,site12_132.png,128,0,0.37200927734375,1,2528_128_0,True
3242,site2_79.png,128,512,0.0,0,3242_128_512,False
3133,site13_151.png,256,512,1.0,2,3133_256_512,True
2362,site15_115.png,256,256,0.61688232421875,2,2362_256_256,True
181,site3_206.png,128,512,0.0,0,181_128_512,False
2446,site12_43.png,384,384,1.0,2,2446_384_384,True
3686,site11_422.png,128,384,0.47039794921875,2,3686_128_384,True
4743,site16_715.png,512,512,0.0,0,4743_512_512,False
358,site3_391.png,0,128,0.0,0,358_0_128,False
4748,site16_720.png,512,128,0.0,0,4748_512_128,False
865,site4_194.png,256,384,0.0,0,865_256_384,False
948,site5_103.png,512,384,0.0,0,948_512_384,False
1638,site6_784.png,384,128,0.01885986328125,0,1638_384_128,True
2529,site12_133.png,384,0,0.0,0,2529_384_0,False
94,site3_112.png,0,384,0.0,0,94_0_384,False
2085,site14_127.png,128,256,0.0,0,2085_128_256,False
964,site5_121.png,256,256,0.00079345703125,0,964_256_256,True
2641,site17_56.png,128,384,1.0,2,2641_128_384,True
328,site3_360.png,256,512,0.0,0,328_256_512,False
3660,site11_395.png,128,128,0.225830078125,1,3660_128_128,True
3658,site11_393.png,256,384,0.14727783203125,1,3658_256_384,True
580,site3_638.png,384,256,0.0,0,580_384_256,False
1953,site9_70.png,256,256,0.9051513671875,2,1953_256_256,True
94,site3_112.png,384,128,0.00128173828125,0,94_384_128,True
2824,site8_25.png,256,128,0.0,0,2824_256_128,False
4728,site16_696.png,128,384,0.0,0,4728_128_384,False
1087,site5_260.png,256,512,1.0,2,1087_256_512,True
2537,site12_141.png,512,128,0.85650634765625,2,2537_512_128,True
415,site3_453.png,512,0,0.370361328125,1,415_512_0,True
3140,site13_158.png,384,0,0.7391357421875,2,3140_384_0,True
2926,site8_147.png,0,128,0.04840087890625,0,2926_0_128,True
2394,site15_153.png,0,256,0.0,0,2394_0_256,False
2124,site14_169.png,512,128,0.4039306640625,2,2124_512_128,True
4468,site16_406.png,384,128,0.08941650390625,1,4468_384_128,True
1042,site5_207.png,256,256,1.0,2,1042_256_256,True
1254,site6_269.png,128,384,0.0,0,1254_128_384,False
940,site5_95.png,0,0,0.3865966796875,1,940_0_0,True
1309,site6_344.png,256,384,0.0,0,1309_256_384,False
1947,site9_61.png,512,128,1.0,2,1947_512_128,True
4376,site16_303.png,0,384,0.0,0,4376_0_384,False
4614,site16_562.png,0,512,0.4075927734375,2,4614_0_512,True
3053,site13_55.png,512,0,0.076171875,1,3053_512_0,True
2366,site15_119.png,512,512,0.0,0,2366_512_512,False
2672,site7_3.png,384,512,0.1717529296875,1,2672_384_512,True
3242,site2_79.png,0,384,0.00830078125,0,3242_0_384,True
3148,site13_168.png,512,128,1.0,2,3148_512_128,True
2618,site17_29.png,384,128,0.0,0,2618_384_128,False
3042,site13_42.png,512,384,0.274658203125,1,3042_512_384,True
2332,site15_82.png,128,384,0.090087890625,1,2332_128_384,True
2550,site12_155.png,384,128,0.79229736328125,2,2550_384_128,True
2598,site17_5.png,384,384,0.0,0,2598_384_384,False
2611,site17_20.png,384,128,1.0,2,2611_384_128,True
2074,site14_113.png,128,512,0.0,0,2074_128_512,False
774,site4_96.png,384,128,1.0,2,774_384_128,True
3692,site11_428.png,0,128,0.93853759765625,2,3692_0_128,True
1943,site9_57.png,0,384,0.01397705078125,0,1943_0_384,True
2237,site14_298.png,256,256,0.138916015625,1,2237_256_256,True
947,site5_102.png,384,384,0.0,0,947_384_384,False
3118,site13_134.png,128,384,1.0,2,3118_128_384,True
2685,site10_20.png,256,256,0.0,0,2685_256_256,False
1572,site6_693.png,512,0,0.0,0,1572_512_0,False
1025,site5_188.png,256,512,0.0,0,1025_256_512,False
2486,site12_87.png,384,0,1.0,2,2486_384_0,True
816,site4_140.png,512,384,0.2718505859375,1,816_512_384,True
3723,site11_460.png,512,128,1.0,2,3723_512_128,True
557,site3_610.png,512,0,0.0,0,557_512_0,False
1073,site5_242.png,384,512,0.0,0,1073_384_512,False
2630,site17_43.png,0,0,0.04681396484375,0,2630_0_0,True
1546,site6_659.png,128,0,0.0,0,1546_128_0,False
2072,site14_111.png,256,384,0.0,0,2072_256_384,False
1025,site5_188.png,0,0,0.323974609375,1,1025_0_0,True
4768,site16_745.png,128,384,0.0,0,4768_128_384,False
3148,site13_168.png,128,512,1.0,2,3148_128_512,True
1936,site9_47.png,384,0,0.0,0,1936_384_0,False
524,site3_574.png,256,256,0.0,0,524_256_256,False
1940,site9_51.png,512,384,1.0,2,1940_512_384,True
2140,site14_186.png,128,0,0.9105224609375,2,2140_128_0,True
4752,site16_724.png,0,128,0.31768798828125,1,4752_0_128,True
4752,site16_724.png,512,512,0.0,0,4752_512_512,False
2437,site12_34.png,256,384,0.0,0,2437_256_384,False
2198,site14_252.png,256,512,0.158203125,1,2198_256_512,True
2838,site8_46.png,128,256,0.0,0,2838_128_256,False
2618,site17_29.png,128,128,0.0,0,2618_128_128,False
2914,site8_134.png,0,0,0.087646484375,1,2914_0_0,True
2144,site14_190.png,0,256,0.05029296875,1,2144_0_256,True
1007,site5_169.png,512,512,0.03692626953125,0,1007_512_512,True
3059,site13_63.png,128,384,0.07830810546875,1,3059_128_384,True
3070,site13_75.png,512,128,0.0,0,3070_512_128,False
2648,site17_63.png,128,256,0.0,0,2648_128_256,False
3134,site13_152.png,256,128,0.0,0,3134_256_128,False
2421,site12_17.png,256,384,0.0,0,2421_256_384,False
900,site5_45.png,384,256,0.0,0,900_384_256,False
2675,site7_7.png,0,256,0.0399169921875,0,2675_0_256,True
3078,site13_85.png,512,384,0.0,0,3078_512_384,False
1078,site5_247.png,256,256,0.0,0,1078_256_256,False
2042,site14_76.png,256,256,0.0,0,2042_256_256,False
473,site3_517.png,128,0,0.0,0,473_128_0,False
2455,site12_53.png,128,256,0.00201416015625,0,2455_128_256,True
4468,site16_406.png,128,128,0.0,0,4468_128_128,False
2602,site17_9.png,384,384,1.0,2,2602_384_384,True
1088,site5_261.png,256,256,1.0,2,1088_256_256,True
3069,site13_74.png,512,512,1.0,2,3069_512_512,True
1737,site6_916.png,0,0,0.0,0,1737_0_0,False
4468,site16_406.png,0,128,0.0,0,4468_0_128,False
1282,site6_308.png,256,128,0.0,0,1282_256_128,False
1543,site6_656.png,512,512,0.551025390625,2,1543_512_512,True
292,site3_322.png,128,256,0.39898681640625,1,292_128_256,True
3135,site13_153.png,512,384,0.0,0,3135_512_384,False
2618,site17_29.png,512,384,0.132568359375,1,2618_512_384,True
940,site5_95.png,128,128,0.454833984375,2,940_128_128,True
915,site5_64.png,128,512,0.61993408203125,2,915_128_512,True
3723,site11_460.png,256,256,0.017578125,0,3723_256_256,True
2886,site8_103.png,128,256,0.0,0,2886_128_256,False
1040,site5_205.png,512,0,1.0,2,1040_512_0,True
1003,site5_165.png,512,256,0.13885498046875,1,1003_512_256,True
772,site4_94.png,384,512,0.7086181640625,2,772_384_512,True
1128,site6_83.png,384,0,0.0,0,1128_384_0,False
3627,site11_361.png,512,128,0.0,0,3627_512_128,False
1168,site6_137.png,384,512,0.0,0,1168_384_512,False
3095,site13_106.png,384,512,0.71820068359375,2,3095_384_512,True
2067,site14_106.png,256,384,0.99591064453125,2,2067_256_384,True
3190,site13_219.png,384,512,0.0,0,3190_384_512,False
415,site3_453.png,256,0,0.0,0,415_256_0,False
4590,site16_536.png,128,128,0.0,0,4590_128_128,False
2324,site15_73.png,128,128,0.0,0,2324_128_128,False
3231,site2_66.png,384,0,0.0,0,3231_384_0,False
3101,site13_114.png,128,256,1.0,2,3101_128_256,True
1020,site5_183.png,128,0,0.0,0,1020_128_0,False
3657,site11_392.png,256,512,0.0,0,3657_256_512,False
2236,site14_297.png,384,384,0.1456298828125,1,2236_384_384,True
1776,site6_965.png,256,384,0.0,0,1776_256_384,False
2564,site12_170.png,0,256,0.23431396484375,1,2564_0_256,True
2519,site12_122.png,512,512,1.0,2,2519_512_512,True
2460,site12_58.png,256,256,1.0,2,2460_256_256,True
2117,site14_162.png,512,384,0.0,0,2117_512_384,False
503,site3_550.png,0,512,0.0,0,503_0_512,False
1958,site9_75.png,0,512,0.0,0,1958_0_512,False
2977,site8_204.png,128,256,0.0,0,2977_128_256,False
1075,site5_244.png,512,384,0.0,0,1075_512_384,False
2456,site12_54.png,0,128,0.18939208984375,1,2456_0_128,True
792,site4_115.png,128,384,0.0,0,792_128_384,False
2659,site17_76.png,512,128,1.0,2,2659_512_128,True
1956,site9_73.png,384,384,0.067626953125,1,1956_384_384,True
3100,site13_113.png,0,128,1.0,2,3100_0_128,True
1084,site5_257.png,512,0,0.2572021484375,1,1084_512_0,True
2176,site14_227.png,256,0,6.103515625e-05,0,2176_256_0,True
3660,site11_395.png,256,128,0.60968017578125,2,3660_256_128,True
2075,site14_114.png,128,128,0.63800048828125,2,2075_128_128,True
888,site5_28.png,0,128,0.0,0,888_0_128,False
3072,site13_77.png,384,256,0.0,0,3072_384_256,False
1023,site5_186.png,0,256,0.5887451171875,2,1023_0_256,True
2463,site12_61.png,128,512,1.0,2,2463_128_512,True
3692,site11_428.png,384,384,0.055419921875,1,3692_384_384,True
415,site3_453.png,0,0,0.0,0,415_0_0,False
1440,site6_518.png,128,128,0.0,0,1440_128_128,False
329,site3_361.png,512,0,0.0,0,329_512_0,False
326,site3_358.png,128,0,0.0,0,326_128_0,False
2665,site17_85.png,0,256,0.0,0,2665_0_256,False
2123,site14_168.png,0,0,0.0,0,2123_0_0,False
475,site3_519.png,512,256,0.0,0,475_512_256,False
3788,site11_527.png,0,0,0.0,0,3788_0_0,False
605,site3_667.png,512,384,0.0,0,605_512_384,False
2831,site8_36.png,384,128,1.0,2,2831_384_128,True
1715,site6_886.png,384,0,0.0,0,1715_384_0,False
3058,site13_62.png,0,384,0.22735595703125,1,3058_0_384,True
1040,site5_205.png,384,384,0.6766357421875,2,1040_384_384,True
3721,site11_458.png,512,512,0.0,0,3721_512_512,False
1939,site9_50.png,256,512,1.0,2,1939_256_512,True
1128,site6_83.png,256,256,0.0,0,1128_256_256,False
3660,site11_395.png,0,256,0.0,0,3660_0_256,False
2528,site12_132.png,0,256,0.0,0,2528_0_256,False
3069,site13_74.png,128,512,1.0,2,3069_128_512,True
997,site5_158.png,0,256,0.0308837890625,0,997_0_256,True
609,site3_671.png,0,384,0.0,0,609_0_384,False
2659,site17_76.png,128,0,0.9365234375,2,2659_128_0,True
1040,site5_205.png,384,512,0.2532958984375,1,1040_384_512,True
930,site5_83.png,128,128,0.0,0,930_128_128,False
1045,site5_210.png,512,256,0.0,0,1045_512_256,False
3142,site13_162.png,128,0,0.86260986328125,2,3142_128_0,True
1923,site9_28.png,384,512,1.0,2,1923_384_512,True
948,site5_103.png,256,256,0.859130859375,2,948_256_256,True
3218,site2_50.png,128,384,0.01776123046875,0,3218_128_384,True
4518,site16_459.png,384,384,0.0,0,4518_384_384,False
3113,site13_128.png,128,0,0.99554443359375,2,3113_128_0,True
2563,site12_169.png,512,384,1.0,2,2563_512_384,True
3117,site13_133.png,384,512,1.0,2,3117_384_512,True
4729,site16_697.png,0,384,0.154541015625,1,4729_0_384,True
2470,site12_70.png,512,0,0.91021728515625,2,2470_512_0,True
2895,site8_113.png,256,256,0.0,0,2895_256_256,False
2674,site7_6.png,256,256,0.23370361328125,1,2674_256_256,True
3286,site2_130.png,256,128,0.2861328125,1,3286_256_128,True
3823,site11_563.png,128,0,0.0,0,3823_128_0,False
2518,site12_121.png,384,384,0.594482421875,2,2518_384_384,True
549,site3_602.png,384,512,0.0,0,549_384_512,False
3096,site13_107.png,128,384,1.0,2,3096_128_384,True
2977,site8_204.png,128,384,0.0,0,2977_128_384,False
2659,site17_76.png,512,256,0.841064453125,2,2659_512_256,True
2646,site17_61.png,0,128,0.71136474609375,2,2646_0_128,True
4591,site16_537.png,0,384,0.930908203125,2,4591_0_384,True
1597,site6_726.png,256,0,0.0880126953125,1,1597_256_0,True
978,site5_137.png,384,256,0.9449462890625,2,978_384_256,True
2977,site8_204.png,0,0,0.0,0,2977_0_0,False
994,site5_155.png,128,0,0.1380615234375,1,994_128_0,True
3165,site13_189.png,128,256,0.0,0,3165_128_256,False
2220,site14_277.png,128,128,0.91943359375,2,2220_128_128,True
3790,site11_529.png,0,128,0.00018310546875,0,3790_0_128,True
2838,site8_46.png,256,0,1.0,2,2838_256_0,True
95,site3_113.png,256,128,0.0,0,95_256_128,False
2219,site14_276.png,128,384,0.0,0,2219_128_384,False
3165,site13_189.png,256,128,0.0408935546875,0,3165_256_128,True
2490,site12_91.png,128,0,1.0,2,2490_128_0,True
3228,site2_63.png,512,0,0.38409423828125,1,3228_512_0,True
2960,site8_185.png,512,512,0.0,0,2960_512_512,False
2612,site17_21.png,256,0,1.0,2,2612_256_0,True
1075,site5_244.png,512,512,0.0,0,1075_512_512,False
2824,site8_25.png,384,384,0.0,0,2824_384_384,False
980,site5_139.png,384,128,0.0,0,980_384_128,False
2605,site17_12.png,0,384,0.517822265625,2,2605_0_384,True
1947,site9_61.png,256,256,1.0,2,1947_256_256,True
849,site4_176.png,384,0,0.164794921875,1,849_384_0,True
2824,site8_25.png,0,128,0.0,0,2824_0_128,False
1918,site9_19.png,512,128,1.0,2,1918_512_128,True
2471,site12_71.png,0,256,1.0,2,2471_0_256,True
2455,site12_53.png,256,0,0.7183837890625,2,2455_256_0,True
4770,site16_747.png,128,384,0.35003662109375,1,4770_128_384,True
1022,site5_185.png,0,512,0.0,0,1022_0_512,False
2180,site14_231.png,128,384,0.0,0,2180_128_384,False
603,site3_665.png,512,512,0.23779296875,1,603_512_512,True
1040,site5_205.png,128,256,0.0,0,1040_128_256,False
2226,site14_287.png,128,512,0.0,0,2226_128_512,False
3164,site13_188.png,0,128,0.1480712890625,1,3164_0_128,True
3626,site11_360.png,512,384,0.0,0,3626_512_384,False
2490,site12_91.png,256,0,1.0,2,2490_256_0,True
1025,site5_188.png,384,384,0.4619140625,2,1025_384_384,True
3661,site11_396.png,256,512,0.0,0,3661_256_512,False
850,site4_177.png,256,128,0.0,0,850_256_128,False
3686,site11_422.png,128,128,0.0,0,3686_128_128,False
3688,site11_424.png,512,128,0.0,0,3688_512_128,False
1666,site6_820.png,0,256,0.0,0,1666_0_256,False
2469,site12_69.png,256,256,0.0,0,2469_256_256,False
3023,site13_7.png,384,384,0.01361083984375,0,3023_384_384,True
2611,site17_20.png,256,256,1.0,2,2611_256_256,True
1956,site9_73.png,512,128,0.95086669921875,2,1956_512_128,True
2072,site14_111.png,512,384,0.0,0,2072_512_384,False
605,site3_667.png,0,384,0.0,0,605_0_384,False
2913,site8_133.png,512,512,0.06732177734375,1,2913_512_512,True
2331,site15_81.png,384,384,0.00067138671875,0,2331_384_384,True
2161,site14_210.png,512,512,0.77880859375,2,2161_512_512,True
2632,site17_45.png,512,256,0.0,0,2632_512_256,False
3252,site2_91.png,384,512,0.0,0,3252_384_512,False
3592,site11_325.png,384,512,0.0238037109375,0,3592_384_512,True
3118,site13_134.png,384,0,0.079833984375,1,3118_384_0,True
4875,site16_875.png,0,512,0.0,0,4875_0_512,False
1571,site6_692.png,256,512,0.5960693359375,2,1571_256_512,True
2640,site17_55.png,0,512,0.9852294921875,2,2640_0_512,True
2632,site17_45.png,384,128,0.2816162109375,1,2632_384_128,True
1042,site5_207.png,256,0,1.0,2,1042_256_0,True
2442,site12_39.png,512,256,0.87164306640625,2,2442_512_256,True
990,site5_151.png,128,256,0.2010498046875,1,990_128_256,True
1947,site9_61.png,128,384,1.0,2,1947_128_384,True
1552,site6_673.png,256,0,0.0,0,1552_256_0,False
1959,site9_79.png,384,256,1.0,2,1959_384_256,True
1918,site9_19.png,128,256,0.36236572265625,1,1918_128_256,True
3034,site13_32.png,0,256,0.273681640625,1,3034_0_256,True
2187,site14_238.png,256,512,0.0,0,2187_256_512,False
1571,site6_692.png,384,0,0.0,0,1571_384_0,False
789,site4_112.png,0,0,0.0,0,789_0_0,False
3158,site13_182.png,128,384,0.56805419921875,2,3158_128_384,True
927,site5_80.png,256,512,0.0,0,927_256_512,False
865,site4_194.png,256,0,0.2818603515625,1,865_256_0,True
3724,site11_461.png,256,128,0.1566162109375,1,3724_256_128,True
3720,site11_457.png,384,0,0.1983642578125,1,3720_384_0,True
630,site3_697.png,256,0,0.2138671875,1,630_256_0,True
1260,site6_275.png,384,0,0.0,0,1260_384_0,False
656,site3_731.png,128,384,0.0,0,656_128_384,False
2934,site8_156.png,0,384,0.05908203125,1,2934_0_384,True
3821,site11_561.png,128,128,0.0028076171875,0,3821_128_128,True
916,site5_65.png,0,0,0.9678955078125,2,916_0_0,True
2102,site14_146.png,256,384,0.80548095703125,2,2102_256_384,True
2374,site15_129.png,128,256,0.0142822265625,0,2374_128_256,True
2847,site8_57.png,256,0,0.0,0,2847_256_0,False
2476,site12_76.png,256,256,0.0,0,2476_256_256,False
632,site3_699.png,384,384,0.819580078125,2,632_384_384,True
1760,site6_949.png,0,128,0.0,0,1760_0_128,False
2372,site15_127.png,0,512,0.0,0,2372_0_512,False
292,site3_322.png,384,256,0.0,0,292_384_256,False
3113,site13_128.png,384,384,0.95623779296875,2,3113_384_384,True
991,site5_152.png,128,512,0.0,0,991_128_512,False
533,site3_583.png,384,128,0.0,0,533_384_128,False
1061,site5_228.png,512,128,0.0,0,1061_512_128,False
1128,site6_83.png,256,512,0.0,0,1128_256_512,False
1520,site6_624.png,0,512,0.21893310546875,1,1520_0_512,True
2355,site15_107.png,0,128,0.0,0,2355_0_128,False
891,site5_31.png,0,128,0.0,0,891_0_128,False
3692,site11_428.png,0,512,0.0,0,3692_0_512,False
2144,site14_190.png,512,0,0.106689453125,1,2144_512_0,True
2926,site8_147.png,512,384,0.49835205078125,2,2926_512_384,True
2444,site12_41.png,256,384,1.0,2,2444_256_384,True
4748,site16_720.png,128,512,0.0,0,4748_128_512,False
2476,site12_76.png,512,256,0.8031005859375,2,2476_512_256,True
4469,site16_407.png,0,0,1.0,2,4469_0_0,True
978,site5_137.png,384,384,0.6824951171875,2,978_384_384,True
2362,site15_115.png,0,0,0.470947265625,2,2362_0_0,True
950,site5_105.png,256,256,0.0,0,950_256_256,False
2831,site8_36.png,384,0,1.0,2,2831_384_0,True
4729,site16_697.png,256,128,0.0010986328125,0,4729_256_128,True
2692,site10_51.png,384,512,1.0,2,2692_384_512,True
2934,site8_156.png,256,0,0.88702392578125,2,2934_256_0,True
2197,site14_251.png,0,256,0.0,0,2197_0_256,False
1943,site9_57.png,256,128,0.9996337890625,2,1943_256_128,True
2629,site17_42.png,256,128,0.990234375,2,2629_256_128,True
2436,site12_33.png,384,0,0.48822021484375,2,2436_384_0,True
2730,site1_45.png,384,512,0.0,0,2730_384_512,False
1791,site6_990.png,512,512,0.16162109375,1,1791_512_512,True
2341,site15_92.png,256,0,0.0,0,2341_256_0,False
3120,site13_136.png,384,128,1.0,2,3120_384_128,True
2564,site12_170.png,512,128,0.0,0,2564_512_128,False
1058,site5_225.png,384,128,0.9599609375,2,1058_384_128,True
926,site5_79.png,384,128,1.0,2,926_384_128,True
122,site3_143.png,0,128,0.0,0,122_0_128,False
3069,site13_74.png,128,256,1.0,2,3069_128_256,True
3252,site2_91.png,384,256,0.0,0,3252_384_256,False
2144,site14_190.png,512,512,0.0,0,2144_512_512,False
4469,site16_407.png,384,384,0.0,0,4469_384_384,False
3011,site8_244.png,512,256,0.12371826171875,1,3011_512_256,True
2085,site14_127.png,256,384,0.0,0,2085_256_384,False
1949,site9_63.png,0,512,1.0,2,1949_0_512,True
678,site3_766.png,0,512,0.0,0,678_0_512,False
2499,site12_101.png,384,384,0.73052978515625,2,2499_384_384,True
1938,site9_49.png,256,512,0.0,0,1938_256_512,False
3034,site13_32.png,256,0,0.0,0,3034_256_0,False
2524,site12_127.png,128,384,0.0,0,2524_128_384,False
327,site3_359.png,256,0,0.0,0,327_256_0,False
1917,site9_18.png,256,384,0.10992431640625,1,1917_256_384,True
3018,site8_254.png,0,128,0.0,0,3018_0_128,False
3130,site13_147.png,128,128,1.0,2,3130_128_128,True
3657,site11_392.png,128,0,0.76080322265625,2,3657_128_0,True
4969,site16_1004.png,384,512,0.0,0,4969_384_512,False
1950,site9_64.png,384,256,0.81512451171875,2,1950_384_256,True
2117,site14_162.png,0,256,0.0,0,2117_0_256,False
4613,site16_561.png,128,128,0.0,0,4613_128_128,False
3104,site13_117.png,128,256,0.96075439453125,2,3104_128_256,True
3011,site8_244.png,384,384,1.0,2,3011_384_384,True
792,site4_115.png,0,128,0.0,0,792_0_128,False
2485,site12_86.png,0,256,0.42889404296875,2,2485_0_256,True
4769,site16_746.png,384,128,0.0,0,4769_384_128,False
3660,site11_395.png,512,128,0.9901123046875,2,3660_512_128,True
1493,site6_589.png,512,256,0.0,0,1493_512_256,False
3006,site8_236.png,384,0,0.0,0,3006_384_0,False
865,site4_194.png,512,0,0.0,0,865_512_0,False
3083,site13_92.png,384,384,1.0,2,3083_384_384,True
1917,site9_18.png,128,128,1.0,2,1917_128_128,True
3101,site13_114.png,512,128,1.0,2,3101_512_128,True
3061,site13_65.png,128,256,0.0,0,3061_128_256,False
1787,site6_986.png,256,512,0.0,0,1787_256_512,False
1597,site6_726.png,384,256,0.0,0,1597_384_256,False
2242,site14_310.png,512,384,0.0,0,2242_512_384,False
1404,site6_474.png,0,512,0.0,0,1404_0_512,False
3592,site11_325.png,128,256,0.0,0,3592_128_256,False
848,site4_175.png,384,512,0.0,0,848_384_512,False
1571,site6_692.png,512,384,0.0518798828125,1,1571_512_384,True
1715,site6_886.png,512,0,0.0,0,1715_512_0,False
3103,site13_116.png,128,128,0.0,0,3103_128_128,False
2652,site17_69.png,0,0,1.0,2,2652_0_0,True
2605,site17_12.png,256,0,0.0,0,2605_256_0,False
4518,site16_459.png,512,384,0.0,0,4518_512_384,False
2394,site15_153.png,512,0,0.0,0,2394_512_0,False
1943,site9_57.png,512,256,1.0,2,1943_512_256,True
3219,site2_51.png,0,256,0.97723388671875,2,3219_0_256,True
2437,site12_34.png,512,256,0.0,0,2437_512_256,False
2180,site14_231.png,0,128,0.55877685546875,2,2180_0_128,True
1058,site5_225.png,0,0,0.38812255859375,1,1058_0_0,True
2459,site12_57.png,384,384,1.0,2,2459_384_384,True
2075,site14_114.png,0,512,0.6785888671875,2,2075_0_512,True
4877,site16_877.png,128,128,0.23553466796875,1,4877_128_128,True
328,site3_360.png,128,512,0.0,0,328_128_512,False
3138,site13_156.png,256,0,1.0,2,3138_256_0,True
3061,site13_65.png,0,256,0.0,0,3061_0_256,False
777,site4_99.png,256,512,0.45806884765625,2,777_256_512,True
2182,site14_233.png,512,0,0.0,0,2182_512_0,False
2233,site14_294.png,512,0,0.0,0,2233_512_0,False
2442,site12_39.png,0,128,0.4420166015625,2,2442_0_128,True
4424,site16_355.png,0,0,0.0,0,4424_0_0,False
2140,site14_186.png,512,256,1.0,2,2140_512_256,True
2646,site17_61.png,384,0,0.0,0,2646_384_0,False
3658,site11_393.png,512,128,0.66375732421875,2,3658_512_128,True
993,site5_154.png,128,128,0.0,0,993_128_128,False
2233,site14_294.png,384,256,0.0076904296875,0,2233_384_256,True
775,site4_97.png,512,0,0.99664306640625,2,775_512_0,True
2654,site17_71.png,0,128,0.9107666015625,2,2654_0_128,True
4568,site16_512.png,384,0,0.07647705078125,1,4568_384_0,True
3790,site11_529.png,512,0,0.0,0,3790_512_0,False
1493,site6_589.png,256,384,0.0,0,1493_256_384,False
773,site4_95.png,128,128,1.0,2,773_128_128,True
1036,site5_201.png,256,256,0.0,0,1036_256_256,False
983,site5_142.png,512,512,0.32525634765625,1,983_512_512,True
1057,site5_224.png,128,0,0.0262451171875,0,1057_128_0,True
360,site3_393.png,384,256,0.0,0,360_384_256,False
1227,site6_231.png,256,128,0.50469970703125,2,1227_256_128,True
3169,site13_195.png,0,128,0.0,0,3169_0_128,False
992,site5_153.png,128,512,1.0,2,992_128_512,True
1949,site9_63.png,512,384,0.3118896484375,1,1949_512_384,True
3028,site13_24.png,512,128,0.064697265625,1,3028_512_128,True
3028,site13_24.png,384,256,0.0,0,3028_384_256,False
3823,site11_563.png,384,512,0.0,0,3823_384_512,False
3722,site11_459.png,384,256,0.0,0,3722_384_256,False
2528,site12_132.png,128,512,0.0,0,2528_128_512,False
2647,site17_62.png,0,512,0.3087158203125,1,2647_0_512,True
947,site5_102.png,256,512,0.0,0,947_256_512,False
524,site3_574.png,0,384,0.0,0,524_0_384,False
916,site5_65.png,512,128,0.82550048828125,2,916_512_128,True
1078,site5_247.png,256,384,0.0,0,1078_256_384,False
2520,site12_123.png,384,0,0.11309814453125,1,2520_384_0,True
4376,site16_303.png,256,512,0.0,0,4376_256_512,False
3686,site11_422.png,512,128,0.0,0,3686_512_128,False
4589,site16_535.png,384,128,0.0,0,4589_384_128,False
791,site4_114.png,128,384,0.95574951171875,2,791_128_384,True
2486,site12_87.png,0,0,1.0,2,2486_0_0,True
996,site5_157.png,0,128,0.0,0,996_0_128,False
3117,site13_133.png,128,512,1.0,2,3117_128_512,True
4726,site16_694.png,128,384,0.3402099609375,1,4726_128_384,True
3145,site13_165.png,512,128,0.2587890625,1,3145_512_128,True
3133,site13_151.png,256,384,1.0,2,3133_256_384,True
549,site3_602.png,512,512,0.0,0,549_512_512,False
2446,site12_43.png,256,0,0.24859619140625,1,2446_256_0,True
3140,site13_158.png,512,0,0.72320556640625,2,3140_512_0,True
3087,site13_96.png,0,256,0.0,0,3087_0_256,False
927,site5_80.png,384,128,0.9990234375,2,927_384_128,True
2565,site12_171.png,384,384,0.01544189453125,0,2565_384_384,True
2672,site7_3.png,384,384,0.00054931640625,0,2672_384_384,True
2653,site17_70.png,512,128,1.0,2,2653_512_128,True
94,site3_112.png,128,0,0.11248779296875,1,94_128_0,True
2057,site14_93.png,256,512,0.3353271484375,1,2057_256_512,True
2924,site8_145.png,384,384,0.5653076171875,2,2924_384_384,True
2074,site14_113.png,0,256,0.1236572265625,1,2074_0_256,True
2500,site12_102.png,256,384,0.0,0,2500_256_384,False
2351,site15_103.png,128,384,0.0,0,2351_128_384,False
2599,site17_6.png,0,384,0.0,0,2599_0_384,False
1917,site9_18.png,0,512,0.6661376953125,2,1917_0_512,True
678,site3_766.png,128,384,0.0,0,678_128_384,False
4786,site16_767.png,512,128,0.0,0,4786_512_128,False
2342,site15_93.png,128,0,1.0,2,2342_128_0,True
2336,site15_86.png,512,384,0.0,0,2336_512_384,False
2524,site12_127.png,128,0,0.0687255859375,1,2524_128_0,True
3103,site13_116.png,256,512,0.0,0,3103_256_512,False
2447,site12_44.png,384,512,0.0,0,2447_384_512,False
3693,site11_429.png,0,384,0.04180908203125,0,3693_0_384,True
2154,site14_203.png,128,512,0.0,0,2154_128_512,False
3079,site13_86.png,384,256,1.0,2,3079_384_256,True
3069,site13_74.png,128,0,1.0,2,3069_128_0,True
992,site5_153.png,512,384,1.0,2,992_512_384,True
4769,site16_746.png,256,384,0.0,0,4769_256_384,False
775,site4_97.png,384,512,0.87835693359375,2,775_384_512,True
2331,site15_81.png,512,512,0.982421875,2,2331_512_512,True
3627,site11_361.png,512,256,0.0,0,3627_512_256,False
2446,site12_43.png,128,128,1.0,2,2446_128_128,True
926,site5_79.png,0,256,0.7987060546875,2,926_0_256,True
1764,site6_953.png,512,256,0.0,0,1764_512_256,False
583,site3_641.png,0,128,0.0,0,583_0_128,False
3023,site13_7.png,256,512,0.07568359375,1,3023_256_512,True
45,site3_56.png,256,256,0.0,0,45_256_256,False
3047,site13_47.png,512,512,0.0,0,3047_512_512,False
326,site3_358.png,384,384,0.0,0,326_384_384,False
2764,site1_84.png,256,128,0.0,0,2764_256_128,False
3101,site13_114.png,128,128,1.0,2,3101_128_128,True
3037,site13_35.png,512,384,0.00299072265625,0,3037_512_384,True
4768,site16_745.png,512,512,0.0,0,4768_512_512,False
2059,site14_95.png,256,512,0.0,0,2059_256_512,False
2490,site12_91.png,128,128,1.0,2,2490_128_128,True
4468,site16_406.png,128,0,0.0,0,4468_128_0,False
3104,site13_117.png,128,0,1.0,2,3104_128_0,True
3162,site13_186.png,128,384,0.0,0,3162_128_384,False
1787,site6_986.png,128,256,1.0,2,1787_128_256,True
389,site3_424.png,512,256,0.0,0,389_512_256,False
2524,site12_127.png,256,128,0.8616943359375,2,2524_256_128,True
903,site5_48.png,512,384,0.0,0,903_512_384,False
4726,site16_694.png,256,512,0.68963623046875,2,4726_256_512,True
1958,site9_75.png,0,256,0.18719482421875,1,1958_0_256,True
2848,site8_58.png,256,256,0.01068115234375,0,2848_256_256,True
3133,site13_151.png,384,512,0.57720947265625,2,3133_384_512,True
2105,site14_149.png,256,128,0.0,0,2105_256_128,False
4855,site16_850.png,256,256,0.0,0,4855_256_256,False
1492,site6_588.png,384,384,0.0,0,1492_384_384,False
1088,site5_261.png,128,0,0.0638427734375,1,1088_128_0,True
3034,site13_32.png,384,128,0.90966796875,2,3034_384_128,True
774,site4_96.png,128,128,1.0,2,774_128_128,True
1948,site9_62.png,128,256,1.0,2,1948_128_256,True
2945,site8_168.png,0,512,0.90625,2,2945_0_512,True
2839,site8_47.png,0,0,1.0,2,2839_0_0,True
3166,site13_192.png,0,256,1.0,2,3166_0_256,True
3288,site2_132.png,512,256,0.2548828125,1,3288_512_256,True
1571,site6_692.png,128,512,0.0,0,1571_128_512,False
3721,site11_458.png,128,512,0.06683349609375,1,3721_128_512,True
4786,site16_767.png,0,512,0.10272216796875,1,4786_0_512,True
2687,site10_22.png,384,128,0.0,0,2687_384_128,False
914,site5_63.png,512,0,0.6396484375,2,914_512_0,True
3086,site13_95.png,512,384,0.0,0,3086_512_384,False
1027,site5_190.png,384,256,1.0,2,1027_384_256,True
888,site5_28.png,384,256,0.0,0,888_384_256,False
293,site3_323.png,512,256,0.19488525390625,1,293_512_256,True
4568,site16_512.png,512,0,0.36358642578125,1,4568_512_0,True
2042,site14_76.png,256,384,0.01324462890625,0,2042_256_384,True
1058,site5_225.png,256,128,0.98236083984375,2,1058_256_128,True
912,site5_61.png,0,384,0.0,0,912_0_384,False
2437,site12_34.png,256,128,0.3294677734375,1,2437_256_128,True
3687,site11_423.png,0,384,0.52313232421875,2,3687_0_384,True
2629,site17_42.png,384,384,0.0,0,2629_384_384,False
2342,site15_93.png,384,256,0.67437744140625,2,2342_384_256,True
1941,site9_52.png,512,512,0.70843505859375,2,1941_512_512,True
1097,site5_278.png,128,384,0.90069580078125,2,1097_128_384,True
2733,site1_48.png,256,128,0.239990234375,1,2733_256_128,True
775,site4_97.png,384,384,0.59014892578125,2,775_384_384,True
3107,site13_122.png,384,128,0.00732421875,0,3107_384_128,True
2986,site8_214.png,384,256,0.0458984375,0,2986_384_256,True
1086,site5_259.png,256,384,0.27337646484375,1,1086_256_384,True
1654,site6_808.png,512,0,0.0,0,1654_512_0,False
900,site5_45.png,128,384,0.0,0,900_128_384,False
2157,site14_206.png,256,128,1.0,2,2157_256_128,True
2124,site14_169.png,384,256,0.57244873046875,2,2124_384_256,True
3655,site11_390.png,128,0,0.0,0,3655_128_0,False
3047,site13_47.png,256,512,0.754150390625,2,3047_256_512,True
1959,site9_79.png,128,512,1.0,2,1959_128_512,True
952,site5_109.png,256,384,1.0,2,952_256_384,True
3686,site11_422.png,384,128,0.0,0,3686_384_128,False
329,site3_361.png,384,512,0.10333251953125,1,329_384_512,True
4468,site16_406.png,256,256,0.0,0,4468_256_256,False
2639,site17_54.png,384,384,0.71124267578125,2,2639_384_384,True
847,site4_174.png,384,0,0.0030517578125,0,847_384_0,True
2968,site8_194.png,0,128,0.0,0,2968_0_128,False
790,site4_113.png,128,256,1.0,2,790_128_256,True
2236,site14_297.png,0,256,0.0,0,2236_0_256,False
522,site3_572.png,256,384,0.26177978515625,1,522_256_384,True
3249,site2_88.png,0,512,0.0,0,3249_0_512,False
2160,site14_209.png,128,384,0.36517333984375,1,2160_128_384,True
265,site3_294.png,0,0,0.0,0,265_0_0,False
978,site5_137.png,0,256,0.3548583984375,1,978_0_256,True
2913,site8_133.png,128,256,0.0,0,2913_128_256,False
3071,site13_76.png,128,256,0.0,0,3071_128_256,False
2091,site14_133.png,512,256,0.0,0,2091_512_256,False
2163,site14_212.png,256,128,0.194091796875,1,2163_256_128,True
978,site5_137.png,128,512,0.000732421875,0,978_128_512,True
328,site3_360.png,0,384,0.0,0,328_0_384,False
1666,site6_820.png,384,512,0.004150390625,0,1666_384_512,True
2092,site14_134.png,128,0,0.0,0,2092_128_0,False
3288,site2_132.png,384,128,0.9757080078125,2,3288_384_128,True
1779,site6_968.png,384,0,0.0,0,1779_384_0,False
4376,site16_303.png,384,256,0.3011474609375,1,4376_384_256,True
3052,site13_54.png,384,512,0.0,0,3052_384_512,False
989,site5_150.png,0,384,0.0,0,989_0_384,False
2504,site12_106.png,256,256,0.0096435546875,0,2504_256_256,True
4377,site16_304.png,0,0,0.1295166015625,1,4377_0_0,True
3033,site13_31.png,256,0,0.0,0,3033_256_0,False
848,site4_175.png,0,512,0.0,0,848_0_512,False
4728,site16_696.png,384,256,0.4892578125,2,4728_384_256,True
3661,site11_396.png,512,256,0.0,0,3661_512_256,False
2438,site12_35.png,256,512,0.0,0,2438_256_512,False
2839,site8_47.png,512,0,0.66790771484375,2,2839_512_0,True
2763,site1_83.png,128,0,0.0,0,2763_128_0,False
3138,site13_156.png,512,512,1.0,2,3138_512_512,True
23,site3_26.png,256,0,0.0,0,23_256_0,False
2602,site17_9.png,128,0,0.62213134765625,2,2602_128_0,True
1944,site9_58.png,512,512,0.0,0,1944_512_512,False
360,site3_393.png,0,128,0.36004638671875,1,360_0_128,True
1261,site6_276.png,128,128,0.0,0,1261_128_128,False
2143,site14_189.png,256,0,0.064453125,1,2143_256_0,True
3018,site8_254.png,256,384,0.92694091796875,2,3018_256_384,True
1957,site9_74.png,512,384,0.0,0,1957_512_384,False
740,site4_60.png,128,256,0.0,0,740_128_256,False
2161,site14_210.png,384,384,0.16082763671875,1,2161_384_384,True
2082,site14_124.png,256,0,0.0,0,2082_256_0,False
887,site5_27.png,256,128,0.0,0,887_256_128,False
1058,site5_225.png,0,384,0.1669921875,1,1058_0_384,True
3126,site13_143.png,384,0,0.9996337890625,2,3126_384_0,True
969,site5_128.png,0,256,1.0,2,969_0_256,True
2163,site14_212.png,128,256,0.88525390625,2,2163_128_256,True
2056,site14_92.png,256,512,0.0,0,2056_256_512,False
4752,site16_724.png,256,0,0.21575927734375,1,4752_256_0,True
2718,site1_32.png,128,128,0.0,0,2718_128_128,False
2073,site14_112.png,384,256,0.0,0,2073_384_256,False
3627,site11_361.png,256,384,0.0,0,3627_256_384,False
2904,site8_123.png,256,0,0.0,0,2904_256_0,False
2519,site12_122.png,384,0,1.0,2,2519_384_0,True
2490,site12_91.png,256,128,1.0,2,2490_256_128,True
1003,site5_165.png,384,384,0.0013427734375,0,1003_384_384,True
1605,site6_743.png,0,256,0.0,0,1605_0_256,False
3022,site13_6.png,384,0,0.0,0,3022_384_0,False
3038,site13_36.png,512,128,1.0,2,3038_512_128,True
1804,site6_1003.png,128,0,0.0,0,1804_128_0,False
2403,site15_164.png,0,0,0.385498046875,1,2403_0_0,True
2602,site17_9.png,512,384,1.0,2,2602_512_384,True
972,site5_131.png,0,0,0.0,0,972_0_0,False
2490,site12_91.png,384,0,0.63897705078125,2,2490_384_0,True
3131,site13_148.png,0,512,1.0,2,3131_0_512,True
2925,site8_146.png,128,256,0.43878173828125,2,2925_128_256,True
3061,site13_65.png,256,384,0.0,0,3061_256_384,False
1238,site6_242.png,128,0,0.0,0,1238_128_0,False
4591,site16_537.png,384,0,0.0,0,4591_384_0,False
948,site5_103.png,256,384,0.13720703125,1,948_256_384,True
3656,site11_391.png,512,384,0.0,0,3656_512_384,False
2763,site1_83.png,0,512,0.0,0,2763_0_512,False
1953,site9_70.png,512,128,1.0,2,1953_512_128,True
473,site3_517.png,512,384,0.0,0,473_512_384,False
2479,site12_79.png,512,512,1.0,2,2479_512_512,True
2611,site17_20.png,256,384,0.8922119140625,2,2611_256_384,True
1083,site5_256.png,128,256,0.0,0,1083_128_256,False
1959,site9_79.png,256,128,1.0,2,1959_256_128,True
792,site4_115.png,256,512,0.0,0,792_256_512,False
1649,site6_795.png,512,384,0.1175537109375,1,1649_512_384,True
269,site3_298.png,384,512,0.166748046875,1,269_384_512,True
3252,site2_91.png,384,128,0.0,0,3252_384_128,False
1924,site9_29.png,128,384,0.90447998046875,2,1924_128_384,True
1764,site6_953.png,384,128,0.0,0,1764_384_128,False
2119,site14_164.png,384,512,0.0,0,2119_384_512,False
2221,site14_278.png,128,128,0.0,0,2221_128_128,False
4492,site16_432.png,256,512,0.0,0,4492_256_512,False
2456,site12_54.png,384,384,0.4576416015625,2,2456_384_384,True
1932,site9_40.png,256,0,0.0,0,1932_256_0,False
2831,site8_36.png,128,128,1.0,2,2831_128_128,True
1053,site5_220.png,384,256,0.74163818359375,2,1053_384_256,True
386,site3_421.png,128,128,0.0,0,386_128_128,False
4856,site16_851.png,256,384,0.0,0,4856_256_384,False
1227,site6_231.png,0,384,0.0,0,1227_0_384,False
2729,site1_44.png,384,512,0.0,0,2729_384_512,False
416,site3_454.png,512,512,0.0,0,416_512_512,False
3059,site13_63.png,512,512,1.0,2,3059_512_512,True
3069,site13_74.png,384,0,1.0,2,3069_384_0,True
2490,site12_91.png,128,256,1.0,2,2490_128_256,True
993,site5_154.png,0,0,0.25640869140625,1,993_0_0,True
1760,site6_949.png,384,128,0.6705322265625,2,1760_384_128,True
2611,site17_20.png,512,512,0.0,0,2611_512_512,False
3166,site13_192.png,256,256,0.0,0,3166_256_256,False
2083,site14_125.png,128,256,1.0,2,2083_128_256,True
3658,site11_393.png,384,0,0.63970947265625,2,3658_384_0,True
1022,site5_185.png,128,128,0.0,0,1022_128_128,False
3158,site13_182.png,128,0,0.49505615234375,2,3158_128_0,True
4728,site16_696.png,0,256,0.0,0,4728_0_256,False
3029,site13_25.png,128,256,0.0,0,3029_128_256,False
2073,site14_112.png,256,128,0.3594970703125,1,2073_256_128,True
2493,site12_94.png,512,0,1.0,2,2493_512_0,True
3252,site2_91.png,128,384,0.0,0,3252_128_384,False
2538,site12_142.png,384,256,0.0,0,2538_384_256,False
2730,site1_45.png,256,0,0.1300048828125,1,2730_256_0,True
2962,site8_187.png,128,512,0.0,0,2962_128_512,False
1359,site6_412.png,384,128,0.89569091796875,2,1359_384_128,True
948,site5_103.png,512,0,0.0,0,948_512_0,False
464,site3_508.png,0,512,0.0,0,464_0_512,False
2775,site1_97.png,384,256,0.0,0,2775_384_256,False
3687,site11_423.png,128,0,0.0,0,3687_128_0,False
2979,site8_206.png,512,384,0.0,0,2979_512_384,False
1215,site6_208.png,0,384,0.0,0,1215_0_384,False
964,site5_121.png,256,512,0.0,0,964_256_512,False
464,site3_508.png,128,256,0.2633056640625,1,464_128_256,True
3251,site2_90.png,128,512,0.0,0,3251_128_512,False
2469,site12_69.png,128,256,0.0,0,2469_128_256,False
2441,site12_38.png,256,384,0.11199951171875,1,2441_256_384,True
2831,site8_36.png,128,0,1.0,2,2831_128_0,True
2977,site8_204.png,384,0,0.0,0,2977_384_0,False
1546,site6_659.png,384,256,0.0,0,1546_384_256,False
3101,site13_114.png,384,128,1.0,2,3101_384_128,True
4856,site16_851.png,128,512,0.21905517578125,1,4856_128_512,True
45,site3_56.png,128,256,0.0,0,45_128_256,False
1078,site5_247.png,384,256,0.06951904296875,1,1078_384_256,True
2519,site12_122.png,512,0,1.0,2,2519_512_0,True
3656,site11_391.png,512,256,0.0,0,3656_512_256,False
1788,site6_987.png,128,128,1.0,2,1788_128_128,True
3105,site13_118.png,128,512,0.939208984375,2,3105_128_512,True
2935,site8_157.png,512,0,0.15032958984375,1,2935_512_0,True
1228,site6_232.png,0,384,0.703857421875,2,1228_0_384,True
1959,site9_79.png,256,512,1.0,2,1959_256_512,True
3174,site13_202.png,512,256,0.0,0,3174_512_256,False
1088,site5_261.png,384,0,0.13348388671875,1,1088_384_0,True
1061,site5_228.png,256,256,0.0203857421875,0,1061_256_256,True
1956,site9_73.png,128,128,0.8057861328125,2,1956_128_128,True
2643,site17_58.png,128,0,0.0,0,2643_128_0,False
3158,site13_182.png,512,256,0.0,0,3158_512_256,False
1301,site6_336.png,128,512,0.0,0,1301_128_512,False
1271,site6_297.png,384,512,0.4342041015625,2,1271_384_512,True
2551,site12_156.png,128,384,0.0,0,2551_128_384,False
3096,site13_107.png,128,512,1.0,2,3096_128_512,True
4677,site16_638.png,0,256,0.0,0,4677_0_256,False
3148,site13_168.png,0,128,1.0,2,3148_0_128,True
1948,site9_62.png,128,384,1.0,2,1948_128_384,True
813,site4_137.png,512,0,0.07073974609375,1,813_512_0,True
1932,site9_40.png,0,128,0.0,0,1932_0_128,False
2904,site8_123.png,0,256,0.0,0,2904_0_256,False
1918,site9_19.png,384,384,1.0,2,1918_384_384,True
2740,site1_56.png,256,384,0.0,0,2740_256_384,False
2462,site12_60.png,512,0,0.38092041015625,1,2462_512_0,True
2087,site14_129.png,256,512,0.0,0,2087_256_512,False
2629,site17_42.png,0,512,0.0,0,2629_0_512,False
1088,site5_261.png,512,512,0.0,0,1088_512_512,False
3068,site13_73.png,0,512,1.0,2,3068_0_512,True
2455,site12_53.png,0,512,0.0,0,2455_0_512,False
2176,site14_227.png,0,384,0.0,0,2176_0_384,False
1227,site6_231.png,128,128,0.02276611328125,0,1227_128_128,True
3156,site13_178.png,0,0,1.0,2,3156_0_0,True
350,site3_383.png,384,384,0.61328125,2,350_384_384,True
4542,site16_484.png,512,512,0.204833984375,1,4542_512_512,True
1957,site9_74.png,128,128,0.93359375,2,1957_128_128,True
4729,site16_697.png,512,128,0.145263671875,1,4729_512_128,True
1785,site6_984.png,128,0,0.20721435546875,1,1785_128_0,True
2478,site12_78.png,0,128,1.0,2,2478_0_128,True
1205,site6_198.png,128,384,0.0,0,1205_128_384,False
580,site3_638.png,0,512,0.0,0,580_0_512,False
2457,site12_55.png,256,256,1.0,2,2457_256_256,True
1032,site5_195.png,512,384,0.0,0,1032_512_384,False
351,site3_384.png,0,384,0.05267333984375,1,351_0_384,True
2180,site14_231.png,128,256,0.66998291015625,2,2180_128_256,True
2604,site17_11.png,512,256,1.0,2,2604_512_256,True
45,site3_56.png,256,512,0.0,0,45_256_512,False
2831,site8_36.png,256,0,1.0,2,2831_256_0,True
632,site3_699.png,0,512,0.0,0,632_0_512,False
2943,site8_166.png,512,384,1.0,2,2943_512_384,True
1015,site5_177.png,512,128,0.0,0,1015_512_128,False
1059,site5_226.png,0,128,0.00146484375,0,1059_0_128,True
2646,site17_61.png,0,512,0.023681640625,0,2646_0_512,True
2654,site17_71.png,512,384,0.0230712890625,0,2654_512_384,True
963,site5_120.png,128,0,0.0,0,963_128_0,False
4969,site16_1004.png,0,0,0.0,0,4969_0_0,False
3095,site13_106.png,384,384,0.73052978515625,2,3095_384_384,True
1022,site5_185.png,0,128,0.0,0,1022_0_128,False
2986,site8_214.png,256,384,0.00347900390625,0,2986_256_384,True
2234,site14_295.png,512,256,0.0,0,2234_512_256,False
926,site5_79.png,128,256,1.0,2,926_128_256,True
2374,site15_129.png,256,0,0.0,0,2374_256_0,False
1215,site6_208.png,512,384,0.0,0,1215_512_384,False
2519,site12_122.png,256,128,0.21014404296875,1,2519_256_128,True
2729,site1_44.png,128,0,0.0,0,2729_128_0,False
1238,site6_242.png,128,512,0.0,0,1238_128_512,False
839,site4_166.png,128,0,0.40631103515625,2,839_128_0,True
1571,site6_692.png,512,256,0.0,0,1571_512_256,False
932,site5_85.png,256,0,0.0,0,932_256_0,False
2236,site14_297.png,384,0,0.41961669921875,2,2236_384_0,True
1051,site5_218.png,512,384,1.0,2,1051_512_384,True
3229,site2_64.png,0,128,0.2440185546875,1,3229_0_128,True
3720,site11_457.png,256,512,0.9296875,2,3720_256_512,True
1301,site6_336.png,384,0,0.0,0,1301_384_0,False
2198,site14_252.png,0,128,0.68560791015625,2,2198_0_128,True
1015,site5_177.png,128,256,1.0,2,1015_128_256,True
1078,site5_247.png,128,256,0.0,0,1078_128_256,False
3100,site13_113.png,256,0,1.0,2,3100_256_0,True
2331,site15_81.png,0,384,0.0,0,2331_0_384,False
1088,site5_261.png,384,256,0.6119384765625,2,1088_384_256,True
2654,site17_71.png,0,0,0.25567626953125,1,2654_0_0,True
2324,site15_73.png,256,512,0.49609375,2,2324_256_512,True
2118,site14_163.png,0,0,0.65826416015625,2,2118_0_0,True
1036,site5_201.png,0,128,1.0,2,1036_0_128,True
548,site3_601.png,384,384,0.0,0,548_384_384,False
2105,site14_149.png,384,128,0.0,0,2105_384_128,False
2235,site14_296.png,128,512,0.0,0,2235_128_512,False
4728,site16_696.png,256,128,0.0006103515625,0,4728_256_128,True
1282,site6_308.png,512,512,0.02447509765625,0,1282_512_512,True
816,site4_140.png,512,128,0.24169921875,1,816_512_128,True
473,site3_517.png,0,0,0.0,0,473_0_0,False
3028,site13_24.png,256,512,0.0,0,3028_256_512,False
963,site5_120.png,512,256,0.0,0,963_512_256,False
2272,site14_356.png,512,0,0.99005126953125,2,2272_512_0,True
2479,site12_79.png,512,0,1.0,2,2479_512_0,True
2118,site14_163.png,256,128,0.0,0,2118_256_128,False
2830,site8_35.png,512,384,1.0,2,2830_512_384,True
2832,site8_37.png,256,384,1.0,2,2832_256_384,True
1597,site6_726.png,0,384,0.0,0,1597_0_384,False
3719,site11_456.png,0,128,0.00604248046875,0,3719_0_128,True
1273,site6_299.png,384,512,0.0,0,1273_384_512,False
3006,site8_236.png,0,512,0.563232421875,2,3006_0_512,True
2538,site12_142.png,512,384,0.0,0,2538_512_384,False
2218,site14_275.png,384,128,0.0,0,2218_384_128,False
3116,site13_132.png,384,512,1.0,2,3116_384_512,True
2332,site15_82.png,384,128,0.0,0,2332_384_128,False
1020,site5_183.png,0,384,0.83123779296875,2,1020_0_384,True
3087,site13_96.png,256,512,0.0,0,3087_256_512,False
3011,site8_244.png,0,128,0.0,0,3011_0_128,False
3657,site11_392.png,384,0,0.80413818359375,2,3657_384_0,True
2087,site14_129.png,128,384,0.0,0,2087_128_384,False
2099,site14_143.png,128,128,0.0,0,2099_128_128,False
2838,site8_46.png,128,128,0.6339111328125,2,2838_128_128,True
3288,site2_132.png,128,256,0.0,0,3288_128_256,False
998,site5_159.png,512,0,0.0,0,998_512_0,False
239,site3_267.png,256,0,0.0,0,239_256_0,False
1057,site5_224.png,0,0,0.89947509765625,2,1057_0_0,True
2740,site1_56.png,128,384,0.45233154296875,2,2740_128_384,True
964,site5_121.png,0,0,0.0,0,964_0_0,False
3045,site13_45.png,512,0,0.0,0,3045_512_0,False
2219,site14_276.png,512,0,0.07342529296875,1,2219_512_0,True
2962,site8_187.png,128,128,0.0,0,2962_128_128,False
1649,site6_795.png,128,256,0.0,0,1649_128_256,False
2960,site8_185.png,128,512,0.0,0,2960_128_512,False
1940,site9_51.png,512,128,1.0,2,1940_512_128,True
3228,site2_63.png,0,256,0.0,0,3228_0_256,False
1520,site6_624.png,256,256,0.0,0,1520_256_256,False
473,site3_517.png,384,256,0.0,0,473_384_256,False
1520,site6_624.png,512,128,0.0,0,1520_512_128,False
1624,site6_762.png,256,128,0.0,0,1624_256_128,False
3023,site13_7.png,512,128,0.0643310546875,1,3023_512_128,True
2082,site14_124.png,0,512,0.3399658203125,1,2082_0_512,True
1059,site5_226.png,0,384,0.0,0,1059_0_384,False
2517,site12_120.png,256,512,0.0,0,2517_256_512,False
937,site5_92.png,256,384,0.0,0,937_256_384,False
3104,site13_117.png,512,256,0.8353271484375,2,3104_512_256,True
978,site5_137.png,512,128,0.63128662109375,2,978_512_128,True
2500,site12_102.png,384,512,0.53643798828125,2,2500_384_512,True
2101,site14_145.png,384,128,0.99932861328125,2,2101_384_128,True
1057,site5_224.png,512,512,0.8358154296875,2,1057_512_512,True
3126,site13_143.png,256,0,1.0,2,3126_256_0,True
3075,site13_82.png,128,256,1.0,2,3075_128_256,True
3723,site11_460.png,384,128,1.0,2,3723_384_128,True
2924,site8_145.png,384,0,0.0,0,2924_384_0,False
1067,site5_236.png,256,512,0.13409423828125,1,1067_256_512,True
3038,site13_36.png,384,256,1.0,2,3038_384_256,True
326,site3_358.png,0,256,0.0,0,326_0_256,False
2641,site17_56.png,384,128,1.0,2,2641_384_128,True
350,site3_383.png,128,128,0.0,0,350_128_128,False
3658,site11_393.png,128,384,0.43878173828125,2,3658_128_384,True
1947,site9_61.png,0,512,0.64129638671875,2,1947_0_512,True
926,site5_79.png,0,512,0.0416259765625,0,926_0_512,True
930,site5_83.png,512,0,0.0,0,930_512_0,False
4591,site16_537.png,256,256,0.02716064453125,0,4591_256_256,True
1035,site5_200.png,128,384,1.0,2,1035_128_384,True
3140,site13_158.png,256,256,1.0,2,3140_256_256,True
4468,site16_406.png,384,512,0.95977783203125,2,4468_384_512,True
3031,site13_27.png,384,512,0.77484130859375,2,3031_384_512,True
2642,site17_57.png,0,128,0.99688720703125,2,2642_0_128,True
352,site3_385.png,128,512,0.82611083984375,2,352_128_512,True
2486,site12_87.png,384,512,1.0,2,2486_384_512,True
3131,site13_148.png,512,256,0.50775146484375,2,3131_512_256,True
2509,site12_111.png,512,512,0.0,0,2509_512_512,False
1380,site6_441.png,128,256,0.0,0,1380_128_256,False
3130,site13_147.png,128,256,0.9635009765625,2,3130_128_256,True
772,site4_94.png,384,384,0.581787109375,2,772_384_384,True
3655,site11_390.png,128,512,0.645751953125,2,3655_128_512,True
968,site5_127.png,128,256,1.0,2,968_128_256,True
2341,site15_92.png,512,0,1.0,2,2341_512_0,True
556,site3_609.png,512,256,0.0,0,556_512_256,False
900,site5_45.png,512,0,0.0,0,900_512_0,False
4855,site16_850.png,0,128,0.50335693359375,2,4855_0_128,True
964,site5_121.png,0,384,0.0,0,964_0_384,False
937,site5_92.png,512,384,0.0,0,937_512_384,False
2629,site17_42.png,128,256,1.0,2,2629_128_256,True
319,site3_351.png,0,384,0.0,0,319_0_384,False
3060,site13_64.png,0,256,0.0,0,3060_0_256,False
2837,site8_45.png,0,512,0.0,0,2837_0_512,False
2550,site12_155.png,128,256,0.0,0,2550_128_256,False
1941,site9_52.png,256,512,1.0,2,1941_256_512,True
3240,site2_77.png,256,256,0.0,0,3240_256_256,False
386,site3_421.png,384,512,0.0,0,386_384_512,False
1261,site6_276.png,512,128,0.0,0,1261_512_128,False
1692,site6_855.png,128,128,0.0,0,1692_128_128,False
1912,site9_6.png,512,512,0.74383544921875,2,1912_512_512,True
4748,site16_720.png,384,256,0.0,0,4748_384_256,False
3181,site13_209.png,512,0,0.54266357421875,2,3181_512_0,True
2073,site14_112.png,128,0,0.09674072265625,1,2073_128_0,True
295,site3_325.png,0,384,0.0,0,295_0_384,False
2539,site12_143.png,384,384,0.0,0,2539_384_384,False
3102,site13_115.png,512,256,0.0,0,3102_512_256,False
916,site5_65.png,128,512,0.0,0,916_128_512,False
3068,site13_73.png,128,256,1.0,2,3068_128_256,True
2072,site14_111.png,512,0,0.73455810546875,2,2072_512_0,True
3059,site13_63.png,128,128,0.14898681640625,1,3059_128_128,True
2721,site1_35.png,0,512,0.0,0,2721_0_512,False
4856,site16_851.png,0,256,0.0,0,4856_0_256,False
2191,site14_245.png,0,512,0.842529296875,2,2191_0_512,True
3018,site8_254.png,256,256,0.9381103515625,2,3018_256_256,True
3151,site13_173.png,384,256,0.0,0,3151_384_256,False
3231,site2_66.png,256,256,0.0,0,3231_256_256,False
1967,site9_90.png,128,256,0.0,0,1967_128_256,False
1776,site6_965.png,128,0,0.0,0,1776_128_0,False
603,site3_665.png,512,384,0.55499267578125,2,603_512_384,True
3113,site13_128.png,128,128,1.0,2,3113_128_128,True
2847,site8_57.png,0,512,0.20330810546875,1,2847_0_512,True
2655,site17_72.png,128,512,0.011474609375,0,2655_128_512,True
2797,site1_123.png,512,512,0.0,0,2797_512_512,False
3087,site13_96.png,512,256,0.0,0,3087_512_256,False
1940,site9_51.png,128,256,1.0,2,1940_128_256,True
1308,site6_343.png,512,384,1.0,2,1308_512_384,True
2143,site14_189.png,128,0,0.0,0,2143_128_0,False
2764,site1_84.png,512,256,0.57940673828125,2,2764_512_256,True
1925,site9_30.png,0,128,1.0,2,1925_0_128,True
4729,site16_697.png,128,256,0.79486083984375,2,4729_128_256,True
239,site3_267.png,384,256,0.02044677734375,0,239_384_256,True
1586,site6_715.png,128,128,0.0,0,1586_128_128,False
1404,site6_474.png,256,0,0.45635986328125,2,1404_256_0,True
2658,site17_75.png,128,128,0.9495849609375,2,2658_128_128,True
3166,site13_192.png,0,384,1.0,2,3166_0_384,True
3251,site2_90.png,128,256,0.0,0,3251_128_256,False
2421,site12_17.png,0,128,0.0,0,2421_0_128,False
3070,site13_75.png,256,512,0.32489013671875,1,3070_256_512,True
2564,site12_170.png,0,512,1.0,2,2564_0_512,True
989,site5_150.png,128,128,0.0,0,989_128_128,False
521,site3_571.png,256,512,0.0,0,521_256_512,False
2598,site17_5.png,256,128,0.1270751953125,1,2598_256_128,True
2612,site17_21.png,384,384,0.0,0,2612_384_384,False
927,site5_80.png,0,256,1.0,2,927_0_256,True
3228,site2_63.png,0,384,0.0,0,3228_0_384,False
4677,site16_638.png,128,512,0.485107421875,2,4677_128_512,True
3122,site13_138.png,512,256,1.0,2,3122_512_256,True
4614,site16_562.png,128,512,0.14227294921875,1,4614_128_512,True
3078,site13_85.png,128,0,0.71429443359375,2,3078_128_0,True
4613,site16_561.png,384,384,0.81842041015625,2,4613_384_384,True
965,site5_122.png,384,0,0.1463623046875,1,965_384_0,True
328,site3_360.png,256,384,0.0,0,328_256_384,False
941,site5_96.png,0,256,0.0,0,941_0_256,False
3787,site11_526.png,256,512,0.28839111328125,1,3787_256_512,True
4699,site16_664.png,128,512,0.0,0,4699_128_512,False
603,site3_665.png,0,384,0.0,0,603_0_384,False
1299,site6_334.png,256,512,0.0,0,1299_256_512,False
2726,site1_41.png,256,384,0.0,0,2726_256_384,False
961,site5_118.png,512,512,0.6949462890625,2,961_512_512,True
1957,site9_74.png,0,512,0.0,0,1957_0_512,False
2463,site12_61.png,128,128,1.0,2,2463_128_128,True
298,site3_328.png,256,384,0.26214599609375,1,298_256_384,True
2923,site8_144.png,256,256,1.0,2,2923_256_256,True
3122,site13_138.png,512,512,0.9271240234375,2,3122_512_512,True
3209,site2_37.png,128,256,0.0,0,3209_128_256,False
2620,site17_31.png,128,512,0.0,0,2620_128_512,False
3693,site11_429.png,0,128,0.0,0,3693_0_128,False
4726,site16_694.png,384,384,0.1837158203125,1,4726_384_384,True
2341,site15_92.png,512,128,0.948974609375,2,2341_512_128,True
2915,site8_135.png,256,512,0.0,0,2915_256_512,False
2723,site1_37.png,0,256,0.0,0,2723_0_256,False
3158,site13_182.png,512,0,0.0,0,3158_512_0,False
968,site5_127.png,512,0,1.0,2,968_512_0,True
2067,site14_106.png,384,384,0.81402587890625,2,2067_384_384,True
3720,site11_457.png,384,512,0.8345947265625,2,3720_384_512,True
2365,site15_118.png,256,256,0.0355224609375,0,2365_256_256,True
1042,site5_207.png,128,384,1.0,2,1042_128_384,True
2235,site14_296.png,128,128,0.0,0,2235_128_128,False
2082,site14_124.png,512,256,0.36810302734375,1,2082_512_256,True
1912,site9_6.png,128,384,0.0,0,1912_128_384,False
1191,site6_173.png,128,128,0.0,0,1191_128_128,False
603,site3_665.png,128,256,0.0,0,603_128_256,False
903,site5_48.png,128,512,0.8798828125,2,903_128_512,True
1804,site6_1003.png,128,512,0.0,0,1804_128_512,False
2665,site17_85.png,384,384,0.0,0,2665_384_384,False
947,site5_102.png,512,512,0.0,0,947_512_512,False
3148,site13_168.png,128,128,1.0,2,3148_128_128,True
2775,site1_97.png,0,384,0.92919921875,2,2775_0_384,True
3066,site13_71.png,256,384,0.849609375,2,3066_256_384,True
1953,site9_70.png,0,128,0.0,0,1953_0_128,False
3140,site13_158.png,384,384,0.968505859375,2,3140_384_384,True
1931,site9_39.png,256,128,0.3818359375,1,1931_256_128,True
3693,site11_429.png,256,512,0.1634521484375,1,3693_256_512,True
2513,site12_116.png,128,128,0.0,0,2513_128_128,False
3209,site2_37.png,0,256,0.0,0,3209_0_256,False
941,site5_96.png,256,0,0.0,0,941_256_0,False
889,site5_29.png,512,256,0.0,0,889_512_256,False
656,site3_731.png,384,0,0.0,0,656_384_0,False
528,site3_578.png,256,512,0.0,0,528_256_512,False
2336,site15_86.png,384,128,0.0,0,2336_384_128,False
2718,site1_32.png,384,384,0.006591796875,0,2718_384_384,True
1586,site6_715.png,128,512,0.0,0,1586_128_512,False
502,site3_549.png,128,256,0.0,0,502_128_256,False
4808,site16_793.png,0,384,0.0,0,4808_0_384,False
4751,site16_723.png,256,128,0.0,0,4751_256_128,False
2354,site15_106.png,0,256,1.0,2,2354_0_256,True
2191,site14_245.png,0,384,0.94586181640625,2,2191_0_384,True
1826,site6_1037.png,512,384,0.0,0,1826_512_384,False
1040,site5_205.png,128,0,0.49420166015625,2,1040_128_0,True
583,site3_641.png,256,0,0.0,0,583_256_0,False
1010,site5_172.png,0,256,1.0,2,1010_0_256,True
4469,site16_407.png,256,384,0.49932861328125,2,4469_256_384,True
1097,site5_278.png,0,512,0.16363525390625,1,1097_0_512,True
2513,site12_116.png,384,512,0.8072509765625,2,2513_384_512,True
2042,site14_76.png,0,256,0.96832275390625,2,2042_0_256,True
1943,site9_57.png,256,0,0.844970703125,2,1943_256_0,True
3274,site2_116.png,128,512,0.0,0,3274_128_512,False
329,site3_361.png,256,512,0.418212890625,2,329_256_512,True
1552,site6_673.png,256,512,0.0,0,1552_256_512,False
932,site5_85.png,0,256,0.0,0,932_0_256,False
1943,site9_57.png,256,384,1.0,2,1943_256_384,True
2462,site12_60.png,384,256,0.0,0,2462_384_256,False
1359,site6_412.png,128,128,0.2275390625,1,1359_128_128,True
4591,site16_537.png,0,0,0.12115478515625,1,4591_0_0,True
1924,site9_29.png,256,384,0.2054443359375,1,1924_256_384,True
990,site5_151.png,512,0,0.0,0,990_512_0,False
1075,site5_244.png,256,128,0.0,0,1075_256_128,False
760,site4_81.png,256,384,0.0,0,760_256_384,False
2123,site14_168.png,256,512,0.0,0,2123_256_512,False
847,site4_174.png,512,256,0.0,0,847_512_256,False
3076,site13_83.png,384,128,1.0,2,3076_384_128,True
3164,site13_188.png,0,256,0.0,0,3164_0_256,False
2154,site14_203.png,384,128,0.182861328125,1,2154_384_128,True
2493,site12_94.png,128,256,1.0,2,2493_128_256,True
994,site5_155.png,128,512,0.99896240234375,2,994_128_512,True
3077,site13_84.png,256,128,1.0,2,3077_256_128,True
2629,site17_42.png,128,128,1.0,2,2629_128_128,True
2665,site17_85.png,0,128,0.01434326171875,0,2665_0_128,True
1804,site6_1003.png,256,256,0.33355712890625,1,1804_256_256,True
3132,site13_149.png,512,0,0.09173583984375,1,3132_512_0,True
2237,site14_298.png,384,384,0.0,0,2237_384_384,False
739,site4_59.png,128,256,0.0,0,739_128_256,False
3274,site2_116.png,384,256,0.0,0,3274_384_256,False
903,site5_48.png,512,128,0.03717041015625,0,903_512_128,True
1503,site6_607.png,384,256,0.0,0,1503_384_256,False
1058,site5_225.png,128,128,0.923828125,2,1058_128_128,True
2995,site8_224.png,512,384,0.0,0,2995_512_384,False
3025,site13_16.png,0,256,0.0,0,3025_0_256,False
2924,site8_145.png,128,384,0.0,0,2924_128_384,False
2207,site14_264.png,128,128,0.0,0,2207_128_128,False
2082,site14_124.png,0,256,0.0,0,2082_0_256,False
95,site3_113.png,0,512,0.0,0,95_0_512,False
2832,site8_37.png,0,512,1.0,2,2832_0_512,True
2479,site12_79.png,256,384,1.0,2,2479_256_384,True
239,site3_267.png,128,0,0.0,0,239_128_0,False
758,site4_79.png,0,128,0.59478759765625,2,758_0_128,True
3067,site13_72.png,384,512,1.0,2,3067_384_512,True
2934,site8_156.png,512,0,0.8082275390625,2,2934_512_0,True
813,site4_137.png,0,256,0.0,0,813_0_256,False
2491,site12_92.png,0,512,0.0,0,2491_0_512,False
2652,site17_69.png,384,0,1.0,2,2652_384_0,True
3726,site11_463.png,256,256,0.0,0,3726_256_256,False
2718,site1_32.png,0,384,0.03057861328125,0,2718_0_384,True
926,site5_79.png,256,384,1.0,2,926_256_384,True
2565,site12_171.png,384,512,0.0,0,2565_384_512,False
3228,site2_63.png,256,256,0.45074462890625,2,3228_256_256,True
